1,1,0.61,675.49,50.94,207.62,0.7039,-1,-1,-1
1,2,1370.39,514.35,33.77,99.99,0.6449,-1,-1,-1
1,3,1609.11,558.14,56.10,115.72,0.6020,-1,-1,-1
1,4,1526.18,561.34,46.60,112.38,0.4238,-1,-1,-1
1,5,121.73,708.26,52.91,96.50,0.4095,-1,-1,-1
1,6,500.82,551.07,35.89,89.53,0.3592,-1,-1,-1
2,1,-0.79,660.80,41.43,212.99,0.6570,-1,-1,-1
2,2,1372.54,513.43,33.55,101.20,0.6422,-1,-1,-1
2,3,1615.37,550.52,60.10,123.57,0.6602,-1,-1,-1
2,4,1531.89,558.98,48.24,115.39,0.5624,-1,-1,-1
2,5,109.43,699.18,50.62,95.82,0.5523,-1,-1,-1
2,6,500.15,536.20,38.61,94.59,0.3224,-1,-1,-1
3,1,-0.93,691.96,35.66,211.58,0.6505,-1,-1,-1
3,2,1374.10,508.46,37.35,105.52,0.5887,-1,-1,-1
3,3,1620.45,547.24,63.35,121.22,0.6541,-1,-1,-1
3,4,1537.85,552.57,49.66,117.67,0.6499,-1,-1,-1
3,5,105.34,724.53,45.91,97.03,0.5264,-1,-1,-1
3,6,499.49,550.95,37.97,92.96,0.3649,-1,-1,-1
3,8,171.42,583.27,49.23,157.86,0.4276,-1,-1,-1
4,1,-0.86,702.68,24.46,170.15,0.3935,-1,-1,-1
4,2,1379.92,506.13,36.62,108.89,0.7123,-1,-1,-1
4,3,1629.80,547.70,63.11,125.43,0.7599,-1,-1,-1
4,4,1548.71,552.51,44.60,120.84,0.6526,-1,-1,-1
4,5,92.96,722.71,43.54,100.52,0.5897,-1,-1,-1
4,6,498.71,547.24,36.84,93.79,0.4331,-1,-1,-1
5,2,1384.63,514.97,34.39,110.77,0.7115,-1,-1,-1
5,3,1636.25,563.40,62.23,124.02,0.6367,-1,-1,-1
5,4,1551.14,561.77,49.37,122.03,0.4004,-1,-1,-1
5,5,78.04,715.47,43.81,103.25,0.5019,-1,-1,-1
5,6,496.39,540.50,34.22,96.30,0.4485,-1,-1,-1
5,9,1460.72,496.88,27.50,87.01,0.5461,-1,-1,-1
6,2,1391.26,526.92,31.61,108.73,0.6355,-1,-1,-1
6,3,1643.19,574.21,65.22,124.57,0.7570,-1,-1,-1
6,5,67.18,731.55,42.02,105.14,0.4840,-1,-1,-1
6,6,497.64,552.10,36.82,98.50,0.4636,-1,-1,-1
6,9,1464.65,506.20,26.85,88.25,0.5393,-1,-1,-1
6,8,142.90,581.13,55.02,164.52,0.4577,-1,-1,-1
7,2,1392.83,518.62,32.11,111.35,0.5818,-1,-1,-1
7,3,1650.53,570.37,65.39,128.15,0.7404,-1,-1,-1
7,5,51.93,731.60,41.76,108.51,0.3333,-1,-1,-1
7,6,494.14,541.27,36.82,102.99,0.3779,-1,-1,-1
7,9,1466.51,498.98,26.94,90.14,0.4665,-1,-1,-1
7,8,132.14,580.11,58.28,164.13,0.3914,-1,-1,-1
7,4,1563.32,566.99,54.14,126.40,0.5746,-1,-1,-1
8,2,1394.93,530.85,33.33,109.08,0.6716,-1,-1,-1
8,3,1657.60,577.92,66.28,129.95,0.6625,-1,-1,-1
8,5,35.84,741.03,43.50,109.01,0.4948,-1,-1,-1
8,6,493.03,548.04,35.95,102.48,0.3601,-1,-1,-1
8,9,1467.57,508.91,30.67,88.51,0.5229,-1,-1,-1
8,4,1569.80,579.77,52.12,124.12,0.5489,-1,-1,-1
9,2,1397.36,533.70,34.51,107.65,0.6745,-1,-1,-1
9,3,1663.88,583.34,66.38,132.30,0.6920,-1,-1,-1
9,5,17.37,737.95,46.39,114.88,0.6131,-1,-1,-1
9,6,490.74,549.24,35.83,99.20,0.3186,-1,-1,-1
9,9,1469.40,512.30,31.99,88.46,0.4329,-1,-1,-1
9,4,1576.58,587.30,51.01,124.04,0.5054,-1,-1,-1
9,12,1514.78,521.85,28.89,86.69,0.3445,-1,-1,-1
9,13,219.26,613.56,42.39,136.87,0.4334,-1,-1,-1
10,2,1398.59,542.50,35.40,107.05,0.6584,-1,-1,-1
10,3,1669.07,601.52,64.79,129.41,0.7866,-1,-1,-1
10,5,0.73,727.40,47.43,116.10,0.6397,-1,-1,-1
10,6,489.53,543.01,35.39,99.54,0.4579,-1,-1,-1
10,9,1471.99,523.52,30.39,87.84,0.3218,-1,-1,-1
10,4,1581.83,603.26,49.73,123.18,0.6849,-1,-1,-1
10,13,210.29,611.02,42.03,133.54,0.5090,-1,-1,-1
11,2,1400.95,530.68,37.20,106.88,0.6750,-1,-1,-1
11,3,1678.75,579.25,66.24,133.76,0.7655,-1,-1,-1
11,5,-4.35,749.31,42.54,119.30,0.4074,-1,-1,-1
11,9,1472.49,510.80,33.10,87.03,0.3873,-1,-1,-1
11,4,1589.19,587.09,51.87,125.69,0.6552,-1,-1,-1
11,13,201.14,615.14,45.24,142.50,0.4303,-1,-1,-1
11,8,85.58,589.21,59.56,170.85,0.3538,-1,-1,-1
12,2,1402.98,532.93,37.61,109.70,0.6858,-1,-1,-1
12,3,1686.73,588.08,65.16,133.21,0.7710,-1,-1,-1
12,9,1474.33,514.27,36.64,89.39,0.3874,-1,-1,-1
12,4,1595.92,592.18,53.02,127.95,0.7067,-1,-1,-1
12,13,192.24,609.26,47.09,150.33,0.5133,-1,-1,-1
12,8,77.10,591.89,57.66,168.31,0.3986,-1,-1,-1
13,2,1407.79,529.73,35.66,106.57,0.7174,-1,-1,-1
13,3,1693.91,590.28,64.43,132.66,0.7230,-1,-1,-1
13,9,1476.27,511.52,39.35,90.90,0.4242,-1,-1,-1
13,4,1600.46,594.10,55.42,127.27,0.6664,-1,-1,-1
13,13,175.98,581.18,53.10,164.67,0.5476,-1,-1,-1
14,2,1408.54,528.42,36.35,103.55,0.6684,-1,-1,-1
14,3,1701.93,583.31,63.46,133.31,0.6837,-1,-1,-1
14,4,1609.72,586.85,55.80,129.09,0.6280,-1,-1,-1
14,13,166.94,596.60,53.03,165.53,0.3144,-1,-1,-1
14,8,53.46,584.52,56.61,175.49,0.3531,-1,-1,-1
15,2,1412.03,531.01,35.99,105.62,0.5282,-1,-1,-1
15,3,1710.77,584.99,62.36,137.26,0.7503,-1,-1,-1
15,4,1619.02,591.29,53.47,129.71,0.7188,-1,-1,-1
16,2,1416.37,533.29,34.74,105.01,0.5460,-1,-1,-1
16,3,1717.18,591.27,60.94,136.64,0.7424,-1,-1,-1
16,4,1626.55,594.40,55.15,130.55,0.6979,-1,-1,-1
16,15,515.91,536.79,35.90,106.44,0.4633,-1,-1,-1
16,6,477.90,540.56,34.72,102.76,0.3854,-1,-1,-1
16,8,33.14,583.03,54.83,176.24,0.4588,-1,-1,-1
17,2,1417.98,532.65,36.89,107.40,0.6032,-1,-1,-1
17,3,1723.51,589.30,62.02,138.64,0.7096,-1,-1,-1
17,4,1634.27,589.69,54.78,133.57,0.6950,-1,-1,-1
17,15,513.07,540.24,38.03,107.05,0.4905,-1,-1,-1
17,6,475.79,543.72,35.74,102.87,0.5147,-1,-1,-1
17,8,20.39,588.56,54.13,180.48,0.3852,-1,-1,-1
17,13,133.54,601.04,48.67,171.27,0.4316,-1,-1,-1
18,2,1420.48,533.27,37.16,108.53,0.6995,-1,-1,-1
18,3,1732.63,593.13,61.27,138.11,0.7040,-1,-1,-1
18,4,1643.51,591.06,54.52,134.83,0.6258,-1,-1,-1
18,15,513.07,540.83,38.05,106.46,0.5014,-1,-1,-1
18,6,474.64,541.61,37.54,104.55,0.5546,-1,-1,-1
18,8,8.73,589.30,54.25,184.84,0.3946,-1,-1,-1
19,2,1422.59,534.03,37.84,108.06,0.7341,-1,-1,-1
19,3,1741.22,594.70,62.57,139.06,0.7482,-1,-1,-1
19,4,1651.07,592.07,54.80,135.34,0.4440,-1,-1,-1
19,15,511.45,540.32,39.38,107.59,0.5118,-1,-1,-1
19,6,473.32,540.34,37.78,105.93,0.5128,-1,-1,-1
19,8,-0.15,588.51,50.69,186.07,0.3768,-1,-1,-1
20,2,1424.15,534.55,38.53,106.71,0.7478,-1,-1,-1
20,3,1749.70,596.26,62.67,139.77,0.7425,-1,-1,-1
20,4,1659.02,593.36,52.89,135.31,0.6055,-1,-1,-1
20,15,508.06,537.91,41.03,113.70,0.4843,-1,-1,-1
20,6,471.28,543.92,37.67,106.69,0.4008,-1,-1,-1
20,8,-3.42,595.22,41.65,185.30,0.4800,-1,-1,-1
21,2,1426.28,533.64,39.81,110.63,0.6906,-1,-1,-1
21,3,1758.39,598.12,62.75,140.61,0.7463,-1,-1,-1
21,4,1666.98,596.65,54.46,137.12,0.6872,-1,-1,-1
21,15,506.61,538.84,40.10,114.03,0.5239,-1,-1,-1
21,6,468.73,548.06,35.59,102.66,0.4578,-1,-1,-1
21,8,-3.58,610.84,28.62,171.25,0.3770,-1,-1,-1
22,2,1429.46,537.14,40.12,105.11,0.6691,-1,-1,-1
22,3,1770.54,601.31,60.76,139.04,0.7478,-1,-1,-1
22,4,1674.87,597.91,54.48,140.17,0.6263,-1,-1,-1
22,15,504.50,543.34,38.10,112.47,0.5119,-1,-1,-1
22,6,465.73,550.71,36.33,103.53,0.5554,-1,-1,-1
23,2,1431.29,538.55,40.33,108.45,0.6631,-1,-1,-1
23,3,1779.13,601.19,62.46,144.05,0.7719,-1,-1,-1
23,4,1681.47,600.37,55.87,142.60,0.7256,-1,-1,-1
23,15,500.16,547.03,41.03,109.78,0.5492,-1,-1,-1
23,6,465.24,549.71,34.74,105.64,0.4273,-1,-1,-1
24,2,1435.14,532.28,39.16,113.80,0.6539,-1,-1,-1
24,3,1788.22,595.06,64.65,149.77,0.7110,-1,-1,-1
24,4,1687.19,600.51,58.25,143.17,0.7309,-1,-1,-1
24,15,496.86,552.23,39.21,106.85,0.4571,-1,-1,-1
24,6,461.37,550.45,40.08,108.03,0.4739,-1,-1,-1
25,2,1438.06,535.89,40.44,119.24,0.6625,-1,-1,-1
25,3,1797.65,603.75,66.60,148.80,0.7096,-1,-1,-1
25,4,1695.92,607.55,56.63,147.44,0.7281,-1,-1,-1
25,15,496.13,553.09,38.90,108.68,0.4672,-1,-1,-1
25,6,458.45,548.09,43.01,113.25,0.4379,-1,-1,-1
26,2,1440.41,538.29,43.04,119.34,0.7228,-1,-1,-1
26,3,1807.36,607.94,68.35,147.60,0.5893,-1,-1,-1
26,4,1704.25,611.68,58.51,149.55,0.7248,-1,-1,-1
26,15,494.95,550.30,40.17,113.03,0.5502,-1,-1,-1
26,6,457.04,549.07,42.25,113.41,0.5108,-1,-1,-1
26,17,1530.22,519.90,27.97,86.07,0.4782,-1,-1,-1
27,2,1443.36,541.55,41.95,115.70,0.7471,-1,-1,-1
27,3,1814.57,611.40,73.07,150.31,0.6524,-1,-1,-1
27,4,1711.21,615.52,59.65,149.56,0.6737,-1,-1,-1
27,15,492.95,559.82,40.03,106.96,0.6100,-1,-1,-1
27,6,453.12,555.98,42.90,110.78,0.3928,-1,-1,-1
27,17,1531.39,521.15,31.82,86.34,0.6917,-1,-1,-1
28,2,1446.79,544.89,44.66,112.27,0.7283,-1,-1,-1
28,3,1823.04,611.48,74.63,155.47,0.7720,-1,-1,-1
28,4,1718.61,617.13,60.22,151.90,0.6737,-1,-1,-1
28,15,491.48,564.49,39.74,103.88,0.5863,-1,-1,-1
28,6,450.84,558.49,42.16,109.70,0.3514,-1,-1,-1
28,17,1534.32,525.19,33.90,84.05,0.5363,-1,-1,-1
29,2,1451.22,550.90,41.08,110.78,0.7081,-1,-1,-1
29,3,1830.09,620.42,75.27,159.04,0.6920,-1,-1,-1
29,4,1725.65,623.92,60.28,158.32,0.7235,-1,-1,-1
29,15,490.90,568.02,38.32,100.05,0.5284,-1,-1,-1
29,6,449.02,561.99,41.21,106.07,0.4898,-1,-1,-1
29,17,1536.35,527.30,34.24,89.55,0.5613,-1,-1,-1
30,2,1453.84,550.69,42.07,111.52,0.6417,-1,-1,-1
30,3,1836.79,621.02,78.50,153.65,0.6345,-1,-1,-1
30,4,1737.00,624.48,59.88,159.71,0.7526,-1,-1,-1
30,15,488.62,574.84,38.77,101.53,0.5001,-1,-1,-1
30,6,444.39,566.44,42.97,109.89,0.6150,-1,-1,-1
30,17,1538.72,525.79,34.80,91.51,0.5647,-1,-1,-1
31,2,1457.27,552.68,42.53,118.42,0.6289,-1,-1,-1
31,3,1850.76,626.39,71.98,151.10,0.6392,-1,-1,-1
31,4,1749.22,628.53,59.23,156.32,0.5792,-1,-1,-1
31,15,488.03,581.67,38.54,108.35,0.4170,-1,-1,-1
31,6,442.88,579.66,41.33,109.77,0.5752,-1,-1,-1
31,17,1542.93,526.35,34.24,96.21,0.4874,-1,-1,-1
32,2,1460.34,556.44,40.06,119.25,0.6374,-1,-1,-1
32,3,1857.69,634.56,63.70,158.48,0.6871,-1,-1,-1
32,4,1756.35,632.72,59.91,155.84,0.6767,-1,-1,-1
32,15,487.25,574.98,38.59,108.34,0.5266,-1,-1,-1
32,6,441.75,573.64,41.11,108.16,0.5727,-1,-1,-1
32,17,1545.52,529.57,33.64,93.26,0.5982,-1,-1,-1
33,2,1464.41,542.67,41.89,124.00,0.7427,-1,-1,-1
33,3,1869.64,622.31,53.24,166.85,0.6664,-1,-1,-1
33,4,1767.16,620.85,60.21,153.89,0.6464,-1,-1,-1
33,15,484.51,567.12,37.62,108.03,0.4874,-1,-1,-1
33,6,439.51,563.23,39.98,108.88,0.5149,-1,-1,-1
33,17,1549.67,517.86,33.63,91.52,0.6530,-1,-1,-1
34,2,1468.46,544.56,41.84,124.77,0.7607,-1,-1,-1
34,3,1880.76,631.33,41.69,151.84,0.5546,-1,-1,-1
34,4,1775.13,620.86,63.83,156.45,0.7453,-1,-1,-1
34,15,480.98,568.48,38.82,112.31,0.5206,-1,-1,-1
34,6,436.97,572.09,39.71,105.43,0.4804,-1,-1,-1
34,17,1553.27,518.21,33.01,93.01,0.5974,-1,-1,-1
35,2,1471.32,539.51,44.39,125.98,0.7298,-1,-1,-1
35,4,1784.63,621.10,65.78,158.05,0.6380,-1,-1,-1
35,15,478.84,559.64,38.63,111.61,0.3763,-1,-1,-1
35,6,435.97,563.23,40.00,104.99,0.4297,-1,-1,-1
35,17,1559.81,515.22,31.46,92.99,0.5337,-1,-1,-1
36,2,1476.73,536.27,43.87,128.81,0.7515,-1,-1,-1
36,4,1794.21,618.03,69.19,165.36,0.7070,-1,-1,-1
36,15,475.35,553.12,39.14,116.98,0.3021,-1,-1,-1
36,6,432.38,561.80,41.28,105.38,0.3515,-1,-1,-1
36,17,1565.10,514.46,30.97,91.66,0.3402,-1,-1,-1
37,2,1480.93,537.38,42.20,127.69,0.7194,-1,-1,-1
37,4,1801.31,621.63,73.86,168.79,0.7735,-1,-1,-1
37,15,470.73,541.62,41.71,123.85,0.4702,-1,-1,-1
37,6,429.72,553.65,39.28,109.47,0.3532,-1,-1,-1
37,17,1570.31,514.48,32.07,92.14,0.4272,-1,-1,-1
38,2,1484.65,532.71,41.52,129.71,0.7105,-1,-1,-1
38,4,1809.75,616.45,77.43,175.62,0.7814,-1,-1,-1
38,15,466.62,541.03,43.90,124.93,0.5376,-1,-1,-1
38,6,426.17,551.60,39.66,113.87,0.4981,-1,-1,-1
38,17,1574.79,504.80,31.59,95.99,0.4790,-1,-1,-1
39,2,1488.95,537.84,42.19,128.60,0.7030,-1,-1,-1
39,4,1821.93,627.91,76.28,175.47,0.7505,-1,-1,-1
39,15,465.55,530.53,43.46,127.65,0.4775,-1,-1,-1
39,6,423.89,542.78,39.17,115.14,0.4514,-1,-1,-1
39,17,1581.37,507.80,32.96,96.95,0.5150,-1,-1,-1
40,2,1491.99,535.97,41.97,127.42,0.7108,-1,-1,-1
40,4,1833.46,625.99,76.06,177.80,0.7793,-1,-1,-1
40,15,464.22,536.76,43.52,124.50,0.4694,-1,-1,-1
40,6,420.27,542.14,39.36,119.61,0.3842,-1,-1,-1
40,17,1583.32,501.11,35.49,102.16,0.3286,-1,-1,-1
41,2,1496.09,545.06,43.25,122.08,0.6972,-1,-1,-1
41,4,1845.44,633.23,74.67,180.17,0.7577,-1,-1,-1
41,15,463.37,536.98,44.39,122.58,0.4694,-1,-1,-1
41,6,419.52,536.52,39.93,123.73,0.4090,-1,-1,-1
41,17,1589.70,502.98,38.01,105.31,0.4957,-1,-1,-1
42,2,1500.80,547.73,43.27,120.98,0.6870,-1,-1,-1
42,4,1857.22,637.54,66.37,180.78,0.6921,-1,-1,-1
42,15,461.84,543.24,46.04,118.87,0.4620,-1,-1,-1
42,6,418.28,536.71,42.68,126.81,0.5487,-1,-1,-1
42,17,1594.56,506.32,36.01,102.71,0.5752,-1,-1,-1
43,2,1505.43,549.85,42.74,122.20,0.6678,-1,-1,-1
43,4,1869.57,644.15,53.77,174.11,0.6622,-1,-1,-1
43,15,458.06,534.80,47.20,130.02,0.4129,-1,-1,-1
43,6,415.73,536.23,44.73,129.98,0.5422,-1,-1,-1
43,17,1597.38,510.79,34.58,99.55,0.5067,-1,-1,-1
43,20,502.23,528.37,33.97,89.46,0.3713,-1,-1,-1
44,2,1510.81,552.05,42.78,120.93,0.6220,-1,-1,-1
44,4,1881.55,649.37,41.36,169.10,0.6410,-1,-1,-1
44,15,452.68,532.80,49.23,135.65,0.4008,-1,-1,-1
44,6,415.20,535.74,44.59,132.76,0.3815,-1,-1,-1
44,17,1600.28,510.10,37.44,101.00,0.5309,-1,-1,-1
45,2,1515.80,556.31,43.61,127.14,0.7576,-1,-1,-1
45,4,1892.90,669.47,28.67,162.32,0.4761,-1,-1,-1
45,15,451.63,530.71,48.37,135.87,0.3262,-1,-1,-1
45,6,415.96,533.43,42.64,132.56,0.3753,-1,-1,-1
45,17,1604.67,514.22,39.51,101.90,0.5890,-1,-1,-1
46,2,1519.69,554.88,43.17,132.62,0.7568,-1,-1,-1
46,15,448.80,533.43,47.81,137.10,0.3442,-1,-1,-1
46,6,408.71,538.77,46.84,128.91,0.3127,-1,-1,-1
46,17,1608.39,514.77,39.97,101.17,0.5480,-1,-1,-1
47,2,1524.69,558.59,43.33,132.08,0.7205,-1,-1,-1
47,15,448.99,536.13,45.03,133.77,0.3277,-1,-1,-1
47,17,1617.05,524.36,36.10,95.23,0.5306,-1,-1,-1
48,2,1527.81,560.00,44.73,133.30,0.7094,-1,-1,-1
48,15,447.60,542.90,45.28,132.35,0.3633,-1,-1,-1
48,17,1620.83,527.34,33.39,92.67,0.6494,-1,-1,-1
48,6,403.40,536.66,47.65,134.55,0.3402,-1,-1,-1
49,2,1533.07,560.28,44.83,135.82,0.7108,-1,-1,-1
49,15,446.11,548.31,44.31,128.29,0.5421,-1,-1,-1
49,17,1625.75,532.52,31.95,91.26,0.7157,-1,-1,-1
49,6,398.80,550.05,44.93,123.77,0.4165,-1,-1,-1
50,2,1537.53,557.34,45.77,137.29,0.6963,-1,-1,-1
50,15,444.97,556.05,43.54,120.39,0.5613,-1,-1,-1
50,17,1631.10,530.37,29.06,90.31,0.4168,-1,-1,-1
50,6,397.37,553.23,44.14,119.54,0.3634,-1,-1,-1
51,2,1542.09,561.11,46.24,137.82,0.6994,-1,-1,-1
51,15,442.58,564.40,43.08,112.25,0.5521,-1,-1,-1
51,17,1636.87,533.92,29.38,89.67,0.6435,-1,-1,-1
51,6,396.45,551.43,44.06,120.42,0.4899,-1,-1,-1
52,2,1546.03,558.70,49.35,145.65,0.7093,-1,-1,-1
52,15,441.50,568.24,41.53,109.76,0.5691,-1,-1,-1
52,17,1640.11,532.82,29.97,90.60,0.5629,-1,-1,-1
52,6,394.94,551.72,45.30,122.57,0.5375,-1,-1,-1
52,25,335.24,562.07,37.00,112.54,0.5024,-1,-1,-1
53,2,1550.30,557.29,51.09,150.78,0.6880,-1,-1,-1
53,15,439.18,566.76,43.56,112.92,0.5361,-1,-1,-1
53,17,1644.17,533.76,30.06,89.63,0.5332,-1,-1,-1
53,6,392.39,550.80,45.72,126.02,0.5312,-1,-1,-1
53,25,329.68,558.64,40.30,118.17,0.4319,-1,-1,-1
53,26,635.88,536.76,30.95,90.38,0.4402,-1,-1,-1
54,2,1553.22,556.81,52.37,153.36,0.7246,-1,-1,-1
54,15,436.52,567.39,44.26,112.78,0.5624,-1,-1,-1
54,17,1648.28,534.08,30.22,89.29,0.5933,-1,-1,-1
54,6,388.56,548.81,45.57,128.62,0.5159,-1,-1,-1
54,25,327.19,561.17,41.49,113.51,0.4998,-1,-1,-1
54,26,635.20,535.22,31.42,90.82,0.3947,-1,-1,-1
55,2,1557.55,554.48,52.66,157.51,0.7493,-1,-1,-1
55,15,434.70,563.94,44.47,117.02,0.4611,-1,-1,-1
55,17,1653.06,533.54,31.82,91.20,0.6044,-1,-1,-1
55,6,384.87,544.70,45.87,133.15,0.5714,-1,-1,-1
55,25,325.14,559.34,43.10,113.96,0.4947,-1,-1,-1
55,26,635.51,535.55,30.48,90.63,0.3392,-1,-1,-1
56,2,1562.18,553.95,52.24,157.49,0.7375,-1,-1,-1
56,15,431.23,563.50,43.60,118.25,0.3550,-1,-1,-1
56,17,1656.58,527.58,34.99,98.36,0.7227,-1,-1,-1
56,6,382.60,549.11,44.26,129.05,0.5229,-1,-1,-1
56,25,320.62,557.91,45.59,115.72,0.5542,-1,-1,-1
56,26,632.90,535.94,27.33,92.30,0.3526,-1,-1,-1
57,2,1567.06,551.53,53.27,157.81,0.7172,-1,-1,-1
57,15,426.75,561.57,43.97,119.30,0.4544,-1,-1,-1
57,17,1659.14,521.39,36.64,102.68,0.7181,-1,-1,-1
57,6,379.98,550.13,43.94,128.13,0.5252,-1,-1,-1
57,25,315.20,556.58,46.38,117.80,0.4607,-1,-1,-1
57,26,630.86,535.92,27.60,92.72,0.3484,-1,-1,-1
58,2,1571.19,555.23,53.20,153.76,0.6334,-1,-1,-1
58,15,421.99,559.28,44.73,120.33,0.4630,-1,-1,-1
58,17,1661.51,515.52,37.08,106.92,0.6822,-1,-1,-1
58,6,377.10,547.38,43.36,129.81,0.5755,-1,-1,-1
58,25,309.78,554.30,47.63,117.24,0.4665,-1,-1,-1
58,26,630.60,536.00,27.21,91.37,0.3271,-1,-1,-1
59,2,1577.38,561.00,51.16,149.05,0.6307,-1,-1,-1
59,15,418.79,559.63,45.42,118.21,0.4143,-1,-1,-1
59,17,1664.18,511.13,40.05,110.80,0.6580,-1,-1,-1
59,6,374.40,543.78,41.97,131.49,0.5620,-1,-1,-1
59,25,306.43,550.78,47.83,120.37,0.4362,-1,-1,-1
59,26,627.71,535.35,28.30,90.57,0.3700,-1,-1,-1
60,2,1581.29,560.06,51.49,151.17,0.6264,-1,-1,-1
60,15,416.51,562.79,47.04,115.39,0.3864,-1,-1,-1
60,17,1665.66,510.33,41.67,111.15,0.7212,-1,-1,-1
60,6,370.16,546.05,41.22,129.41,0.5509,-1,-1,-1
60,25,303.20,553.85,47.93,117.49,0.3953,-1,-1,-1
61,2,1585.15,549.93,52.76,156.67,0.6208,-1,-1,-1
61,15,414.10,562.19,47.89,117.53,0.4218,-1,-1,-1
61,17,1666.65,507.14,44.31,108.70,0.7169,-1,-1,-1
61,6,365.40,549.17,44.01,128.47,0.4773,-1,-1,-1
61,25,298.85,558.32,49.61,115.17,0.4342,-1,-1,-1
62,2,1589.89,556.08,53.45,156.30,0.7006,-1,-1,-1
62,15,412.90,552.54,44.15,124.28,0.3492,-1,-1,-1
62,17,1671.19,517.68,44.26,105.01,0.5488,-1,-1,-1
62,6,361.74,542.37,45.80,130.55,0.4607,-1,-1,-1
62,25,296.34,551.65,49.24,115.44,0.4386,-1,-1,-1
62,26,622.80,531.15,27.25,93.93,0.3749,-1,-1,-1
63,2,1596.08,543.02,55.06,155.40,0.6414,-1,-1,-1
63,15,411.47,571.09,45.94,120.42,0.3693,-1,-1,-1
63,17,1678.47,510.00,41.26,96.50,0.5714,-1,-1,-1
63,6,359.41,562.97,45.92,128.31,0.4011,-1,-1,-1
63,25,293.60,571.91,49.08,115.34,0.4958,-1,-1,-1
64,2,1600.24,562.63,55.42,153.44,0.6264,-1,-1,-1
64,15,404.57,549.61,45.18,127.49,0.3329,-1,-1,-1
64,17,1687.30,529.66,35.32,95.12,0.6372,-1,-1,-1
64,6,356.84,541.80,44.73,133.67,0.4848,-1,-1,-1
64,25,290.96,551.62,46.00,117.65,0.4845,-1,-1,-1
64,26,621.01,531.08,26.17,95.62,0.3502,-1,-1,-1
65,2,1603.14,561.69,56.62,151.08,0.7300,-1,-1,-1
65,15,401.14,559.28,45.48,123.33,0.3867,-1,-1,-1
65,17,1690.59,528.60,33.99,90.58,0.6809,-1,-1,-1
65,6,350.52,550.62,46.74,131.99,0.4792,-1,-1,-1
65,25,287.35,560.18,44.55,116.89,0.5094,-1,-1,-1
66,2,1609.68,559.91,56.73,149.93,0.7224,-1,-1,-1
66,15,397.41,567.21,48.20,123.64,0.5011,-1,-1,-1
66,17,1696.99,520.71,33.97,91.56,0.6913,-1,-1,-1
66,6,347.45,558.62,47.68,134.20,0.6006,-1,-1,-1
66,25,286.48,568.43,42.49,114.96,0.5084,-1,-1,-1
66,28,467.18,560.21,30.44,73.10,0.4139,-1,-1,-1
67,2,1613.93,570.34,55.61,153.79,0.7352,-1,-1,-1
67,15,394.20,556.67,46.10,121.85,0.5556,-1,-1,-1
67,17,1699.72,537.02,34.11,90.97,0.6536,-1,-1,-1
67,6,343.14,543.71,48.30,135.78,0.5521,-1,-1,-1
67,25,281.71,547.71,41.71,121.15,0.3355,-1,-1,-1
67,28,460.11,551.44,30.61,70.94,0.3427,-1,-1,-1
68,2,1617.12,564.27,57.17,152.57,0.7321,-1,-1,-1
68,15,388.85,563.44,49.58,123.04,0.5483,-1,-1,-1
68,17,1701.84,528.61,33.91,89.83,0.5778,-1,-1,-1
68,6,340.10,555.64,47.99,131.86,0.5777,-1,-1,-1
68,25,277.56,560.67,41.87,119.34,0.4453,-1,-1,-1
68,28,454.59,559.09,31.12,72.55,0.4472,-1,-1,-1
69,2,1621.40,572.33,57.95,156.13,0.7569,-1,-1,-1
69,15,385.96,557.48,46.99,123.34,0.4936,-1,-1,-1
69,17,1704.69,538.91,34.37,90.84,0.6495,-1,-1,-1
69,6,334.29,545.61,50.22,136.99,0.4398,-1,-1,-1
69,25,272.66,551.45,40.45,125.02,0.4402,-1,-1,-1
69,28,450.64,554.43,28.60,73.58,0.4046,-1,-1,-1
70,2,1625.19,567.30,59.31,156.78,0.7761,-1,-1,-1
70,15,380.64,556.48,47.97,127.03,0.5877,-1,-1,-1
70,17,1705.74,535.15,34.98,92.23,0.5958,-1,-1,-1
70,6,330.00,545.53,50.56,138.95,0.5195,-1,-1,-1
70,25,266.97,550.09,42.90,129.28,0.3743,-1,-1,-1
70,28,443.71,555.44,30.15,74.60,0.4612,-1,-1,-1
71,2,1629.63,571.38,58.94,158.89,0.7565,-1,-1,-1
71,15,375.14,553.77,48.42,128.56,0.5605,-1,-1,-1
71,17,1707.10,537.43,34.98,93.22,0.6895,-1,-1,-1
71,6,327.93,546.15,48.46,136.47,0.5144,-1,-1,-1
71,28,436.72,553.49,32.69,75.69,0.3961,-1,-1,-1
71,26,598.70,539.45,28.52,97.13,0.3383,-1,-1,-1
72,2,1632.97,562.32,60.30,169.28,0.7891,-1,-1,-1
72,15,370.89,554.84,47.96,130.10,0.6104,-1,-1,-1
72,17,1707.37,535.98,35.99,91.77,0.6901,-1,-1,-1
72,6,325.00,550.70,49.11,134.55,0.6166,-1,-1,-1
72,28,429.43,555.60,34.52,75.67,0.4244,-1,-1,-1
72,30,502.85,534.94,36.34,107.10,0.3697,-1,-1,-1
73,2,1637.72,564.76,60.24,171.80,0.6736,-1,-1,-1
73,15,366.54,549.02,47.70,132.77,0.5833,-1,-1,-1
73,17,1708.87,539.48,38.08,93.89,0.5824,-1,-1,-1
73,6,317.99,544.26,50.86,137.65,0.4709,-1,-1,-1
73,28,424.37,552.11,31.97,74.88,0.4055,-1,-1,-1
73,30,500.04,534.48,35.15,106.00,0.3433,-1,-1,-1
74,2,1641.50,568.22,63.68,169.07,0.7212,-1,-1,-1
74,15,362.89,548.82,48.79,134.48,0.4973,-1,-1,-1
74,17,1711.08,536.61,37.77,93.45,0.5853,-1,-1,-1
74,6,314.34,543.85,50.00,140.17,0.3725,-1,-1,-1
74,28,417.76,553.45,34.25,74.51,0.4470,-1,-1,-1
75,2,1643.60,575.82,64.68,165.51,0.7428,-1,-1,-1
75,15,356.05,553.73,47.59,130.26,0.6083,-1,-1,-1
75,17,1711.98,539.22,37.85,93.54,0.5698,-1,-1,-1
75,6,306.45,547.20,49.56,136.20,0.4160,-1,-1,-1
75,28,411.63,554.12,33.46,75.86,0.3758,-1,-1,-1
75,26,580.67,536.83,28.82,103.69,0.3460,-1,-1,-1
76,2,1647.52,578.04,64.48,164.41,0.7339,-1,-1,-1
76,15,351.26,551.54,48.33,131.11,0.4950,-1,-1,-1
76,17,1712.96,539.30,38.34,91.69,0.5472,-1,-1,-1
76,6,296.30,543.50,55.34,140.12,0.4756,-1,-1,-1
76,28,401.86,552.69,35.76,74.50,0.3267,-1,-1,-1
76,26,576.23,535.64,30.47,103.53,0.3404,-1,-1,-1
77,2,1649.33,580.70,67.08,163.61,0.7197,-1,-1,-1
77,15,343.98,550.35,48.55,132.54,0.6133,-1,-1,-1
77,17,1713.57,540.73,38.43,91.03,0.5359,-1,-1,-1
77,6,291.22,545.09,54.14,139.24,0.4476,-1,-1,-1
77,28,395.43,553.68,34.46,77.02,0.3708,-1,-1,-1
77,26,572.81,534.57,30.29,104.76,0.3858,-1,-1,-1
78,2,1652.66,581.55,68.20,164.43,0.7337,-1,-1,-1
78,15,339.78,551.75,48.07,132.89,0.5295,-1,-1,-1
78,17,1713.78,540.34,39.01,90.40,0.5826,-1,-1,-1
78,6,282.15,541.76,56.11,143.77,0.4274,-1,-1,-1
78,28,389.65,553.17,34.97,77.57,0.3429,-1,-1,-1
78,26,570.35,535.67,28.27,101.68,0.3056,-1,-1,-1
79,2,1653.83,584.55,71.61,162.87,0.7506,-1,-1,-1
79,15,333.75,548.78,49.59,135.59,0.5562,-1,-1,-1
79,17,1713.36,540.38,39.10,90.31,0.5740,-1,-1,-1
79,6,272.24,538.46,60.26,145.55,0.5015,-1,-1,-1
79,28,382.75,552.25,33.97,77.13,0.3439,-1,-1,-1
79,30,463.59,529.83,39.19,114.67,0.3434,-1,-1,-1
80,2,1654.29,582.14,74.69,166.39,0.7248,-1,-1,-1
80,15,326.93,552.40,50.01,134.71,0.6090,-1,-1,-1
80,17,1712.63,536.76,39.71,91.45,0.6112,-1,-1,-1
80,6,263.09,537.94,63.69,148.05,0.5577,-1,-1,-1
80,28,373.42,554.18,35.36,76.87,0.3361,-1,-1,-1
80,30,455.38,529.95,43.42,118.30,0.4904,-1,-1,-1
81,2,1657.02,582.22,73.56,166.94,0.7500,-1,-1,-1
81,15,319.63,552.82,51.01,133.96,0.5707,-1,-1,-1
81,17,1711.80,536.30,39.46,91.34,0.5701,-1,-1,-1
81,6,264.11,546.25,55.13,137.28,0.3491,-1,-1,-1
81,28,367.87,554.06,34.20,75.21,0.4965,-1,-1,-1
81,30,450.93,530.41,45.26,120.13,0.3344,-1,-1,-1
81,31,148.13,556.89,45.63,132.17,0.3818,-1,-1,-1
82,2,1659.69,583.11,72.83,170.08,0.7393,-1,-1,-1
82,15,312.23,554.66,49.86,132.38,0.4981,-1,-1,-1
82,17,1711.94,537.12,37.27,91.14,0.6125,-1,-1,-1
82,6,260.70,538.65,51.61,145.03,0.3820,-1,-1,-1
82,28,359.67,554.70,34.62,76.40,0.3527,-1,-1,-1
82,31,139.01,556.31,49.11,135.23,0.4346,-1,-1,-1
83,2,1665.10,582.53,68.92,171.90,0.7057,-1,-1,-1
83,15,304.92,558.20,51.37,131.15,0.6692,-1,-1,-1
83,17,1711.99,536.78,36.11,91.01,0.5889,-1,-1,-1
83,6,255.96,541.65,48.50,145.37,0.4587,-1,-1,-1
83,28,354.95,558.18,32.46,74.39,0.3567,-1,-1,-1
83,31,130.02,559.03,51.58,133.52,0.5443,-1,-1,-1
83,30,439.62,537.00,42.95,115.60,0.3826,-1,-1,-1
84,2,1665.21,580.08,72.71,176.78,0.7241,-1,-1,-1
84,15,296.53,561.88,54.23,128.54,0.5317,-1,-1,-1
84,17,1712.57,535.39,34.75,92.22,0.5713,-1,-1,-1
84,6,245.54,549.43,52.19,140.41,0.5410,-1,-1,-1
84,28,346.64,558.05,32.07,74.38,0.4253,-1,-1,-1
84,31,121.42,561.13,52.68,134.49,0.5341,-1,-1,-1
84,32,462.40,545.17,43.09,111.20,0.3910,-1,-1,-1
84,30,432.97,537.25,42.12,114.15,0.3585,-1,-1,-1
85,2,1667.67,581.32,72.71,179.67,0.7674,-1,-1,-1
85,15,290.71,562.56,51.51,129.14,0.5020,-1,-1,-1
85,17,1711.78,536.57,34.65,92.60,0.4762,-1,-1,-1
85,6,242.48,555.83,48.43,136.78,0.4785,-1,-1,-1
85,31,112.31,564.58,54.04,133.37,0.5267,-1,-1,-1
86,2,1671.38,580.82,71.19,179.85,0.7649,-1,-1,-1
86,15,284.29,561.77,49.91,131.33,0.5835,-1,-1,-1
86,17,1708.65,535.62,36.26,80.46,0.3149,-1,-1,-1
86,6,231.70,556.83,50.35,136.93,0.4307,-1,-1,-1
86,31,103.24,562.64,55.80,140.57,0.4135,-1,-1,-1
86,32,450.80,539.23,42.56,119.91,0.3605,-1,-1,-1
86,30,421.97,534.94,38.99,121.53,0.3421,-1,-1,-1
87,2,1672.56,584.16,72.25,180.35,0.7970,-1,-1,-1
87,15,279.00,563.67,51.54,132.27,0.5733,-1,-1,-1
87,6,224.77,556.51,50.39,139.12,0.4917,-1,-1,-1
87,31,95.51,562.24,59.03,137.73,0.5343,-1,-1,-1
87,34,383.01,554.42,35.56,97.46,0.5401,-1,-1,-1
87,32,442.38,545.10,42.27,117.79,0.3908,-1,-1,-1
87,30,414.77,537.47,39.98,121.03,0.3095,-1,-1,-1
88,2,1674.95,582.77,71.99,184.10,0.7976,-1,-1,-1
88,15,270.85,568.70,51.80,131.91,0.5030,-1,-1,-1
88,6,219.42,561.24,50.43,138.87,0.5737,-1,-1,-1
88,31,90.01,566.85,54.46,131.87,0.5025,-1,-1,-1
88,34,377.47,556.44,34.78,97.73,0.3980,-1,-1,-1
88,32,433.60,547.77,46.63,119.66,0.4159,-1,-1,-1
89,2,1678.51,584.25,70.43,188.59,0.8039,-1,-1,-1
89,15,265.05,567.27,51.60,132.18,0.4699,-1,-1,-1
89,6,214.58,558.46,48.71,142.68,0.3123,-1,-1,-1
89,31,83.27,563.03,54.39,135.55,0.4658,-1,-1,-1
89,34,368.83,554.82,31.68,98.39,0.4577,-1,-1,-1
89,32,429.76,546.31,43.69,122.54,0.5839,-1,-1,-1
90,2,1681.94,585.57,70.31,192.30,0.7569,-1,-1,-1
90,15,259.30,571.06,53.34,134.04,0.5302,-1,-1,-1
90,6,205.29,557.47,51.66,147.34,0.3254,-1,-1,-1
90,31,74.80,565.59,57.73,138.18,0.4848,-1,-1,-1
90,34,360.14,567.00,34.40,91.40,0.4280,-1,-1,-1
90,32,420.86,547.78,45.97,125.64,0.3058,-1,-1,-1
90,30,392.84,539.66,41.75,131.04,0.3602,-1,-1,-1
91,2,1684.60,595.25,72.46,188.67,0.7887,-1,-1,-1
91,15,249.97,558.78,63.62,149.06,0.4399,-1,-1,-1
91,6,199.76,559.93,51.00,146.31,0.3817,-1,-1,-1
91,31,67.54,566.69,56.61,141.20,0.4511,-1,-1,-1
91,34,354.04,570.98,33.58,89.08,0.3763,-1,-1,-1
91,32,413.94,550.41,46.33,125.41,0.5728,-1,-1,-1
91,30,385.30,545.58,42.55,124.94,0.3129,-1,-1,-1
92,2,1687.96,600.75,73.46,186.97,0.7965,-1,-1,-1
92,15,245.32,556.88,62.87,154.71,0.5458,-1,-1,-1
92,6,190.28,561.66,53.83,150.04,0.3347,-1,-1,-1
92,31,57.81,570.74,63.95,142.30,0.3362,-1,-1,-1
92,32,407.53,553.62,44.33,126.14,0.5374,-1,-1,-1
92,30,379.85,556.07,38.41,119.99,0.3360,-1,-1,-1
93,2,1689.28,605.33,73.98,187.01,0.8093,-1,-1,-1
93,15,241.01,566.91,56.24,146.10,0.5534,-1,-1,-1
93,6,184.59,555.33,53.60,159.99,0.5639,-1,-1,-1
93,32,400.95,556.07,44.21,127.24,0.5213,-1,-1,-1
93,30,371.13,555.02,36.79,125.84,0.3041,-1,-1,-1
93,34,338.96,579.98,33.12,88.40,0.4045,-1,-1,-1
94,2,1690.48,607.61,74.08,187.65,0.8041,-1,-1,-1
94,15,234.85,574.01,55.69,142.70,0.5425,-1,-1,-1
94,6,180.16,562.12,52.28,155.74,0.5229,-1,-1,-1
94,32,392.20,556.64,45.28,129.16,0.6196,-1,-1,-1
94,30,364.46,554.10,38.59,129.11,0.4136,-1,-1,-1
94,34,332.34,582.03,32.20,92.02,0.4819,-1,-1,-1
94,17,1697.43,540.87,38.88,82.62,0.3711,-1,-1,-1
95,2,1692.18,611.32,74.90,189.34,0.7916,-1,-1,-1
95,15,227.03,578.18,57.14,140.40,0.5212,-1,-1,-1
95,6,173.67,563.37,53.95,155.44,0.6018,-1,-1,-1
95,32,387.12,558.36,45.03,128.94,0.5342,-1,-1,-1
95,17,1694.63,542.38,40.75,90.74,0.4892,-1,-1,-1
96,2,1695.65,611.56,75.01,190.73,0.7889,-1,-1,-1
96,15,221.27,582.30,54.05,141.68,0.5759,-1,-1,-1
96,6,165.45,573.49,54.57,150.13,0.4636,-1,-1,-1
96,32,380.22,565.53,44.45,125.57,0.4843,-1,-1,-1
96,17,1693.32,541.62,43.17,94.51,0.5264,-1,-1,-1
96,30,352.76,558.22,35.04,130.07,0.3451,-1,-1,-1
96,34,316.82,584.72,32.23,89.80,0.4523,-1,-1,-1
97,2,1699.29,613.13,76.17,192.58,0.7858,-1,-1,-1
97,15,212.88,579.19,55.88,143.93,0.6521,-1,-1,-1
97,6,159.28,577.46,53.03,142.93,0.5563,-1,-1,-1
97,32,372.43,558.84,46.65,131.79,0.5174,-1,-1,-1
97,17,1692.26,544.15,42.83,94.60,0.5333,-1,-1,-1
97,30,344.00,553.05,38.38,133.74,0.4801,-1,-1,-1
97,34,308.65,578.67,33.87,96.99,0.5857,-1,-1,-1
98,2,1703.99,613.35,76.79,195.63,0.7920,-1,-1,-1
98,15,203.83,581.80,55.58,145.57,0.6216,-1,-1,-1
98,6,151.18,582.25,53.41,143.67,0.5599,-1,-1,-1
98,32,365.83,575.52,45.99,117.13,0.6103,-1,-1,-1
98,17,1690.88,545.51,41.58,95.49,0.5092,-1,-1,-1
98,30,335.99,560.10,39.39,131.02,0.3058,-1,-1,-1
99,2,1706.57,614.84,78.13,197.45,0.7603,-1,-1,-1
99,15,197.36,578.55,54.25,147.66,0.6652,-1,-1,-1
99,6,143.09,581.17,54.09,143.06,0.4827,-1,-1,-1
99,32,358.80,569.57,46.31,122.89,0.5580,-1,-1,-1
99,17,1688.56,546.07,42.13,100.85,0.5020,-1,-1,-1
99,30,329.54,557.12,37.38,132.46,0.4522,-1,-1,-1
99,34,290.58,587.21,34.39,90.16,0.4884,-1,-1,-1
100,2,1709.21,613.72,80.25,199.80,0.7948,-1,-1,-1
100,15,188.92,585.53,54.81,143.65,0.6086,-1,-1,-1
100,6,131.87,584.20,56.16,140.96,0.5673,-1,-1,-1
100,32,348.73,575.05,50.15,119.73,0.5462,-1,-1,-1
100,17,1685.74,547.52,42.55,101.71,0.6408,-1,-1,-1
100,30,319.99,560.68,38.98,132.04,0.4080,-1,-1,-1
100,34,281.26,587.94,35.33,94.88,0.5921,-1,-1,-1
100,26,441.95,562.84,32.56,105.30,0.4479,-1,-1,-1
101,2,1711.15,616.14,80.89,202.26,0.7865,-1,-1,-1
101,15,180.22,582.70,57.32,145.09,0.5851,-1,-1,-1
101,6,124.10,579.84,57.67,143.70,0.6034,-1,-1,-1
101,32,340.65,571.95,49.77,121.58,0.5709,-1,-1,-1
101,17,1684.57,550.12,40.08,103.23,0.7198,-1,-1,-1
101,30,310.35,572.05,37.79,119.31,0.3817,-1,-1,-1
101,34,272.99,588.31,34.07,92.34,0.4467,-1,-1,-1
101,26,434.58,561.30,33.96,107.13,0.3740,-1,-1,-1
102,2,1713.15,619.14,82.35,200.93,0.8136,-1,-1,-1
102,15,172.04,583.57,57.55,145.26,0.5696,-1,-1,-1
102,6,115.13,581.47,57.95,145.55,0.6268,-1,-1,-1
102,32,332.46,574.97,49.51,120.72,0.6197,-1,-1,-1
102,17,1683.92,550.12,38.01,103.66,0.7413,-1,-1,-1
102,30,302.25,578.56,36.21,114.52,0.3032,-1,-1,-1
102,34,262.83,592.61,35.60,89.34,0.5423,-1,-1,-1
102,26,430.77,561.62,31.93,109.76,0.3858,-1,-1,-1
102,39,389.33,573.69,43.18,126.22,0.3718,-1,-1,-1
103,2,1714.33,619.05,85.27,204.71,0.8262,-1,-1,-1
103,15,164.56,586.93,57.57,143.25,0.5187,-1,-1,-1
103,6,106.42,579.15,57.60,148.99,0.5522,-1,-1,-1
103,32,326.06,574.55,51.75,120.83,0.4853,-1,-1,-1
103,17,1683.17,550.11,36.76,103.08,0.7186,-1,-1,-1
103,34,255.68,590.20,36.27,96.58,0.4424,-1,-1,-1
103,26,423.65,561.55,31.74,108.53,0.3363,-1,-1,-1
103,39,384.94,571.10,40.27,128.24,0.3385,-1,-1,-1
103,40,1546.05,519.49,25.16,79.32,0.4540,-1,-1,-1
104,2,1715.64,623.92,86.60,207.04,0.8177,-1,-1,-1
104,15,154.96,588.99,52.92,139.18,0.4258,-1,-1,-1
104,6,95.98,576.68,58.26,149.79,0.5658,-1,-1,-1
104,32,316.22,576.80,51.00,117.46,0.3585,-1,-1,-1
104,17,1682.34,551.83,35.57,103.05,0.7074,-1,-1,-1
104,34,247.62,589.42,36.17,93.35,0.3086,-1,-1,-1
104,26,415.72,558.45,33.46,107.73,0.4458,-1,-1,-1
104,39,374.31,574.06,40.72,125.30,0.4727,-1,-1,-1
104,40,1545.39,521.74,23.10,77.01,0.3720,-1,-1,-1
105,2,1717.71,624.05,87.20,209.61,0.8059,-1,-1,-1
105,15,146.35,587.47,57.54,142.58,0.5506,-1,-1,-1
105,6,87.92,579.29,57.95,149.40,0.6012,-1,-1,-1
105,32,306.27,568.68,53.02,128.62,0.5170,-1,-1,-1
105,17,1681.20,549.89,34.85,103.74,0.6652,-1,-1,-1
105,34,238.41,591.85,37.25,92.18,0.4489,-1,-1,-1
105,26,408.81,559.20,34.42,114.19,0.4025,-1,-1,-1
105,39,367.60,570.42,40.96,131.79,0.3748,-1,-1,-1
106,2,1722.69,625.86,85.90,212.21,0.7799,-1,-1,-1
106,15,138.65,577.87,59.26,151.50,0.5311,-1,-1,-1
106,6,77.96,574.92,56.41,153.06,0.5602,-1,-1,-1
106,32,298.85,566.74,52.35,130.02,0.5023,-1,-1,-1
106,17,1678.97,549.66,34.21,105.64,0.6091,-1,-1,-1
106,34,228.14,589.64,36.69,95.30,0.3597,-1,-1,-1
106,39,360.51,567.02,39.99,135.24,0.5135,-1,-1,-1
106,40,1535.72,522.20,25.63,73.64,0.3963,-1,-1,-1
107,2,1726.25,623.24,85.10,216.14,0.7893,-1,-1,-1
107,15,130.60,583.35,56.92,147.08,0.4014,-1,-1,-1
107,6,68.64,573.13,58.25,155.51,0.5916,-1,-1,-1
107,32,288.65,560.28,53.49,137.44,0.4683,-1,-1,-1
107,17,1677.47,547.41,32.76,105.92,0.5536,-1,-1,-1
107,34,219.14,591.15,38.61,97.23,0.5192,-1,-1,-1
107,39,352.01,562.88,42.05,140.61,0.5355,-1,-1,-1
107,40,1532.81,520.61,27.84,76.31,0.4410,-1,-1,-1
107,30,257.79,588.86,36.88,114.01,0.3925,-1,-1,-1
107,26,394.03,560.52,34.70,107.63,0.5073,-1,-1,-1
108,2,1728.75,628.03,84.91,218.03,0.8029,-1,-1,-1
108,15,121.22,576.31,55.31,152.89,0.4991,-1,-1,-1
108,6,55.20,568.17,63.07,160.12,0.5355,-1,-1,-1
108,32,278.92,557.73,54.31,141.01,0.5482,-1,-1,-1
108,17,1676.61,549.31,31.21,106.69,0.4693,-1,-1,-1
108,34,210.00,587.08,37.53,100.40,0.5884,-1,-1,-1
108,39,342.56,561.76,44.39,141.96,0.5372,-1,-1,-1
108,40,1531.64,523.82,26.45,75.39,0.3918,-1,-1,-1
108,42,0.33,574.23,52.67,149.74,0.4790,-1,-1,-1
108,26,388.85,559.55,34.44,105.78,0.4564,-1,-1,-1
109,2,1730.87,628.34,86.07,221.44,0.8077,-1,-1,-1
109,15,113.41,574.79,57.85,156.60,0.4124,-1,-1,-1
109,6,44.99,569.34,63.63,160.20,0.4893,-1,-1,-1
109,32,268.17,566.88,55.38,136.86,0.4146,-1,-1,-1
109,17,1675.09,549.34,30.52,106.80,0.5372,-1,-1,-1
109,34,200.77,588.48,37.60,104.45,0.5074,-1,-1,-1
109,39,336.26,557.47,42.44,148.70,0.5922,-1,-1,-1
109,40,1527.35,522.81,27.01,74.86,0.3971,-1,-1,-1
109,42,-1.56,574.47,44.66,155.03,0.3691,-1,-1,-1
109,26,381.49,558.83,35.23,110.79,0.4563,-1,-1,-1
110,2,1732.28,629.38,86.37,224.93,0.8127,-1,-1,-1
110,15,103.75,571.96,56.41,158.53,0.5829,-1,-1,-1
110,6,32.21,567.04,68.20,162.19,0.5917,-1,-1,-1
110,32,254.82,556.37,58.95,146.94,0.5143,-1,-1,-1
110,17,1674.01,550.72,28.98,107.40,0.3545,-1,-1,-1
110,34,190.70,587.09,38.77,105.31,0.5299,-1,-1,-1
110,39,326.66,561.73,44.10,143.57,0.6138,-1,-1,-1
110,42,-0.80,571.62,33.96,155.06,0.3811,-1,-1,-1
110,26,374.16,557.26,35.07,108.93,0.4486,-1,-1,-1
111,2,1733.58,629.57,87.73,227.50,0.8115,-1,-1,-1
111,15,94.08,568.22,58.86,164.70,0.5890,-1,-1,-1
111,6,20.96,563.68,71.56,166.89,0.6226,-1,-1,-1
111,32,247.26,559.46,58.11,145.13,0.4758,-1,-1,-1
111,34,180.97,589.33,38.04,107.12,0.4032,-1,-1,-1
111,39,318.49,571.18,42.43,135.49,0.5317,-1,-1,-1
111,26,366.53,558.70,36.09,108.99,0.4497,-1,-1,-1
112,2,1734.86,632.25,89.63,228.26,0.8082,-1,-1,-1
112,15,84.35,572.65,59.56,161.69,0.5706,-1,-1,-1
112,6,9.36,566.55,76.44,166.07,0.5343,-1,-1,-1
112,32,238.54,567.48,56.27,138.86,0.5931,-1,-1,-1
112,34,170.82,592.61,36.61,103.56,0.4827,-1,-1,-1
112,39,307.83,570.90,41.50,138.63,0.5571,-1,-1,-1
112,26,357.58,559.61,36.80,111.45,0.5561,-1,-1,-1
113,2,1735.37,634.39,90.57,229.97,0.8039,-1,-1,-1
113,15,75.43,576.68,57.40,160.37,0.5786,-1,-1,-1
113,6,1.13,560.82,74.09,173.06,0.5965,-1,-1,-1
113,32,231.13,575.25,54.24,134.31,0.6198,-1,-1,-1
113,34,161.63,595.34,37.35,103.40,0.5200,-1,-1,-1
113,39,298.85,572.26,39.39,139.69,0.6008,-1,-1,-1
113,26,349.73,562.10,36.58,111.49,0.4340,-1,-1,-1
114,2,1737.53,635.03,90.23,231.02,0.7984,-1,-1,-1
114,15,63.16,567.93,59.63,169.22,0.6499,-1,-1,-1
114,6,0.99,571.45,62.80,164.22,0.5474,-1,-1,-1
114,32,218.74,580.85,55.02,129.42,0.5791,-1,-1,-1
114,34,151.52,597.45,34.89,102.94,0.6193,-1,-1,-1
114,39,290.22,571.94,41.51,141.18,0.4918,-1,-1,-1
114,26,341.35,564.56,36.66,109.43,0.5101,-1,-1,-1
115,2,1739.24,636.49,91.11,231.82,0.7917,-1,-1,-1
115,15,52.88,565.83,60.03,173.01,0.6521,-1,-1,-1
115,6,0.94,573.60,54.50,162.33,0.4666,-1,-1,-1
115,32,202.03,571.41,61.55,139.10,0.5427,-1,-1,-1
115,34,141.66,596.91,36.57,105.23,0.6167,-1,-1,-1
115,39,280.01,578.87,38.52,136.16,0.5715,-1,-1,-1
115,26,333.52,564.25,37.76,111.60,0.6418,-1,-1,-1
116,2,1741.08,636.43,91.69,234.98,0.7989,-1,-1,-1
116,15,43.75,571.80,58.30,170.23,0.6056,-1,-1,-1
116,6,-2.16,582.08,51.23,157.96,0.6277,-1,-1,-1
116,32,195.76,575.63,58.63,140.52,0.5416,-1,-1,-1
116,34,130.56,599.48,35.34,103.79,0.5738,-1,-1,-1
116,39,270.97,579.90,37.74,137.70,0.4739,-1,-1,-1
116,26,323.89,567.33,39.09,110.81,0.6115,-1,-1,-1
117,2,1741.45,638.66,93.74,238.30,0.8084,-1,-1,-1
117,15,32.66,573.71,59.39,170.37,0.5952,-1,-1,-1
117,6,-2.42,583.89,43.59,157.40,0.6285,-1,-1,-1
117,32,186.16,570.55,58.63,145.90,0.4912,-1,-1,-1
117,34,119.26,600.03,37.00,101.58,0.5757,-1,-1,-1
117,39,259.40,566.10,39.06,152.68,0.6099,-1,-1,-1
117,26,314.65,566.90,40.56,112.61,0.5430,-1,-1,-1
118,2,1742.77,637.39,95.80,244.01,0.8036,-1,-1,-1
118,15,22.09,577.25,60.22,169.59,0.5140,-1,-1,-1
118,6,-2.25,588.98,33.32,154.84,0.4960,-1,-1,-1
118,32,179.59,580.71,54.40,139.33,0.5472,-1,-1,-1
118,34,109.75,600.74,37.64,104.90,0.5083,-1,-1,-1
118,39,249.39,571.16,38.46,151.65,0.6612,-1,-1,-1
118,26,308.57,561.74,38.61,118.59,0.6463,-1,-1,-1
119,2,1745.56,639.70,99.20,246.04,0.8216,-1,-1,-1
119,15,11.26,572.63,61.61,177.62,0.5951,-1,-1,-1
119,32,169.45,579.31,54.20,144.52,0.4574,-1,-1,-1
119,34,100.09,601.74,35.11,105.55,0.4761,-1,-1,-1
119,39,239.66,565.41,40.22,159.66,0.6101,-1,-1,-1
119,26,299.72,563.45,39.68,118.42,0.5511,-1,-1,-1
119,43,1742.82,566.12,46.94,97.69,0.3526,-1,-1,-1
120,2,1747.86,643.76,103.25,245.58,0.8126,-1,-1,-1
120,15,4.91,565.38,58.01,188.11,0.5788,-1,-1,-1
120,32,158.52,582.80,53.51,143.97,0.6008,-1,-1,-1
120,34,89.54,601.67,34.12,111.07,0.4249,-1,-1,-1
120,39,226.80,571.37,42.34,157.35,0.6485,-1,-1,-1
120,26,290.79,561.76,39.96,123.11,0.5789,-1,-1,-1
120,43,1742.42,558.84,43.98,107.87,0.4102,-1,-1,-1
121,2,1751.44,645.22,104.16,248.35,0.8092,-1,-1,-1
121,15,-0.53,555.45,55.69,197.50,0.5801,-1,-1,-1
121,32,146.87,586.12,56.04,140.62,0.5883,-1,-1,-1
121,34,78.70,601.89,35.89,112.48,0.5919,-1,-1,-1
121,39,217.64,570.10,43.16,160.94,0.5589,-1,-1,-1
121,26,286.11,563.18,37.47,120.00,0.6307,-1,-1,-1
121,43,1741.31,555.31,43.70,113.86,0.4368,-1,-1,-1
122,2,1755.64,646.10,101.99,251.85,0.8083,-1,-1,-1
122,15,-3.44,555.80,48.82,200.04,0.6186,-1,-1,-1
122,32,138.87,592.80,53.55,140.88,0.5102,-1,-1,-1
122,34,67.28,605.16,36.02,110.91,0.4074,-1,-1,-1
122,39,205.10,573.47,46.91,159.91,0.6584,-1,-1,-1
122,26,275.53,564.22,40.14,120.57,0.6004,-1,-1,-1
122,43,1739.96,553.36,42.84,117.35,0.3943,-1,-1,-1
123,2,1760.08,649.72,98.70,254.50,0.8087,-1,-1,-1
123,15,-2.97,568.24,41.49,187.77,0.5676,-1,-1,-1
123,32,128.65,598.72,56.30,139.37,0.4502,-1,-1,-1
123,34,54.89,607.77,37.70,115.13,0.3155,-1,-1,-1
123,39,194.51,580.92,49.24,154.88,0.5961,-1,-1,-1
123,26,266.58,559.73,42.09,128.77,0.6606,-1,-1,-1
123,43,1739.53,554.67,42.12,119.63,0.4085,-1,-1,-1
124,2,1764.31,649.37,98.36,259.51,0.8161,-1,-1,-1
124,15,-2.98,587.87,30.43,170.60,0.4861,-1,-1,-1
124,34,42.61,608.97,37.72,116.69,0.3100,-1,-1,-1
124,39,184.43,587.76,48.29,150.07,0.6286,-1,-1,-1
124,26,260.29,567.47,39.34,123.01,0.5867,-1,-1,-1
124,43,1739.24,555.07,42.40,117.57,0.4157,-1,-1,-1
124,30,97.08,583.27,52.94,151.05,0.4449,-1,-1,-1
125,2,1768.96,648.53,102.02,262.14,0.8164,-1,-1,-1
125,34,31.57,611.35,36.20,114.36,0.4601,-1,-1,-1
125,39,173.78,590.34,50.98,149.20,0.6426,-1,-1,-1
125,26,251.35,570.18,39.94,121.22,0.5343,-1,-1,-1
125,43,1737.09,554.49,42.44,118.74,0.3318,-1,-1,-1
125,30,87.04,580.83,51.83,150.28,0.3174,-1,-1,-1
126,2,1773.22,650.69,103.75,263.12,0.8115,-1,-1,-1
126,34,20.43,614.43,38.14,113.40,0.4120,-1,-1,-1
126,39,161.33,595.74,53.57,146.76,0.5844,-1,-1,-1
126,26,243.09,567.62,39.92,126.29,0.5826,-1,-1,-1
127,2,1777.38,651.49,104.91,266.19,0.8200,-1,-1,-1
127,34,5.36,621.35,38.46,106.64,0.3592,-1,-1,-1
127,39,152.75,600.93,51.94,145.10,0.5950,-1,-1,-1
127,26,235.94,569.98,39.05,126.20,0.5796,-1,-1,-1
127,32,83.22,622.91,58.10,119.41,0.4736,-1,-1,-1
127,43,1729.07,556.08,42.62,109.52,0.3417,-1,-1,-1
128,2,1780.70,653.64,106.58,267.60,0.8193,-1,-1,-1
128,34,-2.10,621.38,32.16,109.32,0.3409,-1,-1,-1
128,39,141.52,603.00,54.16,144.50,0.5497,-1,-1,-1
128,26,225.42,563.20,40.54,133.36,0.6124,-1,-1,-1
128,50,546.70,527.86,32.41,68.72,0.4185,-1,-1,-1
128,32,71.48,623.47,59.14,119.40,0.4670,-1,-1,-1
128,43,1727.20,557.63,41.65,107.10,0.4019,-1,-1,-1
129,2,1785.40,656.08,110.79,269.48,0.8237,-1,-1,-1
129,34,-3.62,623.46,23.37,109.30,0.3123,-1,-1,-1
129,39,130.79,600.59,52.25,150.76,0.5152,-1,-1,-1
129,26,218.28,566.24,39.82,133.30,0.5917,-1,-1,-1
129,50,543.87,528.54,29.30,68.31,0.3431,-1,-1,-1
129,32,63.29,623.15,56.00,122.97,0.3570,-1,-1,-1
129,43,1726.45,557.12,39.54,108.41,0.3782,-1,-1,-1
130,2,1787.91,657.99,115.09,272.02,0.8218,-1,-1,-1
130,39,117.26,603.53,58.35,151.11,0.3297,-1,-1,-1
130,26,209.57,565.58,40.83,135.48,0.5547,-1,-1,-1
130,32,49.07,622.79,56.91,126.72,0.3895,-1,-1,-1
130,43,1724.52,557.03,36.87,113.74,0.3989,-1,-1,-1
130,30,29.18,586.20,52.24,159.10,0.4400,-1,-1,-1
131,2,1791.15,659.38,118.08,276.74,0.8317,-1,-1,-1
131,39,105.40,599.81,51.38,156.62,0.4304,-1,-1,-1
131,26,200.69,572.27,41.07,129.49,0.4709,-1,-1,-1
131,43,1717.51,557.56,41.85,117.99,0.4683,-1,-1,-1
131,30,14.60,587.75,53.91,153.61,0.4850,-1,-1,-1
131,50,533.35,526.40,29.26,71.63,0.4062,-1,-1,-1
132,2,1796.02,661.02,120.31,283.65,0.8652,-1,-1,-1
132,39,94.44,599.26,47.68,160.56,0.4302,-1,-1,-1
132,26,191.76,569.75,41.38,133.50,0.6435,-1,-1,-1
132,43,1714.42,555.87,43.76,119.73,0.4537,-1,-1,-1
132,30,2.52,585.52,52.58,159.11,0.5514,-1,-1,-1
133,2,1802.29,663.00,117.55,289.38,0.8822,-1,-1,-1
133,39,80.30,595.16,49.31,167.72,0.5459,-1,-1,-1
133,26,182.06,566.66,43.87,136.12,0.5328,-1,-1,-1
133,43,1712.36,557.13,45.37,120.16,0.4476,-1,-1,-1
133,30,-2.75,587.77,45.97,162.16,0.3458,-1,-1,-1
133,32,14.22,627.97,58.79,134.11,0.3583,-1,-1,-1
133,50,523.82,527.43,31.08,71.60,0.4531,-1,-1,-1
134,2,1807.22,665.02,113.99,294.76,0.8508,-1,-1,-1
134,39,50.72,580.89,66.56,188.12,0.4966,-1,-1,-1
134,26,173.43,567.19,42.18,138.33,0.5594,-1,-1,-1
134,43,1710.06,556.30,46.60,120.26,0.4810,-1,-1,-1
134,32,1.72,628.75,56.48,138.02,0.4839,-1,-1,-1
134,50,520.72,529.19,27.35,71.96,0.4252,-1,-1,-1
135,2,1811.14,665.91,110.24,301.32,0.8147,-1,-1,-1
135,39,32.43,574.43,74.08,198.24,0.5418,-1,-1,-1
135,26,165.74,569.83,40.83,138.19,0.5442,-1,-1,-1
135,43,1705.68,554.97,50.05,120.08,0.5032,-1,-1,-1
135,32,-3.25,620.75,49.98,147.44,0.5679,-1,-1,-1
135,50,514.98,528.34,28.81,73.36,0.5478,-1,-1,-1
136,2,1817.19,669.39,104.16,305.20,0.8374,-1,-1,-1
136,39,22.22,573.80,75.24,200.89,0.5256,-1,-1,-1
136,26,157.23,567.60,41.16,140.72,0.3922,-1,-1,-1
136,43,1701.42,556.00,50.84,115.91,0.4716,-1,-1,-1
136,32,-4.06,621.96,39.75,147.20,0.6006,-1,-1,-1
136,50,509.23,527.27,28.28,73.68,0.5368,-1,-1,-1
137,2,1823.68,677.43,97.88,307.37,0.7745,-1,-1,-1
137,39,15.79,573.28,70.60,204.62,0.6261,-1,-1,-1
137,26,148.53,572.92,40.34,137.79,0.4026,-1,-1,-1
137,43,1699.45,555.84,51.16,114.79,0.5040,-1,-1,-1
137,32,-3.32,634.50,29.32,138.22,0.4695,-1,-1,-1
137,50,503.49,527.43,29.28,75.28,0.5478,-1,-1,-1
138,2,1830.11,679.40,90.98,310.81,0.7834,-1,-1,-1
138,39,9.44,571.90,64.61,206.10,0.6376,-1,-1,-1
138,26,140.53,572.15,40.80,139.65,0.4938,-1,-1,-1
138,43,1697.68,556.27,51.09,113.51,0.4898,-1,-1,-1
138,50,499.74,529.72,29.98,73.22,0.5816,-1,-1,-1
138,53,1570.66,558.10,44.50,105.97,0.5702,-1,-1,-1
139,2,1833.52,680.01,87.33,315.57,0.7700,-1,-1,-1
139,39,2.05,575.43,59.13,203.07,0.6160,-1,-1,-1
139,43,1696.80,556.85,49.80,110.88,0.5073,-1,-1,-1
139,50,495.18,528.17,27.64,72.79,0.4402,-1,-1,-1
139,53,1568.73,554.75,39.67,108.85,0.5947,-1,-1,-1
140,2,1840.07,682.49,80.87,312.75,0.7509,-1,-1,-1
140,39,-2.67,574.89,51.67,210.79,0.6251,-1,-1,-1
140,43,1697.38,553.28,48.13,114.64,0.5282,-1,-1,-1
140,50,490.40,527.16,28.57,73.45,0.4970,-1,-1,-1
140,53,1566.25,550.95,37.38,111.91,0.6625,-1,-1,-1
140,26,122.26,562.71,42.05,152.70,0.3747,-1,-1,-1
141,2,1847.10,680.09,73.78,312.26,0.6802,-1,-1,-1
141,39,-3.80,579.11,41.44,208.73,0.5914,-1,-1,-1
141,43,1698.60,551.82,45.53,115.80,0.4524,-1,-1,-1
141,50,485.47,527.81,27.73,73.79,0.5269,-1,-1,-1
141,53,1563.26,549.82,38.26,111.84,0.7275,-1,-1,-1
142,2,1854.31,693.08,66.57,300.22,0.6424,-1,-1,-1
142,43,1700.89,554.82,41.95,114.62,0.4379,-1,-1,-1
142,50,480.81,527.38,28.45,75.13,0.4995,-1,-1,-1
142,53,1560.31,551.16,40.07,108.62,0.6805,-1,-1,-1
142,54,399.60,531.10,26.09,64.45,0.3642,-1,-1,-1
143,2,1860.22,703.41,59.75,297.17,0.5932,-1,-1,-1
143,43,1699.41,561.04,40.87,109.96,0.3688,-1,-1,-1
143,50,476.55,526.88,30.77,73.88,0.5371,-1,-1,-1
143,53,1556.92,553.32,40.27,109.28,0.5898,-1,-1,-1
144,2,1866.63,714.98,53.40,263.81,0.4753,-1,-1,-1
144,43,1696.82,566.44,41.93,107.65,0.4586,-1,-1,-1
144,50,473.21,527.58,28.46,74.93,0.5948,-1,-1,-1
144,53,1554.33,556.13,38.08,109.42,0.7095,-1,-1,-1
145,43,1694.25,570.21,42.46,106.98,0.6013,-1,-1,-1
145,50,467.92,527.16,28.55,74.15,0.5255,-1,-1,-1
145,53,1549.13,557.73,37.33,108.19,0.6961,-1,-1,-1
145,54,382.52,529.26,27.90,64.89,0.4086,-1,-1,-1
146,43,1693.32,573.14,42.67,102.26,0.6210,-1,-1,-1
146,50,463.66,526.15,28.01,74.62,0.5846,-1,-1,-1
146,53,1545.34,555.98,38.50,110.32,0.6497,-1,-1,-1
146,54,379.20,529.40,26.88,64.42,0.4053,-1,-1,-1
147,43,1691.36,574.62,41.61,103.18,0.5336,-1,-1,-1
147,50,457.19,526.69,29.26,75.66,0.5240,-1,-1,-1
147,53,1540.74,557.48,39.13,109.71,0.6767,-1,-1,-1
147,54,372.39,530.82,27.99,65.20,0.3205,-1,-1,-1
148,43,1684.64,569.84,45.55,106.76,0.4707,-1,-1,-1
148,50,452.73,528.88,29.99,74.21,0.5905,-1,-1,-1
148,53,1532.19,555.16,44.67,112.64,0.6906,-1,-1,-1
148,54,363.91,529.72,28.84,66.59,0.3125,-1,-1,-1
149,43,1680.97,569.98,44.14,105.87,0.6109,-1,-1,-1
149,50,447.95,529.38,29.17,74.85,0.5573,-1,-1,-1
149,53,1520.74,554.26,52.78,113.61,0.6868,-1,-1,-1
149,54,357.97,529.87,30.34,67.71,0.3718,-1,-1,-1
150,43,1679.32,567.17,43.01,107.14,0.6682,-1,-1,-1
150,50,442.75,528.59,29.82,76.39,0.5842,-1,-1,-1
150,53,1512.87,558.03,58.21,109.68,0.7187,-1,-1,-1
150,54,355.11,530.17,28.59,68.06,0.4069,-1,-1,-1
151,43,1675.66,567.03,43.10,107.54,0.5868,-1,-1,-1
151,50,435.47,527.91,30.45,77.93,0.5417,-1,-1,-1
151,53,1509.02,559.39,58.26,109.04,0.7012,-1,-1,-1
151,54,348.97,533.01,28.69,68.16,0.3415,-1,-1,-1
152,43,1672.60,566.74,43.12,105.73,0.5135,-1,-1,-1
152,50,429.13,529.79,30.97,76.96,0.5592,-1,-1,-1
152,53,1506.80,558.00,56.23,110.42,0.6990,-1,-1,-1
153,43,1672.97,566.40,38.59,97.02,0.4092,-1,-1,-1
153,50,424.03,530.24,28.88,75.38,0.5244,-1,-1,-1
153,53,1501.83,557.04,57.42,110.14,0.6611,-1,-1,-1
154,50,417.05,532.13,30.10,76.80,0.5154,-1,-1,-1
154,53,1497.16,553.74,53.82,113.19,0.6692,-1,-1,-1
155,50,410.84,530.35,29.74,79.27,0.5753,-1,-1,-1
155,53,1491.76,552.32,50.71,113.11,0.6494,-1,-1,-1
156,50,403.43,532.61,30.73,78.76,0.5338,-1,-1,-1
156,53,1487.59,550.48,46.88,115.37,0.6679,-1,-1,-1
157,50,397.73,534.96,30.30,77.76,0.5839,-1,-1,-1
157,53,1481.15,551.03,45.35,113.78,0.6722,-1,-1,-1
157,56,1301.64,521.33,30.34,72.49,0.3441,-1,-1,-1
158,50,392.87,535.84,29.11,78.76,0.5316,-1,-1,-1
158,53,1474.56,548.54,45.45,116.04,0.7308,-1,-1,-1
158,56,1297.31,520.90,31.02,73.92,0.3213,-1,-1,-1
158,57,1437.06,533.74,22.30,88.69,0.4275,-1,-1,-1
159,50,387.65,537.62,28.53,78.27,0.5661,-1,-1,-1
159,53,1469.83,546.22,44.29,117.88,0.7107,-1,-1,-1
160,50,380.42,538.81,30.44,79.49,0.5007,-1,-1,-1
160,53,1465.87,545.71,43.13,119.01,0.6754,-1,-1,-1
161,50,376.51,538.65,30.11,79.28,0.4974,-1,-1,-1
161,53,1461.41,546.39,43.37,117.94,0.6507,-1,-1,-1
162,50,371.16,539.59,31.26,78.39,0.5276,-1,-1,-1
162,53,1457.33,549.14,44.01,113.58,0.6772,-1,-1,-1
163,50,364.79,540.64,31.55,79.73,0.4650,-1,-1,-1
163,53,1451.13,549.74,46.44,113.45,0.6452,-1,-1,-1
164,50,360.42,540.20,32.25,80.05,0.5373,-1,-1,-1
164,53,1446.79,548.78,47.14,114.26,0.6249,-1,-1,-1
165,50,355.20,541.56,32.13,80.48,0.5055,-1,-1,-1
165,53,1439.37,547.95,50.37,115.55,0.6663,-1,-1,-1
166,50,350.22,543.11,30.01,79.49,0.5512,-1,-1,-1
166,53,1433.91,548.21,50.45,115.56,0.6802,-1,-1,-1
167,50,345.33,543.29,30.91,78.81,0.6246,-1,-1,-1
167,53,1431.60,545.03,47.04,117.19,0.6659,-1,-1,-1
168,50,339.13,543.08,32.97,79.41,0.5753,-1,-1,-1
168,53,1428.34,543.31,44.48,117.23,0.6642,-1,-1,-1
169,50,334.44,543.74,34.03,79.05,0.5617,-1,-1,-1
169,53,1424.94,543.93,42.54,117.49,0.6764,-1,-1,-1
170,50,330.48,543.18,32.20,78.93,0.5523,-1,-1,-1
170,53,1420.99,540.59,41.73,120.25,0.6739,-1,-1,-1
171,50,325.38,543.71,32.06,77.91,0.5628,-1,-1,-1
171,53,1415.39,539.47,43.85,123.27,0.5668,-1,-1,-1
172,50,320.77,541.95,31.56,78.11,0.5773,-1,-1,-1
172,53,1410.83,535.47,43.24,125.80,0.6206,-1,-1,-1
173,50,315.28,541.23,32.89,80.84,0.5739,-1,-1,-1
173,53,1406.12,532.79,43.81,128.47,0.5631,-1,-1,-1
174,50,310.99,542.79,34.19,79.40,0.6004,-1,-1,-1
174,53,1402.42,531.17,45.40,131.03,0.6385,-1,-1,-1
175,50,306.60,541.63,34.94,79.72,0.4848,-1,-1,-1
175,53,1393.87,532.07,52.21,131.50,0.6650,-1,-1,-1
176,50,302.01,542.08,34.36,80.59,0.5858,-1,-1,-1
176,53,1388.14,534.64,55.33,129.56,0.6771,-1,-1,-1
177,50,297.21,542.03,34.92,78.49,0.6517,-1,-1,-1
177,53,1384.55,534.32,56.30,130.42,0.7056,-1,-1,-1
178,50,293.26,542.40,34.38,80.92,0.6078,-1,-1,-1
178,53,1384.83,534.71,54.00,130.61,0.6725,-1,-1,-1
179,50,289.29,540.84,34.81,82.98,0.6119,-1,-1,-1
179,53,1385.31,535.92,50.74,129.49,0.6815,-1,-1,-1
180,50,284.45,543.53,35.91,81.92,0.5632,-1,-1,-1
180,53,1383.99,535.33,49.17,130.40,0.7043,-1,-1,-1
180,59,1608.23,543.47,38.64,128.57,0.4052,-1,-1,-1
181,50,280.76,543.44,35.75,83.23,0.5565,-1,-1,-1
181,53,1383.41,536.38,44.22,128.00,0.7123,-1,-1,-1
181,59,1601.00,544.78,49.37,128.30,0.3677,-1,-1,-1
182,50,275.46,543.87,35.44,83.42,0.5933,-1,-1,-1
182,53,1379.93,537.02,43.53,127.76,0.7273,-1,-1,-1
182,59,1602.58,545.85,48.11,127.50,0.4363,-1,-1,-1
183,50,271.90,544.54,34.09,84.80,0.6425,-1,-1,-1
183,53,1375.99,536.79,43.88,128.52,0.7398,-1,-1,-1
183,59,1606.80,549.62,44.27,124.55,0.4202,-1,-1,-1
183,43,1608.86,550.35,41.64,123.62,0.4202,-1,-1,-1
184,50,267.10,546.32,34.46,84.34,0.6227,-1,-1,-1
184,53,1373.16,536.03,43.11,129.43,0.7636,-1,-1,-1
184,59,1608.81,545.73,42.14,128.44,0.4369,-1,-1,-1
184,43,1609.07,545.77,41.21,128.34,0.4369,-1,-1,-1
185,50,262.51,547.83,34.94,83.53,0.5505,-1,-1,-1
185,53,1370.57,534.63,43.88,131.34,0.7472,-1,-1,-1
185,59,1608.57,543.74,41.93,131.20,0.4629,-1,-1,-1
185,43,1608.31,543.48,41.58,131.42,0.4629,-1,-1,-1
186,50,259.05,547.46,35.41,84.65,0.5231,-1,-1,-1
186,53,1369.20,534.22,42.64,132.37,0.7195,-1,-1,-1
186,59,1607.25,545.01,43.69,128.75,0.3668,-1,-1,-1
186,43,1606.90,544.52,43.48,129.32,0.3668,-1,-1,-1
187,50,254.73,548.59,35.00,85.64,0.5685,-1,-1,-1
187,53,1366.72,533.69,42.58,133.11,0.7051,-1,-1,-1
187,43,1599.12,542.51,50.85,132.23,0.3340,-1,-1,-1
188,50,250.26,549.82,34.97,86.24,0.5666,-1,-1,-1
188,53,1364.53,534.18,43.64,134.26,0.6753,-1,-1,-1
188,43,1595.44,545.73,55.88,131.33,0.4387,-1,-1,-1
189,50,246.48,550.20,34.75,89.17,0.5183,-1,-1,-1
189,53,1359.29,532.57,48.09,137.34,0.6421,-1,-1,-1
189,43,1594.67,544.69,58.24,133.16,0.4633,-1,-1,-1
190,50,241.83,549.70,36.32,90.45,0.5534,-1,-1,-1
190,53,1356.29,533.63,50.14,136.07,0.6760,-1,-1,-1
190,43,1594.14,541.39,60.34,136.11,0.5147,-1,-1,-1
191,50,238.22,553.10,36.48,88.31,0.5024,-1,-1,-1
191,53,1353.59,534.58,51.74,135.31,0.6668,-1,-1,-1
191,43,1594.90,539.79,62.51,137.34,0.5098,-1,-1,-1
192,50,234.19,552.95,37.90,88.04,0.5347,-1,-1,-1
192,53,1351.59,539.76,51.51,129.56,0.6265,-1,-1,-1
192,43,1601.75,540.00,55.45,135.30,0.4883,-1,-1,-1
193,50,228.72,555.82,38.37,86.68,0.6063,-1,-1,-1
193,53,1349.74,540.87,51.80,130.02,0.6605,-1,-1,-1
193,43,1602.89,539.36,56.36,136.16,0.5488,-1,-1,-1
194,50,225.29,559.15,36.12,85.55,0.5889,-1,-1,-1
194,53,1347.98,541.96,50.14,128.69,0.6729,-1,-1,-1
194,43,1605.94,547.17,55.69,128.38,0.5191,-1,-1,-1
195,50,222.26,559.79,34.82,84.56,0.5118,-1,-1,-1
195,53,1345.93,541.39,49.30,129.65,0.6877,-1,-1,-1
195,43,1604.09,547.39,58.97,128.10,0.5450,-1,-1,-1
196,50,218.50,561.08,35.11,86.33,0.4655,-1,-1,-1
196,53,1345.52,542.16,47.27,130.86,0.6781,-1,-1,-1
196,43,1606.87,548.18,57.93,127.53,0.5429,-1,-1,-1
197,50,214.15,561.75,35.70,86.39,0.4675,-1,-1,-1
197,53,1345.19,541.43,45.44,131.80,0.6291,-1,-1,-1
197,43,1610.62,549.03,54.30,125.81,0.4580,-1,-1,-1
198,50,211.31,562.64,34.47,85.84,0.5391,-1,-1,-1
198,53,1345.05,542.65,43.58,128.68,0.4946,-1,-1,-1
198,43,1617.07,551.33,49.09,123.06,0.5008,-1,-1,-1
199,50,207.22,562.74,34.92,86.65,0.5183,-1,-1,-1
199,53,1344.10,543.64,43.55,126.77,0.6219,-1,-1,-1
199,43,1620.86,553.59,45.69,121.18,0.5727,-1,-1,-1
200,50,202.51,563.74,37.05,88.43,0.4718,-1,-1,-1
200,53,1342.56,544.82,44.63,126.61,0.6272,-1,-1,-1
200,43,1621.29,555.02,45.69,120.03,0.5278,-1,-1,-1
201,50,200.25,563.82,35.22,89.14,0.4733,-1,-1,-1
201,53,1341.37,547.69,44.77,124.02,0.6506,-1,-1,-1
201,43,1619.69,553.83,49.57,121.79,0.6183,-1,-1,-1
202,50,194.66,563.60,36.96,91.59,0.6060,-1,-1,-1
202,53,1339.66,548.73,45.48,124.45,0.6765,-1,-1,-1
202,43,1621.21,553.90,50.83,123.08,0.6074,-1,-1,-1
203,50,189.82,564.04,39.82,92.23,0.5575,-1,-1,-1
203,53,1337.29,551.38,47.33,120.87,0.7047,-1,-1,-1
203,43,1624.03,553.88,49.77,124.23,0.5667,-1,-1,-1
204,50,187.01,565.65,39.65,91.83,0.5612,-1,-1,-1
204,53,1336.22,551.30,47.86,121.26,0.7173,-1,-1,-1
204,43,1629.97,553.02,47.50,123.41,0.6134,-1,-1,-1
205,50,182.69,566.67,38.45,91.17,0.5738,-1,-1,-1
205,53,1335.13,547.86,47.68,124.61,0.7261,-1,-1,-1
205,43,1631.40,554.43,47.30,120.86,0.6113,-1,-1,-1
206,50,178.03,567.64,39.52,90.72,0.5755,-1,-1,-1
206,53,1335.07,547.98,47.30,125.21,0.7374,-1,-1,-1
206,43,1628.36,555.11,52.53,122.44,0.5101,-1,-1,-1
207,50,173.16,570.08,39.41,92.11,0.5722,-1,-1,-1
207,53,1334.18,549.27,47.09,126.39,0.7602,-1,-1,-1
207,43,1627.68,557.12,55.66,122.67,0.4884,-1,-1,-1
208,50,168.75,570.51,39.04,92.40,0.5597,-1,-1,-1
208,53,1332.83,547.95,48.68,128.81,0.7472,-1,-1,-1
208,43,1641.25,557.27,45.49,122.18,0.4170,-1,-1,-1
209,50,165.47,569.69,39.15,93.01,0.5244,-1,-1,-1
209,53,1331.42,545.36,49.39,132.12,0.7471,-1,-1,-1
209,43,1646.22,558.36,43.34,123.06,0.6145,-1,-1,-1
210,50,162.55,570.79,37.87,93.35,0.4568,-1,-1,-1
210,53,1330.39,543.26,49.06,134.34,0.7449,-1,-1,-1
210,43,1647.71,559.86,45.32,123.49,0.5735,-1,-1,-1
211,50,158.83,571.21,40.93,94.90,0.5726,-1,-1,-1
211,53,1330.01,545.20,47.83,133.76,0.7636,-1,-1,-1
211,43,1653.61,566.05,43.56,119.74,0.5294,-1,-1,-1
212,50,155.82,570.66,40.81,95.38,0.6044,-1,-1,-1
212,53,1328.57,546.31,48.77,132.36,0.7386,-1,-1,-1
212,43,1657.85,560.54,46.06,126.33,0.5282,-1,-1,-1
213,50,153.42,571.86,40.76,95.25,0.5522,-1,-1,-1
213,53,1328.88,548.40,49.10,131.70,0.7346,-1,-1,-1
213,43,1651.97,561.45,57.74,128.54,0.4819,-1,-1,-1
214,50,150.86,573.90,40.98,94.56,0.5941,-1,-1,-1
214,53,1329.88,547.38,49.27,133.42,0.6760,-1,-1,-1
214,43,1653.96,560.14,60.31,128.41,0.5141,-1,-1,-1
215,50,149.02,571.26,40.09,95.06,0.5913,-1,-1,-1
215,53,1330.36,547.95,49.50,134.91,0.6781,-1,-1,-1
215,43,1667.05,559.69,51.74,129.76,0.5430,-1,-1,-1
216,50,147.15,574.07,37.52,93.03,0.4258,-1,-1,-1
216,53,1331.81,550.17,48.69,134.97,0.6688,-1,-1,-1
216,43,1675.09,562.51,47.22,126.37,0.6051,-1,-1,-1
217,50,143.62,572.99,36.62,94.80,0.4765,-1,-1,-1
217,53,1332.88,550.25,48.71,135.54,0.7011,-1,-1,-1
217,43,1681.01,561.47,45.74,124.88,0.4833,-1,-1,-1
218,50,140.37,573.24,37.43,94.36,0.4894,-1,-1,-1
218,53,1335.13,549.11,47.70,135.57,0.7457,-1,-1,-1
218,43,1677.22,561.29,60.17,127.29,0.4898,-1,-1,-1
218,63,-0.63,578.17,20.12,84.23,0.4194,-1,-1,-1
219,50,139.82,572.83,38.32,94.89,0.4865,-1,-1,-1
219,53,1337.18,549.90,47.19,136.31,0.7614,-1,-1,-1
219,43,1689.67,561.36,53.16,126.33,0.5402,-1,-1,-1
219,63,-0.62,579.17,18.36,84.67,0.3336,-1,-1,-1
219,64,23.07,580.93,34.97,84.97,0.4322,-1,-1,-1
220,50,138.07,575.80,38.45,95.13,0.4592,-1,-1,-1
220,53,1338.95,548.69,48.14,138.32,0.7630,-1,-1,-1
220,43,1695.87,562.62,51.82,124.81,0.5394,-1,-1,-1
220,64,16.42,580.55,38.40,90.62,0.5608,-1,-1,-1
221,50,134.21,574.05,39.36,96.70,0.4642,-1,-1,-1
221,53,1342.22,547.65,47.27,140.66,0.7531,-1,-1,-1
221,43,1704.24,565.75,47.00,123.15,0.5217,-1,-1,-1
221,64,11.77,579.93,40.31,88.40,0.5345,-1,-1,-1
222,50,130.88,573.83,40.04,98.45,0.4810,-1,-1,-1
222,53,1345.78,545.49,45.47,139.95,0.7570,-1,-1,-1
222,43,1702.00,562.03,59.08,125.63,0.5038,-1,-1,-1
222,64,10.57,580.09,40.06,89.31,0.5536,-1,-1,-1
223,50,129.18,574.12,39.52,98.26,0.5020,-1,-1,-1
223,53,1347.45,546.65,46.45,139.97,0.7559,-1,-1,-1
223,43,1715.15,563.65,51.67,125.60,0.5339,-1,-1,-1
223,64,9.43,579.56,38.26,89.64,0.4601,-1,-1,-1
224,50,128.38,577.56,40.65,97.09,0.4715,-1,-1,-1
224,53,1348.94,544.17,47.28,141.21,0.7568,-1,-1,-1
224,43,1721.61,561.12,50.18,125.83,0.4782,-1,-1,-1
225,50,127.40,577.58,40.43,97.25,0.4991,-1,-1,-1
225,53,1350.97,545.57,48.02,139.22,0.7482,-1,-1,-1
225,43,1728.75,556.82,54.14,129.10,0.5436,-1,-1,-1
226,50,125.84,585.00,42.05,94.31,0.4236,-1,-1,-1
226,53,1352.52,546.67,48.12,137.67,0.7013,-1,-1,-1
226,43,1732.02,556.92,58.59,126.80,0.5118,-1,-1,-1
226,64,0.52,597.46,34.72,82.04,0.3559,-1,-1,-1
227,50,121.93,584.94,40.94,95.61,0.3100,-1,-1,-1
227,53,1354.43,547.26,48.90,139.30,0.7485,-1,-1,-1
227,43,1743.33,558.52,52.66,126.41,0.5244,-1,-1,-1
227,64,-0.15,595.88,32.46,83.60,0.3342,-1,-1,-1
228,50,118.75,586.46,38.76,96.06,0.3369,-1,-1,-1
228,53,1356.55,548.26,48.51,141.51,0.7464,-1,-1,-1
228,43,1750.99,554.56,53.98,128.72,0.5436,-1,-1,-1
228,64,-0.67,592.04,31.64,89.19,0.3098,-1,-1,-1
229,50,117.16,586.44,37.10,96.41,0.4063,-1,-1,-1
229,53,1358.60,548.18,48.39,141.28,0.7451,-1,-1,-1
229,43,1753.81,557.18,58.91,128.11,0.5037,-1,-1,-1
230,50,116.88,587.09,34.75,97.17,0.3004,-1,-1,-1
230,53,1361.85,548.93,48.42,140.70,0.7489,-1,-1,-1
230,43,1763.85,555.39,55.57,127.40,0.5401,-1,-1,-1
231,50,115.92,587.59,35.30,97.31,0.3335,-1,-1,-1
231,53,1363.95,551.91,49.36,138.80,0.7346,-1,-1,-1
231,43,1774.56,554.46,56.21,130.35,0.5594,-1,-1,-1
232,53,1366.62,552.34,48.61,138.52,0.7351,-1,-1,-1
232,43,1778.25,553.21,62.17,131.36,0.5187,-1,-1,-1
233,53,1368.63,551.37,48.80,140.80,0.7659,-1,-1,-1
233,43,1789.62,556.28,59.25,128.96,0.5374,-1,-1,-1
234,53,1371.02,552.81,48.57,138.73,0.7041,-1,-1,-1
234,43,1793.66,558.75,64.37,129.00,0.4541,-1,-1,-1
234,50,109.06,590.06,39.42,97.14,0.3436,-1,-1,-1
235,53,1374.59,553.70,48.67,136.98,0.6637,-1,-1,-1
235,43,1807.00,559.26,59.39,128.98,0.4603,-1,-1,-1
236,53,1377.88,552.82,51.24,136.81,0.7033,-1,-1,-1
236,43,1822.65,553.71,56.84,126.10,0.5272,-1,-1,-1
237,53,1380.26,551.85,53.72,137.23,0.7001,-1,-1,-1
237,43,1834.34,549.57,57.46,126.45,0.5037,-1,-1,-1
238,53,1384.56,552.99,51.47,136.79,0.7135,-1,-1,-1
238,43,1845.72,546.87,57.88,134.80,0.5073,-1,-1,-1
238,50,105.05,583.04,41.81,103.80,0.3776,-1,-1,-1
239,53,1386.95,553.21,51.26,137.23,0.6845,-1,-1,-1
239,43,1850.56,544.94,63.06,139.86,0.4659,-1,-1,-1
239,50,104.52,579.11,44.32,105.29,0.3830,-1,-1,-1
240,53,1390.53,550.47,50.36,141.31,0.7220,-1,-1,-1
240,43,1863.33,543.18,57.72,134.68,0.4519,-1,-1,-1
240,50,103.93,578.08,44.84,105.97,0.3987,-1,-1,-1
241,53,1396.15,548.56,48.86,144.69,0.7554,-1,-1,-1
241,43,1871.79,545.94,52.08,136.71,0.4767,-1,-1,-1
241,50,103.47,576.58,43.58,107.78,0.4285,-1,-1,-1
242,53,1400.92,548.23,48.72,145.96,0.6747,-1,-1,-1
242,50,104.15,577.67,43.65,107.01,0.4132,-1,-1,-1
243,53,1405.32,550.28,47.96,143.50,0.6904,-1,-1,-1
243,50,104.46,576.26,45.54,108.49,0.4092,-1,-1,-1
244,53,1410.52,553.87,48.04,139.96,0.7142,-1,-1,-1
244,50,104.04,576.33,44.30,108.37,0.3632,-1,-1,-1
245,53,1416.87,555.90,46.58,139.24,0.7654,-1,-1,-1
245,50,105.23,577.02,43.66,109.35,0.3807,-1,-1,-1
246,53,1422.71,554.89,46.60,140.87,0.7618,-1,-1,-1
246,50,105.29,577.11,41.79,110.01,0.3634,-1,-1,-1
247,53,1427.83,555.55,46.87,141.17,0.7419,-1,-1,-1
247,50,104.69,579.26,41.63,110.08,0.4200,-1,-1,-1
247,70,1318.11,582.19,45.99,133.74,0.4751,-1,-1,-1
248,53,1434.12,556.29,47.17,141.69,0.7564,-1,-1,-1
248,50,105.07,581.39,40.56,109.08,0.3849,-1,-1,-1
248,70,1327.57,583.29,47.36,132.01,0.3794,-1,-1,-1
249,53,1440.47,554.64,46.72,144.94,0.7948,-1,-1,-1
249,50,105.56,584.01,42.38,109.33,0.4059,-1,-1,-1
249,70,1334.65,582.13,48.83,132.59,0.3814,-1,-1,-1
250,53,1446.59,549.49,47.62,148.81,0.7216,-1,-1,-1
250,50,106.07,586.24,43.49,108.49,0.4545,-1,-1,-1
250,70,1340.21,581.19,48.04,131.09,0.3013,-1,-1,-1
251,53,1455.15,545.58,44.37,155.72,0.7529,-1,-1,-1
251,50,107.18,587.29,42.61,108.48,0.3931,-1,-1,-1
252,53,1461.43,547.62,44.93,152.38,0.7403,-1,-1,-1
252,50,110.18,588.74,38.20,105.12,0.3088,-1,-1,-1
253,53,1468.83,541.84,45.09,156.72,0.7456,-1,-1,-1
253,50,115.22,591.33,38.69,105.29,0.4488,-1,-1,-1
254,53,1473.93,539.28,46.14,158.37,0.7030,-1,-1,-1
254,50,118.85,591.28,38.60,105.77,0.4649,-1,-1,-1
255,53,1481.31,536.11,45.09,157.21,0.7117,-1,-1,-1
255,50,119.81,593.88,40.54,107.76,0.3864,-1,-1,-1
256,53,1489.26,538.07,46.36,156.49,0.7260,-1,-1,-1
256,50,123.33,593.94,40.97,110.81,0.4104,-1,-1,-1
257,53,1498.01,537.44,45.15,154.14,0.7082,-1,-1,-1
257,50,127.98,595.19,45.23,110.03,0.3282,-1,-1,-1
258,53,1506.15,543.21,45.86,151.22,0.6422,-1,-1,-1
258,50,131.55,596.47,45.22,109.78,0.3457,-1,-1,-1
259,53,1512.97,549.63,49.42,145.95,0.5939,-1,-1,-1
259,50,132.83,595.04,43.73,111.12,0.3758,-1,-1,-1
259,64,0.08,610.35,26.52,94.90,0.4733,-1,-1,-1
260,53,1513.95,551.09,60.61,147.09,0.6697,-1,-1,-1
260,50,133.22,598.83,42.61,109.43,0.3191,-1,-1,-1
260,64,0.66,611.91,29.26,94.50,0.4134,-1,-1,-1
261,53,1520.97,553.36,64.49,145.46,0.5762,-1,-1,-1
261,50,135.58,600.93,42.28,108.10,0.3938,-1,-1,-1
261,64,0.49,612.02,30.79,96.22,0.5005,-1,-1,-1
262,53,1523.02,562.30,73.79,136.09,0.4393,-1,-1,-1
262,50,140.17,601.14,37.80,108.04,0.4577,-1,-1,-1
262,64,0.83,611.04,29.57,97.09,0.4987,-1,-1,-1
263,50,141.84,602.18,39.02,106.89,0.3134,-1,-1,-1
263,64,0.28,612.29,32.00,95.54,0.4667,-1,-1,-1
264,64,0.50,612.02,33.05,96.48,0.5155,-1,-1,-1
265,64,-0.01,614.53,33.59,93.82,0.4637,-1,-1,-1
265,50,147.16,600.40,44.36,109.63,0.3721,-1,-1,-1
266,64,0.54,613.83,37.20,94.12,0.4624,-1,-1,-1
266,76,997.00,512.91,29.40,85.22,0.4394,-1,-1,-1
266,53,1573.73,574.70,65.31,136.53,0.4052,-1,-1,-1
267,64,0.15,613.70,40.87,94.77,0.4948,-1,-1,-1
267,76,1003.82,517.40,27.15,80.65,0.3558,-1,-1,-1
267,50,151.44,599.75,44.58,112.12,0.4006,-1,-1,-1
268,64,2.52,612.61,42.14,98.35,0.4670,-1,-1,-1
268,76,1008.69,517.65,28.49,81.88,0.3296,-1,-1,-1
268,78,1050.40,510.91,36.81,99.23,0.4424,-1,-1,-1
269,64,4.00,610.61,44.32,99.87,0.4941,-1,-1,-1
269,76,1021.93,512.95,25.96,89.03,0.3659,-1,-1,-1
269,78,1058.65,507.72,40.61,99.93,0.4786,-1,-1,-1
269,50,154.84,598.77,43.99,113.60,0.3896,-1,-1,-1
270,64,6.13,608.49,46.14,99.23,0.4640,-1,-1,-1
270,76,1024.68,509.32,26.93,88.67,0.3828,-1,-1,-1
270,78,1065.54,504.68,38.95,96.65,0.4244,-1,-1,-1
270,50,157.16,594.82,43.14,114.32,0.3388,-1,-1,-1
270,70,1568.32,592.50,51.39,185.01,0.5123,-1,-1,-1
271,64,10.65,609.58,43.98,97.20,0.5401,-1,-1,-1
271,76,1027.20,510.15,27.72,87.14,0.3098,-1,-1,-1
271,78,1070.02,505.56,37.90,96.70,0.4247,-1,-1,-1
271,50,161.47,595.11,42.35,112.66,0.4302,-1,-1,-1
271,70,1584.83,592.44,53.37,188.02,0.4663,-1,-1,-1
272,64,11.92,605.69,43.90,99.65,0.5141,-1,-1,-1
272,76,1032.62,514.66,27.01,81.04,0.3011,-1,-1,-1
272,78,1075.13,508.46,36.63,97.37,0.3737,-1,-1,-1
273,64,13.49,606.38,44.86,100.45,0.5929,-1,-1,-1
273,78,1079.96,507.79,42.19,99.35,0.3636,-1,-1,-1
273,50,167.32,591.84,46.75,115.71,0.3815,-1,-1,-1
274,64,13.93,601.38,44.19,102.53,0.4452,-1,-1,-1
274,78,1088.37,506.71,41.19,95.84,0.4811,-1,-1,-1
274,80,1064.71,506.42,24.07,91.68,0.3773,-1,-1,-1
274,76,1053.91,507.16,23.35,89.52,0.3399,-1,-1,-1
275,64,15.36,598.92,46.93,106.31,0.6141,-1,-1,-1
275,78,1094.83,507.12,37.44,96.22,0.3930,-1,-1,-1
275,76,1052.25,509.32,28.10,88.10,0.3626,-1,-1,-1
275,70,1640.49,582.92,82.32,222.20,0.4292,-1,-1,-1
276,64,16.92,599.98,47.67,105.37,0.6283,-1,-1,-1
276,78,1100.66,506.88,35.40,96.75,0.3071,-1,-1,-1
276,70,1656.59,582.13,79.94,232.17,0.6513,-1,-1,-1
276,50,174.40,590.03,45.93,117.36,0.4250,-1,-1,-1
277,64,19.19,598.46,47.73,107.01,0.6057,-1,-1,-1
277,78,1103.38,503.74,38.09,98.92,0.3157,-1,-1,-1
277,70,1671.17,589.22,80.58,230.04,0.5055,-1,-1,-1
277,50,177.07,589.77,44.72,117.73,0.3446,-1,-1,-1
277,76,1058.68,504.44,33.20,92.74,0.3834,-1,-1,-1
278,64,20.88,598.68,48.03,108.85,0.5958,-1,-1,-1
278,78,1109.35,505.80,40.97,96.77,0.3399,-1,-1,-1
278,70,1683.55,594.81,83.96,229.43,0.4518,-1,-1,-1
278,50,177.12,591.05,46.29,118.74,0.3736,-1,-1,-1
278,81,1176.58,515.75,31.20,95.92,0.3973,-1,-1,-1
278,76,1070.73,505.16,28.36,93.87,0.3923,-1,-1,-1
279,64,23.39,598.24,48.43,109.80,0.6058,-1,-1,-1
279,78,1116.67,517.24,36.33,84.99,0.3125,-1,-1,-1
279,70,1696.35,595.70,87.86,234.57,0.5984,-1,-1,-1
279,50,178.95,591.28,46.51,118.90,0.4369,-1,-1,-1
279,76,1072.67,508.54,30.46,91.33,0.4354,-1,-1,-1
280,64,24.65,600.31,48.77,111.46,0.6285,-1,-1,-1
280,50,180.78,598.39,45.23,114.15,0.4652,-1,-1,-1
281,64,25.56,601.71,50.42,112.55,0.6280,-1,-1,-1
281,50,184.46,599.48,45.13,115.05,0.4186,-1,-1,-1
281,78,1124.38,507.52,39.37,96.14,0.3446,-1,-1,-1
281,70,1723.46,606.77,103.64,235.45,0.5491,-1,-1,-1
282,64,28.39,604.16,49.68,111.19,0.6183,-1,-1,-1
282,50,187.31,598.86,47.30,116.64,0.4731,-1,-1,-1
282,70,1734.18,610.20,114.61,236.68,0.6279,-1,-1,-1
283,64,30.48,608.88,48.71,109.04,0.6025,-1,-1,-1
283,50,188.89,600.00,50.62,117.78,0.4686,-1,-1,-1
283,70,1770.82,609.64,100.96,240.96,0.6216,-1,-1,-1
284,64,32.88,610.25,48.28,109.66,0.6392,-1,-1,-1
284,50,192.09,601.41,49.21,117.93,0.3811,-1,-1,-1
284,70,1796.32,609.91,101.00,244.50,0.7481,-1,-1,-1
284,87,1755.56,549.92,57.30,183.16,0.6228,-1,-1,-1
284,88,1293.42,535.09,41.64,121.69,0.3895,-1,-1,-1
285,64,35.43,611.85,47.33,110.08,0.6387,-1,-1,-1
285,50,194.81,601.39,50.87,119.61,0.4400,-1,-1,-1
285,70,1822.25,612.01,95.02,246.30,0.8110,-1,-1,-1
285,87,1768.00,550.04,59.89,183.32,0.6452,-1,-1,-1
285,88,1301.13,536.79,47.49,118.56,0.4237,-1,-1,-1
285,81,1254.82,536.26,44.18,122.60,0.3729,-1,-1,-1
286,64,36.67,612.98,47.80,111.45,0.6460,-1,-1,-1
286,50,197.46,601.58,51.86,121.24,0.4207,-1,-1,-1
286,70,1843.23,611.18,81.89,250.92,0.7456,-1,-1,-1
286,87,1779.75,546.98,62.09,188.64,0.7140,-1,-1,-1
286,88,1312.45,535.95,44.54,118.09,0.3428,-1,-1,-1
287,64,37.21,613.76,49.12,112.39,0.6324,-1,-1,-1
287,50,199.34,605.31,51.77,120.58,0.4333,-1,-1,-1
287,70,1865.10,614.77,61.72,251.83,0.7013,-1,-1,-1
287,87,1796.29,547.93,62.03,191.35,0.7023,-1,-1,-1
288,64,38.36,614.59,50.86,112.37,0.6124,-1,-1,-1
288,50,200.94,605.25,47.84,122.14,0.4924,-1,-1,-1
288,70,1888.27,640.12,37.33,227.21,0.5867,-1,-1,-1
288,87,1807.36,547.10,68.17,194.74,0.6718,-1,-1,-1
289,64,38.54,615.14,51.22,113.84,0.5702,-1,-1,-1
289,50,201.60,607.27,42.87,120.87,0.3896,-1,-1,-1
289,87,1821.70,545.21,67.19,198.05,0.7282,-1,-1,-1
290,64,40.25,613.14,52.39,116.04,0.6098,-1,-1,-1
290,50,203.33,605.88,45.85,122.93,0.4318,-1,-1,-1
290,87,1835.89,543.56,71.91,199.91,0.7607,-1,-1,-1
291,64,42.46,614.20,54.23,118.41,0.6156,-1,-1,-1
291,87,1851.79,539.82,65.02,204.22,0.7575,-1,-1,-1
292,64,43.18,613.41,54.47,121.51,0.6637,-1,-1,-1
292,87,1865.14,540.30,60.66,206.09,0.7130,-1,-1,-1
292,89,1212.58,519.95,46.84,80.42,0.3511,-1,-1,-1
292,50,209.09,608.87,53.73,124.48,0.3697,-1,-1,-1
293,64,44.84,615.15,54.00,123.19,0.6512,-1,-1,-1
293,87,1880.60,540.70,47.48,208.71,0.6246,-1,-1,-1
293,50,213.60,611.41,51.77,124.49,0.4314,-1,-1,-1
294,64,45.91,618.60,54.22,121.62,0.6007,-1,-1,-1
294,50,215.44,611.89,50.69,124.83,0.4653,-1,-1,-1
295,64,46.16,620.33,55.88,120.20,0.6151,-1,-1,-1
295,50,214.45,613.91,45.62,123.83,0.4393,-1,-1,-1
296,64,48.58,620.47,57.07,119.16,0.5639,-1,-1,-1
296,50,215.36,613.58,46.45,124.65,0.4414,-1,-1,-1
297,64,49.82,620.74,57.62,119.89,0.6092,-1,-1,-1
297,50,221.49,614.18,45.35,124.35,0.3718,-1,-1,-1
297,91,1382.89,555.44,40.11,109.19,0.4538,-1,-1,-1
298,64,50.89,620.49,57.38,119.93,0.6084,-1,-1,-1
298,50,225.20,611.73,46.57,126.39,0.4183,-1,-1,-1
298,91,1389.77,546.89,41.91,118.74,0.4216,-1,-1,-1
298,92,1351.85,534.52,43.17,137.61,0.4131,-1,-1,-1
299,64,51.26,621.94,57.17,119.20,0.6151,-1,-1,-1
299,50,227.64,614.42,45.90,124.54,0.4655,-1,-1,-1
299,91,1397.18,559.98,42.21,110.83,0.3231,-1,-1,-1
299,92,1354.86,533.64,49.95,146.94,0.3329,-1,-1,-1
300,64,50.84,620.42,57.83,122.36,0.5869,-1,-1,-1
300,50,229.23,614.56,48.10,125.47,0.4986,-1,-1,-1
300,91,1400.41,554.71,49.30,120.52,0.3042,-1,-1,-1
301,64,50.69,623.23,56.39,122.49,0.5049,-1,-1,-1
301,50,229.71,616.09,49.90,126.11,0.4830,-1,-1,-1
302,64,50.26,622.54,57.33,123.65,0.4925,-1,-1,-1
302,50,229.55,614.31,50.23,128.56,0.4957,-1,-1,-1
303,64,47.73,627.69,56.45,123.79,0.4657,-1,-1,-1
303,50,228.58,620.76,50.65,127.55,0.4470,-1,-1,-1
303,95,1292.53,525.71,35.36,93.92,0.3426,-1,-1,-1
304,64,47.74,627.37,55.68,123.69,0.4487,-1,-1,-1
304,50,229.08,621.68,50.18,127.14,0.5153,-1,-1,-1
305,64,49.13,634.78,57.72,119.52,0.4623,-1,-1,-1
305,50,228.42,627.54,50.95,125.70,0.4847,-1,-1,-1
306,64,48.31,635.54,57.52,117.86,0.4346,-1,-1,-1
306,50,229.70,627.42,50.23,126.33,0.4852,-1,-1,-1
307,64,46.67,635.04,59.02,120.52,0.4810,-1,-1,-1
307,50,229.39,627.09,50.23,127.90,0.4916,-1,-1,-1
307,95,1338.92,529.08,42.57,107.15,0.4424,-1,-1,-1
308,64,45.29,638.94,61.06,125.04,0.5552,-1,-1,-1
308,50,228.31,630.59,48.73,130.37,0.4622,-1,-1,-1
308,95,1345.44,527.67,41.57,109.98,0.3950,-1,-1,-1
309,64,44.91,636.37,60.95,126.38,0.6162,-1,-1,-1
309,50,227.48,627.54,47.62,132.61,0.4386,-1,-1,-1
310,64,43.73,638.93,61.36,126.56,0.5959,-1,-1,-1
310,50,226.27,630.39,49.18,132.87,0.4359,-1,-1,-1
311,64,41.59,641.05,62.90,126.80,0.6287,-1,-1,-1
311,50,228.19,631.65,52.42,132.93,0.3680,-1,-1,-1
312,64,40.34,640.89,62.42,126.62,0.5803,-1,-1,-1
312,50,226.90,630.51,52.68,133.54,0.3836,-1,-1,-1
313,64,39.10,643.31,63.58,128.69,0.6415,-1,-1,-1
313,50,228.18,635.21,55.13,133.21,0.3631,-1,-1,-1
314,64,37.95,645.09,61.99,128.75,0.5443,-1,-1,-1
314,50,228.01,637.80,52.45,134.28,0.3733,-1,-1,-1
315,64,37.26,644.37,60.51,129.08,0.5443,-1,-1,-1
315,50,228.09,636.80,51.31,136.15,0.4031,-1,-1,-1
316,64,35.35,645.31,58.63,129.89,0.4181,-1,-1,-1
316,50,226.97,637.50,50.66,136.89,0.3845,-1,-1,-1
316,99,1392.80,576.88,48.27,151.25,0.4472,-1,-1,-1
317,64,34.85,645.80,56.40,130.77,0.4003,-1,-1,-1
317,50,226.56,638.15,50.72,137.09,0.4155,-1,-1,-1
317,99,1395.95,553.79,55.60,182.68,0.4403,-1,-1,-1
318,64,34.32,647.06,56.06,131.35,0.4668,-1,-1,-1
318,50,226.47,639.76,48.55,136.17,0.3962,-1,-1,-1
318,99,1398.68,554.11,60.56,186.39,0.4636,-1,-1,-1
319,64,33.16,648.22,55.01,131.49,0.4422,-1,-1,-1
319,50,226.67,641.08,50.79,136.07,0.3739,-1,-1,-1
319,99,1400.49,576.51,59.39,167.16,0.4038,-1,-1,-1
319,91,1520.14,587.49,48.51,139.23,0.3929,-1,-1,-1
320,64,29.91,648.01,57.45,133.48,0.4503,-1,-1,-1
320,50,225.87,641.03,52.06,138.07,0.4203,-1,-1,-1
320,91,1525.30,590.14,48.06,134.59,0.4288,-1,-1,-1
321,64,27.03,648.34,59.62,135.31,0.5096,-1,-1,-1
321,50,224.92,639.98,53.17,140.15,0.4288,-1,-1,-1
321,91,1531.23,594.55,47.55,130.00,0.4019,-1,-1,-1
321,99,1403.95,596.97,60.00,148.53,0.3543,-1,-1,-1
322,64,24.52,648.37,60.19,136.23,0.4726,-1,-1,-1
322,50,223.97,638.35,53.69,142.15,0.4614,-1,-1,-1
322,91,1534.72,589.64,54.70,136.73,0.5018,-1,-1,-1
322,99,1405.08,605.95,62.12,140.98,0.3375,-1,-1,-1
323,64,21.17,647.89,61.20,137.73,0.5180,-1,-1,-1
323,50,222.88,636.21,54.53,145.07,0.3651,-1,-1,-1
323,91,1539.80,586.05,56.73,141.23,0.5776,-1,-1,-1
323,99,1405.65,596.13,66.47,152.60,0.4153,-1,-1,-1
324,64,17.24,646.12,61.39,138.32,0.5107,-1,-1,-1
324,50,215.53,634.23,49.63,145.01,0.3561,-1,-1,-1
324,91,1543.36,589.94,56.96,137.62,0.5381,-1,-1,-1
325,64,14.73,646.95,62.04,137.23,0.5177,-1,-1,-1
325,50,218.68,633.83,53.97,146.71,0.3884,-1,-1,-1
325,91,1548.47,603.97,53.65,126.94,0.4972,-1,-1,-1
325,99,1414.64,596.05,65.81,153.95,0.5534,-1,-1,-1
326,64,11.15,647.64,61.50,137.28,0.5606,-1,-1,-1
326,50,219.12,635.23,54.20,146.70,0.4118,-1,-1,-1
326,91,1551.30,595.98,51.54,136.19,0.4860,-1,-1,-1
326,99,1415.70,598.42,64.20,151.60,0.5397,-1,-1,-1
327,64,8.18,646.00,61.26,137.41,0.6160,-1,-1,-1
327,50,214.69,636.18,56.51,144.61,0.4922,-1,-1,-1
327,91,1555.37,601.03,52.38,132.94,0.4790,-1,-1,-1
327,99,1418.03,599.77,62.77,151.10,0.6191,-1,-1,-1
327,102,1780.79,539.63,40.24,111.90,0.4466,-1,-1,-1
328,64,5.73,652.32,61.04,134.44,0.6030,-1,-1,-1
328,50,209.32,638.21,60.79,147.02,0.4102,-1,-1,-1
328,91,1558.85,593.60,53.28,140.91,0.3888,-1,-1,-1
328,99,1419.16,596.34,64.41,154.91,0.6022,-1,-1,-1
328,102,1786.46,540.32,40.24,117.54,0.5423,-1,-1,-1
329,64,7.82,648.27,54.25,135.42,0.4847,-1,-1,-1
329,50,203.19,631.93,52.50,149.82,0.3334,-1,-1,-1
329,91,1562.47,588.08,53.40,149.00,0.4985,-1,-1,-1
329,99,1419.49,597.33,63.85,153.28,0.5809,-1,-1,-1
330,64,5.12,651.19,51.81,132.47,0.5154,-1,-1,-1
330,50,200.62,631.78,50.49,150.78,0.3514,-1,-1,-1
330,91,1563.09,587.12,57.27,155.49,0.4773,-1,-1,-1
330,99,1422.15,597.00,60.36,154.52,0.5080,-1,-1,-1
330,102,1797.73,541.57,44.30,121.65,0.4907,-1,-1,-1
331,64,3.23,651.12,50.87,132.77,0.5151,-1,-1,-1
331,50,197.09,631.29,49.73,152.69,0.3491,-1,-1,-1
331,91,1556.26,564.82,68.30,177.74,0.3548,-1,-1,-1
331,99,1427.85,596.23,57.19,154.76,0.6453,-1,-1,-1
331,102,1802.47,536.15,49.19,125.90,0.5363,-1,-1,-1
332,64,1.38,646.80,47.02,132.98,0.5164,-1,-1,-1
332,50,192.77,628.69,50.20,152.30,0.3298,-1,-1,-1
332,91,1566.34,583.04,61.27,154.86,0.4261,-1,-1,-1
332,99,1430.25,599.75,56.32,151.32,0.6271,-1,-1,-1
332,102,1805.45,534.44,49.15,126.93,0.3527,-1,-1,-1
333,64,-0.50,645.88,44.19,133.39,0.5680,-1,-1,-1
333,50,188.16,627.46,60.54,153.61,0.3899,-1,-1,-1
333,91,1573.48,585.87,57.52,151.44,0.3444,-1,-1,-1
333,99,1430.24,596.79,60.43,155.29,0.5249,-1,-1,-1
333,102,1812.35,528.64,49.07,129.24,0.4403,-1,-1,-1
334,64,-0.75,646.16,39.55,132.44,0.5771,-1,-1,-1
334,50,182.05,629.90,50.10,151.71,0.3491,-1,-1,-1
334,91,1579.31,584.57,56.05,151.87,0.4696,-1,-1,-1
334,99,1424.31,594.41,67.50,158.04,0.5220,-1,-1,-1
334,102,1819.22,524.29,49.62,129.85,0.5169,-1,-1,-1
335,64,-0.90,645.41,33.90,133.14,0.4922,-1,-1,-1
335,50,175.72,630.19,46.64,150.81,0.3751,-1,-1,-1
335,91,1583.29,588.26,57.57,147.06,0.3755,-1,-1,-1
335,99,1416.96,593.99,80.60,159.60,0.3433,-1,-1,-1
335,102,1825.18,520.11,49.31,134.39,0.6378,-1,-1,-1
336,64,-0.57,647.69,29.47,133.87,0.5372,-1,-1,-1
336,50,174.79,628.67,44.90,154.16,0.3997,-1,-1,-1
336,91,1578.86,552.93,61.23,190.62,0.3029,-1,-1,-1
336,99,1418.97,589.30,84.51,163.74,0.5729,-1,-1,-1
336,102,1828.36,514.49,52.71,136.29,0.5643,-1,-1,-1
337,64,-0.42,646.96,24.06,135.87,0.4220,-1,-1,-1
337,50,174.29,628.79,49.68,158.20,0.4056,-1,-1,-1
337,91,1575.58,539.82,65.86,210.77,0.4367,-1,-1,-1
337,99,1425.20,592.54,82.12,167.06,0.6616,-1,-1,-1
337,102,1835.57,518.42,52.36,136.40,0.4645,-1,-1,-1
338,64,-0.60,663.43,19.05,125.67,0.3368,-1,-1,-1
338,50,171.91,633.46,54.12,158.95,0.4139,-1,-1,-1
338,91,1574.30,532.65,68.86,217.29,0.3703,-1,-1,-1
338,99,1428.95,592.91,85.51,167.26,0.5656,-1,-1,-1
338,102,1841.43,517.97,51.61,133.49,0.6001,-1,-1,-1
339,50,168.16,637.86,57.07,158.29,0.4984,-1,-1,-1
339,91,1579.83,534.94,70.18,225.44,0.5218,-1,-1,-1
339,99,1427.30,598.13,92.52,167.70,0.7193,-1,-1,-1
339,102,1846.45,519.41,49.97,133.27,0.5668,-1,-1,-1
340,50,167.94,639.89,55.57,157.08,0.4732,-1,-1,-1
340,91,1577.22,534.93,77.77,230.30,0.5747,-1,-1,-1
340,99,1430.43,597.25,92.84,169.62,0.7528,-1,-1,-1
340,102,1850.30,518.32,50.38,132.41,0.5759,-1,-1,-1
341,50,158.70,640.83,49.53,160.83,0.3653,-1,-1,-1
341,91,1591.11,545.10,63.01,226.55,0.3676,-1,-1,-1
341,99,1433.84,601.79,90.02,171.67,0.7356,-1,-1,-1
342,50,156.86,643.12,47.07,161.31,0.4892,-1,-1,-1
342,91,1587.78,552.62,69.23,221.77,0.3161,-1,-1,-1
342,99,1426.76,603.23,92.87,175.51,0.6933,-1,-1,-1
343,50,148.27,649.18,49.29,162.27,0.5288,-1,-1,-1
343,91,1576.62,549.56,82.06,229.66,0.4134,-1,-1,-1
343,99,1437.83,612.66,78.03,172.12,0.6045,-1,-1,-1
344,50,140.42,653.35,55.11,163.28,0.4862,-1,-1,-1
344,91,1573.33,560.95,90.00,224.38,0.3292,-1,-1,-1
344,99,1441.47,617.78,73.18,171.74,0.6756,-1,-1,-1
344,102,1876.35,534.38,43.57,132.00,0.4558,-1,-1,-1
345,50,136.51,659.65,54.22,164.22,0.3698,-1,-1,-1
345,91,1571.92,584.92,69.34,199.31,0.3959,-1,-1,-1
345,99,1444.03,620.58,70.52,179.08,0.6138,-1,-1,-1
345,102,1878.28,537.62,42.61,133.01,0.4708,-1,-1,-1
346,50,129.50,663.66,55.32,168.43,0.3674,-1,-1,-1
346,91,1572.85,592.34,58.31,190.05,0.4137,-1,-1,-1
346,99,1441.86,623.49,68.96,181.85,0.5917,-1,-1,-1
346,102,1880.40,536.45,40.91,139.07,0.4749,-1,-1,-1
347,50,119.90,669.31,56.40,170.07,0.4566,-1,-1,-1
347,91,1573.39,595.52,57.87,192.88,0.5164,-1,-1,-1
347,99,1435.59,627.19,74.93,185.17,0.6000,-1,-1,-1
347,102,1884.75,540.50,36.31,137.94,0.3258,-1,-1,-1
347,108,1362.08,580.67,62.27,194.98,0.3559,-1,-1,-1
348,50,117.37,671.00,56.04,170.52,0.5848,-1,-1,-1
348,91,1574.94,599.08,61.75,190.35,0.5155,-1,-1,-1
348,99,1443.93,630.38,65.76,187.03,0.6562,-1,-1,-1
349,50,107.77,673.77,61.51,170.32,0.4656,-1,-1,-1
349,91,1577.28,609.56,63.16,185.24,0.4371,-1,-1,-1
349,99,1444.76,634.14,67.78,190.71,0.6873,-1,-1,-1
349,109,1395.31,595.51,65.22,190.36,0.5116,-1,-1,-1
349,108,1356.73,597.74,62.04,183.28,0.4165,-1,-1,-1
350,50,102.62,671.94,60.57,173.10,0.4889,-1,-1,-1
350,91,1579.62,614.49,69.90,183.83,0.5740,-1,-1,-1
350,99,1443.78,638.35,75.06,191.18,0.6504,-1,-1,-1
350,109,1395.76,597.87,60.91,190.25,0.4080,-1,-1,-1
350,108,1356.74,604.64,64.82,180.26,0.4030,-1,-1,-1
351,50,95.90,672.69,60.30,175.46,0.5598,-1,-1,-1
351,91,1581.15,611.11,70.15,187.21,0.4103,-1,-1,-1
351,99,1441.35,643.86,81.46,189.35,0.7045,-1,-1,-1
351,109,1393.75,600.40,63.07,190.92,0.3526,-1,-1,-1
351,108,1354.96,607.92,69.95,178.14,0.4141,-1,-1,-1
351,110,144.60,667.86,50.71,157.22,0.3899,-1,-1,-1
352,50,87.72,674.00,62.26,176.54,0.5701,-1,-1,-1
352,91,1583.23,609.39,77.31,200.18,0.5267,-1,-1,-1
352,99,1432.31,649.20,91.99,190.24,0.6597,-1,-1,-1
352,108,1357.09,607.32,66.18,182.18,0.4533,-1,-1,-1
353,50,80.62,678.11,65.36,173.30,0.4343,-1,-1,-1
353,91,1583.65,610.63,75.19,202.69,0.5764,-1,-1,-1
353,99,1435.08,651.75,92.97,191.69,0.6678,-1,-1,-1
353,108,1356.90,605.19,65.04,186.33,0.4912,-1,-1,-1
353,109,1397.95,600.52,51.23,192.64,0.4514,-1,-1,-1
353,110,136.21,671.10,51.60,161.72,0.3600,-1,-1,-1
354,50,77.98,681.82,66.22,172.72,0.5197,-1,-1,-1
354,91,1583.06,617.53,73.55,200.83,0.5591,-1,-1,-1
354,99,1442.92,655.64,86.51,195.76,0.6894,-1,-1,-1
354,108,1349.68,605.78,69.28,188.34,0.4868,-1,-1,-1
354,109,1395.34,601.84,60.65,193.35,0.3478,-1,-1,-1
354,110,129.87,671.48,53.52,164.30,0.3782,-1,-1,-1
355,50,81.85,679.49,55.40,177.44,0.4129,-1,-1,-1
355,91,1582.82,625.58,73.62,195.80,0.5791,-1,-1,-1
355,99,1444.88,657.44,85.04,196.66,0.6570,-1,-1,-1
355,108,1349.20,607.46,64.78,190.13,0.4304,-1,-1,-1
355,109,1392.33,604.20,61.11,196.81,0.4295,-1,-1,-1
355,110,122.95,668.27,49.88,166.74,0.4649,-1,-1,-1
356,50,64.46,681.41,63.67,177.95,0.4241,-1,-1,-1
356,91,1581.49,631.25,77.02,196.39,0.5775,-1,-1,-1
356,99,1441.66,659.02,91.88,198.70,0.6956,-1,-1,-1
356,108,1347.57,604.91,63.92,195.12,0.3901,-1,-1,-1
356,109,1391.23,608.78,60.95,199.22,0.3670,-1,-1,-1
356,110,115.99,666.11,53.64,171.44,0.3935,-1,-1,-1
357,50,69.43,680.16,54.07,177.49,0.3899,-1,-1,-1
357,91,1578.25,641.47,82.62,193.77,0.6406,-1,-1,-1
357,99,1445.91,665.31,88.50,198.22,0.7577,-1,-1,-1
357,108,1347.66,590.86,58.66,209.95,0.3659,-1,-1,-1
357,109,1386.60,611.92,65.22,200.46,0.3783,-1,-1,-1
358,50,61.73,682.76,57.26,180.36,0.5443,-1,-1,-1
358,91,1575.91,646.92,89.32,191.64,0.6258,-1,-1,-1
358,99,1448.75,670.38,84.30,194.99,0.7845,-1,-1,-1
358,108,1349.59,595.69,52.77,204.55,0.4397,-1,-1,-1
358,109,1386.11,614.07,68.48,199.94,0.5232,-1,-1,-1
359,50,50.53,690.26,57.62,177.39,0.3697,-1,-1,-1
359,91,1577.43,650.60,92.56,194.13,0.6685,-1,-1,-1
359,99,1450.17,679.33,80.62,193.69,0.6679,-1,-1,-1
359,108,1346.29,594.43,53.42,191.46,0.4122,-1,-1,-1
359,109,1385.71,615.31,70.96,202.16,0.4645,-1,-1,-1
359,110,97.16,672.89,48.07,172.70,0.4346,-1,-1,-1
360,50,41.51,691.56,58.42,178.27,0.4092,-1,-1,-1
360,91,1579.32,656.56,92.80,196.43,0.6191,-1,-1,-1
360,99,1452.88,684.49,76.42,193.73,0.7214,-1,-1,-1
360,108,1342.52,594.43,56.34,208.63,0.5528,-1,-1,-1
360,109,1380.46,620.72,76.84,200.07,0.4150,-1,-1,-1
360,110,92.89,674.22,48.57,170.54,0.3975,-1,-1,-1
361,50,34.19,690.52,59.92,181.91,0.4917,-1,-1,-1
361,91,1579.72,661.06,93.80,195.75,0.6789,-1,-1,-1
361,99,1454.20,686.39,72.57,197.82,0.7346,-1,-1,-1
361,108,1341.52,593.36,55.06,209.20,0.4570,-1,-1,-1
361,109,1376.72,621.16,78.41,201.56,0.4505,-1,-1,-1
361,110,84.59,679.99,52.32,170.66,0.4339,-1,-1,-1
362,50,25.15,691.86,65.45,184.25,0.4408,-1,-1,-1
362,91,1581.87,663.51,91.35,200.46,0.6451,-1,-1,-1
362,99,1453.86,685.71,75.33,203.77,0.7326,-1,-1,-1
362,108,1341.28,597.97,54.62,218.23,0.5302,-1,-1,-1
362,109,1374.74,623.57,84.09,205.87,0.4953,-1,-1,-1
362,110,77.65,682.58,49.66,171.88,0.4966,-1,-1,-1
363,50,17.43,694.23,66.98,189.02,0.3857,-1,-1,-1
363,91,1583.05,662.80,87.55,204.08,0.5633,-1,-1,-1
363,99,1454.53,682.14,75.36,215.02,0.7407,-1,-1,-1
363,108,1339.58,599.30,55.40,221.27,0.5458,-1,-1,-1
363,109,1375.93,620.06,84.14,212.26,0.4931,-1,-1,-1
363,110,69.28,684.37,51.19,175.95,0.4351,-1,-1,-1
364,50,10.13,695.60,66.36,188.72,0.4324,-1,-1,-1
364,91,1582.03,664.65,82.78,212.06,0.6297,-1,-1,-1
364,99,1452.45,688.06,80.42,220.47,0.7585,-1,-1,-1
364,108,1337.92,608.02,55.47,207.25,0.3117,-1,-1,-1
364,109,1374.35,627.86,68.93,211.43,0.4710,-1,-1,-1
364,110,63.39,684.99,51.21,177.91,0.3715,-1,-1,-1
365,50,4.01,700.78,64.65,192.07,0.4498,-1,-1,-1
365,91,1582.63,666.42,78.46,214.38,0.5981,-1,-1,-1
365,99,1449.55,692.07,88.48,221.30,0.6993,-1,-1,-1
365,108,1337.98,623.30,51.30,176.58,0.3370,-1,-1,-1
365,109,1372.64,630.19,70.53,215.59,0.5358,-1,-1,-1
365,110,54.27,691.86,54.85,178.41,0.3849,-1,-1,-1
366,50,4.46,704.35,57.13,190.53,0.5095,-1,-1,-1
366,91,1580.34,665.90,76.74,217.97,0.6740,-1,-1,-1
366,99,1448.46,697.00,94.18,223.60,0.7255,-1,-1,-1
366,108,1338.67,631.92,51.03,201.30,0.3643,-1,-1,-1
366,109,1372.09,632.65,69.69,217.75,0.6046,-1,-1,-1
366,110,48.54,693.99,53.83,175.74,0.5615,-1,-1,-1
367,50,1.31,713.08,53.91,187.88,0.5163,-1,-1,-1
367,91,1578.42,663.84,80.58,229.20,0.6499,-1,-1,-1
367,99,1451.97,704.37,93.26,222.75,0.7106,-1,-1,-1
367,108,1335.44,639.09,50.38,175.64,0.4944,-1,-1,-1
367,109,1372.89,637.53,68.78,215.98,0.5766,-1,-1,-1
367,110,43.13,701.96,51.53,173.56,0.5367,-1,-1,-1
368,50,-1.33,715.74,48.35,190.31,0.4646,-1,-1,-1
368,91,1576.43,664.87,85.05,235.06,0.6319,-1,-1,-1
368,99,1455.12,710.70,92.12,223.82,0.7129,-1,-1,-1
368,108,1333.84,644.55,49.82,169.89,0.4751,-1,-1,-1
368,109,1372.33,639.72,64.71,217.57,0.5893,-1,-1,-1
368,110,35.34,706.77,52.93,174.29,0.3832,-1,-1,-1
369,50,-1.70,716.74,43.87,195.39,0.4837,-1,-1,-1
369,91,1576.58,664.09,86.17,238.46,0.6320,-1,-1,-1
369,99,1459.51,711.22,90.72,227.89,0.5713,-1,-1,-1
369,108,1329.82,645.64,54.87,195.62,0.5574,-1,-1,-1
369,109,1373.03,641.60,63.02,217.92,0.5807,-1,-1,-1
369,110,26.17,709.28,55.34,178.45,0.6029,-1,-1,-1
370,50,-1.92,719.63,33.76,195.56,0.3767,-1,-1,-1
370,91,1568.13,663.66,96.98,241.08,0.6568,-1,-1,-1
370,99,1460.26,715.28,92.43,230.29,0.6388,-1,-1,-1
370,108,1326.87,645.61,58.00,211.70,0.3466,-1,-1,-1
370,109,1369.16,643.81,64.65,220.47,0.5174,-1,-1,-1
370,110,14.67,712.00,56.73,180.82,0.4463,-1,-1,-1
370,113,1505.25,576.56,42.60,67.50,0.3456,-1,-1,-1
371,50,-0.98,723.64,28.84,189.46,0.3566,-1,-1,-1
371,91,1560.73,666.12,107.77,239.18,0.6948,-1,-1,-1
371,99,1461.36,718.60,92.46,230.42,0.7185,-1,-1,-1
371,109,1366.54,645.04,66.88,222.46,0.4882,-1,-1,-1
371,110,9.19,714.48,55.85,185.09,0.5523,-1,-1,-1
371,113,1505.09,576.97,44.48,67.60,0.3103,-1,-1,-1
372,91,1556.10,668.03,113.98,241.33,0.6675,-1,-1,-1
372,99,1460.94,720.07,94.05,232.47,0.7243,-1,-1,-1
372,109,1362.89,646.19,69.72,224.18,0.5200,-1,-1,-1
372,110,1.68,717.22,57.52,184.06,0.6471,-1,-1,-1
373,91,1559.27,670.57,113.07,244.24,0.6857,-1,-1,-1
373,99,1460.07,720.54,96.02,235.07,0.7242,-1,-1,-1
373,109,1360.06,648.58,72.00,224.61,0.4943,-1,-1,-1
373,110,-2.06,725.46,53.80,181.00,0.5496,-1,-1,-1
374,91,1558.80,675.63,113.32,244.48,0.6558,-1,-1,-1
374,99,1456.53,722.22,96.61,237.33,0.7139,-1,-1,-1
374,109,1358.31,652.23,73.83,223.61,0.5893,-1,-1,-1
374,110,-2.80,729.60,45.65,177.83,0.6577,-1,-1,-1
375,91,1560.18,674.60,109.28,245.84,0.6341,-1,-1,-1
375,99,1455.46,723.83,90.25,239.41,0.7046,-1,-1,-1
375,109,1357.12,655.55,76.74,222.89,0.5843,-1,-1,-1
375,110,-2.53,733.10,37.80,179.17,0.5736,-1,-1,-1
376,91,1558.89,677.37,106.03,244.51,0.6121,-1,-1,-1
376,99,1455.77,725.47,84.43,241.60,0.7023,-1,-1,-1
376,109,1352.35,654.19,78.69,222.91,0.5080,-1,-1,-1
376,110,-2.13,734.97,26.84,174.80,0.5306,-1,-1,-1
376,114,1704.58,609.32,48.64,139.63,0.3565,-1,-1,-1
377,91,1555.68,681.24,102.01,239.12,0.5980,-1,-1,-1
377,99,1455.55,725.59,82.75,246.40,0.6784,-1,-1,-1
377,109,1347.13,650.69,85.26,226.71,0.5842,-1,-1,-1
377,114,1710.66,603.87,58.16,147.46,0.3323,-1,-1,-1
378,91,1551.03,683.07,101.55,242.68,0.6505,-1,-1,-1
378,99,1456.41,726.28,81.02,252.59,0.6447,-1,-1,-1
378,109,1341.53,648.19,86.98,231.14,0.4306,-1,-1,-1
378,114,1720.73,604.56,59.96,144.05,0.5157,-1,-1,-1
379,91,1547.65,679.81,95.44,247.61,0.7079,-1,-1,-1
379,99,1456.16,726.33,79.80,259.94,0.6689,-1,-1,-1
379,109,1336.77,648.33,72.02,199.61,0.3060,-1,-1,-1
379,114,1719.87,600.60,62.78,145.02,0.3524,-1,-1,-1
380,91,1541.57,679.78,95.80,251.29,0.6646,-1,-1,-1
380,99,1454.31,725.76,79.81,266.22,0.6930,-1,-1,-1
380,109,1331.40,648.09,64.11,184.08,0.4130,-1,-1,-1
380,114,1727.17,600.13,52.85,145.03,0.3177,-1,-1,-1
381,91,1532.64,679.51,90.33,257.49,0.6150,-1,-1,-1
381,99,1452.70,726.83,87.66,268.72,0.7053,-1,-1,-1
381,109,1327.33,647.47,60.35,182.39,0.4182,-1,-1,-1
382,91,1532.16,678.82,82.03,260.09,0.5862,-1,-1,-1
382,99,1449.94,730.97,89.80,269.70,0.6866,-1,-1,-1
382,109,1323.06,648.31,58.78,181.66,0.6211,-1,-1,-1
382,115,1444.83,559.65,44.54,82.92,0.3741,-1,-1,-1
382,114,1717.57,591.18,61.17,152.82,0.4636,-1,-1,-1
383,91,1528.33,684.61,82.25,254.20,0.5605,-1,-1,-1
383,99,1446.87,736.06,94.22,269.23,0.7164,-1,-1,-1
383,109,1320.05,648.83,55.17,184.74,0.6670,-1,-1,-1
383,114,1713.27,593.32,56.45,148.94,0.3537,-1,-1,-1
384,91,1520.76,684.76,87.66,258.00,0.5857,-1,-1,-1
384,99,1443.60,739.91,99.14,271.18,0.7348,-1,-1,-1
384,109,1316.70,647.95,53.00,186.78,0.6725,-1,-1,-1
384,114,1711.53,595.26,55.29,147.85,0.3830,-1,-1,-1
385,91,1517.52,687.97,90.57,254.01,0.6058,-1,-1,-1
385,99,1440.16,742.27,99.72,272.15,0.7483,-1,-1,-1
385,114,1714.96,592.92,65.26,153.29,0.4337,-1,-1,-1
385,115,1436.26,566.25,48.29,75.88,0.3924,-1,-1,-1
386,91,1512.28,693.41,94.65,253.50,0.5707,-1,-1,-1
386,99,1434.45,745.72,97.17,274.48,0.7492,-1,-1,-1
386,114,1717.24,594.04,66.98,156.28,0.3019,-1,-1,-1
386,115,1433.06,561.73,47.11,81.26,0.3883,-1,-1,-1
386,108,1243.54,643.73,59.96,220.21,0.3643,-1,-1,-1
386,113,1493.14,558.25,49.65,75.22,0.3481,-1,-1,-1
387,91,1506.38,693.27,96.91,256.12,0.6556,-1,-1,-1
387,99,1431.70,745.99,93.68,275.65,0.7030,-1,-1,-1
387,114,1724.04,589.16,66.35,155.82,0.3180,-1,-1,-1
387,108,1238.66,643.14,64.07,219.03,0.4957,-1,-1,-1
387,113,1492.25,554.83,51.74,76.37,0.4324,-1,-1,-1
388,91,1496.47,685.78,102.33,269.20,0.5982,-1,-1,-1
388,99,1428.49,747.39,91.93,280.90,0.6608,-1,-1,-1
388,108,1233.85,647.25,59.32,215.45,0.4929,-1,-1,-1
388,113,1488.92,558.00,54.51,75.41,0.3929,-1,-1,-1
389,91,1487.31,684.78,109.46,273.95,0.6412,-1,-1,-1
389,99,1425.87,747.99,93.04,287.97,0.5934,-1,-1,-1
389,108,1219.93,646.42,65.75,218.07,0.4832,-1,-1,-1
390,91,1484.59,688.97,108.78,269.51,0.5617,-1,-1,-1
390,99,1417.30,749.00,99.25,291.42,0.6101,-1,-1,-1
390,108,1220.80,647.13,61.18,222.88,0.4840,-1,-1,-1
390,109,1274.65,644.18,58.69,223.87,0.4334,-1,-1,-1
391,91,1480.65,707.12,108.42,250.48,0.5668,-1,-1,-1
391,99,1408.31,752.83,108.19,297.07,0.5778,-1,-1,-1
391,108,1214.66,650.16,59.07,222.45,0.3403,-1,-1,-1
391,118,1530.95,564.02,45.22,83.36,0.3902,-1,-1,-1
391,115,1413.46,554.64,45.39,89.64,0.5164,-1,-1,-1
391,113,1481.82,558.78,52.55,82.14,0.4339,-1,-1,-1
392,91,1471.01,707.91,112.13,251.58,0.5206,-1,-1,-1
392,99,1399.30,755.31,109.31,297.39,0.6738,-1,-1,-1
392,108,1198.79,647.93,66.77,227.06,0.4904,-1,-1,-1
392,118,1525.31,560.37,43.80,90.51,0.3364,-1,-1,-1
392,119,1339.12,553.06,52.33,112.53,0.3812,-1,-1,-1
392,115,1407.01,552.00,46.56,91.42,0.3670,-1,-1,-1
392,109,1251.51,646.82,66.02,233.41,0.4933,-1,-1,-1
393,91,1459.33,707.88,90.16,199.03,0.3615,-1,-1,-1
393,99,1393.61,761.05,111.26,297.90,0.6518,-1,-1,-1
393,108,1190.11,647.33,67.77,230.54,0.4806,-1,-1,-1
393,118,1519.54,562.81,43.87,91.23,0.4267,-1,-1,-1
393,119,1334.67,553.83,52.40,116.30,0.4286,-1,-1,-1
393,114,1730.45,606.02,60.41,157.88,0.4083,-1,-1,-1
393,113,1469.92,562.20,50.18,80.32,0.5497,-1,-1,-1
394,99,1387.46,764.23,107.96,299.55,0.5843,-1,-1,-1
394,108,1182.12,649.92,66.80,229.11,0.5019,-1,-1,-1
394,118,1516.41,563.43,43.55,91.94,0.3002,-1,-1,-1
394,119,1329.11,554.02,50.47,116.42,0.4488,-1,-1,-1
394,114,1729.83,604.79,56.87,157.99,0.4591,-1,-1,-1
394,113,1462.98,561.92,53.31,78.11,0.3512,-1,-1,-1
394,115,1386.29,549.65,55.48,96.24,0.4481,-1,-1,-1
395,99,1379.90,767.46,102.78,301.93,0.6796,-1,-1,-1
395,108,1170.62,649.34,69.41,235.74,0.6523,-1,-1,-1
395,118,1509.26,563.42,43.53,88.20,0.3361,-1,-1,-1
395,119,1321.75,556.05,51.39,121.16,0.5622,-1,-1,-1
395,114,1728.07,600.90,56.24,164.47,0.4615,-1,-1,-1
395,113,1458.53,560.70,47.41,80.04,0.3552,-1,-1,-1
395,115,1385.33,549.05,51.17,95.96,0.5514,-1,-1,-1
395,91,1442.67,709.70,84.85,245.57,0.5118,-1,-1,-1
396,99,1372.23,770.90,104.77,302.90,0.7461,-1,-1,-1
396,108,1161.36,648.76,70.38,226.57,0.5780,-1,-1,-1
396,119,1315.31,557.77,51.78,122.85,0.4676,-1,-1,-1
396,114,1726.43,598.32,56.74,169.51,0.4985,-1,-1,-1
396,113,1447.57,558.73,48.59,81.79,0.3519,-1,-1,-1
396,115,1381.89,548.33,46.96,97.91,0.4162,-1,-1,-1
396,91,1432.41,704.94,86.35,252.68,0.4953,-1,-1,-1
397,99,1365.03,772.75,103.18,305.51,0.6449,-1,-1,-1
397,108,1149.50,648.77,72.41,230.11,0.6025,-1,-1,-1
397,119,1311.59,561.41,49.86,122.47,0.4719,-1,-1,-1
397,114,1723.74,600.79,56.02,168.73,0.5073,-1,-1,-1
397,113,1443.98,561.24,50.47,82.72,0.5601,-1,-1,-1
397,115,1373.03,549.91,45.68,97.45,0.4722,-1,-1,-1
397,91,1419.54,712.20,87.34,261.82,0.4165,-1,-1,-1
397,118,1495.87,562.84,45.43,90.11,0.4564,-1,-1,-1
398,99,1356.45,771.35,109.92,306.52,0.5343,-1,-1,-1
398,108,1140.43,648.62,73.78,237.01,0.5453,-1,-1,-1
398,119,1302.21,558.91,48.16,125.35,0.6489,-1,-1,-1
398,114,1717.36,604.38,55.88,165.52,0.4390,-1,-1,-1
398,113,1436.64,559.46,51.35,86.06,0.3250,-1,-1,-1
398,115,1366.29,550.97,46.94,95.63,0.4545,-1,-1,-1
399,99,1348.01,769.71,111.55,310.81,0.3348,-1,-1,-1
399,108,1129.14,651.97,69.91,229.12,0.6109,-1,-1,-1
399,119,1293.53,554.46,49.78,128.23,0.5960,-1,-1,-1
399,114,1713.28,604.88,58.41,163.55,0.4784,-1,-1,-1
399,115,1360.55,554.49,41.28,92.78,0.3339,-1,-1,-1
399,118,1479.41,558.25,44.86,93.65,0.3641,-1,-1,-1
400,99,1339.41,770.92,111.71,310.89,0.3868,-1,-1,-1
400,108,1112.71,652.72,87.24,255.90,0.5459,-1,-1,-1
400,119,1288.44,556.63,43.39,126.91,0.6081,-1,-1,-1
400,114,1711.14,608.87,65.19,162.58,0.3389,-1,-1,-1
400,115,1350.13,550.89,42.71,97.12,0.5131,-1,-1,-1
400,118,1471.66,559.09,44.82,93.82,0.4441,-1,-1,-1
400,91,1380.84,717.45,77.93,173.65,0.4168,-1,-1,-1
400,113,1420.44,561.71,51.35,83.78,0.5256,-1,-1,-1
401,99,1324.98,772.18,114.24,309.06,0.5667,-1,-1,-1
401,108,1095.48,655.94,85.75,251.69,0.7010,-1,-1,-1
401,119,1278.17,554.04,45.85,130.28,0.6616,-1,-1,-1
401,114,1707.16,610.08,60.25,161.50,0.3400,-1,-1,-1
401,115,1340.69,547.05,44.17,100.01,0.4687,-1,-1,-1
401,118,1464.45,558.70,44.41,92.10,0.3094,-1,-1,-1
401,91,1374.02,724.29,69.43,152.38,0.3487,-1,-1,-1
401,113,1411.11,560.34,52.06,84.15,0.3435,-1,-1,-1
402,99,1314.51,775.61,115.40,305.27,0.6447,-1,-1,-1
402,108,1076.23,655.98,97.08,252.48,0.6526,-1,-1,-1
402,119,1268.16,552.28,46.96,130.00,0.4945,-1,-1,-1
402,115,1325.82,541.75,49.08,106.80,0.4395,-1,-1,-1
402,118,1454.93,556.51,45.30,96.44,0.3012,-1,-1,-1
403,99,1303.14,766.93,122.29,312.95,0.6413,-1,-1,-1
403,108,1059.07,656.23,107.69,273.25,0.6652,-1,-1,-1
403,119,1261.17,552.94,42.30,129.26,0.4628,-1,-1,-1
403,115,1315.17,542.05,50.76,106.01,0.5201,-1,-1,-1
403,118,1446.02,556.90,49.29,98.70,0.3684,-1,-1,-1
403,113,1394.70,559.57,53.96,86.15,0.4315,-1,-1,-1
404,99,1287.06,767.61,127.40,312.18,0.7312,-1,-1,-1
404,108,1058.71,659.12,99.49,280.55,0.6717,-1,-1,-1
404,119,1251.16,549.11,43.57,130.88,0.4947,-1,-1,-1
404,115,1308.67,542.54,47.81,106.10,0.5544,-1,-1,-1
404,118,1435.58,559.81,48.02,92.86,0.4459,-1,-1,-1
404,113,1384.89,557.61,54.40,88.69,0.4263,-1,-1,-1
405,99,1264.22,778.33,137.82,302.32,0.6206,-1,-1,-1
405,108,1041.26,660.07,103.93,282.16,0.6309,-1,-1,-1
405,119,1241.58,547.01,40.04,134.01,0.4917,-1,-1,-1
405,115,1296.79,541.65,49.14,108.28,0.4408,-1,-1,-1
405,118,1425.16,559.76,46.91,94.59,0.4483,-1,-1,-1
405,113,1374.67,558.75,52.31,88.01,0.3298,-1,-1,-1
406,99,1220.37,781.91,166.97,297.86,0.5769,-1,-1,-1
406,108,1016.37,661.26,113.85,284.14,0.7471,-1,-1,-1
406,119,1229.68,547.34,42.33,130.67,0.6194,-1,-1,-1
406,115,1289.57,541.67,45.76,106.28,0.6224,-1,-1,-1
406,118,1415.17,556.87,46.98,95.60,0.3943,-1,-1,-1
406,91,1295.24,724.64,65.33,132.56,0.3595,-1,-1,-1
407,99,1191.68,781.83,180.97,298.12,0.6126,-1,-1,-1
407,108,996.67,663.89,119.44,286.56,0.5518,-1,-1,-1
407,119,1218.17,544.05,43.41,137.41,0.5248,-1,-1,-1
407,115,1278.96,546.97,44.24,102.89,0.5673,-1,-1,-1
407,118,1404.29,553.99,47.01,101.99,0.4213,-1,-1,-1
407,114,1672.62,601.47,72.53,187.15,0.3400,-1,-1,-1
407,113,1352.41,558.37,47.26,90.72,0.3663,-1,-1,-1
408,99,1188.59,790.58,169.74,288.62,0.5675,-1,-1,-1
408,108,988.62,666.58,111.33,288.34,0.6290,-1,-1,-1
408,119,1205.15,545.44,45.33,134.38,0.5755,-1,-1,-1
408,115,1267.23,543.99,43.51,104.76,0.6265,-1,-1,-1
408,118,1394.36,555.91,45.01,97.68,0.4107,-1,-1,-1
408,113,1340.89,559.22,46.78,88.94,0.3603,-1,-1,-1
409,99,1185.66,792.28,154.06,287.70,0.7032,-1,-1,-1
409,108,966.51,665.90,118.08,292.14,0.6846,-1,-1,-1
409,119,1193.39,543.53,45.87,137.68,0.5570,-1,-1,-1
409,115,1252.35,546.28,47.32,104.53,0.4836,-1,-1,-1
409,118,1381.98,553.23,45.41,102.88,0.4236,-1,-1,-1
409,113,1328.46,558.50,46.09,91.22,0.3677,-1,-1,-1
409,114,1657.25,585.13,69.17,214.08,0.3454,-1,-1,-1
410,99,1182.24,804.88,137.25,275.43,0.5446,-1,-1,-1
410,108,944.74,667.98,117.99,294.31,0.7123,-1,-1,-1
410,119,1180.25,542.95,46.66,136.86,0.5674,-1,-1,-1
410,115,1239.58,542.89,48.02,106.79,0.5800,-1,-1,-1
410,118,1371.59,550.55,43.88,107.00,0.3415,-1,-1,-1
410,113,1323.11,559.19,48.67,90.70,0.3961,-1,-1,-1
410,114,1649.50,588.85,67.48,216.05,0.3476,-1,-1,-1
411,99,1164.54,813.54,136.90,265.92,0.7389,-1,-1,-1
411,108,930.55,669.38,115.48,294.14,0.5428,-1,-1,-1
411,119,1167.75,541.04,46.01,140.20,0.3980,-1,-1,-1
411,115,1227.47,544.39,47.41,107.42,0.5134,-1,-1,-1
411,118,1357.47,550.36,46.58,107.32,0.4499,-1,-1,-1
411,113,1307.02,558.31,48.57,92.60,0.4079,-1,-1,-1
412,99,1149.10,822.95,133.14,255.02,0.6997,-1,-1,-1
412,108,903.91,667.52,130.62,300.35,0.6781,-1,-1,-1
412,119,1152.38,540.46,47.99,137.59,0.5156,-1,-1,-1
412,115,1215.06,540.54,44.94,110.45,0.5610,-1,-1,-1
412,118,1345.39,552.40,44.22,103.20,0.5035,-1,-1,-1
412,113,1293.51,556.79,44.68,92.92,0.3484,-1,-1,-1
412,114,1632.80,600.74,59.85,201.51,0.4097,-1,-1,-1
413,99,1120.64,818.15,141.63,261.18,0.5987,-1,-1,-1
413,108,889.99,669.28,129.79,300.30,0.6617,-1,-1,-1
413,119,1138.39,541.29,45.65,138.30,0.4514,-1,-1,-1
413,115,1198.63,538.09,46.63,115.50,0.5650,-1,-1,-1
413,118,1331.20,550.32,43.93,107.46,0.4290,-1,-1,-1
413,113,1279.76,555.80,42.16,94.03,0.4546,-1,-1,-1
414,99,1111.06,824.75,130.71,254.79,0.6699,-1,-1,-1
414,108,866.62,671.31,120.18,302.14,0.7011,-1,-1,-1
414,115,1182.66,538.28,48.90,115.52,0.6611,-1,-1,-1
414,118,1318.03,551.70,45.52,105.06,0.4726,-1,-1,-1
414,113,1265.79,553.28,43.90,97.56,0.4606,-1,-1,-1
415,99,1080.04,822.78,138.31,256.51,0.5639,-1,-1,-1
415,108,840.13,671.74,120.35,304.81,0.7165,-1,-1,-1
415,115,1165.72,536.20,51.12,117.70,0.6298,-1,-1,-1
415,118,1304.55,550.31,44.14,108.21,0.5069,-1,-1,-1
415,113,1252.11,556.13,49.18,94.15,0.4582,-1,-1,-1
415,119,1109.78,543.32,46.53,135.10,0.4881,-1,-1,-1
416,99,1065.61,827.18,131.08,250.01,0.6420,-1,-1,-1
416,108,814.21,672.27,114.27,307.64,0.7551,-1,-1,-1
416,115,1148.48,535.21,51.61,118.18,0.5832,-1,-1,-1
416,118,1287.88,551.40,46.86,106.13,0.4725,-1,-1,-1
416,113,1237.71,554.04,43.98,94.80,0.4524,-1,-1,-1
416,119,1094.91,538.32,48.57,140.39,0.5352,-1,-1,-1
417,99,1029.22,830.69,142.12,246.53,0.5395,-1,-1,-1
417,108,785.47,674.82,113.06,308.70,0.7306,-1,-1,-1
417,115,1134.12,533.38,53.07,118.66,0.5390,-1,-1,-1
417,118,1274.23,551.40,44.54,107.21,0.3937,-1,-1,-1
417,113,1222.28,554.72,46.56,93.50,0.4343,-1,-1,-1
417,119,1081.41,538.83,48.70,132.65,0.4160,-1,-1,-1
418,99,1015.97,833.79,130.51,245.05,0.6620,-1,-1,-1
418,108,755.39,675.67,113.13,311.27,0.7945,-1,-1,-1
418,115,1117.03,531.54,55.77,118.75,0.7116,-1,-1,-1
418,118,1256.99,551.72,44.50,106.63,0.4054,-1,-1,-1
418,113,1207.08,556.61,43.04,91.71,0.5131,-1,-1,-1
418,119,1062.46,539.10,49.98,136.33,0.4721,-1,-1,-1
418,123,1796.74,583.37,84.73,199.04,0.4699,-1,-1,-1
418,124,1621.32,604.62,72.29,173.47,0.4245,-1,-1,-1
419,99,1004.32,836.43,116.49,242.87,0.6643,-1,-1,-1
419,108,719.59,676.63,121.31,315.88,0.7998,-1,-1,-1
419,115,1101.63,530.87,52.92,118.49,0.5708,-1,-1,-1
419,118,1240.72,549.82,46.28,106.13,0.3750,-1,-1,-1
419,113,1192.18,551.93,41.54,95.19,0.5641,-1,-1,-1
419,119,1047.01,538.93,50.55,133.81,0.4728,-1,-1,-1
419,123,1779.81,575.94,95.53,209.57,0.4984,-1,-1,-1
419,124,1608.19,610.92,75.70,168.87,0.5808,-1,-1,-1
420,99,976.17,837.52,116.85,242.23,0.7123,-1,-1,-1
420,108,688.36,679.27,126.02,316.14,0.7666,-1,-1,-1
420,115,1088.56,530.93,51.90,116.68,0.6102,-1,-1,-1
420,118,1225.24,551.78,45.83,105.86,0.3609,-1,-1,-1
420,113,1176.84,552.51,45.26,94.07,0.5385,-1,-1,-1
420,119,1032.10,533.18,51.06,135.45,0.4456,-1,-1,-1
420,123,1767.26,575.06,78.03,202.23,0.6188,-1,-1,-1
420,124,1590.74,613.15,78.23,166.27,0.4466,-1,-1,-1
420,125,904.56,782.80,110.01,297.00,0.5560,-1,-1,-1
421,99,946.97,835.79,118.26,244.36,0.6581,-1,-1,-1
421,108,657.77,680.54,129.07,317.98,0.7829,-1,-1,-1
421,115,1071.05,531.60,54.14,117.11,0.6503,-1,-1,-1
421,118,1206.88,550.45,46.51,107.29,0.4575,-1,-1,-1
421,113,1160.08,553.37,45.93,94.75,0.5055,-1,-1,-1
421,119,1011.67,535.61,52.25,138.08,0.5136,-1,-1,-1
421,123,1752.33,577.64,70.06,202.69,0.6458,-1,-1,-1
421,124,1580.04,611.69,77.68,168.06,0.4718,-1,-1,-1
421,125,872.22,773.05,118.13,307.20,0.3358,-1,-1,-1
422,99,915.56,843.05,120.65,236.79,0.7689,-1,-1,-1
422,108,625.35,679.24,138.42,325.63,0.8118,-1,-1,-1
422,115,1052.45,529.56,53.06,117.06,0.5809,-1,-1,-1
422,118,1189.15,547.67,49.23,109.70,0.3945,-1,-1,-1
422,113,1142.83,551.64,44.26,95.09,0.4908,-1,-1,-1
422,119,990.08,529.27,57.37,142.62,0.5406,-1,-1,-1
422,124,1558.66,609.56,83.26,171.14,0.5051,-1,-1,-1
422,125,851.80,786.61,107.42,292.55,0.5147,-1,-1,-1
423,99,882.27,848.48,123.18,231.43,0.7499,-1,-1,-1
423,108,597.61,682.31,136.83,325.32,0.7454,-1,-1,-1
423,115,1032.15,528.22,56.77,118.97,0.5554,-1,-1,-1
423,113,1123.99,552.20,48.38,94.91,0.3636,-1,-1,-1
423,119,970.03,528.13,56.05,140.98,0.5012,-1,-1,-1
423,124,1549.80,608.18,72.31,171.29,0.6355,-1,-1,-1
423,125,816.77,799.58,108.67,278.72,0.5452,-1,-1,-1
423,123,1718.83,577.92,66.89,203.63,0.5410,-1,-1,-1
424,99,855.30,855.92,118.72,224.12,0.7107,-1,-1,-1
424,108,562.76,686.92,143.93,325.09,0.7655,-1,-1,-1
424,115,1012.52,528.53,58.87,117.55,0.5799,-1,-1,-1
424,113,1105.19,551.73,45.51,94.68,0.4102,-1,-1,-1
424,119,953.21,527.10,53.70,140.08,0.5577,-1,-1,-1
424,124,1536.81,609.79,67.80,170.23,0.6049,-1,-1,-1
424,125,786.96,813.35,108.56,266.20,0.4706,-1,-1,-1
424,123,1694.78,573.44,69.61,206.54,0.5574,-1,-1,-1
425,99,821.76,861.95,119.28,218.12,0.7475,-1,-1,-1
425,108,522.73,687.22,149.25,329.61,0.7406,-1,-1,-1
425,115,993.71,527.86,57.15,120.70,0.5314,-1,-1,-1
425,119,933.19,526.14,54.42,141.84,0.4813,-1,-1,-1
425,124,1520.40,609.36,66.15,169.72,0.6159,-1,-1,-1
425,125,752.94,806.60,108.42,272.32,0.5023,-1,-1,-1
425,123,1672.63,572.30,72.34,208.04,0.6590,-1,-1,-1
426,99,790.09,867.42,118.46,212.58,0.7129,-1,-1,-1
426,108,484.16,691.49,137.24,329.83,0.6076,-1,-1,-1
426,115,975.48,527.24,56.93,121.52,0.5634,-1,-1,-1
426,119,914.99,523.07,54.99,145.12,0.5142,-1,-1,-1
426,124,1506.53,609.79,62.24,167.51,0.5679,-1,-1,-1
426,125,720.84,815.55,101.07,264.10,0.3791,-1,-1,-1
426,123,1653.68,575.89,72.04,203.21,0.6674,-1,-1,-1
426,118,1110.53,545.13,45.63,111.88,0.3399,-1,-1,-1
426,113,1067.96,549.39,45.22,97.27,0.3575,-1,-1,-1
427,99,755.71,873.58,119.13,206.88,0.4982,-1,-1,-1
427,108,440.83,696.50,167.98,333.68,0.6913,-1,-1,-1
427,115,956.66,529.91,54.94,121.27,0.5069,-1,-1,-1
427,119,895.09,526.29,55.27,140.73,0.4804,-1,-1,-1
427,124,1488.66,608.92,64.98,170.41,0.5373,-1,-1,-1
427,123,1631.76,579.40,74.67,203.73,0.5686,-1,-1,-1
427,118,1089.62,546.39,47.80,112.95,0.3187,-1,-1,-1
428,99,720.27,884.85,118.45,195.88,0.5378,-1,-1,-1
428,108,406.30,700.53,176.42,340.06,0.5718,-1,-1,-1
428,115,936.91,530.84,55.96,123.82,0.5222,-1,-1,-1
428,119,868.94,528.66,60.30,142.13,0.5733,-1,-1,-1
428,124,1470.75,609.20,65.34,172.57,0.4357,-1,-1,-1
428,123,1610.41,582.98,76.75,204.64,0.5802,-1,-1,-1
428,114,1413.23,636.70,80.13,198.83,0.3562,-1,-1,-1
429,99,684.87,893.38,116.44,186.83,0.6581,-1,-1,-1
429,108,382.74,703.76,145.33,323.43,0.4232,-1,-1,-1
429,115,917.52,531.02,54.43,125.44,0.4320,-1,-1,-1
429,119,852.05,531.00,54.87,137.71,0.4170,-1,-1,-1
429,124,1453.12,610.42,69.12,178.44,0.4658,-1,-1,-1
429,123,1585.14,586.72,82.27,203.93,0.4166,-1,-1,-1
429,127,655.01,780.05,81.42,148.23,0.4406,-1,-1,-1
429,114,1393.35,627.63,72.74,209.78,0.3101,-1,-1,-1
429,125,586.91,847.54,120.58,213.56,0.4500,-1,-1,-1
430,99,638.08,904.24,125.46,176.36,0.6662,-1,-1,-1
430,108,329.09,708.67,163.85,331.77,0.7219,-1,-1,-1
430,115,893.83,531.68,57.25,126.69,0.3255,-1,-1,-1
430,119,826.84,531.87,63.88,136.70,0.3027,-1,-1,-1
430,124,1437.20,612.35,70.35,184.27,0.6193,-1,-1,-1
430,123,1560.93,588.24,81.67,202.40,0.6545,-1,-1,-1
430,127,616.88,789.08,82.17,161.89,0.4116,-1,-1,-1
430,114,1370.21,634.35,80.24,203.15,0.3563,-1,-1,-1
430,125,540.38,858.62,122.81,211.10,0.5333,-1,-1,-1
430,118,1027.81,555.34,50.20,120.12,0.4407,-1,-1,-1
431,99,609.65,915.15,111.50,165.04,0.5335,-1,-1,-1
431,108,298.63,713.10,147.96,329.89,0.5726,-1,-1,-1
431,119,801.77,540.34,64.38,134.77,0.4179,-1,-1,-1
431,124,1415.02,616.66,73.39,183.65,0.4849,-1,-1,-1
431,123,1539.93,592.84,83.87,205.31,0.4347,-1,-1,-1
431,127,565.26,798.25,89.85,175.16,0.3700,-1,-1,-1
431,118,1011.27,560.46,47.69,121.30,0.4652,-1,-1,-1
431,113,976.70,560.51,38.48,107.38,0.4598,-1,-1,-1
432,99,572.53,925.52,105.32,154.46,0.6393,-1,-1,-1
432,108,249.17,716.28,161.78,345.10,0.3331,-1,-1,-1
432,124,1399.51,618.74,76.75,181.15,0.4415,-1,-1,-1
432,123,1515.95,592.81,84.89,206.05,0.6083,-1,-1,-1
432,127,520.76,806.14,93.43,172.51,0.4862,-1,-1,-1
432,118,988.74,559.09,51.21,127.31,0.5245,-1,-1,-1
432,113,959.57,563.36,36.16,106.08,0.4743,-1,-1,-1
432,125,443.75,870.90,141.97,208.55,0.5050,-1,-1,-1
433,99,528.91,937.20,107.19,143.38,0.6464,-1,-1,-1
433,108,210.71,724.74,156.94,332.05,0.5651,-1,-1,-1
433,124,1380.80,625.20,79.99,180.32,0.3773,-1,-1,-1
433,123,1495.45,595.86,91.06,210.41,0.5105,-1,-1,-1
433,127,480.71,814.51,87.97,162.98,0.5410,-1,-1,-1
433,118,964.63,561.74,54.68,130.55,0.4861,-1,-1,-1
433,113,938.88,566.31,34.72,105.23,0.4261,-1,-1,-1
433,125,354.03,872.08,186.79,209.82,0.6791,-1,-1,-1
433,119,758.08,540.47,61.07,137.64,0.4253,-1,-1,-1
434,99,484.60,947.92,106.43,130.42,0.6243,-1,-1,-1
434,108,164.38,728.87,118.14,338.47,0.6665,-1,-1,-1
434,124,1360.17,626.14,86.05,182.75,0.5638,-1,-1,-1
434,123,1474.26,595.34,82.81,210.85,0.5558,-1,-1,-1
434,127,434.74,818.80,92.37,171.65,0.5500,-1,-1,-1
434,118,938.97,562.35,58.54,131.07,0.5064,-1,-1,-1
434,125,299.85,878.68,194.16,203.46,0.7399,-1,-1,-1
434,119,737.58,539.21,59.75,136.01,0.3653,-1,-1,-1
434,114,1284.12,629.42,94.29,229.14,0.4440,-1,-1,-1
435,99,434.57,960.20,109.76,118.85,0.6150,-1,-1,-1
435,108,115.52,734.34,103.98,341.81,0.6880,-1,-1,-1
435,124,1342.03,629.25,84.36,181.61,0.5612,-1,-1,-1
435,123,1453.57,598.87,77.67,209.69,0.5305,-1,-1,-1
435,127,389.39,826.60,99.70,170.12,0.5312,-1,-1,-1
435,125,260.84,887.10,184.57,194.87,0.7126,-1,-1,-1
435,119,716.38,541.81,61.77,133.66,0.3432,-1,-1,-1
435,114,1264.89,636.52,88.78,227.86,0.4027,-1,-1,-1
436,99,383.99,968.31,111.59,111.24,0.5868,-1,-1,-1
436,108,61.41,736.18,105.67,343.43,0.7334,-1,-1,-1
436,124,1322.87,631.07,86.97,181.81,0.6084,-1,-1,-1
436,123,1430.61,600.42,75.43,209.14,0.6338,-1,-1,-1
436,127,340.92,832.17,99.88,176.49,0.5251,-1,-1,-1
436,125,228.18,892.92,167.30,188.56,0.7747,-1,-1,-1
436,119,693.65,542.02,58.20,134.34,0.4109,-1,-1,-1
436,114,1241.29,638.12,85.33,231.21,0.5589,-1,-1,-1
436,113,873.15,568.10,34.38,112.72,0.3411,-1,-1,-1
436,118,896.31,565.36,58.47,130.74,0.4337,-1,-1,-1
437,99,332.88,977.87,103.06,101.23,0.5185,-1,-1,-1
437,108,7.80,739.79,124.19,342.38,0.7430,-1,-1,-1
437,124,1301.60,633.33,89.06,182.72,0.6760,-1,-1,-1
437,123,1409.06,601.04,69.47,209.13,0.5368,-1,-1,-1
437,127,292.43,843.22,98.19,174.71,0.5837,-1,-1,-1
437,125,181.24,902.56,163.80,179.14,0.7790,-1,-1,-1
437,119,672.36,547.58,59.96,132.58,0.3881,-1,-1,-1
437,114,1223.04,643.81,77.91,232.97,0.5709,-1,-1,-1
437,129,921.56,558.85,44.43,129.60,0.5288,-1,-1,-1
437,113,846.89,568.69,38.25,117.69,0.3733,-1,-1,-1
437,118,877.90,567.99,55.35,130.39,0.4129,-1,-1,-1
438,99,275.33,991.84,94.25,86.74,0.4963,-1,-1,-1
438,108,-14.25,739.26,87.28,303.20,0.4105,-1,-1,-1
438,124,1282.28,631.69,85.49,184.55,0.5935,-1,-1,-1
438,123,1385.33,597.80,67.58,208.72,0.6424,-1,-1,-1
438,127,242.98,841.25,98.75,188.96,0.4768,-1,-1,-1
438,125,127.93,911.31,160.25,169.50,0.7474,-1,-1,-1
438,119,649.38,547.14,61.67,133.49,0.5401,-1,-1,-1
438,114,1204.35,644.21,74.80,237.12,0.5706,-1,-1,-1
438,118,857.13,567.47,56.02,132.47,0.4914,-1,-1,-1
439,99,214.52,1001.96,96.37,76.81,0.5591,-1,-1,-1
439,124,1263.43,632.44,79.58,183.66,0.5908,-1,-1,-1
439,123,1361.24,599.02,66.22,210.14,0.6040,-1,-1,-1
439,125,70.63,919.90,157.09,160.54,0.7722,-1,-1,-1
439,119,627.00,547.92,61.36,134.76,0.4500,-1,-1,-1
439,114,1180.36,646.02,83.26,240.30,0.6070,-1,-1,-1
439,118,834.71,567.78,54.42,133.97,0.4643,-1,-1,-1
440,99,153.15,1014.63,100.50,65.34,0.3624,-1,-1,-1
440,124,1242.81,633.76,79.85,189.93,0.5394,-1,-1,-1
440,123,1336.02,600.25,67.92,209.59,0.6071,-1,-1,-1
440,125,6.20,930.57,160.40,150.41,0.7367,-1,-1,-1
440,119,602.09,551.74,53.20,130.34,0.6291,-1,-1,-1
440,114,1153.98,652.87,90.20,240.33,0.6823,-1,-1,-1
440,118,812.32,568.98,52.67,136.19,0.4420,-1,-1,-1
440,115,671.24,544.85,53.48,133.93,0.3851,-1,-1,-1
440,127,136.25,861.41,96.23,184.36,0.4747,-1,-1,-1
441,124,1223.65,633.76,75.36,195.02,0.5354,-1,-1,-1
441,123,1308.54,598.97,71.34,217.50,0.5844,-1,-1,-1
441,125,-16.98,941.16,116.79,139.57,0.5775,-1,-1,-1
441,119,578.78,549.00,52.92,132.95,0.5486,-1,-1,-1
441,114,1129.13,656.41,95.49,240.80,0.7633,-1,-1,-1
441,118,791.43,568.79,50.28,137.10,0.3841,-1,-1,-1
441,115,645.65,540.21,55.62,137.79,0.3388,-1,-1,-1
441,127,77.29,870.62,106.82,200.79,0.4317,-1,-1,-1
441,113,758.32,567.31,38.00,127.22,0.3929,-1,-1,-1
442,124,1206.45,636.51,71.91,194.76,0.5202,-1,-1,-1
442,123,1284.87,600.52,69.79,216.07,0.6024,-1,-1,-1
442,119,554.97,549.92,51.19,130.99,0.5153,-1,-1,-1
442,114,1103.26,666.71,99.34,233.47,0.7686,-1,-1,-1
442,118,769.20,568.54,49.24,138.73,0.4439,-1,-1,-1
442,115,621.10,537.51,58.69,142.80,0.3748,-1,-1,-1
442,127,11.63,880.08,117.02,199.52,0.6592,-1,-1,-1
442,113,736.73,569.58,35.97,130.07,0.4350,-1,-1,-1
443,124,1185.39,636.85,72.22,197.40,0.6809,-1,-1,-1
443,123,1256.80,602.12,71.63,219.88,0.5904,-1,-1,-1
443,119,531.20,563.51,46.97,119.14,0.5180,-1,-1,-1
443,114,1079.08,673.21,105.69,228.50,0.7826,-1,-1,-1
443,118,747.03,569.99,47.72,137.74,0.3588,-1,-1,-1
443,115,595.42,528.95,62.72,149.66,0.3996,-1,-1,-1
443,113,713.31,570.93,36.14,132.47,0.4563,-1,-1,-1
444,124,1163.00,638.20,73.06,197.22,0.7124,-1,-1,-1
444,123,1230.04,603.70,73.84,217.51,0.6596,-1,-1,-1
444,119,505.08,566.31,45.69,117.18,0.5780,-1,-1,-1
444,114,1052.26,676.33,106.70,230.58,0.7158,-1,-1,-1
444,118,722.27,568.52,48.54,140.27,0.3353,-1,-1,-1
444,113,690.15,572.64,35.92,131.85,0.3756,-1,-1,-1
445,124,1139.85,637.42,75.39,202.46,0.6518,-1,-1,-1
445,123,1203.72,602.34,70.04,222.09,0.6142,-1,-1,-1
445,119,480.70,570.01,44.68,118.40,0.5717,-1,-1,-1
445,114,1027.33,677.59,101.99,233.64,0.7716,-1,-1,-1
445,118,699.64,569.42,47.12,139.70,0.3695,-1,-1,-1
445,113,665.55,573.40,36.66,135.47,0.4711,-1,-1,-1
445,115,550.00,516.80,61.36,159.84,0.3547,-1,-1,-1
446,124,1116.54,639.70,75.03,200.87,0.6798,-1,-1,-1
446,123,1178.43,602.84,73.04,221.81,0.6725,-1,-1,-1
446,119,454.20,570.83,46.35,118.52,0.5702,-1,-1,-1
446,114,999.54,676.62,99.24,239.78,0.7732,-1,-1,-1
446,118,674.44,568.05,47.59,142.84,0.4174,-1,-1,-1
446,113,640.50,573.48,37.65,136.05,0.3513,-1,-1,-1
446,115,524.41,515.03,60.84,161.43,0.4143,-1,-1,-1
447,124,1090.26,642.91,76.15,202.43,0.6839,-1,-1,-1
447,123,1152.96,601.24,72.67,223.41,0.6956,-1,-1,-1
447,119,427.57,572.77,46.95,117.62,0.5539,-1,-1,-1
447,114,974.19,673.21,95.27,248.96,0.6444,-1,-1,-1
447,113,616.52,573.15,40.10,137.67,0.3545,-1,-1,-1
447,115,498.98,515.08,61.37,160.50,0.3603,-1,-1,-1
448,124,1066.94,640.41,74.50,203.95,0.6315,-1,-1,-1
448,123,1125.12,602.82,68.64,220.85,0.6607,-1,-1,-1
448,119,399.83,574.25,48.24,116.06,0.4293,-1,-1,-1
448,114,943.42,671.12,94.62,253.42,0.6802,-1,-1,-1
448,115,477.46,515.90,57.83,160.87,0.3583,-1,-1,-1
448,132,1000.15,615.61,64.30,166.03,0.3896,-1,-1,-1
449,124,1041.07,639.05,78.38,207.73,0.6350,-1,-1,-1
449,123,1097.75,604.49,64.63,219.93,0.5669,-1,-1,-1
449,119,370.70,570.54,52.77,119.63,0.6230,-1,-1,-1
449,114,913.06,670.15,104.84,264.52,0.6901,-1,-1,-1
449,115,449.98,507.33,64.24,170.10,0.3379,-1,-1,-1
450,124,1019.27,641.14,72.82,203.24,0.5212,-1,-1,-1
450,123,1070.39,605.35,61.14,219.90,0.4625,-1,-1,-1
450,119,340.93,568.42,54.08,121.10,0.5483,-1,-1,-1
450,114,882.44,674.01,99.27,259.85,0.6480,-1,-1,-1
450,134,1833.62,775.79,79.45,303.16,0.7836,-1,-1,-1
450,132,942.62,614.40,71.01,209.38,0.4258,-1,-1,-1
451,124,990.25,636.50,83.05,212.98,0.5235,-1,-1,-1
451,123,1039.48,606.28,60.99,227.63,0.3176,-1,-1,-1
451,119,313.52,566.62,52.72,122.63,0.3535,-1,-1,-1
451,114,850.98,680.48,93.43,266.87,0.7649,-1,-1,-1
451,134,1804.17,774.39,104.71,304.33,0.8402,-1,-1,-1
451,132,916.06,616.31,70.71,218.77,0.4359,-1,-1,-1
452,124,964.31,620.68,86.79,232.41,0.4462,-1,-1,-1
452,119,284.77,567.42,48.44,123.17,0.4948,-1,-1,-1
452,114,818.59,685.79,100.45,270.25,0.8030,-1,-1,-1
452,134,1772.05,774.22,134.91,303.46,0.8553,-1,-1,-1
452,132,893.35,619.54,66.13,220.54,0.3660,-1,-1,-1
452,113,486.70,567.78,40.09,147.56,0.3986,-1,-1,-1
453,124,939.19,618.14,89.42,236.85,0.5617,-1,-1,-1
453,119,252.69,569.62,50.61,123.81,0.3515,-1,-1,-1
453,114,786.42,691.58,104.09,269.04,0.7359,-1,-1,-1
453,134,1739.72,773.46,167.29,304.58,0.8488,-1,-1,-1
453,113,458.88,567.41,40.81,152.44,0.3802,-1,-1,-1
454,124,914.45,614.31,84.14,244.95,0.6746,-1,-1,-1
454,119,224.19,570.94,50.92,124.06,0.3434,-1,-1,-1
454,114,751.50,695.34,104.08,271.66,0.7775,-1,-1,-1
454,134,1710.32,772.74,184.36,307.77,0.8562,-1,-1,-1
454,113,429.80,569.36,42.47,155.48,0.4399,-1,-1,-1
454,132,840.94,619.86,64.42,219.33,0.4269,-1,-1,-1
455,124,887.12,616.78,82.07,248.21,0.7292,-1,-1,-1
455,114,716.12,699.54,101.39,274.41,0.7856,-1,-1,-1
455,134,1680.22,773.38,192.70,308.35,0.8525,-1,-1,-1
455,113,400.66,571.43,43.69,158.42,0.4814,-1,-1,-1
455,132,813.42,629.73,62.23,218.69,0.6828,-1,-1,-1
456,124,860.01,614.33,78.99,251.38,0.6915,-1,-1,-1
456,114,679.88,697.40,94.28,288.86,0.7836,-1,-1,-1
456,134,1646.76,768.94,197.79,311.86,0.8587,-1,-1,-1
456,113,372.08,571.87,42.50,161.43,0.3423,-1,-1,-1
456,132,782.97,631.26,65.24,222.89,0.5987,-1,-1,-1
456,136,474.04,561.15,46.27,146.39,0.4928,-1,-1,-1
457,124,826.65,619.90,85.10,251.64,0.5784,-1,-1,-1
457,114,643.85,696.98,90.70,303.58,0.7725,-1,-1,-1
457,134,1612.40,763.16,198.94,316.83,0.8522,-1,-1,-1
457,113,342.59,570.31,42.36,158.95,0.3940,-1,-1,-1
457,132,755.02,632.20,70.62,225.99,0.6257,-1,-1,-1
457,136,442.64,562.31,51.62,145.72,0.4455,-1,-1,-1
458,124,795.50,621.59,88.32,256.17,0.7010,-1,-1,-1
458,114,607.08,700.50,99.04,314.12,0.7407,-1,-1,-1
458,134,1577.92,760.99,200.39,318.57,0.8505,-1,-1,-1
458,113,311.66,572.38,44.36,163.23,0.4714,-1,-1,-1
458,132,721.97,637.69,70.86,225.02,0.6321,-1,-1,-1
458,136,410.47,560.93,57.11,148.19,0.4305,-1,-1,-1
458,119,87.46,551.81,62.94,149.87,0.5281,-1,-1,-1
459,124,766.30,658.36,88.25,224.03,0.4769,-1,-1,-1
459,114,566.05,704.35,102.18,322.78,0.7356,-1,-1,-1
459,134,1543.44,756.69,200.78,323.90,0.8502,-1,-1,-1
459,113,279.25,575.23,46.99,164.63,0.4415,-1,-1,-1
459,132,691.08,646.57,70.80,217.51,0.5328,-1,-1,-1
459,119,53.58,555.03,60.39,150.63,0.4960,-1,-1,-1
460,124,729.71,668.44,94.76,219.16,0.6050,-1,-1,-1
460,114,521.50,707.19,104.41,333.61,0.7361,-1,-1,-1
460,134,1507.96,757.66,199.60,323.53,0.8536,-1,-1,-1
460,113,247.41,577.90,47.21,162.73,0.3302,-1,-1,-1
460,132,658.68,650.28,71.67,220.91,0.6615,-1,-1,-1
460,136,355.62,566.88,58.85,149.88,0.4217,-1,-1,-1
461,124,702.46,650.66,88.74,242.35,0.6983,-1,-1,-1
461,114,474.71,720.92,108.03,332.55,0.7104,-1,-1,-1
461,134,1473.30,759.69,196.15,321.10,0.8648,-1,-1,-1
461,113,217.57,580.46,46.17,161.85,0.3328,-1,-1,-1
461,132,624.05,653.54,72.88,225.59,0.6034,-1,-1,-1
461,136,327.75,565.19,51.50,154.36,0.3656,-1,-1,-1
461,119,-3.08,555.16,40.41,155.50,0.3965,-1,-1,-1
462,124,669.89,639.95,91.20,258.00,0.5897,-1,-1,-1
462,114,427.50,731.14,118.09,328.99,0.7563,-1,-1,-1
462,134,1439.39,769.87,193.95,310.66,0.8506,-1,-1,-1
462,113,183.50,580.39,48.78,167.54,0.4217,-1,-1,-1
462,132,591.33,654.03,73.53,229.49,0.5057,-1,-1,-1
462,136,298.28,567.05,52.61,153.43,0.3399,-1,-1,-1
462,139,133.27,582.36,64.20,165.03,0.3658,-1,-1,-1
463,124,634.37,646.08,102.12,259.45,0.7213,-1,-1,-1
463,114,382.40,739.38,124.74,330.05,0.7760,-1,-1,-1
463,134,1404.61,784.62,191.11,296.25,0.8487,-1,-1,-1
463,113,144.29,586.53,57.16,164.66,0.3597,-1,-1,-1
463,132,555.29,655.13,76.59,233.74,0.5834,-1,-1,-1
463,139,95.23,613.95,60.73,135.20,0.3787,-1,-1,-1
464,124,598.87,645.42,107.13,265.50,0.6788,-1,-1,-1
464,114,333.98,748.58,136.59,329.52,0.6681,-1,-1,-1
464,134,1370.00,799.29,190.21,281.93,0.8723,-1,-1,-1
464,113,106.60,588.92,59.84,167.63,0.3386,-1,-1,-1
464,132,519.33,659.18,84.67,235.58,0.5361,-1,-1,-1
465,124,559.62,647.36,112.52,268.48,0.7093,-1,-1,-1
465,114,282.90,750.96,152.56,331.77,0.7201,-1,-1,-1
465,134,1334.33,814.36,189.66,266.20,0.8570,-1,-1,-1
465,132,484.06,658.47,87.09,239.55,0.6629,-1,-1,-1
465,118,122.21,575.72,58.84,167.69,0.3646,-1,-1,-1
466,124,526.60,672.98,109.48,252.16,0.6719,-1,-1,-1
466,114,227.51,757.85,166.85,326.44,0.8047,-1,-1,-1
466,134,1299.33,827.21,188.64,253.59,0.8277,-1,-1,-1
466,132,445.46,654.50,93.80,249.39,0.6196,-1,-1,-1
467,124,488.79,681.48,113.06,251.50,0.6666,-1,-1,-1
467,114,172.97,763.45,174.92,320.89,0.8409,-1,-1,-1
467,134,1266.29,838.47,185.46,241.71,0.7979,-1,-1,-1
467,132,405.52,662.11,101.90,249.55,0.5692,-1,-1,-1
467,136,132.60,561.82,74.38,177.23,0.3774,-1,-1,-1
468,124,453.05,694.46,109.17,244.23,0.6067,-1,-1,-1
468,114,115.81,765.87,182.92,317.15,0.8534,-1,-1,-1
468,134,1233.51,848.60,182.78,231.28,0.8420,-1,-1,-1
468,132,369.84,664.88,91.21,252.28,0.3714,-1,-1,-1
468,136,105.76,573.76,67.28,171.62,0.3262,-1,-1,-1
469,124,413.10,697.27,112.32,245.91,0.5597,-1,-1,-1
469,114,56.27,772.59,189.51,308.91,0.8414,-1,-1,-1
469,134,1202.27,855.78,176.44,223.86,0.8573,-1,-1,-1
469,132,331.78,667.44,79.18,243.65,0.5334,-1,-1,-1
470,124,373.65,699.40,112.88,250.39,0.6648,-1,-1,-1
470,114,2.69,775.39,186.88,306.23,0.8448,-1,-1,-1
470,134,1168.44,856.32,174.38,222.94,0.8428,-1,-1,-1
470,132,290.06,662.52,98.45,262.60,0.5173,-1,-1,-1
471,124,337.78,699.54,110.90,254.65,0.6811,-1,-1,-1
471,114,-16.56,782.39,151.09,296.55,0.7707,-1,-1,-1
471,134,1131.32,854.39,174.39,224.24,0.8498,-1,-1,-1
471,132,250.38,660.58,98.20,274.05,0.5290,-1,-1,-1
472,124,298.59,698.61,109.80,257.14,0.6607,-1,-1,-1
472,134,1092.72,852.45,175.35,226.30,0.8266,-1,-1,-1
472,132,212.36,654.35,107.34,282.01,0.5768,-1,-1,-1
473,124,258.66,699.61,106.92,261.81,0.6885,-1,-1,-1
473,134,1052.62,852.52,178.63,227.58,0.8489,-1,-1,-1
473,132,166.35,658.58,111.27,288.01,0.5632,-1,-1,-1
474,124,218.61,703.35,101.61,261.81,0.6902,-1,-1,-1
474,134,1011.89,851.89,182.78,228.40,0.8508,-1,-1,-1
474,132,122.48,657.42,113.89,293.15,0.6526,-1,-1,-1
475,124,175.05,702.70,100.69,269.46,0.7060,-1,-1,-1
475,134,970.27,851.80,181.01,228.21,0.8338,-1,-1,-1
475,132,74.67,663.09,104.69,292.18,0.5926,-1,-1,-1
476,124,126.43,705.32,107.90,273.15,0.7537,-1,-1,-1
476,134,928.55,858.52,175.12,222.46,0.7547,-1,-1,-1
476,132,25.71,678.95,104.25,279.85,0.6381,-1,-1,-1
477,124,79.25,704.89,111.57,280.35,0.7143,-1,-1,-1
477,134,886.18,863.30,187.78,217.06,0.6593,-1,-1,-1
477,132,-6.81,704.74,87.34,251.71,0.3803,-1,-1,-1
478,124,26.73,713.79,98.41,255.90,0.3679,-1,-1,-1
478,134,842.51,869.32,193.67,211.33,0.7548,-1,-1,-1
479,134,798.15,880.80,193.71,199.85,0.6748,-1,-1,-1
480,134,750.08,890.70,192.96,190.37,0.6639,-1,-1,-1
481,134,703.13,885.70,189.47,195.95,0.7856,-1,-1,-1
482,134,681.63,881.24,163.98,199.40,0.7740,-1,-1,-1
483,134,621.75,878.93,171.35,200.51,0.8151,-1,-1,-1
483,142,1791.40,657.60,96.83,235.71,0.7174,-1,-1,-1
483,143,1722.13,649.16,81.65,139.86,0.4871,-1,-1,-1
484,134,566.03,877.44,175.03,201.62,0.8333,-1,-1,-1
484,142,1751.88,656.62,96.24,239.50,0.6560,-1,-1,-1
484,143,1682.22,646.88,81.22,251.96,0.4631,-1,-1,-1
485,134,512.78,878.25,173.97,200.96,0.8321,-1,-1,-1
485,142,1710.75,659.09,91.23,237.03,0.6320,-1,-1,-1
485,143,1646.45,647.16,74.55,219.99,0.5511,-1,-1,-1
486,134,461.86,878.98,173.03,198.26,0.8499,-1,-1,-1
486,142,1671.37,657.92,83.80,212.29,0.6010,-1,-1,-1
486,143,1599.86,644.65,82.72,210.29,0.4145,-1,-1,-1
487,134,407.28,886.90,172.86,190.40,0.8557,-1,-1,-1
487,142,1629.38,659.28,82.27,204.11,0.3954,-1,-1,-1
487,143,1554.99,645.55,82.82,279.54,0.3275,-1,-1,-1
488,134,353.49,898.09,172.57,179.86,0.8582,-1,-1,-1
488,142,1588.75,660.42,79.23,164.21,0.3908,-1,-1,-1
488,143,1512.37,647.07,87.07,270.61,0.3619,-1,-1,-1
489,134,302.94,913.51,167.90,165.11,0.8444,-1,-1,-1
489,142,1548.69,660.83,72.67,144.38,0.3816,-1,-1,-1
489,143,1457.55,649.74,98.59,263.52,0.6562,-1,-1,-1
490,134,253.86,927.02,159.12,151.95,0.8215,-1,-1,-1
490,142,1505.73,666.56,73.02,137.54,0.4481,-1,-1,-1
490,143,1408.50,657.95,104.72,255.48,0.6963,-1,-1,-1
491,134,204.16,943.15,153.04,136.97,0.8062,-1,-1,-1
491,142,1455.63,671.80,81.35,135.71,0.3428,-1,-1,-1
491,143,1363.78,663.32,103.15,252.34,0.7024,-1,-1,-1
492,134,154.66,951.18,149.42,128.48,0.8023,-1,-1,-1
492,142,1411.27,677.06,85.94,136.91,0.3357,-1,-1,-1
492,143,1325.49,667.53,98.95,251.23,0.6260,-1,-1,-1
493,134,99.31,960.58,149.95,120.57,0.8065,-1,-1,-1
493,142,1369.77,679.14,82.98,134.42,0.3806,-1,-1,-1
493,143,1286.65,669.03,93.40,256.30,0.6426,-1,-1,-1
494,134,42.37,965.81,147.74,114.18,0.7971,-1,-1,-1
494,142,1326.53,682.68,81.10,137.63,0.4811,-1,-1,-1
494,143,1250.04,672.21,83.54,262.18,0.6543,-1,-1,-1
495,134,-4.32,968.17,134.59,111.95,0.8045,-1,-1,-1
495,142,1283.31,687.87,78.67,139.98,0.4729,-1,-1,-1
495,143,1213.38,677.23,70.75,263.98,0.5884,-1,-1,-1
496,134,-18.42,968.77,80.15,111.24,0.5925,-1,-1,-1
496,143,1172.18,682.00,68.09,270.62,0.6297,-1,-1,-1
497,143,1128.89,681.03,64.92,271.78,0.5992,-1,-1,-1
498,143,1080.94,680.46,69.75,275.08,0.6580,-1,-1,-1
498,142,1133.99,690.15,91.66,236.96,0.4745,-1,-1,-1
499,143,1032.25,680.67,72.66,275.21,0.6606,-1,-1,-1
499,142,1095.73,687.28,89.68,256.88,0.5533,-1,-1,-1
500,143,981.81,678.79,79.18,275.81,0.7317,-1,-1,-1
500,142,1051.89,685.72,86.57,263.16,0.6239,-1,-1,-1
501,143,934.27,679.92,87.45,276.73,0.7280,-1,-1,-1
501,142,1008.94,685.76,85.80,273.64,0.6590,-1,-1,-1
502,143,883.29,680.17,92.42,275.40,0.6859,-1,-1,-1
502,142,962.13,684.23,83.09,279.63,0.5907,-1,-1,-1
503,143,833.55,682.47,97.02,272.58,0.6910,-1,-1,-1
503,142,914.20,683.48,81.32,279.34,0.5855,-1,-1,-1
504,143,786.09,682.25,99.29,275.50,0.7613,-1,-1,-1
504,142,871.65,684.80,80.64,283.47,0.5893,-1,-1,-1
504,145,1831.74,652.07,77.05,165.81,0.7214,-1,-1,-1
505,143,735.93,682.93,100.96,286.86,0.7851,-1,-1,-1
505,142,825.31,689.12,82.00,298.83,0.5900,-1,-1,-1
505,145,1798.64,647.20,80.13,174.47,0.6059,-1,-1,-1
506,143,688.14,686.95,95.62,292.79,0.7066,-1,-1,-1
506,142,774.07,693.73,87.70,302.88,0.5744,-1,-1,-1
506,145,1764.22,654.06,77.70,169.10,0.6667,-1,-1,-1
506,146,1844.71,660.15,57.44,177.37,0.6145,-1,-1,-1
507,143,638.39,692.28,92.10,293.98,0.7607,-1,-1,-1
507,142,700.34,699.05,109.92,314.36,0.7069,-1,-1,-1
507,145,1736.96,655.00,71.15,166.51,0.6427,-1,-1,-1
507,146,1813.07,654.00,74.00,181.64,0.7321,-1,-1,-1
508,143,591.26,699.10,86.38,296.77,0.7602,-1,-1,-1
508,142,637.60,709.50,122.97,321.13,0.7298,-1,-1,-1
508,145,1702.15,658.14,74.51,167.55,0.5624,-1,-1,-1
508,146,1780.63,661.44,78.08,179.85,0.6049,-1,-1,-1
509,143,541.65,707.42,82.47,303.88,0.6886,-1,-1,-1
509,142,589.44,716.48,118.67,324.83,0.7480,-1,-1,-1
509,145,1668.37,664.11,76.36,169.06,0.6941,-1,-1,-1
509,146,1746.16,660.84,78.62,180.88,0.7213,-1,-1,-1
510,143,488.40,713.09,85.33,306.28,0.6366,-1,-1,-1
510,142,544.08,724.08,111.87,331.72,0.6775,-1,-1,-1
510,145,1636.88,670.41,72.05,168.11,0.6840,-1,-1,-1
510,146,1710.80,666.93,77.76,181.50,0.6908,-1,-1,-1
511,143,433.78,720.59,87.51,301.05,0.6170,-1,-1,-1
511,142,493.71,733.35,109.64,332.76,0.7494,-1,-1,-1
511,145,1599.74,673.19,72.01,169.37,0.7165,-1,-1,-1
511,146,1676.82,668.59,73.41,182.72,0.7270,-1,-1,-1
512,143,380.38,727.09,87.49,311.09,0.5388,-1,-1,-1
512,142,425.32,742.35,127.80,326.67,0.7186,-1,-1,-1
512,145,1561.02,672.94,76.98,176.50,0.7049,-1,-1,-1
512,146,1641.07,672.80,75.55,184.42,0.6749,-1,-1,-1
513,143,293.94,732.82,117.91,315.58,0.6427,-1,-1,-1
513,142,372.93,747.85,127.68,332.61,0.7003,-1,-1,-1
513,145,1525.03,672.25,80.72,178.84,0.7515,-1,-1,-1
513,146,1607.57,672.81,71.23,188.54,0.6599,-1,-1,-1
513,148,1619.78,567.85,35.39,106.52,0.3498,-1,-1,-1
514,143,218.92,739.49,136.67,322.50,0.5432,-1,-1,-1
514,142,312.53,753.43,131.72,330.39,0.7655,-1,-1,-1
514,145,1492.49,675.77,77.05,179.38,0.6382,-1,-1,-1
514,146,1569.81,673.33,77.33,195.25,0.6807,-1,-1,-1
514,148,1590.59,569.75,35.88,112.03,0.5220,-1,-1,-1
515,143,156.94,746.98,148.80,326.58,0.3863,-1,-1,-1
515,142,261.74,758.03,128.49,324.97,0.6421,-1,-1,-1
515,145,1462.16,674.75,74.38,179.97,0.7030,-1,-1,-1
515,146,1536.85,673.50,72.98,198.32,0.6556,-1,-1,-1
515,148,1561.95,570.48,38.86,112.26,0.6313,-1,-1,-1
516,143,97.82,752.10,139.25,328.56,0.3569,-1,-1,-1
516,142,203.81,762.70,122.69,318.94,0.6322,-1,-1,-1
516,145,1430.25,674.14,72.51,180.06,0.7502,-1,-1,-1
516,146,1504.62,676.99,72.77,199.26,0.6135,-1,-1,-1
516,148,1535.30,570.96,39.36,113.22,0.6466,-1,-1,-1
517,143,70.35,755.22,102.92,282.16,0.3546,-1,-1,-1
517,142,124.59,766.84,146.97,313.34,0.7484,-1,-1,-1
517,145,1396.44,672.85,74.83,183.72,0.6920,-1,-1,-1
517,146,1472.53,674.01,74.01,200.91,0.6683,-1,-1,-1
517,148,1508.03,571.48,39.12,109.59,0.6153,-1,-1,-1
517,149,1849.73,738.05,63.92,268.53,0.6684,-1,-1,-1
518,143,8.30,758.75,101.00,302.55,0.4867,-1,-1,-1
518,142,65.08,774.51,143.04,307.15,0.6760,-1,-1,-1
518,145,1359.96,675.06,80.75,184.70,0.5468,-1,-1,-1
518,146,1442.55,679.66,60.35,194.86,0.6109,-1,-1,-1
518,148,1479.94,571.91,40.35,107.29,0.5768,-1,-1,-1
518,149,1822.58,734.65,83.01,272.62,0.6596,-1,-1,-1
519,142,1.86,782.55,148.30,299.76,0.8029,-1,-1,-1
519,145,1322.94,675.23,85.18,186.65,0.6925,-1,-1,-1
519,146,1411.15,677.84,60.43,195.34,0.6637,-1,-1,-1
519,148,1452.09,569.11,43.23,107.02,0.5473,-1,-1,-1
519,149,1785.15,733.05,100.75,272.42,0.7420,-1,-1,-1
520,142,-21.45,789.40,108.39,292.10,0.3820,-1,-1,-1
520,145,1288.23,675.42,87.03,188.54,0.7499,-1,-1,-1
520,146,1376.24,677.20,71.68,196.93,0.7174,-1,-1,-1
520,148,1426.64,570.00,43.03,103.44,0.5411,-1,-1,-1
520,149,1752.27,733.23,105.54,274.32,0.5997,-1,-1,-1
521,145,1253.94,679.81,88.27,185.46,0.7222,-1,-1,-1
521,146,1346.94,678.36,70.42,201.99,0.7115,-1,-1,-1
521,148,1400.88,570.43,43.51,101.95,0.5583,-1,-1,-1
521,149,1714.55,732.31,111.10,276.20,0.5825,-1,-1,-1
522,145,1224.21,679.97,83.98,185.69,0.7215,-1,-1,-1
522,146,1315.13,677.53,68.31,202.98,0.6768,-1,-1,-1
522,148,1375.00,569.62,46.53,101.31,0.5403,-1,-1,-1
522,149,1669.43,731.94,121.43,277.80,0.3813,-1,-1,-1
523,145,1193.83,683.23,79.39,182.33,0.7336,-1,-1,-1
523,146,1281.34,678.50,72.64,205.53,0.7025,-1,-1,-1
523,148,1350.02,569.15,50.29,101.45,0.5399,-1,-1,-1
523,149,1640.60,729.93,119.97,271.59,0.6688,-1,-1,-1
524,145,1164.93,685.75,76.45,184.35,0.7114,-1,-1,-1
524,146,1250.28,680.56,73.21,206.48,0.7241,-1,-1,-1
524,148,1323.97,570.05,53.12,100.54,0.5652,-1,-1,-1
524,149,1610.20,726.91,117.08,274.76,0.6900,-1,-1,-1
525,145,1133.40,682.49,72.51,191.89,0.6780,-1,-1,-1
525,146,1215.87,678.58,73.90,212.41,0.6374,-1,-1,-1
525,148,1299.23,570.05,53.92,101.18,0.5802,-1,-1,-1
525,149,1578.31,727.60,117.88,274.96,0.7928,-1,-1,-1
526,145,1101.04,684.46,71.23,194.42,0.7438,-1,-1,-1
526,146,1179.32,678.01,79.48,217.97,0.7262,-1,-1,-1
526,148,1275.52,572.09,50.96,99.44,0.5842,-1,-1,-1
526,149,1545.01,724.23,118.15,276.20,0.7741,-1,-1,-1
527,145,1071.55,684.29,69.51,195.46,0.6846,-1,-1,-1
527,146,1144.69,680.77,80.79,219.52,0.6790,-1,-1,-1
527,148,1253.05,572.91,48.39,99.07,0.5492,-1,-1,-1
527,149,1513.78,723.08,115.73,274.16,0.5386,-1,-1,-1
528,145,1038.04,685.79,70.34,200.67,0.6998,-1,-1,-1
528,146,1110.01,684.18,84.36,222.67,0.7577,-1,-1,-1
528,148,1229.41,573.15,49.39,99.72,0.6029,-1,-1,-1
528,149,1479.04,725.40,117.67,270.71,0.7009,-1,-1,-1
529,145,1004.42,687.38,72.76,206.87,0.7328,-1,-1,-1
529,146,1068.35,687.49,94.50,226.79,0.7585,-1,-1,-1
529,148,1206.61,572.77,48.77,100.55,0.5898,-1,-1,-1
529,149,1442.57,726.26,122.71,274.87,0.6291,-1,-1,-1
530,145,969.87,694.50,74.61,209.19,0.6682,-1,-1,-1
530,146,1031.88,690.43,99.09,229.89,0.6780,-1,-1,-1
530,148,1183.51,572.84,46.93,100.60,0.6143,-1,-1,-1
530,149,1409.81,728.28,126.51,283.71,0.7406,-1,-1,-1
531,145,936.91,698.73,75.87,207.24,0.6237,-1,-1,-1
531,146,996.83,695.72,104.79,231.25,0.7045,-1,-1,-1
531,148,1161.90,571.29,45.64,102.20,0.6197,-1,-1,-1
531,149,1379.38,727.02,130.42,290.20,0.8187,-1,-1,-1
532,145,899.29,702.34,82.48,211.44,0.6623,-1,-1,-1
532,146,962.50,701.48,106.97,237.25,0.6900,-1,-1,-1
532,148,1141.64,571.26,44.79,104.77,0.6682,-1,-1,-1
532,149,1351.34,731.95,135.06,291.18,0.7075,-1,-1,-1
533,145,862.44,706.69,85.24,210.05,0.6867,-1,-1,-1
533,146,935.41,702.54,102.97,241.67,0.7115,-1,-1,-1
533,148,1118.92,569.97,45.90,106.86,0.6542,-1,-1,-1
533,149,1325.72,734.47,122.44,293.00,0.7370,-1,-1,-1
534,145,832.64,706.15,84.41,212.47,0.6527,-1,-1,-1
534,146,910.20,705.81,97.71,236.94,0.7624,-1,-1,-1
534,148,1097.74,570.66,44.90,108.61,0.6533,-1,-1,-1
534,149,1299.13,737.11,116.06,294.11,0.7131,-1,-1,-1
535,145,801.99,706.12,83.45,220.88,0.6755,-1,-1,-1
535,146,880.89,707.72,93.05,242.82,0.7505,-1,-1,-1
535,148,1076.12,569.98,43.22,110.19,0.6550,-1,-1,-1
535,149,1273.92,738.86,112.94,294.92,0.7398,-1,-1,-1
536,145,770.81,706.57,78.88,226.71,0.6749,-1,-1,-1
536,146,846.86,707.72,94.19,249.61,0.8328,-1,-1,-1
536,148,1057.19,573.53,43.17,108.75,0.5829,-1,-1,-1
536,149,1249.52,738.59,110.20,294.41,0.7715,-1,-1,-1
537,145,738.97,705.13,69.32,235.13,0.6372,-1,-1,-1
537,146,818.06,709.71,89.01,252.11,0.7018,-1,-1,-1
537,148,1036.29,574.80,43.85,107.38,0.6600,-1,-1,-1
537,149,1223.75,734.21,106.91,297.11,0.6901,-1,-1,-1
538,145,703.50,708.88,66.35,234.64,0.5702,-1,-1,-1
538,146,779.85,711.05,88.94,259.24,0.6953,-1,-1,-1
538,148,1016.53,578.79,43.86,108.99,0.6526,-1,-1,-1
538,149,1196.60,737.21,104.56,295.80,0.7853,-1,-1,-1
539,145,666.99,713.11,70.84,233.09,0.7133,-1,-1,-1
539,146,744.79,713.76,91.13,267.15,0.7925,-1,-1,-1
539,148,995.74,577.80,43.46,110.21,0.6729,-1,-1,-1
539,149,1170.74,735.52,106.08,297.18,0.7508,-1,-1,-1
540,145,623.66,717.27,85.15,238.96,0.6408,-1,-1,-1
540,146,714.80,717.42,83.07,269.16,0.6598,-1,-1,-1
540,148,977.12,578.83,43.72,111.77,0.6850,-1,-1,-1
540,149,1141.92,737.85,105.57,302.12,0.7528,-1,-1,-1
541,145,577.38,722.63,99.83,246.74,0.7054,-1,-1,-1
541,146,673.59,723.70,95.80,274.59,0.6790,-1,-1,-1
541,148,956.70,580.17,43.78,112.73,0.6276,-1,-1,-1
541,149,1113.49,740.67,104.16,302.63,0.7247,-1,-1,-1
542,145,528.99,725.17,114.28,250.07,0.6916,-1,-1,-1
542,146,634.00,729.82,101.40,275.24,0.7085,-1,-1,-1
542,148,936.83,583.17,46.28,112.21,0.7011,-1,-1,-1
542,149,1073.75,749.01,114.81,310.48,0.6384,-1,-1,-1
543,145,489.70,731.26,125.56,255.13,0.7039,-1,-1,-1
543,146,598.87,735.63,102.64,280.50,0.7805,-1,-1,-1
543,148,917.26,584.50,47.76,111.26,0.6851,-1,-1,-1
543,149,1049.51,751.90,113.28,307.93,0.7280,-1,-1,-1
544,145,450.82,744.45,133.35,259.39,0.7274,-1,-1,-1
544,146,560.48,746.36,106.69,294.97,0.7096,-1,-1,-1
544,148,896.15,586.27,47.78,111.82,0.7089,-1,-1,-1
544,149,1024.19,758.44,112.32,309.18,0.7080,-1,-1,-1
545,145,420.06,745.93,135.29,252.22,0.7177,-1,-1,-1
545,146,527.74,746.64,107.49,295.87,0.7580,-1,-1,-1
545,148,877.94,583.82,49.59,112.11,0.7021,-1,-1,-1
545,149,993.56,755.90,114.85,314.14,0.7433,-1,-1,-1
546,145,385.83,745.42,128.41,258.58,0.7422,-1,-1,-1
546,146,488.74,748.73,111.18,302.92,0.7640,-1,-1,-1
546,148,857.60,583.64,48.83,112.17,0.7114,-1,-1,-1
546,149,969.33,756.47,113.73,311.92,0.6965,-1,-1,-1
547,145,357.48,747.56,112.54,263.04,0.7223,-1,-1,-1
547,146,456.90,752.88,105.56,300.62,0.8200,-1,-1,-1
547,148,838.64,584.15,50.45,112.28,0.7230,-1,-1,-1
547,149,937.88,755.32,120.81,313.28,0.7428,-1,-1,-1
548,145,319.16,750.94,105.50,271.74,0.7353,-1,-1,-1
548,146,417.75,753.68,101.62,305.73,0.7996,-1,-1,-1
548,148,819.00,584.71,51.88,112.34,0.7542,-1,-1,-1
548,149,913.03,760.04,118.19,306.84,0.7662,-1,-1,-1
549,145,282.81,758.75,104.54,271.72,0.7639,-1,-1,-1
549,146,377.93,758.26,107.75,310.86,0.7927,-1,-1,-1
549,148,798.70,582.79,53.77,113.35,0.7149,-1,-1,-1
549,149,885.53,754.92,121.78,310.13,0.7791,-1,-1,-1
550,145,243.68,759.42,100.91,281.35,0.7293,-1,-1,-1
550,146,336.71,759.95,114.82,313.90,0.7551,-1,-1,-1
550,148,779.82,583.02,53.55,115.29,0.7180,-1,-1,-1
550,149,860.54,757.10,119.19,310.04,0.7357,-1,-1,-1
551,145,200.48,762.54,100.17,294.42,0.7376,-1,-1,-1
551,146,293.99,764.76,111.41,310.29,0.7215,-1,-1,-1
551,148,761.76,584.70,52.07,116.00,0.6975,-1,-1,-1
551,149,842.99,769.24,112.20,299.19,0.6299,-1,-1,-1
552,145,157.73,767.49,100.69,304.88,0.6999,-1,-1,-1
552,146,247.17,768.24,113.97,311.60,0.7923,-1,-1,-1
552,148,743.05,584.60,54.54,115.25,0.7550,-1,-1,-1
552,149,807.77,731.91,122.64,342.83,0.7283,-1,-1,-1
553,145,111.10,773.41,101.95,307.45,0.6909,-1,-1,-1
553,146,198.08,775.78,117.90,306.41,0.7400,-1,-1,-1
553,148,724.58,583.15,55.82,117.41,0.7020,-1,-1,-1
553,149,789.01,739.37,119.19,339.15,0.7109,-1,-1,-1
554,145,66.09,780.84,104.13,301.99,0.7077,-1,-1,-1
554,146,147.54,782.19,124.59,300.72,0.7762,-1,-1,-1
554,148,704.87,582.48,56.68,118.96,0.7026,-1,-1,-1
554,149,765.50,751.74,118.93,328.07,0.7557,-1,-1,-1
555,145,19.78,789.82,107.18,293.33,0.7462,-1,-1,-1
555,146,101.25,794.03,133.36,288.90,0.7606,-1,-1,-1
555,148,688.23,583.95,53.79,118.67,0.7199,-1,-1,-1
555,149,726.32,757.34,134.53,317.82,0.7080,-1,-1,-1
555,154,765.95,546.68,38.50,78.98,0.4225,-1,-1,-1
556,145,-6.69,796.24,84.60,286.60,0.6620,-1,-1,-1
556,146,54.58,802.89,129.69,278.45,0.7985,-1,-1,-1
556,148,669.79,581.08,54.37,120.36,0.7646,-1,-1,-1
556,149,699.75,760.81,132.96,304.41,0.7480,-1,-1,-1
557,146,5.36,814.18,128.41,266.90,0.8290,-1,-1,-1
557,148,651.97,579.45,53.18,121.06,0.7395,-1,-1,-1
557,149,680.48,764.39,126.73,310.41,0.7032,-1,-1,-1
557,154,735.71,546.10,38.09,77.96,0.4042,-1,-1,-1
558,146,-12.02,817.75,86.75,259.04,0.7044,-1,-1,-1
558,148,633.21,576.70,54.91,124.24,0.7541,-1,-1,-1
558,149,653.39,763.87,126.39,310.77,0.7617,-1,-1,-1
559,148,616.14,575.94,54.00,125.83,0.7401,-1,-1,-1
559,149,627.52,764.78,127.61,310.97,0.8013,-1,-1,-1
559,154,701.58,539.99,36.97,82.28,0.3747,-1,-1,-1
560,148,598.24,579.48,53.43,125.89,0.7690,-1,-1,-1
560,149,606.90,761.69,124.60,317.24,0.7898,-1,-1,-1
560,154,687.75,537.60,39.10,83.90,0.3480,-1,-1,-1
561,148,580.20,576.06,57.14,129.97,0.7429,-1,-1,-1
561,149,579.71,758.58,125.57,320.99,0.8302,-1,-1,-1
562,148,562.42,579.60,58.30,129.89,0.7130,-1,-1,-1
562,149,552.66,758.31,127.31,322.11,0.7910,-1,-1,-1
563,148,545.32,582.58,60.36,130.48,0.7620,-1,-1,-1
563,149,529.49,757.19,123.03,323.05,0.8610,-1,-1,-1
564,148,530.82,585.17,60.26,128.43,0.6847,-1,-1,-1
564,149,503.47,758.64,124.45,321.85,0.8211,-1,-1,-1
565,148,513.91,584.24,60.82,131.31,0.7130,-1,-1,-1
565,149,474.79,760.50,129.57,319.52,0.7223,-1,-1,-1
566,148,496.38,585.47,64.22,130.95,0.7682,-1,-1,-1
566,149,440.58,765.17,141.19,315.08,0.7201,-1,-1,-1
567,148,481.41,587.82,63.48,132.27,0.7735,-1,-1,-1
567,149,416.52,775.47,141.82,305.02,0.8362,-1,-1,-1
568,148,463.44,588.25,64.60,134.07,0.7328,-1,-1,-1
568,149,382.57,783.43,150.78,296.08,0.7890,-1,-1,-1
569,148,443.77,588.58,69.84,136.07,0.6929,-1,-1,-1
569,149,356.74,789.09,154.74,290.81,0.7918,-1,-1,-1
570,148,428.86,588.50,69.02,138.50,0.7262,-1,-1,-1
570,149,330.16,790.78,156.59,288.48,0.7938,-1,-1,-1
571,148,413.55,591.13,68.78,138.89,0.7140,-1,-1,-1
571,149,304.40,795.64,158.21,284.53,0.8199,-1,-1,-1
572,148,397.12,594.33,69.51,138.09,0.6666,-1,-1,-1
572,149,282.04,798.18,153.96,279.58,0.5799,-1,-1,-1
572,155,1855.20,588.75,62.90,163.37,0.4288,-1,-1,-1
573,148,381.15,594.39,68.79,141.38,0.7180,-1,-1,-1
573,149,261.68,798.74,149.16,245.19,0.5711,-1,-1,-1
573,155,1860.96,590.31,56.69,161.63,0.4562,-1,-1,-1
574,148,365.89,597.20,70.55,141.48,0.7037,-1,-1,-1
574,149,226.91,800.18,156.38,267.84,0.5439,-1,-1,-1
574,155,1857.78,588.86,52.12,161.12,0.4107,-1,-1,-1
575,148,346.50,598.33,72.95,141.10,0.7111,-1,-1,-1
575,149,203.46,800.71,151.60,242.92,0.6267,-1,-1,-1
576,148,329.63,599.58,73.88,144.14,0.7444,-1,-1,-1
576,149,169.65,806.21,157.90,261.12,0.6864,-1,-1,-1
576,155,1835.69,587.63,63.25,172.64,0.3971,-1,-1,-1
577,148,312.74,599.16,75.52,144.55,0.6864,-1,-1,-1
577,149,144.46,807.97,155.64,231.25,0.5247,-1,-1,-1
577,155,1828.18,583.56,64.35,179.97,0.4351,-1,-1,-1
578,148,295.60,598.04,76.29,148.84,0.7533,-1,-1,-1
578,149,111.19,811.19,161.95,254.88,0.4195,-1,-1,-1
579,148,279.18,598.17,73.78,151.71,0.7546,-1,-1,-1
579,149,83.85,817.37,161.94,225.71,0.5881,-1,-1,-1
579,155,1815.43,586.19,59.87,180.76,0.5373,-1,-1,-1
580,148,263.90,600.33,74.09,151.19,0.6792,-1,-1,-1
580,149,54.23,822.96,162.59,238.26,0.4687,-1,-1,-1
580,155,1809.54,590.37,58.87,178.73,0.6315,-1,-1,-1
581,148,247.23,597.52,74.66,157.02,0.7598,-1,-1,-1
581,149,13.34,828.19,172.88,245.30,0.7610,-1,-1,-1
581,155,1803.71,590.78,59.89,180.69,0.4662,-1,-1,-1
582,148,231.13,598.91,72.93,158.16,0.7673,-1,-1,-1
582,149,-4.86,833.90,163.60,245.10,0.8051,-1,-1,-1
582,155,1796.49,589.69,62.66,183.35,0.5943,-1,-1,-1
583,148,212.66,599.71,77.71,159.99,0.7498,-1,-1,-1
583,149,-10.07,836.85,142.41,237.25,0.6355,-1,-1,-1
583,155,1790.07,600.58,64.28,173.37,0.5117,-1,-1,-1
584,148,196.75,598.94,79.43,165.81,0.7857,-1,-1,-1
584,149,-9.51,837.09,112.34,237.98,0.7331,-1,-1,-1
584,155,1784.30,611.56,64.05,163.17,0.4756,-1,-1,-1
585,148,184.71,600.99,77.08,170.83,0.8115,-1,-1,-1
585,149,-7.66,844.01,80.42,234.62,0.7108,-1,-1,-1
585,155,1779.07,608.62,64.83,164.90,0.3041,-1,-1,-1
586,148,168.81,604.36,79.09,170.59,0.7216,-1,-1,-1
586,155,1775.28,593.27,64.51,178.13,0.3884,-1,-1,-1
587,148,155.24,607.37,81.76,170.82,0.7769,-1,-1,-1
587,155,1774.09,591.20,57.51,168.17,0.3612,-1,-1,-1
588,148,141.77,609.52,82.41,173.45,0.7848,-1,-1,-1
588,155,1772.62,587.22,56.73,164.84,0.4646,-1,-1,-1
589,148,126.83,612.84,85.05,174.17,0.7699,-1,-1,-1
589,155,1768.47,583.96,55.78,163.20,0.5746,-1,-1,-1
590,148,114.46,614.02,85.65,177.22,0.7596,-1,-1,-1
590,155,1766.42,582.26,57.61,168.45,0.6646,-1,-1,-1
591,148,100.01,614.93,84.22,179.55,0.7863,-1,-1,-1
591,155,1765.48,582.09,60.08,169.41,0.7539,-1,-1,-1
591,160,1225.08,525.71,30.57,77.96,0.4286,-1,-1,-1
592,148,85.89,618.74,86.26,177.62,0.7912,-1,-1,-1
592,155,1764.39,578.67,61.99,168.21,0.7304,-1,-1,-1
592,160,1225.84,527.94,28.64,75.23,0.3656,-1,-1,-1
592,154,341.59,531.57,35.52,101.44,0.4486,-1,-1,-1
593,148,72.41,618.45,86.34,181.92,0.7665,-1,-1,-1
593,155,1764.47,581.91,62.44,168.38,0.7708,-1,-1,-1
593,160,1224.84,528.93,27.99,75.07,0.4412,-1,-1,-1
593,154,333.33,534.16,41.08,99.57,0.5750,-1,-1,-1
594,148,57.43,621.16,91.07,184.45,0.7573,-1,-1,-1
594,155,1762.21,580.06,66.01,171.54,0.7167,-1,-1,-1
594,160,1223.72,528.85,29.00,74.12,0.4170,-1,-1,-1
594,154,330.25,536.34,39.54,97.97,0.4651,-1,-1,-1
595,148,44.73,621.33,89.16,188.12,0.7901,-1,-1,-1
595,155,1753.84,581.89,76.87,175.83,0.7268,-1,-1,-1
595,160,1223.46,528.54,29.20,76.10,0.4107,-1,-1,-1
595,154,325.93,536.67,40.65,96.41,0.5060,-1,-1,-1
596,148,30.43,626.15,90.82,189.61,0.7928,-1,-1,-1
596,155,1751.06,579.68,82.37,177.49,0.7312,-1,-1,-1
596,160,1224.88,526.97,29.28,76.32,0.4209,-1,-1,-1
596,154,320.03,537.14,43.20,97.30,0.5005,-1,-1,-1
597,148,16.70,627.67,91.71,192.26,0.7591,-1,-1,-1
597,155,1755.41,584.83,80.27,173.20,0.7491,-1,-1,-1
597,160,1227.14,527.70,28.08,76.38,0.3620,-1,-1,-1
597,154,315.62,533.98,42.63,102.65,0.6772,-1,-1,-1
598,148,2.47,637.21,96.51,192.63,0.7892,-1,-1,-1
598,155,1758.84,584.27,81.70,171.41,0.7621,-1,-1,-1
598,160,1228.41,527.72,27.50,76.25,0.3455,-1,-1,-1
598,154,310.56,537.28,42.68,104.34,0.5367,-1,-1,-1
599,148,-2.90,640.62,88.65,193.16,0.7887,-1,-1,-1
599,155,1763.95,582.84,82.44,172.84,0.7712,-1,-1,-1
599,160,1230.52,525.85,27.94,78.72,0.4837,-1,-1,-1
599,154,308.10,541.82,42.20,100.51,0.5004,-1,-1,-1
600,148,-4.82,647.54,78.55,192.30,0.7801,-1,-1,-1
600,155,1766.62,582.24,82.77,176.26,0.7866,-1,-1,-1
600,160,1232.07,522.15,29.12,83.28,0.5876,-1,-1,-1
600,154,303.79,544.90,43.88,98.97,0.4884,-1,-1,-1
601,148,-4.81,651.40,65.75,192.73,0.7090,-1,-1,-1
601,155,1774.97,580.61,76.70,178.46,0.7813,-1,-1,-1
601,160,1233.74,522.77,29.11,82.98,0.4031,-1,-1,-1
601,154,298.52,541.88,47.08,103.15,0.4742,-1,-1,-1
602,148,-3.88,661.22,53.01,185.41,0.5068,-1,-1,-1
602,155,1783.92,577.76,70.00,181.52,0.7093,-1,-1,-1
602,160,1235.14,521.63,28.90,83.99,0.3449,-1,-1,-1
602,154,294.11,539.00,49.28,108.16,0.4390,-1,-1,-1
603,148,-2.73,671.63,37.71,178.72,0.4413,-1,-1,-1
603,155,1789.77,578.82,64.90,182.36,0.6270,-1,-1,-1
603,160,1236.04,519.82,30.52,87.25,0.4007,-1,-1,-1
603,154,290.40,527.92,49.41,120.51,0.5473,-1,-1,-1
604,155,1800.77,575.82,54.93,186.17,0.4705,-1,-1,-1
604,160,1237.75,519.91,30.45,88.39,0.5442,-1,-1,-1
604,154,287.97,540.96,48.67,109.55,0.6030,-1,-1,-1
605,155,1811.38,579.94,48.32,183.74,0.5075,-1,-1,-1
605,160,1240.10,518.66,30.11,88.71,0.6183,-1,-1,-1
605,154,284.72,524.17,51.40,125.46,0.4653,-1,-1,-1
606,160,1243.36,515.81,28.77,90.84,0.6176,-1,-1,-1
606,154,281.78,529.25,51.29,120.97,0.5509,-1,-1,-1
607,160,1245.16,515.30,29.18,91.61,0.6148,-1,-1,-1
607,154,279.35,538.41,51.21,112.67,0.5709,-1,-1,-1
608,160,1247.90,516.41,29.57,91.23,0.3056,-1,-1,-1
608,154,277.03,540.58,49.92,108.53,0.6188,-1,-1,-1
609,160,1250.88,517.56,31.08,90.59,0.5390,-1,-1,-1
609,154,275.54,545.78,49.13,101.36,0.4791,-1,-1,-1
610,160,1252.66,517.62,32.51,91.81,0.4884,-1,-1,-1
610,154,273.82,529.13,49.64,114.67,0.5589,-1,-1,-1
611,160,1255.74,516.80,30.78,95.78,0.4309,-1,-1,-1
611,154,270.67,516.45,51.06,127.71,0.5753,-1,-1,-1
612,160,1259.40,519.36,30.01,94.61,0.4563,-1,-1,-1
612,154,267.45,507.32,50.76,137.07,0.6362,-1,-1,-1
612,161,1826.21,591.15,45.04,181.02,0.4176,-1,-1,-1
613,160,1263.09,521.92,29.71,93.15,0.5645,-1,-1,-1
613,154,263.28,499.71,53.48,144.02,0.6914,-1,-1,-1
613,161,1830.80,595.49,49.66,180.26,0.5438,-1,-1,-1
614,160,1266.15,524.15,29.58,91.64,0.6226,-1,-1,-1
614,154,259.75,497.68,54.44,146.69,0.7441,-1,-1,-1
614,161,1835.90,597.42,60.06,187.21,0.5617,-1,-1,-1
615,160,1267.90,525.01,30.04,91.31,0.6177,-1,-1,-1
615,154,257.42,496.38,53.15,148.39,0.7418,-1,-1,-1
615,161,1840.55,601.28,63.97,194.71,0.5268,-1,-1,-1
616,160,1269.64,527.53,30.70,93.66,0.6310,-1,-1,-1
616,154,254.83,498.14,50.48,147.24,0.6221,-1,-1,-1
616,161,1847.48,604.92,61.79,194.27,0.5735,-1,-1,-1
617,160,1271.78,528.02,30.62,95.78,0.5780,-1,-1,-1
617,154,253.66,497.98,50.31,144.95,0.6405,-1,-1,-1
617,161,1851.01,610.86,56.93,192.06,0.5698,-1,-1,-1
618,160,1274.64,530.72,31.92,96.36,0.5517,-1,-1,-1
618,154,250.30,500.86,49.70,143.54,0.6319,-1,-1,-1
618,161,1855.03,611.68,63.13,197.07,0.6586,-1,-1,-1
619,160,1276.14,531.88,33.64,96.25,0.6064,-1,-1,-1
619,154,248.08,503.87,49.60,142.74,0.6442,-1,-1,-1
619,161,1860.94,609.95,60.66,202.93,0.6306,-1,-1,-1
620,160,1276.34,532.51,36.10,98.41,0.6342,-1,-1,-1
620,154,246.13,504.46,49.77,142.88,0.5914,-1,-1,-1
620,161,1867.46,610.34,53.99,207.06,0.6593,-1,-1,-1
621,160,1281.17,530.35,35.07,101.94,0.6003,-1,-1,-1
621,154,244.56,501.42,49.65,147.08,0.6217,-1,-1,-1
621,161,1875.46,609.64,45.63,207.47,0.5317,-1,-1,-1
622,160,1286.52,530.65,31.97,105.14,0.5723,-1,-1,-1
622,154,241.84,500.70,49.13,148.25,0.6681,-1,-1,-1
622,161,1880.93,611.39,39.78,202.37,0.6149,-1,-1,-1
623,160,1291.73,528.42,33.39,104.48,0.6338,-1,-1,-1
623,154,239.09,499.67,49.05,153.68,0.6351,-1,-1,-1
623,161,1887.52,604.88,33.26,197.72,0.3997,-1,-1,-1
624,160,1295.57,529.99,35.17,105.52,0.6203,-1,-1,-1
624,154,237.93,498.08,48.16,153.82,0.6686,-1,-1,-1
625,160,1300.31,534.67,35.78,103.62,0.6307,-1,-1,-1
625,154,236.51,509.02,48.40,148.75,0.6584,-1,-1,-1
626,160,1305.04,530.66,40.79,107.77,0.5578,-1,-1,-1
626,154,235.45,516.63,48.95,138.32,0.6769,-1,-1,-1
627,160,1311.24,529.38,39.61,109.34,0.6456,-1,-1,-1
627,154,235.04,533.10,48.29,128.56,0.6341,-1,-1,-1
628,160,1318.10,531.71,39.13,108.72,0.6345,-1,-1,-1
628,154,234.99,537.68,48.46,124.34,0.6432,-1,-1,-1
629,160,1324.13,529.59,39.83,107.08,0.7120,-1,-1,-1
629,154,234.61,551.07,47.94,117.56,0.7024,-1,-1,-1
630,160,1330.75,529.68,42.29,107.59,0.6757,-1,-1,-1
630,154,235.55,551.15,47.94,118.36,0.6718,-1,-1,-1
630,163,311.98,491.87,18.95,37.05,0.3584,-1,-1,-1
631,160,1339.87,528.90,39.82,109.35,0.6767,-1,-1,-1
631,154,236.41,552.05,50.60,117.33,0.6436,-1,-1,-1
632,160,1346.55,530.74,40.67,108.98,0.7134,-1,-1,-1
632,154,237.28,554.32,51.90,118.41,0.6209,-1,-1,-1
633,160,1354.15,534.63,42.72,108.96,0.6615,-1,-1,-1
633,154,238.51,551.88,53.86,122.18,0.6104,-1,-1,-1
634,160,1362.87,536.67,41.32,107.99,0.6405,-1,-1,-1
634,154,239.21,553.72,51.69,124.30,0.6023,-1,-1,-1
635,160,1370.08,533.77,43.64,115.94,0.7260,-1,-1,-1
635,154,241.90,549.27,52.42,127.38,0.5529,-1,-1,-1
636,160,1377.97,538.70,43.11,114.38,0.6074,-1,-1,-1
636,154,243.06,551.57,51.81,129.03,0.5860,-1,-1,-1
637,160,1389.01,539.49,41.24,115.56,0.4789,-1,-1,-1
637,154,245.25,542.98,53.41,138.11,0.5292,-1,-1,-1
638,160,1397.26,539.09,43.02,120.25,0.6066,-1,-1,-1
638,154,246.07,537.29,54.11,146.91,0.6138,-1,-1,-1
639,160,1411.09,548.88,38.62,114.61,0.4547,-1,-1,-1
639,154,248.70,536.22,54.28,149.04,0.6488,-1,-1,-1
640,160,1419.39,553.19,39.83,109.48,0.3662,-1,-1,-1
640,154,250.88,535.80,52.99,152.31,0.6530,-1,-1,-1
641,160,1430.62,554.39,38.33,106.41,0.5198,-1,-1,-1
641,154,254.30,537.43,52.38,152.38,0.6611,-1,-1,-1
642,160,1442.25,558.57,38.68,105.91,0.5630,-1,-1,-1
642,154,257.34,534.86,52.14,155.20,0.5646,-1,-1,-1
643,160,1454.93,562.32,36.81,98.78,0.3615,-1,-1,-1
643,154,260.06,530.92,51.16,160.88,0.5509,-1,-1,-1
644,154,263.07,529.55,48.84,163.11,0.4245,-1,-1,-1
645,154,266.64,556.94,47.78,137.45,0.3858,-1,-1,-1
645,160,1479.93,564.79,35.01,76.70,0.4167,-1,-1,-1
646,154,271.46,568.76,47.09,128.11,0.4154,-1,-1,-1
646,160,1489.98,563.92,39.49,72.03,0.4667,-1,-1,-1
647,154,275.53,545.98,44.57,150.65,0.4647,-1,-1,-1
648,154,279.67,558.93,46.16,138.70,0.5227,-1,-1,-1
649,154,284.07,540.99,45.42,149.67,0.4948,-1,-1,-1
650,154,285.93,535.35,48.09,158.67,0.5943,-1,-1,-1
651,154,290.86,532.88,49.99,164.61,0.4303,-1,-1,-1
652,154,300.25,543.12,46.84,141.03,0.5729,-1,-1,-1
653,154,306.93,553.34,44.21,132.09,0.3336,-1,-1,-1
654,154,312.72,557.11,42.67,133.70,0.5720,-1,-1,-1
655,154,319.94,530.67,42.28,156.52,0.4944,-1,-1,-1
655,160,1618.18,563.42,48.72,57.90,0.3538,-1,-1,-1
656,154,327.43,534.21,44.70,163.60,0.5395,-1,-1,-1
656,160,1634.74,563.12,49.49,55.07,0.3290,-1,-1,-1
657,154,334.98,532.68,45.21,170.08,0.5524,-1,-1,-1
657,160,1656.10,566.12,47.60,59.45,0.3424,-1,-1,-1
658,154,345.87,561.26,44.53,145.17,0.3958,-1,-1,-1
658,160,1675.33,570.70,45.63,60.98,0.3257,-1,-1,-1
659,154,349.53,585.68,49.38,136.48,0.3632,-1,-1,-1
660,154,356.77,588.03,47.26,131.92,0.4928,-1,-1,-1
661,154,360.25,591.47,49.97,131.76,0.5640,-1,-1,-1
661,160,1723.28,598.32,58.12,64.40,0.3987,-1,-1,-1
662,154,366.23,595.72,52.60,127.17,0.5371,-1,-1,-1
662,160,1745.69,606.65,56.97,61.56,0.3078,-1,-1,-1
663,154,377.62,598.52,49.13,121.75,0.5338,-1,-1,-1
664,154,382.68,593.02,53.18,124.11,0.6057,-1,-1,-1
665,154,389.14,596.85,55.86,119.37,0.4866,-1,-1,-1
666,154,394.71,593.70,62.07,119.43,0.6451,-1,-1,-1
667,154,398.25,588.69,71.39,124.71,0.5622,-1,-1,-1
668,154,400.06,584.31,83.18,133.17,0.6018,-1,-1,-1
669,154,406.49,576.80,93.23,138.85,0.4364,-1,-1,-1
669,168,394.85,518.42,25.63,77.16,0.3680,-1,-1,-1
670,154,414.87,572.00,98.37,142.06,0.6282,-1,-1,-1
670,168,400.72,513.68,28.32,80.01,0.6397,-1,-1,-1
671,154,426.18,568.36,98.19,144.28,0.5775,-1,-1,-1
671,168,405.34,511.59,28.06,78.09,0.4919,-1,-1,-1
672,168,411.29,509.11,28.00,76.39,0.4467,-1,-1,-1
674,154,494.51,558.36,65.35,140.60,0.3766,-1,-1,-1
675,154,482.79,557.38,91.71,144.09,0.3069,-1,-1,-1
675,168,428.17,492.73,32.02,82.95,0.3890,-1,-1,-1
676,168,431.41,498.16,31.49,82.21,0.5485,-1,-1,-1
677,168,437.41,493.38,33.74,84.94,0.4563,-1,-1,-1
678,168,442.15,495.63,35.72,86.64,0.3784,-1,-1,-1
679,168,447.91,510.03,36.61,84.01,0.3653,-1,-1,-1
679,154,533.38,573.61,99.80,145.22,0.5499,-1,-1,-1
680,154,564.74,568.45,82.12,141.61,0.3371,-1,-1,-1
681,154,582.82,595.55,80.40,140.80,0.4263,-1,-1,-1
682,154,602.96,618.54,76.28,137.95,0.3647,-1,-1,-1
683,154,618.13,593.28,62.12,137.53,0.3246,-1,-1,-1
683,168,463.21,521.44,32.58,88.87,0.3554,-1,-1,-1
685,168,470.27,516.83,32.73,82.72,0.4299,-1,-1,-1
686,168,475.22,509.06,31.31,82.38,0.4777,-1,-1,-1
686,154,661.89,572.89,50.87,128.45,0.4331,-1,-1,-1
687,168,481.85,507.36,32.08,80.53,0.4376,-1,-1,-1
688,168,486.71,506.03,30.15,80.62,0.3715,-1,-1,-1
690,172,678.08,564.64,110.29,151.69,0.4677,-1,-1,-1
690,168,495.76,502.50,27.76,82.10,0.4597,-1,-1,-1
691,172,695.31,565.73,108.77,152.39,0.5898,-1,-1,-1
691,173,652.69,475.25,20.06,49.80,0.3813,-1,-1,-1
691,168,500.70,504.16,26.54,80.48,0.3198,-1,-1,-1
692,172,716.47,570.03,101.39,147.96,0.4484,-1,-1,-1
692,173,658.69,475.69,17.74,48.18,0.3402,-1,-1,-1
692,168,507.78,501.52,26.93,81.81,0.5556,-1,-1,-1
693,172,762.14,573.71,71.72,145.29,0.5268,-1,-1,-1
693,173,666.44,475.76,19.96,47.51,0.3273,-1,-1,-1
693,168,511.08,497.74,31.97,86.81,0.3799,-1,-1,-1
694,172,775.75,581.46,78.70,141.55,0.4825,-1,-1,-1
694,173,672.16,476.74,19.75,51.03,0.3573,-1,-1,-1
694,168,512.84,499.34,35.05,88.08,0.4952,-1,-1,-1
695,172,792.90,585.91,77.80,145.23,0.3600,-1,-1,-1
695,173,677.37,476.94,20.02,53.02,0.4107,-1,-1,-1
695,168,517.04,500.65,33.79,87.94,0.5223,-1,-1,-1
696,168,526.40,500.90,32.11,83.84,0.4353,-1,-1,-1
697,168,529.30,503.69,32.32,82.83,0.4876,-1,-1,-1
698,168,533.23,501.36,32.13,87.31,0.4721,-1,-1,-1
698,173,695.16,477.58,19.35,52.61,0.3749,-1,-1,-1
699,168,535.43,500.48,33.89,89.59,0.3021,-1,-1,-1
699,173,699.87,477.15,20.35,53.32,0.4807,-1,-1,-1
699,172,843.68,584.20,95.00,157.49,0.5793,-1,-1,-1
700,168,537.42,502.16,35.34,92.10,0.5292,-1,-1,-1
700,173,703.06,479.59,20.22,52.84,0.4617,-1,-1,-1
700,172,855.10,584.67,102.68,159.53,0.5885,-1,-1,-1
701,168,543.29,504.24,33.56,91.09,0.4019,-1,-1,-1
701,172,878.72,589.42,96.25,158.75,0.4999,-1,-1,-1
702,168,549.67,506.09,33.24,88.14,0.3618,-1,-1,-1
702,172,917.52,596.39,76.23,155.91,0.5878,-1,-1,-1
702,173,717.89,478.63,19.10,54.19,0.4284,-1,-1,-1
703,168,554.23,504.67,32.41,89.84,0.5535,-1,-1,-1
703,172,947.21,602.64,64.11,155.24,0.5386,-1,-1,-1
703,173,722.12,474.52,21.11,58.75,0.4189,-1,-1,-1
704,168,555.62,509.10,34.00,91.13,0.5838,-1,-1,-1
704,172,958.18,610.81,70.68,155.30,0.6481,-1,-1,-1
704,173,725.61,477.01,21.11,60.31,0.3653,-1,-1,-1
705,168,555.05,508.57,38.81,93.69,0.5364,-1,-1,-1
705,172,976.58,612.54,68.98,155.99,0.6476,-1,-1,-1
705,173,727.92,476.34,21.19,60.26,0.4064,-1,-1,-1
706,168,560.91,510.26,35.54,93.58,0.6113,-1,-1,-1
706,172,987.50,616.61,76.76,158.73,0.7585,-1,-1,-1
706,173,736.36,482.67,22.59,55.74,0.3616,-1,-1,-1
707,168,563.59,513.23,34.44,95.07,0.6616,-1,-1,-1
707,172,997.29,615.13,86.86,166.00,0.7426,-1,-1,-1
707,173,739.56,487.68,22.26,53.10,0.3383,-1,-1,-1
708,168,566.59,517.83,33.46,95.77,0.6892,-1,-1,-1
708,172,1000.01,616.99,102.87,171.39,0.6749,-1,-1,-1
708,173,742.87,490.72,21.90,52.84,0.3708,-1,-1,-1
709,168,568.52,520.88,34.42,97.78,0.6427,-1,-1,-1
709,172,1005.76,611.78,119.09,177.33,0.7638,-1,-1,-1
709,173,745.59,492.65,22.43,53.57,0.3619,-1,-1,-1
710,168,573.58,528.86,33.86,92.94,0.6399,-1,-1,-1
710,172,1017.01,621.82,124.99,180.22,0.7748,-1,-1,-1
710,173,749.28,500.69,20.76,53.15,0.3878,-1,-1,-1
711,168,575.77,533.45,34.73,89.85,0.5306,-1,-1,-1
711,172,1041.58,619.76,122.24,177.90,0.7114,-1,-1,-1
711,173,750.77,502.99,20.23,52.23,0.4160,-1,-1,-1
712,168,575.94,536.68,36.31,92.38,0.7174,-1,-1,-1
712,172,1066.47,630.69,114.24,178.21,0.4793,-1,-1,-1
712,173,755.05,506.39,26.98,52.62,0.3842,-1,-1,-1
713,168,577.07,534.64,37.21,94.13,0.7371,-1,-1,-1
713,172,1111.82,629.93,88.26,172.27,0.5802,-1,-1,-1
713,173,760.34,504.94,25.29,50.94,0.3481,-1,-1,-1
714,168,578.59,544.27,37.92,97.58,0.6552,-1,-1,-1
714,172,1128.92,635.17,97.31,170.55,0.7377,-1,-1,-1
714,173,761.81,511.60,22.70,52.49,0.4308,-1,-1,-1
715,168,579.93,540.21,38.25,101.53,0.5894,-1,-1,-1
715,172,1142.06,635.76,99.29,173.40,0.7454,-1,-1,-1
715,173,764.63,505.80,20.95,58.61,0.4268,-1,-1,-1
716,168,580.86,543.47,38.38,101.52,0.5079,-1,-1,-1
716,172,1156.51,632.22,103.18,177.93,0.7687,-1,-1,-1
716,173,767.87,504.11,23.12,60.43,0.4145,-1,-1,-1
717,168,580.59,544.71,39.52,102.05,0.5569,-1,-1,-1
717,172,1173.02,631.02,104.35,183.27,0.7813,-1,-1,-1
717,173,771.33,508.33,22.33,55.82,0.3210,-1,-1,-1
718,168,583.68,551.54,37.02,98.78,0.4834,-1,-1,-1
718,172,1189.69,626.69,109.21,192.41,0.7914,-1,-1,-1
718,173,773.02,509.62,23.08,55.64,0.3730,-1,-1,-1
719,168,585.41,547.28,37.55,100.17,0.5346,-1,-1,-1
719,172,1209.36,632.29,109.98,194.56,0.6610,-1,-1,-1
720,168,585.32,552.18,39.37,101.63,0.5673,-1,-1,-1
720,172,1228.77,631.68,114.64,197.64,0.6722,-1,-1,-1
721,168,587.97,551.90,40.81,102.93,0.4917,-1,-1,-1
721,172,1257.11,635.44,103.49,181.21,0.4772,-1,-1,-1
721,173,783.06,512.93,25.15,55.68,0.3466,-1,-1,-1
722,168,591.30,553.54,38.90,102.94,0.5357,-1,-1,-1
722,172,1290.48,644.94,91.19,193.26,0.4731,-1,-1,-1
722,173,785.63,516.05,23.89,52.78,0.3637,-1,-1,-1
723,168,594.16,551.32,39.16,105.06,0.3702,-1,-1,-1
723,172,1311.60,653.60,98.97,194.42,0.4497,-1,-1,-1
723,173,790.52,514.42,25.35,54.55,0.3735,-1,-1,-1
724,168,594.73,562.75,38.25,103.86,0.4856,-1,-1,-1
724,172,1343.31,663.52,93.89,196.47,0.5492,-1,-1,-1
724,173,793.01,524.32,24.28,53.72,0.3638,-1,-1,-1
725,168,595.31,565.81,37.80,104.03,0.5709,-1,-1,-1
725,172,1370.47,663.98,92.73,203.15,0.7111,-1,-1,-1
725,173,796.70,525.30,23.35,53.22,0.4726,-1,-1,-1
726,168,597.60,565.24,37.26,103.71,0.5740,-1,-1,-1
726,172,1386.47,672.92,101.77,208.08,0.6206,-1,-1,-1
726,173,800.37,522.23,21.61,56.01,0.3623,-1,-1,-1
727,168,597.71,571.48,41.05,105.98,0.7157,-1,-1,-1
727,172,1424.59,672.87,85.41,184.20,0.4059,-1,-1,-1
728,168,598.44,568.90,42.13,106.39,0.6735,-1,-1,-1
728,172,1419.38,681.85,117.38,209.24,0.5806,-1,-1,-1
728,173,811.92,525.88,22.05,57.68,0.3865,-1,-1,-1
729,168,598.78,566.80,43.66,109.28,0.6382,-1,-1,-1
729,172,1434.16,680.87,131.95,218.77,0.7228,-1,-1,-1
729,173,814.65,524.42,21.04,57.37,0.3836,-1,-1,-1
730,168,599.00,570.39,45.38,111.19,0.5672,-1,-1,-1
730,172,1496.30,688.16,100.40,225.03,0.4558,-1,-1,-1
730,173,817.08,525.50,21.23,59.22,0.3506,-1,-1,-1
731,168,600.42,564.97,46.88,114.98,0.6685,-1,-1,-1
731,173,818.99,524.05,22.46,59.44,0.4064,-1,-1,-1
732,168,601.15,565.13,47.10,116.68,0.6763,-1,-1,-1
732,173,820.01,525.24,22.92,58.23,0.4905,-1,-1,-1
732,172,1560.83,701.31,84.61,229.78,0.5060,-1,-1,-1
733,168,602.29,567.09,46.87,116.08,0.6495,-1,-1,-1
733,173,821.31,522.90,23.98,60.10,0.5292,-1,-1,-1
733,172,1590.00,705.04,87.33,228.63,0.7024,-1,-1,-1
734,168,602.68,560.30,47.01,120.48,0.6867,-1,-1,-1
734,173,824.44,524.29,21.63,54.87,0.4002,-1,-1,-1
734,172,1599.81,709.06,106.06,230.52,0.6285,-1,-1,-1
735,168,602.24,562.43,47.66,121.79,0.6948,-1,-1,-1
735,172,1615.55,704.89,119.28,233.03,0.7444,-1,-1,-1
735,175,837.59,527.90,23.93,51.77,0.3757,-1,-1,-1
736,168,606.01,559.02,45.85,122.23,0.6751,-1,-1,-1
736,172,1632.14,705.52,131.51,244.32,0.7152,-1,-1,-1
736,175,835.67,524.63,23.26,52.12,0.3813,-1,-1,-1
736,173,832.58,523.55,22.82,52.68,0.3813,-1,-1,-1
737,168,606.89,560.55,46.17,122.35,0.6581,-1,-1,-1
737,172,1657.44,697.29,134.56,257.76,0.7947,-1,-1,-1
737,175,834.88,523.50,24.31,53.02,0.3767,-1,-1,-1
737,173,834.69,523.06,24.14,53.06,0.3767,-1,-1,-1
738,168,606.56,562.98,47.69,123.01,0.6592,-1,-1,-1
738,172,1684.83,705.82,139.03,262.84,0.7552,-1,-1,-1
738,175,835.92,525.66,22.96,53.16,0.3532,-1,-1,-1
738,173,836.48,525.50,23.10,53.07,0.3532,-1,-1,-1
739,168,606.83,564.30,49.23,123.79,0.6563,-1,-1,-1
739,172,1712.66,717.20,150.27,261.64,0.7532,-1,-1,-1
739,175,838.65,524.70,22.52,54.86,0.3569,-1,-1,-1
739,173,839.18,524.67,22.72,54.63,0.3569,-1,-1,-1
740,168,607.06,566.55,49.54,123.79,0.6844,-1,-1,-1
740,172,1741.85,732.65,148.91,254.15,0.7468,-1,-1,-1
740,175,839.84,524.26,22.18,56.56,0.4213,-1,-1,-1
740,173,840.32,524.29,22.40,56.27,0.4213,-1,-1,-1
741,168,607.97,568.65,49.37,124.25,0.6777,-1,-1,-1
741,172,1778.23,733.09,141.25,263.05,0.5820,-1,-1,-1
741,175,841.83,526.74,22.52,55.99,0.4779,-1,-1,-1
741,173,842.30,526.73,22.67,55.78,0.4779,-1,-1,-1
742,168,608.79,570.36,48.16,123.84,0.6456,-1,-1,-1
742,172,1822.28,749.41,106.68,258.17,0.4332,-1,-1,-1
742,175,842.62,528.08,22.40,56.42,0.5101,-1,-1,-1
742,173,843.04,528.08,22.54,56.24,0.5101,-1,-1,-1
743,168,607.37,571.41,50.86,125.24,0.6307,-1,-1,-1
743,175,843.78,528.86,22.17,55.71,0.4483,-1,-1,-1
743,173,844.15,528.84,22.30,55.58,0.4483,-1,-1,-1
744,168,605.82,571.64,51.05,126.96,0.6297,-1,-1,-1
744,175,844.26,528.62,21.93,56.05,0.4812,-1,-1,-1
744,173,844.56,528.61,22.04,55.94,0.4812,-1,-1,-1
745,168,604.29,573.22,52.39,128.55,0.6669,-1,-1,-1
745,175,844.18,526.31,22.19,59.85,0.4969,-1,-1,-1
745,173,844.44,526.32,22.28,59.71,0.4969,-1,-1,-1
746,168,603.12,573.84,51.38,130.39,0.6266,-1,-1,-1
746,175,844.02,525.32,22.92,62.72,0.5163,-1,-1,-1
746,173,844.25,525.35,22.99,62.58,0.5163,-1,-1,-1
747,168,603.06,574.96,51.29,132.33,0.6540,-1,-1,-1
747,175,844.25,524.87,23.80,64.10,0.5046,-1,-1,-1
747,173,844.46,524.90,23.86,63.96,0.5046,-1,-1,-1
748,168,602.87,575.17,51.38,133.34,0.6733,-1,-1,-1
749,168,602.77,576.77,51.36,132.29,0.6759,-1,-1,-1
750,168,602.28,578.73,51.49,130.77,0.6232,-1,-1,-1
