1,1,118.00,157.54,79.98,171.15,0.8483,-1,-1,-1
1,2,16.01,148.76,74.70,190.85,0.8158,-1,-1,-1
2,1,118.40,155.04,81.50,174.37,0.8474,-1,-1,-1
2,2,16.78,145.53,76.06,194.44,0.8563,-1,-1,-1
3,1,116.83,153.83,82.20,177.00,0.7126,-1,-1,-1
3,2,18.75,138.29,79.12,202.71,0.8291,-1,-1,-1
4,1,125.78,154.02,83.11,179.11,0.8464,-1,-1,-1
4,2,23.56,141.74,78.31,201.12,0.8195,-1,-1,-1
5,1,134.18,156.33,83.73,180.28,0.8141,-1,-1,-1
5,2,29.99,139.99,80.22,206.94,0.8696,-1,-1,-1
6,1,140.62,155.31,85.42,183.78,0.8338,-1,-1,-1
6,2,33.03,140.42,81.04,209.21,0.8532,-1,-1,-1
6,4,223.00,197.93,20.70,66.96,0.6157,-1,-1,-1
6,5,268.53,198.15,23.84,66.32,0.5848,-1,-1,-1
7,1,144.79,153.06,86.97,187.04,0.8595,-1,-1,-1
7,2,36.67,140.16,81.17,210.27,0.8357,-1,-1,-1
7,4,227.15,198.33,20.53,66.10,0.6564,-1,-1,-1
7,5,274.39,199.07,22.95,63.65,0.6749,-1,-1,-1
8,1,151.32,152.68,88.47,190.29,0.8704,-1,-1,-1
8,2,40.27,139.95,82.09,213.32,0.8246,-1,-1,-1
8,4,235.05,199.87,20.47,65.54,0.6823,-1,-1,-1
8,5,281.14,200.48,23.45,64.78,0.5866,-1,-1,-1
9,1,155.79,151.84,89.61,193.06,0.8672,-1,-1,-1
9,2,44.94,139.97,82.12,214.13,0.8301,-1,-1,-1
9,4,242.35,202.96,19.94,63.19,0.5640,-1,-1,-1
9,5,288.03,199.93,23.83,65.70,0.7194,-1,-1,-1
9,7,269.53,198.77,20.84,66.25,0.6484,-1,-1,-1
10,1,162.12,148.91,91.31,197.37,0.8699,-1,-1,-1
10,2,48.73,136.35,84.36,219.71,0.8570,-1,-1,-1
10,4,251.10,198.76,21.34,67.10,0.6479,-1,-1,-1
10,5,295.94,201.21,23.67,64.99,0.6355,-1,-1,-1
11,1,168.39,147.51,92.56,200.78,0.8611,-1,-1,-1
11,2,53.92,135.44,85.27,222.06,0.8677,-1,-1,-1
11,4,256.48,200.47,20.79,65.12,0.4895,-1,-1,-1
11,5,304.27,201.28,23.44,64.66,0.6470,-1,-1,-1
11,8,144.52,195.72,24.23,69.86,0.5638,-1,-1,-1
12,1,178.40,147.40,94.24,204.83,0.8703,-1,-1,-1
12,2,60.55,131.65,88.12,230.75,0.8809,-1,-1,-1
12,5,314.45,204.52,22.90,63.20,0.5015,-1,-1,-1
12,8,153.83,197.76,24.08,69.06,0.5751,-1,-1,-1
12,7,270.79,199.50,21.68,68.53,0.6255,-1,-1,-1
13,1,183.69,147.09,96.17,208.83,0.8587,-1,-1,-1
13,2,66.74,138.53,86.58,226.49,0.8563,-1,-1,-1
13,5,320.74,197.59,25.41,70.37,0.4621,-1,-1,-1
13,8,160.98,196.98,24.78,70.61,0.5698,-1,-1,-1
13,7,275.21,200.09,21.77,68.49,0.5113,-1,-1,-1
14,1,194.15,145.51,97.27,212.00,0.8290,-1,-1,-1
14,2,76.11,131.23,89.29,235.87,0.8714,-1,-1,-1
14,5,332.07,202.94,23.44,65.16,0.3743,-1,-1,-1
14,8,171.27,196.26,25.16,71.23,0.5989,-1,-1,-1
15,1,205.44,145.07,98.68,215.81,0.8599,-1,-1,-1
15,2,83.39,135.79,88.67,234.54,0.8601,-1,-1,-1
15,5,345.32,204.70,23.53,64.66,0.6195,-1,-1,-1
15,8,182.52,197.49,25.23,70.97,0.6607,-1,-1,-1
16,1,212.16,144.45,99.35,217.00,0.8458,-1,-1,-1
16,2,82.72,127.48,92.38,243.51,0.8775,-1,-1,-1
16,5,353.71,201.34,24.50,66.74,0.5437,-1,-1,-1
16,8,188.56,194.63,25.71,71.61,0.6427,-1,-1,-1
16,12,300.80,199.04,22.47,66.82,0.6869,-1,-1,-1
16,14,329.79,195.98,24.29,70.48,0.5512,-1,-1,-1
17,1,216.99,141.06,102.27,222.22,0.7740,-1,-1,-1
17,2,85.53,124.79,93.77,247.43,0.8982,-1,-1,-1
17,8,192.25,193.32,25.94,71.77,0.6425,-1,-1,-1
17,12,305.35,196.54,23.27,69.17,0.5983,-1,-1,-1
17,14,333.34,195.59,24.04,69.81,0.4479,-1,-1,-1
18,1,219.96,138.45,105.67,228.57,0.8572,-1,-1,-1
18,2,86.08,124.10,95.63,252.02,0.9013,-1,-1,-1
18,8,196.16,194.31,25.63,70.53,0.5472,-1,-1,-1
18,12,310.21,195.16,23.83,71.00,0.7059,-1,-1,-1
19,1,221.67,134.34,108.55,233.97,0.8668,-1,-1,-1
19,2,84.46,120.04,97.50,256.85,0.9063,-1,-1,-1
19,8,197.82,193.17,25.78,70.26,0.5151,-1,-1,-1
19,12,312.27,192.82,24.04,71.43,0.6223,-1,-1,-1
20,1,219.53,129.98,111.48,239.86,0.8877,-1,-1,-1
20,2,80.13,114.88,99.93,263.65,0.9029,-1,-1,-1
20,8,196.58,189.07,26.60,72.08,0.5808,-1,-1,-1
21,1,218.12,127.03,114.64,246.36,0.8791,-1,-1,-1
21,2,75.79,109.15,103.09,272.49,0.8987,-1,-1,-1
21,8,195.45,186.86,27.27,73.82,0.6609,-1,-1,-1
21,15,41.25,186.39,28.09,69.58,0.5716,-1,-1,-1
22,1,217.28,123.56,117.52,252.58,0.8829,-1,-1,-1
22,2,71.43,104.63,105.73,279.57,0.8849,-1,-1,-1
22,8,196.02,185.82,27.21,73.68,0.3513,-1,-1,-1
22,15,41.55,183.80,28.57,70.76,0.4107,-1,-1,-1
23,1,216.38,122.75,120.55,259.74,0.8812,-1,-1,-1
23,2,68.99,103.73,108.65,287.98,0.8964,-1,-1,-1
23,8,198.48,188.60,27.05,73.51,0.5794,-1,-1,-1
23,15,46.75,189.43,27.35,68.10,0.3669,-1,-1,-1
24,1,218.50,121.19,122.25,265.11,0.7987,-1,-1,-1
24,2,67.03,103.19,111.06,294.18,0.8601,-1,-1,-1
25,1,223.29,120.21,124.58,273.80,0.8810,-1,-1,-1
25,2,63.95,102.29,114.34,302.50,0.8911,-1,-1,-1
26,1,224.31,117.01,126.05,280.75,0.8711,-1,-1,-1
26,2,60.52,100.30,116.99,309.02,0.8825,-1,-1,-1
27,1,228.20,113.74,127.38,287.73,0.8809,-1,-1,-1
27,2,57.70,96.53,119.62,315.49,0.8971,-1,-1,-1
28,1,231.82,111.32,128.36,294.26,0.8851,-1,-1,-1
28,2,55.64,94.27,122.37,322.52,0.9022,-1,-1,-1
29,1,231.27,106.56,131.01,302.06,0.8658,-1,-1,-1
29,2,52.52,88.06,127.13,335.24,0.8816,-1,-1,-1
30,1,231.44,103.57,133.23,309.40,0.8838,-1,-1,-1
30,2,49.62,84.41,130.66,344.28,0.8888,-1,-1,-1
31,1,236.58,99.32,135.69,319.26,0.8791,-1,-1,-1
31,2,46.16,80.72,134.40,352.69,0.8947,-1,-1,-1
32,1,243.14,96.63,138.24,329.98,0.8769,-1,-1,-1
32,2,45.07,77.75,138.33,362.85,0.8790,-1,-1,-1
33,1,250.53,91.26,140.31,338.20,0.8614,-1,-1,-1
33,2,48.75,71.93,141.63,372.90,0.8887,-1,-1,-1
33,14,361.40,186.78,26.07,75.23,0.6285,-1,-1,-1
34,1,260.11,88.78,143.57,349.57,0.8579,-1,-1,-1
34,2,54.75,69.97,144.27,380.97,0.8852,-1,-1,-1
34,19,424.05,187.76,27.74,78.35,0.6608,-1,-1,-1
34,14,367.46,186.75,26.95,76.50,0.6830,-1,-1,-1
35,1,267.43,87.53,147.56,359.43,0.8551,-1,-1,-1
35,2,60.00,69.37,146.14,387.58,0.9043,-1,-1,-1
35,19,432.58,189.88,27.74,78.30,0.6581,-1,-1,-1
35,14,374.90,188.48,27.23,76.95,0.7058,-1,-1,-1
35,20,3.05,118.51,29.58,103.68,0.6113,-1,-1,-1
36,1,273.95,82.25,152.55,369.00,0.8937,-1,-1,-1
36,2,66.41,63.71,149.78,398.51,0.8946,-1,-1,-1
36,19,445.39,190.00,27.65,78.01,0.6640,-1,-1,-1
36,14,384.35,188.95,27.13,76.41,0.5831,-1,-1,-1
37,1,277.04,78.53,157.33,377.98,0.8908,-1,-1,-1
37,2,69.33,61.01,152.14,405.81,0.9015,-1,-1,-1
37,19,452.00,190.38,27.74,78.35,0.6202,-1,-1,-1
37,14,390.62,189.19,27.28,76.38,0.6553,-1,-1,-1
38,1,283.76,76.16,162.76,387.67,0.8878,-1,-1,-1
38,2,69.81,58.56,155.41,415.25,0.8759,-1,-1,-1
38,19,457.60,190.01,28.40,80.19,0.7279,-1,-1,-1
38,14,397.61,192.89,26.80,74.04,0.4976,-1,-1,-1
39,1,288.94,71.38,167.85,397.24,0.8902,-1,-1,-1
39,2,69.66,54.23,158.64,424.10,0.8789,-1,-1,-1
39,19,462.77,188.27,29.13,81.61,0.6732,-1,-1,-1
39,14,403.34,194.97,25.97,71.34,0.5587,-1,-1,-1
39,23,433.48,187.48,26.91,78.14,0.5784,-1,-1,-1
40,1,291.81,66.72,174.52,410.19,0.8875,-1,-1,-1
40,2,69.40,52.18,160.70,428.95,0.8846,-1,-1,-1
40,19,466.86,188.34,29.73,83.05,0.7036,-1,-1,-1
40,14,408.37,198.43,25.32,70.17,0.4665,-1,-1,-1
40,23,437.52,186.29,28.08,81.56,0.5372,-1,-1,-1
40,24,183.61,63.10,58.53,199.53,0.6955,-1,-1,-1
41,1,295.90,63.22,178.94,417.41,0.8832,-1,-1,-1
41,2,67.50,48.88,162.73,433.17,0.8903,-1,-1,-1
41,19,474.11,188.77,22.20,58.73,0.6164,-1,-1,-1
41,23,439.68,187.87,27.65,80.37,0.5492,-1,-1,-1
41,24,182.95,63.08,58.34,198.91,0.7386,-1,-1,-1
42,1,294.05,57.49,183.68,424.57,0.8999,-1,-1,-1
42,2,58.70,43.15,165.81,439.09,0.8915,-1,-1,-1
42,19,475.32,187.79,17.51,42.42,0.5373,-1,-1,-1
42,24,178.24,57.11,60.66,206.93,0.6338,-1,-1,-1
43,1,293.27,53.51,187.62,428.94,0.9045,-1,-1,-1
43,2,52.78,37.34,168.59,444.77,0.8963,-1,-1,-1
43,19,473.52,189.81,14.78,32.63,0.5272,-1,-1,-1
43,24,174.77,51.92,60.79,207.63,0.6476,-1,-1,-1
44,1,292.48,50.29,191.21,432.13,0.9040,-1,-1,-1
44,2,48.41,31.81,171.27,449.82,0.8976,-1,-1,-1
44,24,173.20,48.56,61.86,211.66,0.6434,-1,-1,-1
45,1,294.27,46.74,194.67,435.13,0.8964,-1,-1,-1
45,2,45.67,27.82,173.09,452.78,0.8951,-1,-1,-1
45,24,174.05,46.89,62.82,215.18,0.6473,-1,-1,-1
46,1,292.46,42.96,199.18,438.95,0.9093,-1,-1,-1
46,2,41.25,21.28,176.57,459.50,0.8836,-1,-1,-1
46,24,173.46,44.86,63.66,218.25,0.6939,-1,-1,-1
47,1,294.12,38.52,203.26,443.27,0.9064,-1,-1,-1
47,2,37.42,15.79,179.40,464.71,0.8726,-1,-1,-1
47,24,172.84,41.51,63.56,218.25,0.6582,-1,-1,-1
48,1,296.95,31.46,207.77,449.69,0.8999,-1,-1,-1
48,2,35.18,11.78,182.33,469.16,0.8635,-1,-1,-1
48,24,174.71,38.50,64.71,222.43,0.6426,-1,-1,-1
49,1,297.32,28.54,211.30,452.75,0.8895,-1,-1,-1
49,2,34.61,9.11,184.44,469.82,0.8604,-1,-1,-1
49,24,175.42,36.29,65.82,226.25,0.6407,-1,-1,-1
50,1,296.13,23.51,215.29,457.11,0.8995,-1,-1,-1
50,2,29.67,3.76,188.41,475.50,0.8586,-1,-1,-1
50,24,173.58,34.26,68.04,234.40,0.6505,-1,-1,-1
50,20,-1.57,90.40,32.98,117.44,0.5214,-1,-1,-1
51,1,296.10,19.66,219.19,460.82,0.9086,-1,-1,-1
51,2,27.97,0.92,190.22,476.97,0.8588,-1,-1,-1
51,24,174.24,32.84,69.27,238.14,0.7361,-1,-1,-1
51,20,-1.18,89.21,32.87,118.05,0.4486,-1,-1,-1
52,1,298.45,16.04,222.39,463.93,0.9018,-1,-1,-1
52,2,24.07,-0.61,192.39,478.93,0.8465,-1,-1,-1
52,24,173.80,30.14,70.10,240.62,0.5960,-1,-1,-1
52,20,-4.22,87.27,39.33,146.75,0.4836,-1,-1,-1
53,1,299.54,13.59,226.03,466.31,0.9044,-1,-1,-1
53,2,21.59,-1.25,194.94,480.77,0.8605,-1,-1,-1
53,24,173.54,28.07,70.31,241.20,0.6313,-1,-1,-1
53,20,-3.37,86.04,41.54,157.56,0.3694,-1,-1,-1
54,1,300.78,11.64,229.46,468.81,0.9116,-1,-1,-1
54,2,20.89,-0.87,195.98,479.14,0.8425,-1,-1,-1
54,24,173.52,27.56,70.66,242.08,0.5766,-1,-1,-1
54,20,0.05,86.25,35.60,132.03,0.4175,-1,-1,-1
55,1,304.76,8.15,233.04,470.79,0.8857,-1,-1,-1
55,2,19.35,-0.57,198.02,479.81,0.8572,-1,-1,-1
55,24,174.67,25.85,71.34,244.29,0.5483,-1,-1,-1
55,20,-4.63,85.76,46.16,177.03,0.4519,-1,-1,-1
56,1,304.11,5.50,237.03,473.35,0.8458,-1,-1,-1
56,2,19.49,-0.90,199.84,479.98,0.8621,-1,-1,-1
56,24,175.43,24.38,72.07,246.96,0.5891,-1,-1,-1
56,20,-3.68,84.22,44.38,173.02,0.4630,-1,-1,-1
57,1,309.40,2.57,241.08,476.98,0.9115,-1,-1,-1
57,2,17.61,-0.31,201.18,478.13,0.8577,-1,-1,-1
57,24,172.84,22.77,79.52,275.73,0.6122,-1,-1,-1
57,20,-3.21,83.26,42.99,170.33,0.5690,-1,-1,-1
58,1,312.03,1.43,244.17,478.72,0.8996,-1,-1,-1
58,2,16.31,-0.01,202.79,477.59,0.8594,-1,-1,-1
58,24,165.51,20.68,96.32,343.55,0.4968,-1,-1,-1
58,20,-3.20,82.91,41.87,168.86,0.4867,-1,-1,-1
59,1,315.52,0.39,247.46,479.53,0.9034,-1,-1,-1
59,2,15.08,0.22,204.66,477.33,0.8446,-1,-1,-1
59,24,167.61,19.88,94.18,341.79,0.7055,-1,-1,-1
59,20,-3.52,83.41,40.51,166.87,0.4018,-1,-1,-1
60,1,318.35,-0.82,250.66,479.32,0.9006,-1,-1,-1
60,2,14.09,-0.05,206.77,477.75,0.8186,-1,-1,-1
60,24,162.86,18.63,103.86,387.29,0.5711,-1,-1,-1
60,20,-7.81,80.56,46.94,202.25,0.3764,-1,-1,-1
61,1,321.87,-1.23,254.39,480.29,0.8971,-1,-1,-1
61,2,11.49,0.41,208.28,476.78,0.8557,-1,-1,-1
61,24,162.44,17.68,105.05,401.82,0.6078,-1,-1,-1
61,20,-8.70,79.77,47.03,211.52,0.3828,-1,-1,-1
62,1,326.53,-1.22,256.13,477.26,0.8308,-1,-1,-1
62,2,9.64,0.54,209.86,476.61,0.8612,-1,-1,-1
62,24,163.81,16.23,105.70,414.90,0.7281,-1,-1,-1
62,20,-8.45,78.46,47.89,223.67,0.4523,-1,-1,-1
63,1,327.04,-1.08,260.21,479.78,0.8858,-1,-1,-1
63,2,8.06,0.85,211.35,476.49,0.7901,-1,-1,-1
63,24,164.64,14.82,105.15,422.42,0.7201,-1,-1,-1
63,20,-14.16,76.10,63.58,312.67,0.3734,-1,-1,-1
64,1,329.33,-1.05,263.23,480.75,0.8758,-1,-1,-1
64,2,7.96,1.45,213.03,476.69,0.8101,-1,-1,-1
64,24,166.18,14.44,102.81,420.38,0.5744,-1,-1,-1
65,1,329.53,-0.97,265.80,481.02,0.8766,-1,-1,-1
65,2,9.76,1.25,214.86,475.67,0.7656,-1,-1,-1
65,24,172.97,13.80,92.28,378.12,0.5250,-1,-1,-1
65,23,501.60,193.01,26.29,76.47,0.6449,-1,-1,-1
66,1,327.40,-0.70,268.42,480.87,0.8839,-1,-1,-1
66,2,8.32,1.14,215.77,474.09,0.8418,-1,-1,-1
66,24,177.31,12.85,85.46,348.05,0.6343,-1,-1,-1
66,23,502.84,192.39,26.37,76.64,0.6824,-1,-1,-1
67,1,326.40,-0.71,271.44,480.78,0.8853,-1,-1,-1
67,2,5.62,1.03,217.55,476.09,0.8088,-1,-1,-1
67,24,173.72,11.56,95.11,394.12,0.7480,-1,-1,-1
67,23,503.72,192.59,26.01,76.43,0.6494,-1,-1,-1
67,20,-18.61,77.84,70.20,371.57,0.5342,-1,-1,-1
68,1,327.66,-0.32,273.56,480.46,0.8942,-1,-1,-1
68,2,4.18,2.16,218.05,475.38,0.7490,-1,-1,-1
68,24,171.64,10.79,99.91,421.43,0.6782,-1,-1,-1
68,23,505.12,192.76,25.65,76.68,0.6037,-1,-1,-1
69,1,327.58,-0.03,275.27,480.19,0.8914,-1,-1,-1
69,2,3.37,2.56,218.83,475.58,0.7385,-1,-1,-1
69,24,171.45,9.78,101.07,433.24,0.6044,-1,-1,-1
69,23,505.47,193.32,24.93,75.80,0.6366,-1,-1,-1
70,1,326.77,0.04,276.91,480.11,0.8925,-1,-1,-1
70,2,1.79,1.63,220.10,477.74,0.8236,-1,-1,-1
70,24,174.62,8.99,99.11,431.13,0.8348,-1,-1,-1
70,23,506.05,193.21,24.69,75.87,0.6176,-1,-1,-1
70,26,294.54,176.77,28.29,85.38,0.5260,-1,-1,-1
71,1,325.38,-0.26,278.43,480.40,0.8762,-1,-1,-1
71,2,1.00,1.32,220.67,478.58,0.8288,-1,-1,-1
71,24,176.91,8.06,97.71,430.53,0.8367,-1,-1,-1
71,23,506.43,193.32,24.20,75.04,0.5621,-1,-1,-1
71,26,293.46,176.70,28.11,84.80,0.5890,-1,-1,-1
72,1,324.25,-0.01,279.85,480.14,0.8827,-1,-1,-1
72,2,0.79,1.15,221.06,478.94,0.8601,-1,-1,-1
72,24,178.63,7.50,96.57,430.42,0.8376,-1,-1,-1
72,23,506.54,193.00,24.24,75.84,0.5839,-1,-1,-1
72,26,292.27,176.71,28.29,85.03,0.6205,-1,-1,-1
73,1,322.57,0.06,281.52,480.06,0.8920,-1,-1,-1
73,2,0.73,1.16,221.30,478.99,0.8544,-1,-1,-1
73,24,180.69,9.15,95.35,428.07,0.8394,-1,-1,-1
73,23,505.80,192.44,24.51,77.35,0.5065,-1,-1,-1
73,26,291.48,177.11,27.77,83.08,0.6043,-1,-1,-1
73,27,586.25,196.24,23.14,51.80,0.5502,-1,-1,-1
74,1,320.29,-0.15,282.92,480.25,0.8501,-1,-1,-1
74,2,0.94,1.17,221.23,478.29,0.8478,-1,-1,-1
74,24,182.19,8.86,94.67,427.36,0.8486,-1,-1,-1
74,23,505.37,193.03,24.03,76.27,0.5654,-1,-1,-1
74,26,291.31,177.10,27.64,82.30,0.5466,-1,-1,-1
75,1,315.22,0.15,283.94,479.94,0.8712,-1,-1,-1
75,2,1.06,0.89,221.39,478.45,0.8280,-1,-1,-1
75,24,184.02,9.20,93.93,426.10,0.8458,-1,-1,-1
75,26,291.53,177.30,27.70,81.91,0.6049,-1,-1,-1
76,1,312.90,-0.10,284.90,479.25,0.8884,-1,-1,-1
76,2,1.15,0.75,221.43,478.40,0.8186,-1,-1,-1
76,24,185.02,9.57,93.44,425.54,0.8553,-1,-1,-1
76,26,291.46,177.06,27.69,81.40,0.6552,-1,-1,-1
77,1,310.10,-0.17,285.34,478.16,0.8744,-1,-1,-1
77,2,1.66,0.72,221.15,477.44,0.8269,-1,-1,-1
77,24,185.80,9.50,92.86,424.45,0.8453,-1,-1,-1
77,26,291.69,176.82,27.91,81.20,0.6553,-1,-1,-1
78,1,308.21,-0.18,286.07,477.30,0.8931,-1,-1,-1
78,2,1.58,0.94,221.74,478.43,0.8335,-1,-1,-1
78,24,186.45,9.05,92.24,424.19,0.8443,-1,-1,-1
78,26,291.00,177.14,28.01,80.88,0.4946,-1,-1,-1
79,1,306.42,-0.17,287.19,479.13,0.8717,-1,-1,-1
79,2,1.79,0.72,221.83,478.37,0.8325,-1,-1,-1
79,24,186.10,9.65,91.55,424.07,0.8372,-1,-1,-1
79,26,290.99,177.62,28.27,80.48,0.4670,-1,-1,-1
80,1,307.52,-0.16,286.13,479.82,0.8759,-1,-1,-1
80,2,1.76,1.04,222.19,478.68,0.8517,-1,-1,-1
80,24,186.11,10.54,91.04,424.49,0.8295,-1,-1,-1
81,1,308.05,-0.14,285.31,480.06,0.8797,-1,-1,-1
81,2,2.49,1.15,222.60,478.57,0.8432,-1,-1,-1
81,24,186.49,10.89,89.78,421.10,0.7936,-1,-1,-1
82,1,310.01,-0.13,283.71,480.14,0.8624,-1,-1,-1
82,2,3.95,1.23,222.86,477.22,0.8405,-1,-1,-1
82,24,186.70,11.74,89.09,420.24,0.7396,-1,-1,-1
83,1,307.29,-0.11,281.78,476.58,0.8781,-1,-1,-1
83,2,2.33,1.36,223.25,477.62,0.8174,-1,-1,-1
83,24,185.75,12.88,89.12,422.97,0.8172,-1,-1,-1
84,1,304.72,-0.10,282.10,478.49,0.9028,-1,-1,-1
84,2,1.54,1.46,223.04,476.76,0.7693,-1,-1,-1
84,24,183.22,12.25,89.46,426.09,0.7987,-1,-1,-1
85,1,306.31,-0.05,281.82,478.39,0.8923,-1,-1,-1
85,2,3.33,1.56,223.31,475.46,0.7586,-1,-1,-1
85,24,180.86,14.11,88.69,424.57,0.7474,-1,-1,-1
86,1,306.94,-0.01,280.89,476.92,0.8678,-1,-1,-1
86,2,3.06,1.67,224.08,476.04,0.7406,-1,-1,-1
86,24,177.64,16.30,88.19,423.68,0.7513,-1,-1,-1
87,1,307.63,0.02,281.47,478.87,0.8880,-1,-1,-1
87,2,3.75,1.74,224.63,475.38,0.7020,-1,-1,-1
87,24,174.72,16.98,86.30,414.72,0.6689,-1,-1,-1
87,23,503.89,193.13,23.85,75.83,0.6594,-1,-1,-1
88,1,306.73,0.58,281.52,479.06,0.8988,-1,-1,-1
88,2,1.89,1.76,224.92,475.71,0.8131,-1,-1,-1
88,24,173.12,20.57,85.41,411.98,0.7456,-1,-1,-1
88,23,504.65,193.10,24.00,76.90,0.5265,-1,-1,-1
89,1,308.47,0.51,281.12,479.41,0.8955,-1,-1,-1
89,2,0.97,1.73,225.33,476.41,0.8041,-1,-1,-1
89,24,171.95,22.61,84.38,406.83,0.7136,-1,-1,-1
89,23,505.10,192.84,23.71,77.04,0.5060,-1,-1,-1
90,1,307.94,0.61,280.97,479.41,0.8977,-1,-1,-1
90,2,-0.41,1.56,225.45,477.16,0.7954,-1,-1,-1
90,24,170.70,23.52,84.14,403.76,0.7518,-1,-1,-1
90,23,505.06,192.91,23.34,77.09,0.4284,-1,-1,-1
91,1,308.24,0.83,280.83,479.21,0.8942,-1,-1,-1
91,2,-0.99,1.43,225.27,477.36,0.7910,-1,-1,-1
91,24,170.11,23.94,84.54,402.77,0.7205,-1,-1,-1
91,23,504.79,192.43,22.95,76.66,0.3011,-1,-1,-1
92,1,306.72,0.64,281.00,479.03,0.9044,-1,-1,-1
92,2,2.46,1.45,225.66,476.34,0.7655,-1,-1,-1
92,24,170.55,24.44,85.03,400.56,0.6933,-1,-1,-1
92,23,505.47,192.67,22.69,76.79,0.3310,-1,-1,-1
93,1,305.71,0.46,280.74,478.86,0.8916,-1,-1,-1
93,2,0.46,1.42,225.00,475.31,0.8433,-1,-1,-1
93,24,173.30,24.06,87.97,406.61,0.7885,-1,-1,-1
94,1,305.26,0.15,280.85,479.60,0.9028,-1,-1,-1
94,2,-0.17,1.49,224.78,475.11,0.8470,-1,-1,-1
94,24,174.65,24.02,90.05,408.79,0.7891,-1,-1,-1
95,1,305.75,0.03,279.71,478.17,0.9009,-1,-1,-1
95,2,-0.38,1.48,224.60,475.09,0.8603,-1,-1,-1
95,24,175.86,22.56,91.87,411.69,0.7887,-1,-1,-1
96,1,305.12,-0.01,279.93,479.37,0.9001,-1,-1,-1
96,2,-0.37,1.59,224.19,474.55,0.8359,-1,-1,-1
96,24,176.66,22.08,92.67,411.38,0.7915,-1,-1,-1
96,29,265.86,192.15,16.24,56.62,0.5347,-1,-1,-1
96,30,301.29,177.99,23.61,80.82,0.5031,-1,-1,-1
97,1,305.93,0.00,278.77,477.75,0.9031,-1,-1,-1
97,2,0.01,1.49,223.35,472.87,0.8639,-1,-1,-1
97,24,177.63,21.05,93.25,412.20,0.8179,-1,-1,-1
97,29,263.10,191.99,16.71,58.27,0.5796,-1,-1,-1
97,30,301.52,178.78,23.61,80.85,0.5726,-1,-1,-1
98,1,306.72,-0.02,278.54,477.98,0.9064,-1,-1,-1
98,2,0.13,1.32,223.27,472.86,0.8745,-1,-1,-1
98,24,180.57,20.41,93.11,412.57,0.8350,-1,-1,-1
98,30,301.48,178.22,24.04,82.44,0.5935,-1,-1,-1
98,23,506.14,192.54,22.45,76.60,0.5048,-1,-1,-1
99,1,307.27,-0.02,278.23,478.05,0.9089,-1,-1,-1
99,2,-0.04,1.13,223.62,473.94,0.8856,-1,-1,-1
99,24,183.41,20.73,92.70,411.80,0.8484,-1,-1,-1
99,30,301.34,177.87,23.66,81.06,0.5366,-1,-1,-1
99,23,506.52,192.40,22.41,76.70,0.3772,-1,-1,-1
100,1,307.74,-0.02,277.58,477.63,0.9027,-1,-1,-1
100,2,-0.48,1.03,223.82,474.94,0.8821,-1,-1,-1
100,24,185.62,18.97,92.70,413.19,0.8406,-1,-1,-1
100,30,301.73,178.27,23.48,80.07,0.5875,-1,-1,-1
100,23,506.06,192.48,22.21,76.06,0.5345,-1,-1,-1
100,26,278.65,178.22,27.86,80.50,0.5715,-1,-1,-1
101,1,308.04,-0.02,278.03,479.17,0.9086,-1,-1,-1
101,2,-0.46,0.92,223.67,475.08,0.8768,-1,-1,-1
101,24,188.62,17.56,92.72,413.61,0.8510,-1,-1,-1
101,30,301.02,178.07,23.82,81.21,0.4535,-1,-1,-1
101,23,506.70,192.61,22.18,76.19,0.3775,-1,-1,-1
101,26,278.72,178.80,27.43,79.88,0.4018,-1,-1,-1
102,1,309.24,0.01,277.02,478.40,0.9022,-1,-1,-1
102,2,-0.51,0.85,223.65,475.46,0.8733,-1,-1,-1
102,24,190.16,16.32,92.83,413.32,0.8478,-1,-1,-1
102,23,506.80,192.79,21.72,75.84,0.2899,-1,-1,-1
103,1,310.35,-0.01,277.04,479.46,0.9121,-1,-1,-1
103,2,-0.64,0.96,223.78,476.20,0.8703,-1,-1,-1
103,24,191.25,16.85,93.08,414.38,0.8402,-1,-1,-1
103,23,507.14,192.93,21.23,75.44,0.3146,-1,-1,-1
104,1,312.22,-0.01,276.98,479.86,0.9108,-1,-1,-1
104,2,-0.54,0.86,223.87,476.69,0.8893,-1,-1,-1
104,24,191.26,17.37,92.85,414.79,0.8418,-1,-1,-1
104,23,507.14,193.10,20.98,75.09,0.3211,-1,-1,-1
105,1,312.94,-0.01,276.86,480.00,0.9087,-1,-1,-1
105,2,-0.36,0.65,223.80,476.69,0.8627,-1,-1,-1
105,24,191.14,17.10,91.91,411.82,0.8375,-1,-1,-1
106,1,313.90,-0.01,276.59,479.45,0.9043,-1,-1,-1
106,2,-0.28,0.47,224.09,477.50,0.8801,-1,-1,-1
106,24,190.34,16.66,91.78,414.07,0.8269,-1,-1,-1
106,30,300.79,178.68,24.07,82.12,0.6320,-1,-1,-1
106,26,278.09,178.83,27.44,81.29,0.5837,-1,-1,-1
107,1,314.85,0.22,276.62,478.87,0.8953,-1,-1,-1
107,2,0.11,0.31,224.38,478.03,0.8803,-1,-1,-1
107,24,190.22,16.68,91.36,414.63,0.8186,-1,-1,-1
107,30,301.04,178.58,24.11,82.13,0.5895,-1,-1,-1
107,26,278.83,179.31,26.77,79.90,0.5657,-1,-1,-1
108,1,315.69,0.08,276.79,477.67,0.8995,-1,-1,-1
108,2,0.45,0.14,224.40,477.78,0.8741,-1,-1,-1
108,24,189.85,16.26,90.99,415.28,0.8235,-1,-1,-1
108,30,301.25,178.76,23.95,81.48,0.6023,-1,-1,-1
108,26,278.93,180.56,26.01,78.13,0.5110,-1,-1,-1
109,1,316.61,0.02,276.72,475.96,0.8312,-1,-1,-1
109,2,0.03,0.01,224.73,478.58,0.8857,-1,-1,-1
109,24,189.04,16.63,90.57,414.26,0.8310,-1,-1,-1
109,30,301.12,178.47,24.11,82.11,0.5540,-1,-1,-1
109,26,279.02,180.54,26.01,78.15,0.5035,-1,-1,-1
110,1,317.19,0.00,278.49,477.28,0.7586,-1,-1,-1
110,2,-0.37,0.06,224.56,478.49,0.9072,-1,-1,-1
110,24,188.71,16.78,90.60,413.97,0.8395,-1,-1,-1
110,30,300.95,178.29,24.18,82.20,0.4514,-1,-1,-1
110,26,282.03,179.50,26.27,79.38,0.2634,-1,-1,-1
111,1,316.90,-0.00,279.54,476.97,0.7984,-1,-1,-1
111,2,-0.80,0.06,224.60,479.02,0.8960,-1,-1,-1
111,24,188.90,17.08,90.88,414.23,0.8443,-1,-1,-1
111,30,299.89,178.09,24.08,81.76,0.2970,-1,-1,-1
112,1,324.09,-0.01,279.84,478.70,0.7948,-1,-1,-1
112,2,-0.86,0.08,224.54,479.28,0.9072,-1,-1,-1
112,24,189.54,16.96,91.61,415.48,0.8492,-1,-1,-1
112,30,299.49,177.63,24.64,82.81,0.3511,-1,-1,-1
113,1,317.32,0.12,280.59,479.20,0.8644,-1,-1,-1
113,2,-0.80,0.07,224.28,479.06,0.9028,-1,-1,-1
113,24,189.13,17.70,92.04,416.46,0.8531,-1,-1,-1
114,1,314.14,0.04,281.45,479.31,0.8971,-1,-1,-1
114,2,-0.85,0.00,223.95,478.74,0.8954,-1,-1,-1
114,24,189.07,18.97,91.91,414.33,0.8538,-1,-1,-1
115,1,311.78,0.01,281.06,478.01,0.8814,-1,-1,-1
115,2,-0.83,0.03,223.90,478.99,0.8898,-1,-1,-1
115,24,189.46,19.86,92.32,415.04,0.8667,-1,-1,-1
116,1,308.80,0.00,282.11,479.09,0.8951,-1,-1,-1
116,2,-0.93,-0.01,223.58,478.72,0.8793,-1,-1,-1
116,24,191.08,20.41,92.47,415.56,0.8596,-1,-1,-1
117,1,306.72,-0.00,282.15,479.04,0.8835,-1,-1,-1
117,2,-0.42,0.12,223.35,478.28,0.8703,-1,-1,-1
117,24,192.81,20.38,92.92,416.55,0.8548,-1,-1,-1
118,1,303.64,-0.00,281.47,478.42,0.8898,-1,-1,-1
118,2,0.15,0.29,223.60,478.59,0.8679,-1,-1,-1
118,24,193.55,20.19,93.15,417.56,0.8589,-1,-1,-1
119,1,301.90,-0.00,281.81,479.46,0.9114,-1,-1,-1
119,2,1.40,0.41,224.35,479.23,0.8853,-1,-1,-1
119,24,196.12,19.95,92.47,414.78,0.8163,-1,-1,-1
119,23,502.07,193.27,23.51,78.22,0.6999,-1,-1,-1
120,1,301.06,-0.00,281.89,479.85,0.9103,-1,-1,-1
120,2,2.69,0.53,225.11,479.36,0.8728,-1,-1,-1
120,24,198.35,20.85,91.50,412.20,0.8094,-1,-1,-1
120,23,501.21,193.17,24.72,78.81,0.7205,-1,-1,-1
121,1,301.78,0.37,281.67,479.62,0.8870,-1,-1,-1
121,2,4.34,0.47,226.27,479.54,0.8772,-1,-1,-1
121,24,198.60,21.12,91.65,414.45,0.8196,-1,-1,-1
121,23,500.75,192.91,25.71,79.42,0.6622,-1,-1,-1
122,1,305.28,0.30,281.02,478.29,0.8887,-1,-1,-1
122,2,6.16,0.29,227.68,479.77,0.8572,-1,-1,-1
122,24,198.71,21.79,91.23,416.62,0.8232,-1,-1,-1
122,23,500.63,193.69,26.01,78.47,0.6644,-1,-1,-1
123,1,303.23,0.72,281.40,478.78,0.8960,-1,-1,-1
123,2,7.56,0.93,228.94,479.14,0.8721,-1,-1,-1
123,24,199.22,21.45,90.33,415.26,0.8339,-1,-1,-1
123,23,500.88,194.02,26.50,78.06,0.6811,-1,-1,-1
124,1,303.25,0.39,281.36,479.13,0.9042,-1,-1,-1
124,2,8.49,0.91,230.33,478.49,0.8645,-1,-1,-1
124,24,200.07,22.23,88.64,410.32,0.8400,-1,-1,-1
124,23,500.99,194.20,26.85,77.88,0.6535,-1,-1,-1
124,32,0.28,75.84,38.71,401.81,0.5491,-1,-1,-1
125,1,303.21,0.57,280.87,478.97,0.9024,-1,-1,-1
125,2,8.86,0.84,231.94,478.18,0.8535,-1,-1,-1
125,24,200.48,22.64,87.34,407.02,0.8190,-1,-1,-1
125,23,501.28,193.86,27.01,77.73,0.6410,-1,-1,-1
125,32,1.49,76.50,38.89,402.97,0.5967,-1,-1,-1
126,1,303.17,0.57,280.44,479.08,0.8998,-1,-1,-1
126,2,10.74,0.76,230.15,469.29,0.7896,-1,-1,-1
126,24,200.91,22.64,86.52,406.26,0.7896,-1,-1,-1
126,23,501.36,194.01,27.12,77.81,0.6275,-1,-1,-1
126,32,2.27,76.66,38.86,401.31,0.4522,-1,-1,-1
127,1,304.23,0.46,280.13,479.28,0.8968,-1,-1,-1
127,2,9.28,0.91,233.54,473.08,0.8428,-1,-1,-1
127,24,201.88,22.76,85.71,406.03,0.8088,-1,-1,-1
127,23,502.19,193.39,27.06,77.75,0.5887,-1,-1,-1
127,32,3.29,77.65,39.16,401.83,0.4112,-1,-1,-1
128,1,304.57,0.55,279.70,479.02,0.9035,-1,-1,-1
128,2,9.47,0.78,235.48,473.12,0.8329,-1,-1,-1
128,24,202.31,22.74,85.20,406.44,0.7368,-1,-1,-1
128,23,502.63,193.85,26.75,76.97,0.6027,-1,-1,-1
128,32,4.02,77.57,39.58,402.40,0.5868,-1,-1,-1
129,1,304.98,0.35,279.12,478.77,0.8964,-1,-1,-1
129,2,8.84,0.83,237.33,473.53,0.8553,-1,-1,-1
129,24,202.46,22.93,84.76,407.02,0.7420,-1,-1,-1
129,23,502.78,193.97,26.73,77.03,0.5896,-1,-1,-1
129,32,4.28,79.38,39.85,400.74,0.6338,-1,-1,-1
130,1,305.02,0.32,278.91,478.85,0.9090,-1,-1,-1
130,2,7.93,0.82,238.07,472.86,0.8327,-1,-1,-1
130,24,202.65,23.65,84.21,406.89,0.7663,-1,-1,-1
130,23,503.61,193.71,26.67,76.96,0.6028,-1,-1,-1
130,32,4.59,80.24,40.30,399.91,0.6946,-1,-1,-1
131,1,304.78,0.44,278.57,478.79,0.8996,-1,-1,-1
131,2,11.12,0.89,237.12,471.06,0.8098,-1,-1,-1
131,24,202.72,23.38,83.55,405.21,0.7975,-1,-1,-1
131,23,502.82,193.63,26.94,77.46,0.6518,-1,-1,-1
131,32,9.56,80.39,30.69,284.55,0.3748,-1,-1,-1
132,1,304.42,0.22,278.21,479.10,0.8961,-1,-1,-1
132,2,11.05,0.69,237.08,471.29,0.7883,-1,-1,-1
132,24,201.66,23.06,83.47,405.51,0.8254,-1,-1,-1
132,23,502.55,192.98,27.06,77.69,0.6415,-1,-1,-1
132,32,8.21,81.28,26.39,233.88,0.2914,-1,-1,-1
132,30,296.93,177.68,24.81,81.23,0.5034,-1,-1,-1
133,1,304.55,0.07,276.82,477.26,0.8985,-1,-1,-1
133,2,9.17,0.59,238.14,473.83,0.8361,-1,-1,-1
133,24,201.00,22.81,83.56,406.30,0.8321,-1,-1,-1
133,23,502.39,192.90,27.33,78.26,0.5936,-1,-1,-1
133,32,6.95,82.04,25.89,220.66,0.3320,-1,-1,-1
133,30,296.57,177.84,25.70,80.95,0.5438,-1,-1,-1
134,1,303.40,0.20,275.91,476.59,0.9033,-1,-1,-1
134,2,8.15,0.69,238.81,476.29,0.8550,-1,-1,-1
134,24,200.24,22.80,83.93,409.71,0.8372,-1,-1,-1
134,23,501.84,192.70,27.74,79.04,0.6296,-1,-1,-1
134,30,296.66,178.23,26.28,80.43,0.5870,-1,-1,-1
135,1,302.99,0.06,276.39,478.77,0.8891,-1,-1,-1
135,2,6.30,0.78,238.89,477.44,0.8785,-1,-1,-1
135,24,200.48,22.82,83.96,411.53,0.8361,-1,-1,-1
135,23,501.17,192.83,27.72,78.91,0.6264,-1,-1,-1
135,30,296.41,177.73,27.04,81.29,0.5322,-1,-1,-1
136,1,302.54,0.08,276.12,479.52,0.8891,-1,-1,-1
136,2,3.72,0.88,238.18,477.49,0.8582,-1,-1,-1
136,24,199.90,23.50,83.75,410.70,0.8289,-1,-1,-1
136,23,500.81,192.62,27.95,79.33,0.6368,-1,-1,-1
136,30,297.03,178.21,26.91,80.84,0.4178,-1,-1,-1
137,1,303.02,0.19,274.71,477.81,0.8919,-1,-1,-1
137,2,1.63,0.81,237.19,478.09,0.8567,-1,-1,-1
137,24,198.00,23.15,84.09,409.72,0.8277,-1,-1,-1
137,23,500.93,193.03,27.88,78.91,0.6008,-1,-1,-1
137,30,297.49,178.11,26.87,80.76,0.5052,-1,-1,-1
138,1,302.55,0.06,275.13,479.18,0.9059,-1,-1,-1
138,2,-0.55,0.54,236.22,479.19,0.8710,-1,-1,-1
138,24,195.82,23.33,85.14,411.39,0.8408,-1,-1,-1
138,23,501.57,192.93,27.87,78.90,0.5741,-1,-1,-1
138,30,296.24,178.36,27.76,80.87,0.6003,-1,-1,-1
139,1,303.19,0.01,275.18,479.74,0.9105,-1,-1,-1
139,2,-1.83,0.43,235.13,479.60,0.8712,-1,-1,-1
139,24,194.50,22.75,85.81,410.64,0.8469,-1,-1,-1
139,23,501.89,193.38,27.66,78.26,0.5521,-1,-1,-1
139,30,295.09,178.23,28.68,81.09,0.6248,-1,-1,-1
140,1,304.42,0.43,274.85,479.24,0.9102,-1,-1,-1
140,2,-3.51,0.57,233.62,479.34,0.8796,-1,-1,-1
140,24,193.53,22.47,86.67,410.50,0.8525,-1,-1,-1
140,23,502.50,192.94,27.74,78.45,0.5442,-1,-1,-1
140,30,294.42,177.44,29.28,81.85,0.6006,-1,-1,-1
141,1,305.47,0.16,273.52,476.16,0.8997,-1,-1,-1
141,2,-4.70,0.71,231.93,478.89,0.8872,-1,-1,-1
141,24,192.24,21.44,87.89,411.76,0.8562,-1,-1,-1
141,23,502.23,192.90,27.66,78.32,0.5859,-1,-1,-1
141,30,294.45,178.11,29.25,80.74,0.4778,-1,-1,-1
142,1,305.18,0.28,274.86,478.14,0.9093,-1,-1,-1
142,2,-5.58,0.88,230.47,479.07,0.8836,-1,-1,-1
142,24,191.39,20.87,89.00,413.07,0.8585,-1,-1,-1
142,23,502.29,192.45,27.74,78.78,0.5663,-1,-1,-1
142,30,294.14,178.19,28.97,80.33,0.4534,-1,-1,-1
143,1,306.12,0.10,275.73,479.26,0.9058,-1,-1,-1
143,2,-5.90,0.96,229.15,479.11,0.8861,-1,-1,-1
143,24,190.16,20.41,90.16,413.89,0.8619,-1,-1,-1
143,23,502.74,192.11,27.34,78.50,0.5973,-1,-1,-1
143,30,293.47,178.20,29.60,81.04,0.5428,-1,-1,-1
144,1,307.15,0.03,276.59,479.78,0.9140,-1,-1,-1
144,2,-5.63,1.02,227.82,478.71,0.8927,-1,-1,-1
144,24,189.34,20.45,91.02,413.60,0.8557,-1,-1,-1
144,23,502.87,191.54,27.04,78.70,0.5345,-1,-1,-1
144,30,293.44,178.21,29.44,80.46,0.5566,-1,-1,-1
145,1,309.98,0.00,277.66,479.97,0.9005,-1,-1,-1
145,2,-5.55,1.05,226.50,478.36,0.9011,-1,-1,-1
145,24,187.92,20.23,92.06,413.25,0.8543,-1,-1,-1
145,23,503.74,191.94,26.47,78.11,0.5527,-1,-1,-1
145,30,293.68,178.37,29.25,80.04,0.5816,-1,-1,-1
146,1,311.52,-0.01,278.38,479.85,0.8601,-1,-1,-1
146,2,-5.10,1.20,225.22,477.78,0.8963,-1,-1,-1
146,24,187.21,20.24,92.93,412.69,0.8512,-1,-1,-1
146,30,294.35,178.21,29.02,80.20,0.6037,-1,-1,-1
147,1,321.45,-0.01,277.85,478.12,0.8399,-1,-1,-1
147,2,-4.24,1.34,224.06,477.06,0.8912,-1,-1,-1
147,24,186.87,20.35,93.66,412.63,0.8539,-1,-1,-1
147,30,294.18,177.59,29.12,82.11,0.3729,-1,-1,-1
148,1,322.82,-0.01,278.83,477.08,0.8729,-1,-1,-1
148,2,-3.03,1.12,223.70,477.79,0.8647,-1,-1,-1
148,24,187.56,20.33,94.03,412.51,0.8583,-1,-1,-1
148,30,295.27,177.80,28.85,83.05,0.3987,-1,-1,-1
149,1,323.55,-0.01,280.56,477.26,0.8849,-1,-1,-1
149,2,-0.63,0.71,223.99,478.94,0.8583,-1,-1,-1
149,24,188.92,20.63,93.93,411.64,0.8565,-1,-1,-1
149,30,296.74,178.35,28.50,84.12,0.4509,-1,-1,-1
150,1,323.48,-0.01,282.94,478.58,0.8775,-1,-1,-1
150,2,1.06,0.84,223.92,478.86,0.8666,-1,-1,-1
150,24,189.77,21.31,94.10,412.57,0.8527,-1,-1,-1
151,1,322.77,-0.01,284.45,479.26,0.8437,-1,-1,-1
151,2,3.02,0.78,224.01,478.93,0.8562,-1,-1,-1
151,24,190.91,21.76,94.01,413.90,0.8592,-1,-1,-1
152,1,320.34,-0.01,284.76,479.04,0.7840,-1,-1,-1
152,2,6.25,0.62,224.06,479.31,0.8586,-1,-1,-1
152,24,191.64,21.86,93.53,413.49,0.8665,-1,-1,-1
153,1,316.67,-0.01,284.51,477.30,0.8184,-1,-1,-1
153,2,8.90,0.63,223.24,476.98,0.8399,-1,-1,-1
153,24,191.91,21.68,93.00,412.57,0.8637,-1,-1,-1
154,1,310.77,0.42,285.56,478.61,0.8767,-1,-1,-1
154,2,8.89,0.61,223.22,475.70,0.8285,-1,-1,-1
154,24,191.90,21.57,92.99,413.58,0.8524,-1,-1,-1
154,23,502.67,188.75,26.79,79.47,0.6725,-1,-1,-1
155,1,306.69,0.46,285.79,479.23,0.8916,-1,-1,-1
155,2,9.34,0.62,223.75,476.34,0.8269,-1,-1,-1
155,24,191.63,21.84,92.87,414.29,0.8441,-1,-1,-1
155,23,501.76,191.41,26.38,77.46,0.6324,-1,-1,-1
156,1,303.74,0.17,285.55,479.77,0.9024,-1,-1,-1
156,2,8.78,0.67,224.63,477.45,0.8638,-1,-1,-1
156,24,191.28,21.79,92.57,414.11,0.8661,-1,-1,-1
156,23,500.78,193.84,26.12,75.60,0.5657,-1,-1,-1
157,1,295.92,0.06,283.33,479.96,0.9151,-1,-1,-1
157,2,8.77,0.48,224.22,475.97,0.8367,-1,-1,-1
157,24,190.25,21.18,92.51,415.40,0.8652,-1,-1,-1
157,23,499.66,194.34,26.75,76.36,0.5839,-1,-1,-1
158,1,286.37,0.02,278.41,480.03,0.9172,-1,-1,-1
158,2,7.19,0.25,224.83,477.28,0.8401,-1,-1,-1
158,24,189.66,19.98,92.72,417.93,0.8587,-1,-1,-1
158,23,499.33,195.53,26.89,75.56,0.5193,-1,-1,-1
159,1,277.40,0.00,272.71,480.06,0.9095,-1,-1,-1
159,2,5.58,0.24,225.35,477.96,0.8464,-1,-1,-1
159,24,189.98,19.15,92.71,418.21,0.8468,-1,-1,-1
159,23,497.55,187.98,29.89,83.99,0.7014,-1,-1,-1
160,1,273.19,0.38,263.90,476.18,0.9183,-1,-1,-1
160,2,2.89,0.74,225.71,478.09,0.8644,-1,-1,-1
160,24,189.47,18.89,92.79,419.34,0.8495,-1,-1,-1
160,23,497.02,185.81,30.84,86.27,0.7204,-1,-1,-1
161,1,269.16,0.14,259.57,478.60,0.9106,-1,-1,-1
161,2,1.70,0.77,226.26,478.86,0.8620,-1,-1,-1
161,24,188.64,18.32,92.88,420.35,0.8480,-1,-1,-1
161,23,496.53,185.77,31.06,86.43,0.6949,-1,-1,-1
162,1,268.60,0.43,253.85,475.89,0.9056,-1,-1,-1
162,2,1.45,0.59,226.45,478.57,0.8341,-1,-1,-1
162,24,188.52,16.39,93.31,421.59,0.8530,-1,-1,-1
162,23,496.74,184.53,31.63,87.86,0.7160,-1,-1,-1
163,1,269.04,0.42,249.78,475.38,0.9064,-1,-1,-1
163,2,1.48,0.47,225.57,476.03,0.8298,-1,-1,-1
163,24,187.70,15.59,94.01,425.05,0.8500,-1,-1,-1
163,23,497.22,183.79,32.06,88.50,0.7193,-1,-1,-1
164,1,270.71,0.63,245.82,474.64,0.9039,-1,-1,-1
164,2,0.38,0.61,225.18,475.31,0.8046,-1,-1,-1
164,24,186.64,14.15,94.50,427.61,0.8366,-1,-1,-1
164,23,496.25,182.82,32.49,89.66,0.7225,-1,-1,-1
165,1,273.75,0.23,243.62,478.06,0.9196,-1,-1,-1
165,2,-0.46,0.51,225.02,475.31,0.8193,-1,-1,-1
165,24,186.44,13.62,94.53,428.31,0.8456,-1,-1,-1
165,23,496.38,182.85,32.59,89.67,0.7146,-1,-1,-1
166,1,276.65,0.08,240.65,479.35,0.9216,-1,-1,-1
166,2,-1.12,0.22,225.17,476.20,0.8163,-1,-1,-1
166,24,185.64,12.39,94.96,430.35,0.8413,-1,-1,-1
166,23,496.47,182.56,32.71,89.85,0.7194,-1,-1,-1
167,1,278.22,0.02,237.68,479.84,0.9167,-1,-1,-1
167,2,-1.20,0.38,223.85,473.89,0.7952,-1,-1,-1
167,24,184.61,11.06,95.26,432.06,0.8182,-1,-1,-1
167,23,496.62,183.13,32.68,89.32,0.7212,-1,-1,-1
168,1,279.14,-0.00,234.89,480.02,0.9129,-1,-1,-1
168,2,-1.47,0.40,223.68,474.19,0.8192,-1,-1,-1
168,24,183.68,10.55,95.33,432.58,0.8437,-1,-1,-1
168,23,496.57,182.76,32.91,89.58,0.7229,-1,-1,-1
169,1,278.34,0.74,231.33,475.97,0.9027,-1,-1,-1
169,2,-1.49,0.34,223.37,474.14,0.7547,-1,-1,-1
169,24,183.29,10.33,95.61,433.60,0.8432,-1,-1,-1
169,23,496.66,183.39,32.91,89.40,0.7323,-1,-1,-1
170,1,276.40,0.83,229.69,474.54,0.8991,-1,-1,-1
170,2,-1.25,0.28,222.37,472.46,0.7597,-1,-1,-1
170,24,182.90,9.91,96.03,435.44,0.8439,-1,-1,-1
170,23,496.60,182.85,33.15,89.91,0.7139,-1,-1,-1
171,1,275.46,0.75,228.87,474.57,0.9023,-1,-1,-1
171,2,-1.60,0.09,222.40,473.30,0.7942,-1,-1,-1
171,24,182.46,9.68,96.45,437.15,0.8462,-1,-1,-1
172,1,276.07,0.80,228.18,475.18,0.8971,-1,-1,-1
172,2,-1.97,0.18,222.77,475.00,0.8447,-1,-1,-1
172,24,182.37,9.69,96.64,438.00,0.8467,-1,-1,-1
173,1,276.82,0.76,227.48,476.22,0.8991,-1,-1,-1
173,2,-2.09,0.13,222.92,476.31,0.8151,-1,-1,-1
173,24,182.11,9.76,96.68,437.52,0.8485,-1,-1,-1
174,1,277.15,0.86,226.62,476.77,0.9030,-1,-1,-1
174,2,-2.01,0.11,222.48,476.21,0.8276,-1,-1,-1
174,24,181.73,9.93,96.79,437.36,0.8488,-1,-1,-1
175,1,276.73,0.89,226.00,477.20,0.8519,-1,-1,-1
175,2,-1.99,0.07,222.34,476.79,0.8591,-1,-1,-1
175,24,180.97,10.48,97.84,441.20,0.8492,-1,-1,-1
176,1,277.69,0.32,225.51,478.51,0.8984,-1,-1,-1
176,2,-1.77,0.01,222.05,476.87,0.8271,-1,-1,-1
176,24,181.28,10.96,97.84,440.25,0.8401,-1,-1,-1
177,1,278.52,0.51,223.79,476.44,0.8925,-1,-1,-1
177,2,-1.34,-0.01,221.12,475.33,0.7939,-1,-1,-1
177,24,181.13,11.37,97.74,439.60,0.8552,-1,-1,-1
178,1,279.03,0.17,223.84,477.66,0.9042,-1,-1,-1
178,2,-1.61,0.05,221.41,476.77,0.8279,-1,-1,-1
178,24,181.10,11.15,97.63,437.98,0.8605,-1,-1,-1
178,23,496.53,183.38,33.25,89.48,0.7168,-1,-1,-1
179,1,273.64,0.44,224.61,477.24,0.8598,-1,-1,-1
179,2,-1.35,0.08,220.86,476.16,0.8365,-1,-1,-1
179,24,181.00,11.20,98.02,439.63,0.8657,-1,-1,-1
179,23,496.57,183.32,33.34,89.56,0.7314,-1,-1,-1
180,1,277.54,0.15,224.47,478.58,0.9031,-1,-1,-1
180,2,-1.41,0.13,221.02,477.13,0.8419,-1,-1,-1
180,24,180.90,11.29,97.92,438.63,0.8560,-1,-1,-1
180,23,496.41,183.29,33.31,89.48,0.7046,-1,-1,-1
181,1,278.69,0.04,224.42,479.51,0.9067,-1,-1,-1
181,2,-1.29,0.07,220.67,476.91,0.8207,-1,-1,-1
181,24,181.44,11.55,97.68,437.89,0.8609,-1,-1,-1
181,23,496.40,183.43,33.21,89.36,0.7024,-1,-1,-1
182,1,280.75,0.41,222.99,476.77,0.9032,-1,-1,-1
182,2,-0.94,0.18,219.71,475.16,0.8314,-1,-1,-1
182,24,181.34,11.26,97.36,436.37,0.8436,-1,-1,-1
182,23,496.44,183.63,32.96,88.78,0.7114,-1,-1,-1
183,1,281.85,0.51,222.59,476.19,0.9034,-1,-1,-1
183,2,-0.72,0.36,219.85,475.73,0.8450,-1,-1,-1
183,24,181.50,11.52,97.22,436.15,0.8514,-1,-1,-1
183,23,496.46,184.29,32.54,88.06,0.7191,-1,-1,-1
184,1,283.71,0.74,222.14,475.54,0.9052,-1,-1,-1
184,2,-0.46,0.43,219.48,475.12,0.8220,-1,-1,-1
184,24,181.29,11.55,97.12,435.58,0.8484,-1,-1,-1
184,23,496.61,184.21,32.31,88.34,0.7047,-1,-1,-1
184,36,524.38,187.72,24.26,69.42,0.5912,-1,-1,-1
185,1,286.29,0.78,221.61,474.97,0.8970,-1,-1,-1
185,2,-0.46,0.39,219.44,475.28,0.8313,-1,-1,-1
185,24,181.01,11.55,97.11,435.32,0.8490,-1,-1,-1
185,23,497.13,184.40,31.83,87.78,0.7021,-1,-1,-1
185,36,524.03,188.77,23.63,67.50,0.4267,-1,-1,-1
186,1,290.13,1.04,220.73,474.49,0.9137,-1,-1,-1
186,2,-0.54,0.38,219.69,476.07,0.8593,-1,-1,-1
186,24,181.12,11.48,97.19,435.67,0.8525,-1,-1,-1
186,23,497.47,185.18,31.11,86.51,0.6988,-1,-1,-1
186,36,522.43,188.10,23.88,68.34,0.5190,-1,-1,-1
187,1,291.88,1.07,220.25,474.58,0.9097,-1,-1,-1
187,2,-0.41,0.31,219.54,475.93,0.8709,-1,-1,-1
187,24,181.57,11.46,97.09,435.73,0.8492,-1,-1,-1
187,23,497.98,185.56,30.53,85.67,0.6708,-1,-1,-1
187,36,521.98,190.99,22.88,65.67,0.5343,-1,-1,-1
188,1,293.19,1.03,219.52,474.24,0.9125,-1,-1,-1
188,2,-0.36,0.37,219.45,475.91,0.8591,-1,-1,-1
188,24,181.32,11.38,97.09,435.60,0.8515,-1,-1,-1
188,23,498.45,185.38,30.41,86.11,0.6811,-1,-1,-1
188,36,520.91,192.03,23.11,66.82,0.4152,-1,-1,-1
189,1,294.00,0.95,218.79,473.91,0.9132,-1,-1,-1
189,2,-0.25,0.31,219.26,475.60,0.8384,-1,-1,-1
189,24,181.20,11.07,97.09,435.77,0.8536,-1,-1,-1
189,23,498.55,184.79,30.43,86.72,0.6816,-1,-1,-1
189,36,521.54,190.29,23.69,69.07,0.5308,-1,-1,-1
190,1,294.29,0.85,218.44,474.35,0.9128,-1,-1,-1
190,2,-0.22,0.30,219.12,475.42,0.8498,-1,-1,-1
190,24,181.40,11.04,96.87,435.02,0.8424,-1,-1,-1
190,23,498.63,185.33,30.10,86.07,0.6713,-1,-1,-1
190,36,521.37,189.44,23.91,70.40,0.5008,-1,-1,-1
191,1,294.48,0.92,217.95,474.46,0.9146,-1,-1,-1
191,2,-0.25,0.38,219.12,475.59,0.8552,-1,-1,-1
191,24,181.37,10.92,96.95,435.54,0.8468,-1,-1,-1
191,23,498.53,184.97,30.29,86.91,0.6870,-1,-1,-1
191,36,522.92,189.50,23.63,70.05,0.4344,-1,-1,-1
192,1,294.30,0.95,217.55,474.37,0.9102,-1,-1,-1
192,2,-0.26,0.39,219.04,475.57,0.8473,-1,-1,-1
192,24,181.16,11.02,97.02,435.66,0.8523,-1,-1,-1
192,23,498.55,184.65,30.22,86.96,0.6719,-1,-1,-1
192,36,524.26,189.14,23.93,71.24,0.2818,-1,-1,-1
193,1,293.89,0.79,217.35,474.45,0.9085,-1,-1,-1
193,2,-0.17,0.38,218.60,474.73,0.8335,-1,-1,-1
193,24,181.26,11.10,97.09,436.10,0.8511,-1,-1,-1
193,23,498.55,184.72,30.21,87.28,0.6924,-1,-1,-1
193,36,525.01,189.05,24.20,71.90,0.3450,-1,-1,-1
194,1,291.89,0.57,217.84,475.27,0.8971,-1,-1,-1
194,2,-0.44,0.37,218.76,475.45,0.8347,-1,-1,-1
194,24,180.76,11.02,97.25,436.58,0.8552,-1,-1,-1
194,23,498.70,184.66,30.17,87.54,0.6950,-1,-1,-1
194,36,524.52,188.85,24.69,72.82,0.3123,-1,-1,-1
195,1,289.15,0.47,218.61,475.83,0.8811,-1,-1,-1
195,2,-0.48,0.48,218.65,475.57,0.8489,-1,-1,-1
195,24,180.35,10.98,97.30,436.78,0.8557,-1,-1,-1
195,23,498.30,184.34,30.20,88.18,0.6763,-1,-1,-1
195,36,526.72,190.37,24.60,71.81,0.2976,-1,-1,-1
196,1,286.89,0.47,219.46,476.11,0.8901,-1,-1,-1
196,2,-0.31,0.44,218.09,474.60,0.7973,-1,-1,-1
196,24,179.81,10.94,97.46,436.86,0.8554,-1,-1,-1
196,23,498.72,183.86,30.26,88.83,0.6644,-1,-1,-1
196,36,527.86,190.18,25.01,72.05,0.3362,-1,-1,-1
197,1,285.54,0.47,220.49,476.50,0.8978,-1,-1,-1
197,2,-0.14,0.44,217.89,474.33,0.8444,-1,-1,-1
197,24,179.13,10.52,97.73,437.36,0.8518,-1,-1,-1
197,23,498.75,184.27,29.98,88.17,0.6449,-1,-1,-1
197,36,527.53,189.87,25.45,72.97,0.3973,-1,-1,-1
198,1,284.71,0.61,221.07,476.14,0.9114,-1,-1,-1
198,2,-0.36,0.48,217.81,474.52,0.8636,-1,-1,-1
198,24,178.10,10.43,97.99,438.16,0.8591,-1,-1,-1
198,23,499.13,184.59,29.90,87.85,0.6916,-1,-1,-1
198,36,530.65,188.76,26.86,74.48,0.3532,-1,-1,-1
199,1,283.43,0.65,222.03,476.48,0.9094,-1,-1,-1
199,2,-0.22,1.20,217.40,473.73,0.8071,-1,-1,-1
199,24,176.74,11.05,98.01,437.93,0.8502,-1,-1,-1
199,23,498.89,184.65,29.70,86.89,0.6873,-1,-1,-1
199,36,526.87,187.26,27.38,75.99,0.4138,-1,-1,-1
200,1,281.85,0.71,222.74,475.97,0.9050,-1,-1,-1
200,2,0.26,3.96,216.03,470.52,0.7859,-1,-1,-1
200,24,174.76,11.67,97.84,437.81,0.8486,-1,-1,-1
200,23,498.70,185.03,29.87,87.13,0.7194,-1,-1,-1
200,36,531.09,186.18,27.89,75.12,0.4085,-1,-1,-1
201,1,279.11,0.24,224.83,478.64,0.9075,-1,-1,-1
201,2,0.23,3.56,216.13,470.70,0.7744,-1,-1,-1
201,24,171.43,12.52,98.09,438.44,0.8345,-1,-1,-1
201,23,498.00,185.16,29.96,87.34,0.7009,-1,-1,-1
202,1,277.38,0.07,226.05,479.65,0.9086,-1,-1,-1
202,2,0.60,6.10,215.63,469.28,0.7269,-1,-1,-1
202,24,167.16,14.42,97.99,436.67,0.8108,-1,-1,-1
202,23,497.51,185.30,29.92,87.25,0.6886,-1,-1,-1
203,1,276.49,0.00,226.47,479.08,0.8959,-1,-1,-1
203,2,1.32,11.71,213.60,464.28,0.6436,-1,-1,-1
203,24,161.70,16.18,98.26,433.81,0.7759,-1,-1,-1
203,23,496.93,184.97,30.09,87.86,0.7030,-1,-1,-1
203,36,525.32,187.69,28.45,76.80,0.5206,-1,-1,-1
204,1,276.33,0.52,225.84,476.09,0.8903,-1,-1,-1
204,2,0.12,5.26,215.05,467.81,0.6960,-1,-1,-1
204,24,159.24,18.16,96.80,424.46,0.8094,-1,-1,-1
204,23,495.67,185.88,29.87,87.30,0.7615,-1,-1,-1
204,36,522.39,188.93,28.79,76.83,0.5682,-1,-1,-1
205,1,276.14,0.85,226.00,474.47,0.8817,-1,-1,-1
205,2,-0.40,2.53,215.47,469.12,0.6693,-1,-1,-1
205,24,156.27,20.21,95.25,416.18,0.8103,-1,-1,-1
205,23,495.71,186.33,29.49,86.40,0.7398,-1,-1,-1
205,36,522.16,188.25,29.32,78.05,0.5855,-1,-1,-1
206,1,274.74,0.79,226.88,474.07,0.8895,-1,-1,-1
206,2,-1.30,2.10,215.68,470.44,0.6219,-1,-1,-1
206,24,154.41,22.54,93.84,409.08,0.7806,-1,-1,-1
206,23,495.36,186.49,29.28,85.72,0.7052,-1,-1,-1
206,36,523.13,187.30,29.42,78.24,0.4717,-1,-1,-1
207,1,274.77,0.90,227.58,474.04,0.8838,-1,-1,-1
207,2,-1.47,2.08,215.04,469.86,0.5669,-1,-1,-1
207,24,155.43,24.53,91.76,399.49,0.7156,-1,-1,-1
207,23,494.98,186.19,29.30,86.01,0.7401,-1,-1,-1
207,36,521.04,186.13,30.03,79.51,0.5190,-1,-1,-1
208,1,271.48,0.71,229.34,474.62,0.8868,-1,-1,-1
208,2,-2.16,0.88,215.72,472.58,0.7755,-1,-1,-1
208,24,162.25,28.62,87.52,381.42,0.7923,-1,-1,-1
208,23,494.06,186.53,29.56,86.72,0.7037,-1,-1,-1
208,36,521.43,186.73,30.29,78.75,0.4415,-1,-1,-1
209,1,269.08,0.79,231.11,475.08,0.8912,-1,-1,-1
209,2,-2.93,0.45,215.59,473.85,0.7689,-1,-1,-1
209,24,166.54,32.52,84.36,368.79,0.7931,-1,-1,-1
209,23,494.08,186.19,29.52,86.74,0.7295,-1,-1,-1
209,36,521.88,186.13,31.35,80.92,0.4610,-1,-1,-1
210,1,265.32,0.78,233.17,476.00,0.8626,-1,-1,-1
210,2,-4.27,0.75,214.70,474.34,0.8731,-1,-1,-1
210,24,170.72,41.54,81.33,356.03,0.8382,-1,-1,-1
210,23,493.09,185.83,29.91,87.76,0.7280,-1,-1,-1
210,36,518.60,186.30,30.67,80.90,0.4355,-1,-1,-1
211,1,267.73,1.08,233.69,476.35,0.8114,-1,-1,-1
211,2,-5.55,1.13,213.78,475.30,0.8797,-1,-1,-1
211,24,173.08,46.90,80.23,349.20,0.8473,-1,-1,-1
211,23,492.28,184.33,30.46,89.10,0.7395,-1,-1,-1
211,36,520.83,185.42,30.07,80.76,0.4124,-1,-1,-1
212,1,267.15,1.10,234.37,476.44,0.8357,-1,-1,-1
212,2,-6.12,0.84,211.48,473.40,0.8258,-1,-1,-1
212,24,175.25,52.97,80.44,344.30,0.8593,-1,-1,-1
212,23,491.23,185.36,30.52,89.43,0.7196,-1,-1,-1
212,36,524.74,186.46,30.06,79.49,0.3879,-1,-1,-1
213,1,261.67,1.21,236.10,476.83,0.8696,-1,-1,-1
213,2,-8.64,1.88,209.36,473.65,0.7969,-1,-1,-1
213,24,177.17,54.53,82.21,342.50,0.8615,-1,-1,-1
213,23,490.00,184.94,30.42,89.48,0.6656,-1,-1,-1
213,36,520.47,186.16,29.68,80.03,0.4452,-1,-1,-1
214,1,259.19,0.95,236.95,476.79,0.8786,-1,-1,-1
214,2,-10.83,1.01,207.82,476.08,0.8093,-1,-1,-1
214,24,173.19,56.65,87.07,348.35,0.8708,-1,-1,-1
214,23,489.03,184.79,30.37,89.90,0.7142,-1,-1,-1
214,36,517.37,185.55,30.09,82.21,0.5572,-1,-1,-1
215,1,258.31,0.76,236.94,475.79,0.8978,-1,-1,-1
215,2,-10.90,0.44,205.55,476.38,0.7633,-1,-1,-1
215,24,174.79,57.48,89.21,344.91,0.8817,-1,-1,-1
215,23,487.20,184.94,30.56,89.64,0.7067,-1,-1,-1
215,36,515.22,184.83,30.08,83.26,0.5479,-1,-1,-1
216,1,256.92,0.45,237.27,476.09,0.8768,-1,-1,-1
216,2,-10.98,0.32,202.52,474.99,0.7171,-1,-1,-1
216,24,178.17,59.50,90.66,340.90,0.8861,-1,-1,-1
216,23,486.76,184.55,30.43,89.98,0.7330,-1,-1,-1
216,36,516.16,186.29,28.44,81.16,0.4105,-1,-1,-1
217,1,268.46,0.90,234.97,477.91,0.8183,-1,-1,-1
217,2,-10.72,0.21,200.85,476.53,0.8019,-1,-1,-1
217,24,180.68,61.93,92.36,338.44,0.8841,-1,-1,-1
217,23,485.83,183.08,30.91,91.23,0.7299,-1,-1,-1
217,36,517.67,185.43,27.29,80.35,0.5046,-1,-1,-1
218,1,262.86,1.02,234.44,478.65,0.7992,-1,-1,-1
218,2,-9.50,0.27,199.44,477.81,0.7902,-1,-1,-1
218,24,183.41,67.59,92.96,332.40,0.8689,-1,-1,-1
218,23,482.97,182.09,31.70,93.82,0.7216,-1,-1,-1
218,36,518.22,189.08,25.54,77.22,0.3867,-1,-1,-1
219,1,271.70,0.42,230.86,479.44,0.8276,-1,-1,-1
219,2,-7.79,0.29,197.51,476.81,0.8153,-1,-1,-1
219,24,188.12,73.41,93.13,326.47,0.8704,-1,-1,-1
219,23,481.30,180.91,31.78,94.32,0.7535,-1,-1,-1
220,1,276.10,6.61,224.13,472.30,0.7503,-1,-1,-1
220,2,-5.70,0.25,196.37,476.47,0.8101,-1,-1,-1
220,24,192.12,79.06,92.32,318.60,0.8613,-1,-1,-1
220,23,479.77,180.33,32.10,95.61,0.7702,-1,-1,-1
220,36,511.24,185.40,27.42,83.10,0.5779,-1,-1,-1
221,1,271.45,17.30,219.36,461.92,0.8683,-1,-1,-1
221,2,-2.88,0.70,195.89,475.96,0.7583,-1,-1,-1
221,24,196.20,86.23,90.10,305.24,0.8713,-1,-1,-1
221,23,480.43,181.11,31.17,94.48,0.7416,-1,-1,-1
221,36,508.33,184.59,27.97,84.30,0.6155,-1,-1,-1
222,1,277.50,25.31,215.16,454.01,0.9130,-1,-1,-1
222,2,-0.27,1.83,196.58,477.07,0.5465,-1,-1,-1
222,24,202.44,90.50,88.09,293.00,0.8688,-1,-1,-1
222,23,482.53,182.24,29.99,92.71,0.6508,-1,-1,-1
222,36,507.27,183.04,28.72,86.05,0.6743,-1,-1,-1
223,1,284.49,31.09,212.09,448.74,0.8906,-1,-1,-1
223,2,4.89,1.11,196.92,473.85,0.7693,-1,-1,-1
223,24,208.27,93.33,84.77,277.34,0.8623,-1,-1,-1
223,23,483.68,182.40,30.15,96.08,0.4530,-1,-1,-1
223,36,506.32,183.33,29.25,87.71,0.4504,-1,-1,-1
224,1,288.25,34.78,209.96,445.22,0.9124,-1,-1,-1
224,2,7.20,0.99,198.98,474.53,0.6637,-1,-1,-1
224,24,212.45,95.72,83.67,270.65,0.8635,-1,-1,-1
224,23,485.01,182.49,29.48,95.92,0.5214,-1,-1,-1
224,36,506.60,184.77,28.74,87.27,0.3171,-1,-1,-1
224,38,537.76,203.10,22.56,50.68,0.5166,-1,-1,-1
225,1,290.22,38.48,207.40,440.87,0.9179,-1,-1,-1
225,2,8.37,0.33,201.82,476.85,0.8392,-1,-1,-1
225,24,216.89,101.07,82.64,265.17,0.8740,-1,-1,-1
225,23,485.49,183.62,29.24,95.18,0.6250,-1,-1,-1
225,36,505.41,188.43,26.87,83.75,0.2739,-1,-1,-1
225,38,537.95,201.50,23.44,52.72,0.5125,-1,-1,-1
226,1,290.62,42.76,204.43,437.05,0.9126,-1,-1,-1
226,2,10.71,1.55,203.53,474.90,0.8232,-1,-1,-1
226,24,221.53,106.90,81.35,259.69,0.8762,-1,-1,-1
226,23,484.62,181.34,29.95,97.49,0.6673,-1,-1,-1
226,36,507.24,189.34,26.14,83.06,0.4365,-1,-1,-1
226,38,538.71,201.70,23.80,53.57,0.5081,-1,-1,-1
227,1,291.56,48.45,200.09,431.53,0.9026,-1,-1,-1
227,2,10.76,1.31,205.96,475.41,0.8153,-1,-1,-1
227,24,225.88,111.14,79.35,250.54,0.8699,-1,-1,-1
227,23,482.86,180.58,30.81,99.55,0.7178,-1,-1,-1
227,36,507.58,188.88,25.87,83.72,0.4053,-1,-1,-1
227,38,539.10,201.11,23.98,54.13,0.5442,-1,-1,-1
228,1,292.58,54.01,194.92,425.34,0.9123,-1,-1,-1
228,2,11.30,1.35,208.48,475.68,0.9134,-1,-1,-1
228,24,232.62,112.50,78.19,245.01,0.8428,-1,-1,-1
228,23,482.68,180.36,31.76,101.94,0.7391,-1,-1,-1
228,36,507.97,186.57,26.10,86.01,0.3752,-1,-1,-1
228,38,540.42,201.42,24.21,54.98,0.5635,-1,-1,-1
229,1,292.52,60.34,189.00,419.47,0.9038,-1,-1,-1
229,2,9.62,1.48,210.17,475.86,0.9023,-1,-1,-1
229,24,240.60,111.81,75.71,233.52,0.8607,-1,-1,-1
229,23,483.95,182.52,31.69,101.63,0.6982,-1,-1,-1
229,38,541.84,200.20,25.24,57.54,0.5927,-1,-1,-1
230,1,293.88,65.57,183.19,413.97,0.8854,-1,-1,-1
230,2,7.22,1.45,211.90,477.14,0.8907,-1,-1,-1
230,24,244.40,111.69,75.09,228.66,0.8485,-1,-1,-1
230,23,485.17,182.81,32.02,102.72,0.6964,-1,-1,-1
230,38,543.21,199.57,25.59,58.97,0.6461,-1,-1,-1
230,39,457.15,168.89,27.58,122.40,0.6904,-1,-1,-1
231,1,293.74,67.33,179.24,412.54,0.8866,-1,-1,-1
231,2,6.72,3.78,211.21,472.66,0.7197,-1,-1,-1
231,24,248.79,111.68,75.29,226.95,0.8647,-1,-1,-1
231,23,487.03,183.28,31.90,103.18,0.7231,-1,-1,-1
231,38,548.36,199.37,25.57,59.41,0.6639,-1,-1,-1
231,39,457.83,166.13,28.47,125.51,0.7728,-1,-1,-1
232,1,302.23,67.33,174.78,411.94,0.8691,-1,-1,-1
232,2,5.78,5.13,212.23,472.75,0.8020,-1,-1,-1
232,24,254.09,113.81,75.34,225.52,0.8517,-1,-1,-1
232,23,490.01,183.21,31.02,102.31,0.6558,-1,-1,-1
232,38,552.08,199.40,26.08,60.48,0.5284,-1,-1,-1
232,39,461.26,163.21,29.77,129.65,0.7571,-1,-1,-1
232,40,573.64,155.69,69.91,190.56,0.6588,-1,-1,-1
232,36,512.41,184.36,27.56,92.04,0.5440,-1,-1,-1
233,1,310.04,66.40,171.05,413.12,0.8698,-1,-1,-1
233,2,5.19,3.52,212.50,471.20,0.5823,-1,-1,-1
233,24,259.85,118.13,74.62,222.10,0.8269,-1,-1,-1
233,23,495.91,180.28,29.27,99.76,0.3928,-1,-1,-1
233,38,556.01,198.89,26.42,61.45,0.6120,-1,-1,-1
233,39,468.51,160.44,30.81,132.99,0.6890,-1,-1,-1
233,40,573.50,161.78,69.76,190.51,0.3397,-1,-1,-1
233,36,516.88,184.68,26.83,92.42,0.5436,-1,-1,-1
234,1,317.45,69.95,169.23,409.90,0.8999,-1,-1,-1
234,2,5.33,2.29,213.29,470.68,0.6601,-1,-1,-1
234,24,266.54,121.29,73.10,216.76,0.8079,-1,-1,-1
234,23,491.38,168.35,34.43,119.95,0.3098,-1,-1,-1
234,38,562.58,201.43,25.15,59.17,0.5034,-1,-1,-1
234,39,477.88,159.84,31.14,133.11,0.5221,-1,-1,-1
234,40,573.68,166.66,76.14,209.85,0.4545,-1,-1,-1
234,36,518.73,184.57,26.85,92.76,0.4938,-1,-1,-1
235,1,329.84,74.14,167.62,405.77,0.8957,-1,-1,-1
235,2,7.01,1.31,215.68,475.21,0.8443,-1,-1,-1
235,24,272.51,122.40,72.20,212.55,0.8103,-1,-1,-1
235,38,568.71,199.30,26.59,62.36,0.4998,-1,-1,-1
235,39,486.02,158.70,31.04,131.23,0.3945,-1,-1,-1
235,36,523.26,186.18,26.51,92.98,0.4079,-1,-1,-1
236,1,341.03,78.67,166.15,401.32,0.8976,-1,-1,-1
236,2,9.33,0.95,217.00,476.56,0.8866,-1,-1,-1
236,24,279.58,119.83,70.46,206.39,0.7915,-1,-1,-1
236,38,573.61,193.62,28.83,67.74,0.5556,-1,-1,-1
236,36,528.68,190.06,25.37,88.29,0.4808,-1,-1,-1
236,40,576.63,169.55,92.41,263.17,0.5689,-1,-1,-1
237,1,357.19,86.15,163.18,393.57,0.9058,-1,-1,-1
237,2,13.77,5.00,217.33,473.62,0.8752,-1,-1,-1
237,24,287.72,119.77,69.85,203.27,0.8394,-1,-1,-1
237,38,581.23,192.66,29.31,69.25,0.5671,-1,-1,-1
237,42,8.20,118.98,39.12,159.00,0.5855,-1,-1,-1
238,1,369.86,87.04,162.82,392.88,0.9026,-1,-1,-1
238,2,17.07,6.58,218.87,473.04,0.8707,-1,-1,-1
238,24,293.42,120.51,69.90,201.38,0.8211,-1,-1,-1
238,38,587.87,194.06,29.25,68.97,0.5372,-1,-1,-1
238,42,12.87,117.18,39.17,156.95,0.4622,-1,-1,-1
238,43,610.01,205.18,29.34,274.48,0.5993,-1,-1,-1
239,1,384.79,89.05,161.31,390.64,0.8984,-1,-1,-1
239,2,17.94,11.74,219.78,468.00,0.8333,-1,-1,-1
239,24,302.56,123.82,68.38,198.09,0.7861,-1,-1,-1
239,38,594.69,197.86,28.09,65.63,0.3595,-1,-1,-1
239,43,605.67,213.59,28.73,266.24,0.3966,-1,-1,-1
239,45,365.78,175.79,20.06,86.75,0.5242,-1,-1,-1
240,1,398.05,87.59,156.62,377.84,0.8860,-1,-1,-1
240,2,26.44,14.32,220.73,464.79,0.7605,-1,-1,-1
240,24,306.77,125.11,67.22,194.08,0.7562,-1,-1,-1
240,38,597.48,192.22,30.21,70.50,0.5216,-1,-1,-1
240,45,368.35,179.61,18.93,81.30,0.4236,-1,-1,-1
240,46,253.72,159.62,33.08,116.09,0.7077,-1,-1,-1
241,1,408.67,85.47,155.41,375.33,0.8927,-1,-1,-1
241,2,23.15,14.98,223.79,461.76,0.7142,-1,-1,-1
241,24,312.92,124.45,67.67,192.78,0.7988,-1,-1,-1
241,38,601.01,196.04,27.24,62.09,0.3107,-1,-1,-1
241,45,369.00,180.89,18.69,79.61,0.3872,-1,-1,-1
242,1,412.93,87.11,154.85,375.67,0.8768,-1,-1,-1
242,2,39.52,11.50,226.26,467.37,0.8342,-1,-1,-1
242,24,307.30,123.22,69.75,191.44,0.8222,-1,-1,-1
242,48,393.84,180.24,22.77,80.84,0.5074,-1,-1,-1
242,43,598.38,170.08,34.09,309.40,0.7154,-1,-1,-1
243,1,413.86,88.92,154.79,378.02,0.8919,-1,-1,-1
243,2,48.01,8.63,227.07,469.67,0.8382,-1,-1,-1
243,24,309.50,122.55,69.68,188.82,0.8473,-1,-1,-1
243,48,393.26,180.75,22.89,81.00,0.5728,-1,-1,-1
243,43,586.55,64.99,46.38,415.15,0.7335,-1,-1,-1
243,42,29.22,164.60,23.55,87.87,0.6020,-1,-1,-1
244,1,419.27,90.57,153.28,377.52,0.8873,-1,-1,-1
244,2,62.26,7.55,224.77,469.02,0.7835,-1,-1,-1
244,24,314.61,121.36,69.10,188.25,0.7007,-1,-1,-1
244,48,394.19,179.31,23.46,82.85,0.5859,-1,-1,-1
244,43,570.74,16.78,54.33,463.66,0.8331,-1,-1,-1
244,42,26.71,168.98,25.10,84.83,0.7448,-1,-1,-1
245,1,421.39,89.11,152.85,381.74,0.8594,-1,-1,-1
245,2,68.60,8.99,218.46,456.06,0.8550,-1,-1,-1
245,24,314.03,121.42,69.99,190.32,0.7879,-1,-1,-1
245,48,393.13,179.39,23.50,82.71,0.6203,-1,-1,-1
245,43,558.79,-4.94,60.29,484.59,0.7262,-1,-1,-1
246,1,422.25,87.78,149.40,381.19,0.8571,-1,-1,-1
246,2,70.91,9.08,221.03,463.66,0.9022,-1,-1,-1
246,24,311.73,121.33,70.23,189.52,0.8129,-1,-1,-1
246,48,390.48,176.05,24.57,85.92,0.5733,-1,-1,-1
246,43,553.71,-12.76,64.63,492.30,0.7499,-1,-1,-1
246,42,36.16,193.75,13.19,41.95,0.5091,-1,-1,-1
247,1,426.32,86.49,142.22,369.33,0.8353,-1,-1,-1
247,2,74.66,9.74,220.32,465.24,0.9034,-1,-1,-1
247,24,310.22,122.10,70.23,189.07,0.8134,-1,-1,-1
247,48,387.92,175.93,24.51,85.41,0.6350,-1,-1,-1
247,43,540.47,-14.25,70.33,493.12,0.8081,-1,-1,-1
247,50,-6.61,165.15,33.58,88.53,0.6919,-1,-1,-1
247,51,407.15,171.15,38.40,107.31,0.7496,-1,-1,-1
247,42,32.10,195.74,12.53,38.08,0.5784,-1,-1,-1
248,1,432.93,87.70,137.10,357.55,0.8476,-1,-1,-1
248,2,79.01,9.15,219.71,468.06,0.8322,-1,-1,-1
248,24,309.39,122.64,70.48,189.02,0.8410,-1,-1,-1
248,48,385.82,174.66,25.14,86.93,0.6761,-1,-1,-1
248,43,541.25,-13.69,74.11,493.46,0.8616,-1,-1,-1
248,51,405.66,170.50,39.06,109.41,0.7695,-1,-1,-1
248,42,30.39,195.74,12.86,37.56,0.6138,-1,-1,-1
249,1,439.22,87.22,135.85,358.07,0.7632,-1,-1,-1
249,2,86.13,7.85,218.54,470.45,0.8886,-1,-1,-1
249,24,312.66,122.21,69.98,186.84,0.8361,-1,-1,-1
249,48,386.80,173.89,25.70,87.97,0.6865,-1,-1,-1
249,43,530.94,-12.71,79.64,491.43,0.8527,-1,-1,-1
249,51,407.47,170.13,39.42,110.79,0.7719,-1,-1,-1
249,42,30.84,196.17,13.00,36.97,0.5668,-1,-1,-1
249,52,288.01,169.42,27.80,92.56,0.6556,-1,-1,-1
250,1,450.11,87.72,135.97,362.42,0.6551,-1,-1,-1
250,2,96.50,7.90,216.22,470.53,0.9174,-1,-1,-1
250,24,318.58,122.92,68.85,182.95,0.8529,-1,-1,-1
250,48,389.88,174.34,26.65,90.36,0.6795,-1,-1,-1
250,43,527.29,-11.52,84.67,491.21,0.8216,-1,-1,-1
250,51,410.75,171.37,40.00,112.95,0.7798,-1,-1,-1
250,42,33.92,197.38,13.78,38.09,0.5370,-1,-1,-1
250,52,293.13,172.09,27.46,91.84,0.5941,-1,-1,-1
251,2,106.61,9.39,213.50,470.18,0.9129,-1,-1,-1
251,24,323.16,123.73,68.30,181.79,0.8604,-1,-1,-1
251,48,393.02,174.60,26.97,91.41,0.6133,-1,-1,-1
251,43,527.79,-10.54,88.55,490.56,0.8437,-1,-1,-1
251,51,412.64,170.80,40.80,115.74,0.7772,-1,-1,-1
251,42,35.76,197.66,14.42,39.28,0.5069,-1,-1,-1
252,2,116.13,14.53,209.39,465.45,0.8902,-1,-1,-1
252,24,326.70,127.18,67.77,180.96,0.8592,-1,-1,-1
252,48,395.91,176.20,27.25,92.36,0.5381,-1,-1,-1
252,43,530.40,-7.50,90.51,483.78,0.8710,-1,-1,-1
252,51,413.98,173.37,41.01,117.11,0.7353,-1,-1,-1
252,42,37.45,199.28,14.71,39.74,0.4359,-1,-1,-1
252,53,72.51,179.21,41.75,90.26,0.6004,-1,-1,-1
253,2,127.58,23.82,203.58,456.21,0.8997,-1,-1,-1
253,24,332.39,129.76,67.92,181.37,0.8571,-1,-1,-1
253,48,399.24,174.65,27.90,94.79,0.5322,-1,-1,-1
253,43,532.58,-4.21,92.06,477.94,0.8818,-1,-1,-1
253,51,417.26,174.11,41.66,119.84,0.6897,-1,-1,-1
253,42,41.70,201.87,14.46,38.97,0.4383,-1,-1,-1
253,53,69.78,179.92,43.14,92.99,0.7019,-1,-1,-1
253,54,462.24,143.73,56.48,177.75,0.7374,-1,-1,-1
254,2,137.60,27.64,199.95,452.11,0.8914,-1,-1,-1
254,24,336.71,132.78,66.96,179.82,0.8497,-1,-1,-1
254,48,402.71,175.11,27.93,95.44,0.4114,-1,-1,-1
254,43,534.61,-3.24,94.06,479.22,0.8783,-1,-1,-1
254,51,419.19,172.46,42.42,122.93,0.6797,-1,-1,-1
254,42,44.15,203.21,14.41,38.78,0.3579,-1,-1,-1
254,53,68.68,180.00,43.38,93.41,0.6661,-1,-1,-1
254,54,460.08,141.95,57.45,180.86,0.7380,-1,-1,-1
255,2,138.84,35.06,198.31,444.88,0.8651,-1,-1,-1
255,24,339.85,136.12,65.86,178.51,0.8389,-1,-1,-1
255,43,534.46,-2.47,96.00,480.55,0.8989,-1,-1,-1
255,51,417.81,172.17,43.01,125.76,0.6405,-1,-1,-1
255,53,59.69,180.46,44.67,96.57,0.6407,-1,-1,-1
255,54,450.27,142.01,59.54,186.09,0.8488,-1,-1,-1
256,2,156.12,36.14,196.55,443.39,0.8961,-1,-1,-1
256,24,342.09,135.35,64.69,177.08,0.7649,-1,-1,-1
256,43,533.17,-3.83,98.02,481.99,0.9070,-1,-1,-1
256,51,414.39,169.54,43.71,129.61,0.5574,-1,-1,-1
256,53,43.77,178.86,46.30,99.97,0.6232,-1,-1,-1
256,54,441.13,141.50,61.77,190.15,0.8100,-1,-1,-1
256,23,498.38,168.29,40.37,134.22,0.5903,-1,-1,-1
257,2,164.00,36.73,194.91,441.88,0.8838,-1,-1,-1
257,24,342.17,134.03,63.16,176.01,0.7821,-1,-1,-1
257,43,531.69,-4.24,99.93,483.10,0.9039,-1,-1,-1
257,53,27.50,178.88,48.02,101.67,0.6380,-1,-1,-1
257,54,436.27,139.63,64.39,195.39,0.8733,-1,-1,-1
257,56,66.11,132.13,75.84,175.04,0.7948,-1,-1,-1
257,23,494.41,167.84,43.98,140.65,0.6823,-1,-1,-1
258,2,159.63,31.30,197.36,446.45,0.8613,-1,-1,-1
258,24,341.26,133.79,63.05,177.96,0.7984,-1,-1,-1
258,53,28.46,181.68,41.88,89.67,0.2605,-1,-1,-1
258,54,421.41,134.14,68.08,205.01,0.8205,-1,-1,-1
258,56,48.58,132.27,77.92,178.89,0.8589,-1,-1,-1
258,23,489.06,165.35,46.98,146.51,0.6871,-1,-1,-1
258,1,474.47,4.35,174.31,474.14,0.8379,-1,-1,-1
259,2,156.26,29.88,198.34,448.31,0.8738,-1,-1,-1
259,24,340.87,135.85,61.60,177.00,0.7993,-1,-1,-1
259,53,17.96,180.25,41.53,90.82,0.2655,-1,-1,-1
259,54,403.99,129.71,70.57,212.11,0.8711,-1,-1,-1
259,56,29.67,129.88,80.98,183.90,0.8813,-1,-1,-1
259,23,485.88,163.90,49.49,149.22,0.6152,-1,-1,-1
259,1,472.53,-0.95,175.61,481.20,0.8552,-1,-1,-1
260,2,148.77,28.61,199.19,450.78,0.9073,-1,-1,-1
260,24,336.29,139.71,60.05,174.49,0.7813,-1,-1,-1
260,54,391.80,127.53,73.80,222.36,0.7485,-1,-1,-1
260,56,11.64,127.71,84.87,191.09,0.8998,-1,-1,-1
260,23,477.19,149.37,55.73,168.36,0.6937,-1,-1,-1
260,1,481.80,-2.02,171.86,482.90,0.8915,-1,-1,-1
261,2,138.30,27.58,199.17,452.26,0.8996,-1,-1,-1
261,24,328.00,144.20,59.19,172.26,0.8077,-1,-1,-1
261,54,374.42,128.00,78.26,231.14,0.8354,-1,-1,-1
261,56,-3.06,124.87,86.46,195.46,0.8624,-1,-1,-1
261,23,466.96,147.00,56.65,176.07,0.6196,-1,-1,-1
261,1,482.65,-2.07,169.38,482.53,0.9112,-1,-1,-1
262,2,123.71,24.00,200.06,455.62,0.8417,-1,-1,-1
262,24,320.52,146.32,58.08,169.49,0.6460,-1,-1,-1
262,54,352.42,127.60,83.28,239.44,0.8337,-1,-1,-1
262,1,472.30,-1.63,170.36,480.81,0.8910,-1,-1,-1
263,2,111.37,15.96,202.83,463.95,0.8953,-1,-1,-1
263,54,331.57,122.75,89.14,253.51,0.8724,-1,-1,-1
263,1,461.42,-1.88,173.57,481.12,0.9250,-1,-1,-1
264,2,102.65,12.16,203.18,467.01,0.8479,-1,-1,-1
264,54,322.37,118.48,93.51,262.84,0.8487,-1,-1,-1
264,1,454.31,-1.97,177.05,481.91,0.9049,-1,-1,-1
265,2,86.42,9.10,206.00,470.37,0.8510,-1,-1,-1
265,54,290.07,110.81,96.63,276.48,0.7725,-1,-1,-1
265,1,448.54,-1.66,180.08,480.49,0.9102,-1,-1,-1
266,2,82.98,8.79,206.75,470.74,0.8524,-1,-1,-1
266,54,271.13,102.51,97.01,286.44,0.7698,-1,-1,-1
266,1,443.05,-1.42,183.47,479.36,0.8698,-1,-1,-1
266,57,370.89,156.97,48.00,159.12,0.7844,-1,-1,-1
266,24,329.42,147.74,52.88,158.58,0.7445,-1,-1,-1
267,2,71.47,7.06,209.30,471.77,0.8257,-1,-1,-1
267,54,252.01,92.58,98.11,293.92,0.7856,-1,-1,-1
267,1,439.23,-1.11,186.88,478.95,0.9144,-1,-1,-1
267,57,367.48,149.27,49.69,163.87,0.7855,-1,-1,-1
267,24,318.99,142.74,52.55,158.15,0.8248,-1,-1,-1
268,2,56.58,2.57,214.87,477.02,0.7726,-1,-1,-1
268,54,237.85,81.52,99.75,301.37,0.5007,-1,-1,-1
268,1,437.10,-1.04,189.79,478.41,0.9181,-1,-1,-1
268,57,363.89,142.24,50.89,166.33,0.7797,-1,-1,-1
268,24,312.02,136.89,53.29,160.09,0.8496,-1,-1,-1
269,2,52.22,0.33,220.46,479.56,0.8078,-1,-1,-1
269,1,434.31,-0.70,192.40,476.76,0.9117,-1,-1,-1
269,57,353.79,136.02,52.44,170.46,0.7762,-1,-1,-1
269,24,308.90,132.14,52.96,158.97,0.7998,-1,-1,-1
270,2,50.44,-0.04,223.97,479.91,0.8814,-1,-1,-1
270,1,426.74,-0.59,196.96,477.55,0.9088,-1,-1,-1
270,57,341.78,119.38,54.21,175.82,0.7994,-1,-1,-1
270,24,306.14,117.45,51.85,159.59,0.7387,-1,-1,-1
271,2,47.20,-0.22,226.26,477.16,0.8835,-1,-1,-1
271,1,420.68,-0.51,201.96,479.65,0.9133,-1,-1,-1
271,57,331.73,94.19,56.07,181.21,0.7885,-1,-1,-1
271,24,306.72,94.18,50.48,161.10,0.5846,-1,-1,-1
271,58,586.46,111.01,58.27,264.85,0.5436,-1,-1,-1
272,2,46.16,-0.14,218.74,453.88,0.7820,-1,-1,-1
272,1,415.90,-0.70,206.36,480.65,0.9158,-1,-1,-1
272,57,320.41,59.24,59.17,189.76,0.8086,-1,-1,-1
272,58,583.48,58.37,63.58,290.41,0.4049,-1,-1,-1
273,2,39.95,0.20,219.15,448.37,0.6990,-1,-1,-1
273,1,413.36,-0.71,209.99,480.88,0.9118,-1,-1,-1
273,57,313.19,42.22,61.05,194.80,0.7508,-1,-1,-1
274,2,51.42,-0.29,223.78,468.05,0.7086,-1,-1,-1
274,1,411.89,-0.46,211.54,476.56,0.9034,-1,-1,-1
274,57,307.95,45.20,62.90,199.19,0.7755,-1,-1,-1
274,59,254.09,76.86,59.76,143.37,0.7571,-1,-1,-1
275,2,36.96,-0.29,225.82,473.57,0.8452,-1,-1,-1
275,1,408.67,-0.41,214.35,476.26,0.8676,-1,-1,-1
275,57,298.91,58.98,64.34,203.33,0.7901,-1,-1,-1
275,59,255.42,95.26,58.11,140.31,0.6512,-1,-1,-1
275,58,584.85,5.56,69.20,322.72,0.5054,-1,-1,-1
276,2,33.90,0.01,222.78,469.63,0.8091,-1,-1,-1
276,1,410.61,-0.26,216.99,477.98,0.9043,-1,-1,-1
276,57,294.08,83.59,65.60,205.68,0.8094,-1,-1,-1
276,59,256.44,127.16,54.95,133.19,0.4934,-1,-1,-1
277,2,38.21,-0.24,211.59,447.71,0.8311,-1,-1,-1
277,1,411.03,-0.24,219.30,479.56,0.9186,-1,-1,-1
277,57,285.57,100.26,67.24,210.14,0.7236,-1,-1,-1
277,59,253.16,141.82,54.86,134.74,0.3703,-1,-1,-1
278,2,23.38,-0.31,219.41,467.55,0.8499,-1,-1,-1
278,1,404.42,-0.28,219.60,480.20,0.9041,-1,-1,-1
278,57,273.49,107.25,69.68,217.21,0.7791,-1,-1,-1
279,2,10.03,14.18,214.75,459.32,0.8795,-1,-1,-1
279,1,388.43,-0.34,219.45,479.98,0.8974,-1,-1,-1
279,57,259.02,120.46,71.83,223.14,0.7788,-1,-1,-1
279,61,321.30,145.23,45.12,144.02,0.6579,-1,-1,-1
279,58,576.90,52.01,67.18,315.58,0.8096,-1,-1,-1
280,2,-6.24,18.84,211.10,457.36,0.8899,-1,-1,-1
280,1,369.13,-0.37,219.33,479.02,0.8895,-1,-1,-1
280,57,239.21,124.10,73.54,228.16,0.7876,-1,-1,-1
280,61,306.78,148.46,45.87,145.91,0.8053,-1,-1,-1
280,63,175.14,144.51,66.19,200.50,0.8065,-1,-1,-1
280,58,570.97,57.85,67.61,314.63,0.8290,-1,-1,-1
281,2,-25.11,8.87,210.12,470.16,0.9054,-1,-1,-1
281,1,346.21,-0.03,220.95,479.65,0.9069,-1,-1,-1
281,57,206.49,112.07,77.29,239.84,0.7881,-1,-1,-1
281,61,278.38,140.96,45.89,145.43,0.8326,-1,-1,-1
281,63,151.23,135.32,66.41,200.71,0.8363,-1,-1,-1
281,58,557.31,58.02,67.98,309.27,0.8292,-1,-1,-1
282,2,-36.89,10.39,200.44,467.97,0.8911,-1,-1,-1
282,1,337.73,0.18,222.70,479.79,0.9030,-1,-1,-1
282,57,174.26,108.17,81.31,252.21,0.8021,-1,-1,-1
282,61,259.41,143.52,45.46,144.38,0.8065,-1,-1,-1
282,63,128.79,134.18,62.70,191.69,0.6080,-1,-1,-1
282,58,544.04,84.02,66.90,298.05,0.4139,-1,-1,-1
283,2,-37.30,17.84,189.63,460.12,0.8594,-1,-1,-1
283,1,346.77,-0.10,223.98,480.20,0.8832,-1,-1,-1
283,57,154.34,112.10,85.49,263.25,0.8315,-1,-1,-1
283,61,254.74,154.04,45.10,144.47,0.7236,-1,-1,-1
283,63,109.89,158.44,51.86,159.00,0.6089,-1,-1,-1
283,58,536.88,120.54,65.06,284.32,0.3847,-1,-1,-1
283,66,306.52,122.39,70.06,278.73,0.6675,-1,-1,-1
284,2,-33.25,17.77,184.06,461.19,0.8166,-1,-1,-1
284,1,368.25,0.25,224.11,479.88,0.8913,-1,-1,-1
284,57,147.68,112.28,88.74,271.52,0.8488,-1,-1,-1
284,63,110.29,164.72,49.03,151.18,0.7251,-1,-1,-1
284,66,319.48,127.81,72.35,287.06,0.7438,-1,-1,-1
284,67,292.84,85.94,74.35,223.89,0.5067,-1,-1,-1
285,2,-27.85,18.05,179.44,461.57,0.8868,-1,-1,-1
285,1,397.09,0.37,224.20,479.77,0.9175,-1,-1,-1
285,57,150.22,107.52,90.67,277.77,0.8550,-1,-1,-1
285,66,337.30,95.09,81.61,323.22,0.8513,-1,-1,-1
285,67,297.77,77.32,87.46,264.72,0.7347,-1,-1,-1
285,68,285.85,159.25,39.72,142.32,0.7027,-1,-1,-1
286,2,-21.06,25.79,173.37,454.36,0.9024,-1,-1,-1
286,1,420.15,0.46,221.42,479.21,0.9101,-1,-1,-1
286,57,155.06,105.63,92.65,283.98,0.8643,-1,-1,-1
286,66,356.72,79.11,89.91,354.20,0.8755,-1,-1,-1
286,67,306.05,72.80,93.27,283.76,0.6258,-1,-1,-1
286,69,125.80,163.81,47.50,160.52,0.6716,-1,-1,-1
287,2,-15.14,34.06,168.08,446.24,0.8947,-1,-1,-1
287,1,440.49,0.08,216.38,479.44,0.8892,-1,-1,-1
287,57,161.35,104.21,95.10,289.89,0.8162,-1,-1,-1
287,66,376.03,66.46,97.73,380.76,0.8855,-1,-1,-1
287,67,317.56,71.22,96.73,296.17,0.7645,-1,-1,-1
287,69,130.49,162.83,48.59,164.85,0.6260,-1,-1,-1
288,2,-10.92,38.51,164.87,441.83,0.8995,-1,-1,-1
288,1,461.08,-0.07,208.87,479.69,0.8588,-1,-1,-1
288,57,164.85,100.42,98.24,300.68,0.8312,-1,-1,-1
288,66,397.74,55.50,105.77,404.29,0.8844,-1,-1,-1
288,67,329.71,65.64,99.39,306.27,0.8194,-1,-1,-1
288,69,136.04,160.62,48.97,166.39,0.6096,-1,-1,-1
288,68,275.75,168.00,36.86,132.82,0.5890,-1,-1,-1
289,2,-4.40,47.94,161.29,432.18,0.9024,-1,-1,-1
289,1,492.05,3.85,194.83,474.49,0.8156,-1,-1,-1
289,57,173.71,100.39,101.97,313.24,0.8151,-1,-1,-1
289,66,420.59,48.68,113.22,423.85,0.8817,-1,-1,-1
289,67,345.22,60.91,102.04,316.99,0.7686,-1,-1,-1
289,69,148.04,158.71,51.38,173.48,0.6042,-1,-1,-1
289,68,262.64,160.81,46.02,166.11,0.6807,-1,-1,-1
289,58,513.96,80.43,78.53,357.48,0.5401,-1,-1,-1
290,2,3.14,56.69,159.57,423.31,0.8948,-1,-1,-1
290,57,184.81,98.94,105.55,325.30,0.8002,-1,-1,-1
290,66,446.55,37.84,121.30,443.16,0.8745,-1,-1,-1
290,67,361.99,53.55,107.20,336.47,0.8409,-1,-1,-1
290,69,155.54,156.64,52.35,177.59,0.6928,-1,-1,-1
290,71,288.56,162.30,42.86,169.72,0.5819,-1,-1,-1
291,2,8.43,57.84,160.94,422.30,0.8692,-1,-1,-1
291,57,197.65,93.69,109.93,340.97,0.8387,-1,-1,-1
291,66,470.94,25.55,128.56,455.45,0.8855,-1,-1,-1
291,67,382.52,44.78,111.93,352.29,0.8330,-1,-1,-1
291,69,163.99,152.76,52.94,180.17,0.7069,-1,-1,-1
291,71,303.71,161.91,44.19,174.55,0.6888,-1,-1,-1
291,72,571.02,57.84,78.08,390.28,0.6429,-1,-1,-1
292,2,15.28,56.42,163.03,423.34,0.8849,-1,-1,-1
292,57,210.53,89.61,115.28,358.95,0.8385,-1,-1,-1
292,66,488.63,12.65,135.39,470.17,0.8919,-1,-1,-1
292,67,400.32,38.01,117.28,370.37,0.8805,-1,-1,-1
292,69,171.92,154.76,52.78,178.77,0.7097,-1,-1,-1
292,71,324.25,165.64,44.72,175.05,0.7873,-1,-1,-1
293,2,17.99,49.96,166.96,430.06,0.9074,-1,-1,-1
293,57,220.47,80.82,118.52,371.62,0.8477,-1,-1,-1
293,66,499.12,0.29,140.25,483.44,0.8872,-1,-1,-1
293,67,414.01,28.21,125.13,396.24,0.8619,-1,-1,-1
293,69,173.81,151.28,54.60,182.90,0.5399,-1,-1,-1
293,71,339.61,167.98,45.32,174.57,0.8567,-1,-1,-1
294,2,25.76,48.06,168.67,432.06,0.8777,-1,-1,-1
294,57,229.51,71.85,123.59,389.79,0.8386,-1,-1,-1
294,66,511.73,-3.20,139.96,485.90,0.8179,-1,-1,-1
294,67,428.34,19.21,132.40,419.38,0.8433,-1,-1,-1
294,71,356.50,167.35,46.49,175.67,0.8113,-1,-1,-1
295,2,38.20,47.93,169.59,432.03,0.7482,-1,-1,-1
295,57,236.76,61.82,128.85,408.95,0.8832,-1,-1,-1
295,66,529.80,39.68,126.35,443.42,0.8526,-1,-1,-1
295,67,442.96,10.29,139.22,440.13,0.8817,-1,-1,-1
295,71,374.70,166.06,46.69,173.66,0.7782,-1,-1,-1
295,69,209.58,183.49,39.07,129.71,0.7579,-1,-1,-1
296,2,30.38,53.26,172.22,425.67,0.8213,-1,-1,-1
296,57,242.99,53.21,132.52,423.41,0.8884,-1,-1,-1
296,67,455.40,2.40,145.92,459.23,0.8691,-1,-1,-1
296,71,389.41,164.76,47.92,176.28,0.8127,-1,-1,-1
296,69,221.80,193.39,35.54,116.36,0.7645,-1,-1,-1
296,72,556.87,62.92,83.28,416.30,0.7014,-1,-1,-1
297,2,28.44,55.09,176.35,423.29,0.8673,-1,-1,-1
297,57,244.58,40.26,136.89,439.13,0.8809,-1,-1,-1
297,67,467.70,-1.45,150.77,469.77,0.8800,-1,-1,-1
297,71,398.85,162.94,49.29,176.47,0.8624,-1,-1,-1
297,69,226.32,196.14,34.09,110.68,0.4861,-1,-1,-1
297,73,2.05,126.72,68.54,206.77,0.7805,-1,-1,-1
298,2,46.63,55.46,177.24,423.29,0.7867,-1,-1,-1
298,57,240.45,24.56,142.53,457.15,0.8798,-1,-1,-1
298,67,477.05,-2.69,156.30,482.00,0.9150,-1,-1,-1
298,71,414.55,165.12,50.96,173.24,0.8572,-1,-1,-1
298,73,-3.16,122.47,65.34,197.74,0.8389,-1,-1,-1
299,2,59.32,54.71,177.67,423.59,0.8574,-1,-1,-1
299,57,237.56,12.26,146.05,470.76,0.8844,-1,-1,-1
299,67,481.72,-2.83,158.85,486.59,0.9084,-1,-1,-1
299,71,422.94,167.46,52.87,170.60,0.8670,-1,-1,-1
299,73,-6.71,117.88,65.81,200.46,0.8597,-1,-1,-1
300,2,70.28,52.34,177.68,427.09,0.8132,-1,-1,-1
300,57,229.10,2.21,148.69,479.91,0.8594,-1,-1,-1
300,67,488.41,-2.91,158.88,488.02,0.8960,-1,-1,-1
300,71,428.81,165.70,55.34,171.23,0.8893,-1,-1,-1
300,73,-4.61,131.07,64.94,198.53,0.8118,-1,-1,-1
300,74,371.68,168.22,41.84,136.38,0.7341,-1,-1,-1
301,2,75.65,49.56,175.97,429.56,0.8625,-1,-1,-1
301,57,221.28,-1.56,151.94,484.32,0.9034,-1,-1,-1
301,67,493.75,-2.74,157.49,486.86,0.9061,-1,-1,-1
301,71,433.34,164.25,57.39,172.07,0.8430,-1,-1,-1
301,73,-0.11,144.81,59.80,182.21,0.7266,-1,-1,-1
301,74,371.43,166.69,42.77,138.55,0.7595,-1,-1,-1
302,2,80.07,44.73,172.98,431.60,0.7948,-1,-1,-1
302,57,199.91,-2.81,154.98,484.67,0.8281,-1,-1,-1
302,67,501.29,-2.43,155.09,486.94,0.9075,-1,-1,-1
302,71,444.69,161.50,58.12,172.91,0.7801,-1,-1,-1
302,73,-0.44,146.34,56.28,171.96,0.6402,-1,-1,-1
302,74,373.60,165.01,44.49,141.58,0.6594,-1,-1,-1
303,2,103.59,15.29,188.49,463.31,0.6804,-1,-1,-1
303,67,510.09,-2.22,151.32,486.58,0.8999,-1,-1,-1
303,71,455.68,159.62,59.29,173.71,0.7802,-1,-1,-1
303,73,6.01,146.94,54.94,168.43,0.6062,-1,-1,-1
303,74,383.85,163.26,45.46,143.21,0.6275,-1,-1,-1
303,75,56.01,103.21,77.23,307.34,0.6891,-1,-1,-1
304,2,107.45,4.31,191.82,472.93,0.7529,-1,-1,-1
304,71,464.48,158.19,59.66,173.34,0.8055,-1,-1,-1
304,74,388.36,160.76,45.39,141.68,0.6638,-1,-1,-1
304,75,30.35,94.72,76.06,299.28,0.8244,-1,-1,-1
304,76,343.39,191.71,32.64,121.59,0.6367,-1,-1,-1
304,72,541.91,5.57,95.60,475.35,0.8459,-1,-1,-1
304,69,274.04,155.84,43.53,144.09,0.5717,-1,-1,-1
305,2,94.43,0.56,191.12,472.25,0.3614,-1,-1,-1
305,71,469.46,160.28,59.81,172.08,0.8321,-1,-1,-1
305,74,388.81,160.19,47.17,146.73,0.7341,-1,-1,-1
305,75,29.27,90.96,78.41,301.08,0.8747,-1,-1,-1
305,76,345.92,189.84,34.16,125.50,0.7111,-1,-1,-1
305,78,291.92,157.44,67.27,159.23,0.5841,-1,-1,-1
305,72,547.72,4.01,94.33,475.93,0.7590,-1,-1,-1
305,69,277.55,155.29,44.27,149.90,0.5749,-1,-1,-1
306,2,51.80,-0.68,195.14,469.50,0.3519,-1,-1,-1
306,71,473.40,160.94,60.32,170.30,0.8051,-1,-1,-1
306,74,389.20,159.06,48.29,148.61,0.7651,-1,-1,-1
306,75,14.74,86.33,65.82,248.91,0.3055,-1,-1,-1
306,76,350.70,188.66,34.42,125.77,0.5550,-1,-1,-1
306,78,295.07,154.52,68.44,162.78,0.6875,-1,-1,-1
306,72,535.37,87.86,71.23,325.15,0.8045,-1,-1,-1
306,69,274.18,157.45,43.50,149.82,0.5979,-1,-1,-1
307,2,22.63,-1.29,199.25,475.75,0.3881,-1,-1,-1
307,71,472.99,163.20,60.31,169.78,0.7172,-1,-1,-1
307,74,392.61,158.37,49.66,149.38,0.7866,-1,-1,-1
307,76,348.83,187.24,35.37,127.68,0.5544,-1,-1,-1
307,78,296.32,152.88,69.17,165.76,0.7664,-1,-1,-1
307,72,532.05,119.63,64.54,265.16,0.8132,-1,-1,-1
307,57,175.95,89.35,111.89,352.77,0.6156,-1,-1,-1
308,71,480.42,170.24,57.10,159.29,0.3120,-1,-1,-1
308,74,395.58,158.39,51.28,148.98,0.8040,-1,-1,-1
308,76,353.22,185.77,35.82,129.39,0.7032,-1,-1,-1
308,78,298.51,151.14,69.53,168.32,0.7905,-1,-1,-1
308,72,524.42,124.57,68.67,256.37,0.8264,-1,-1,-1
308,57,156.86,67.08,127.45,400.00,0.8632,-1,-1,-1
309,74,398.09,158.04,53.24,150.62,0.8142,-1,-1,-1
309,76,361.42,184.92,35.92,129.52,0.6372,-1,-1,-1
309,78,306.57,150.50,70.16,169.83,0.8432,-1,-1,-1
309,72,518.30,122.42,78.57,270.77,0.8728,-1,-1,-1
309,57,140.30,61.94,136.78,413.48,0.8759,-1,-1,-1
309,2,-26.82,-0.91,190.74,478.44,0.5367,-1,-1,-1
310,74,399.14,158.40,54.76,153.30,0.7618,-1,-1,-1
310,76,369.45,185.33,37.48,131.37,0.6420,-1,-1,-1
310,78,309.36,151.39,71.44,171.83,0.8536,-1,-1,-1
310,72,518.44,122.23,87.34,282.91,0.8441,-1,-1,-1
310,57,130.58,78.48,138.80,400.20,0.8672,-1,-1,-1
310,80,466.85,174.31,32.67,118.44,0.6796,-1,-1,-1
311,74,399.39,158.72,56.26,156.69,0.7741,-1,-1,-1
311,76,373.11,186.53,39.15,133.06,0.6606,-1,-1,-1
311,78,306.24,152.10,73.00,173.83,0.8540,-1,-1,-1
311,72,515.19,119.06,98.42,304.42,0.8847,-1,-1,-1
311,57,128.96,82.57,141.29,397.32,0.8418,-1,-1,-1
311,80,463.64,176.65,32.31,116.70,0.7472,-1,-1,-1
311,73,-2.78,153.34,49.72,155.26,0.5232,-1,-1,-1
311,2,8.92,56.45,152.79,393.98,0.8240,-1,-1,-1
312,74,399.08,155.26,58.36,162.10,0.7227,-1,-1,-1
312,76,372.49,188.18,40.62,134.15,0.6160,-1,-1,-1
312,78,301.56,151.06,75.34,177.52,0.8818,-1,-1,-1
312,72,508.47,111.69,107.89,322.64,0.8926,-1,-1,-1
312,57,123.12,70.52,147.20,408.53,0.8812,-1,-1,-1
312,80,457.08,177.54,32.25,116.04,0.7326,-1,-1,-1
312,2,-6.54,60.86,148.59,390.58,0.8998,-1,-1,-1
313,74,399.19,155.83,58.82,163.05,0.7331,-1,-1,-1
313,76,368.03,188.47,42.34,137.02,0.6824,-1,-1,-1
313,78,299.70,150.17,77.02,180.41,0.8423,-1,-1,-1
313,72,499.59,101.83,116.31,339.64,0.8805,-1,-1,-1
313,57,117.65,70.19,149.54,408.91,0.8785,-1,-1,-1
313,80,450.17,178.22,31.97,114.16,0.7123,-1,-1,-1
313,2,-20.05,55.83,147.45,403.12,0.8864,-1,-1,-1
314,74,399.94,155.57,59.36,164.54,0.7812,-1,-1,-1
314,76,367.67,186.18,43.52,139.73,0.7039,-1,-1,-1
314,78,301.38,149.10,78.40,183.21,0.8188,-1,-1,-1
314,72,493.00,91.54,124.27,355.65,0.8715,-1,-1,-1
314,57,115.50,68.16,152.64,411.74,0.8713,-1,-1,-1
314,80,445.51,177.84,32.03,113.91,0.6569,-1,-1,-1
314,2,-30.15,45.39,147.10,423.14,0.8190,-1,-1,-1
315,74,407.24,158.03,59.88,163.86,0.7405,-1,-1,-1
315,76,374.51,188.40,45.02,143.91,0.6789,-1,-1,-1
315,78,305.58,150.81,78.67,186.89,0.8029,-1,-1,-1
315,72,489.32,83.21,135.53,381.92,0.8983,-1,-1,-1
315,57,119.23,69.45,154.43,410.76,0.8883,-1,-1,-1
315,73,14.16,150.10,60.96,178.90,0.7584,-1,-1,-1
316,74,414.75,157.06,59.89,163.27,0.7190,-1,-1,-1
316,76,383.19,188.54,47.77,145.50,0.8179,-1,-1,-1
316,78,310.70,147.66,79.59,191.73,0.7823,-1,-1,-1
316,72,486.17,72.44,144.51,404.01,0.9018,-1,-1,-1
316,57,123.78,66.96,157.58,413.33,0.8937,-1,-1,-1
316,73,19.14,147.17,61.85,180.00,0.8002,-1,-1,-1
317,74,423.34,156.30,60.81,166.49,0.7291,-1,-1,-1
317,76,394.89,188.57,50.97,147.93,0.5472,-1,-1,-1
317,78,319.38,144.87,81.29,196.27,0.8410,-1,-1,-1
317,72,486.03,58.56,150.91,422.23,0.9216,-1,-1,-1
317,57,129.48,66.34,159.62,413.28,0.8971,-1,-1,-1
317,73,26.31,146.01,61.09,179.67,0.8410,-1,-1,-1
318,74,431.69,156.36,60.86,167.14,0.7451,-1,-1,-1
318,76,404.25,186.26,53.87,151.18,0.7635,-1,-1,-1
318,78,325.22,142.66,82.94,200.03,0.8617,-1,-1,-1
318,72,486.58,46.43,154.93,435.91,0.9193,-1,-1,-1
318,57,135.92,67.40,161.84,412.63,0.8461,-1,-1,-1
318,73,30.77,145.87,61.00,180.15,0.8351,-1,-1,-1
319,74,440.09,151.94,61.78,170.43,0.6665,-1,-1,-1
319,76,413.24,184.50,55.88,152.38,0.5633,-1,-1,-1
319,78,331.58,131.53,88.35,211.77,0.8663,-1,-1,-1
319,72,488.87,24.94,159.58,456.52,0.9129,-1,-1,-1
319,57,142.30,70.33,162.07,408.49,0.8767,-1,-1,-1
319,73,36.40,145.58,60.71,178.76,0.8265,-1,-1,-1
320,74,452.84,147.50,62.83,174.49,0.4720,-1,-1,-1
320,76,421.58,176.49,58.85,159.53,0.6891,-1,-1,-1
320,78,337.87,131.31,89.55,211.28,0.8861,-1,-1,-1
320,72,494.44,7.23,161.63,475.05,0.8849,-1,-1,-1
320,57,151.98,73.59,162.48,405.67,0.8649,-1,-1,-1
320,73,38.89,143.79,61.91,178.26,0.8178,-1,-1,-1
321,74,453.74,162.92,58.26,166.70,0.5414,-1,-1,-1
321,78,345.99,126.71,92.28,215.33,0.8861,-1,-1,-1
321,57,164.52,60.35,167.61,419.19,0.8706,-1,-1,-1
321,73,45.95,138.02,63.26,179.65,0.8634,-1,-1,-1
322,74,469.18,161.36,59.79,169.64,0.6781,-1,-1,-1
322,78,356.81,119.30,94.74,219.17,0.8587,-1,-1,-1
322,57,177.19,50.07,171.49,429.87,0.8802,-1,-1,-1
322,73,55.78,132.01,63.32,178.98,0.8230,-1,-1,-1
322,71,574.72,62.97,84.46,260.46,0.7487,-1,-1,-1
323,74,480.94,162.21,60.18,169.76,0.5739,-1,-1,-1
323,78,375.66,114.74,96.66,224.48,0.8610,-1,-1,-1
323,57,191.58,42.82,174.34,437.27,0.9010,-1,-1,-1
323,73,68.64,127.02,62.50,177.43,0.8202,-1,-1,-1
323,83,142.63,104.94,75.50,213.65,0.8354,-1,-1,-1
323,76,462.36,166.79,43.12,117.43,0.7132,-1,-1,-1
324,74,499.98,159.18,65.01,173.08,0.7860,-1,-1,-1
324,78,391.07,109.48,97.08,229.19,0.8248,-1,-1,-1
324,57,202.24,34.88,177.54,445.24,0.9034,-1,-1,-1
324,73,76.68,123.36,62.14,177.04,0.7952,-1,-1,-1
324,83,139.72,99.15,78.24,221.16,0.8335,-1,-1,-1
324,76,471.97,163.80,39.66,109.47,0.6748,-1,-1,-1
324,69,372.76,149.37,49.94,168.78,0.5658,-1,-1,-1
325,74,517.35,154.96,68.63,176.96,0.7676,-1,-1,-1
325,78,406.47,102.45,97.90,236.41,0.8089,-1,-1,-1
325,57,213.91,32.65,178.62,447.48,0.9065,-1,-1,-1
325,73,76.31,122.04,63.62,177.03,0.7948,-1,-1,-1
325,83,129.23,92.87,84.23,237.96,0.8380,-1,-1,-1
325,69,380.14,145.55,51.46,173.72,0.7269,-1,-1,-1
326,74,531.33,152.26,70.37,179.68,0.6977,-1,-1,-1
326,78,418.40,98.53,98.22,242.94,0.8656,-1,-1,-1
326,57,219.24,34.28,178.57,445.82,0.8992,-1,-1,-1
326,73,77.38,122.81,66.21,178.23,0.7123,-1,-1,-1
326,83,119.87,89.15,87.84,247.88,0.8166,-1,-1,-1
326,69,386.32,143.23,51.95,176.69,0.6700,-1,-1,-1
327,74,554.35,146.71,71.30,183.13,0.8158,-1,-1,-1
327,78,427.47,94.39,99.04,248.06,0.8880,-1,-1,-1
327,57,224.51,35.86,178.47,443.01,0.8833,-1,-1,-1
327,73,77.94,123.05,66.26,177.13,0.6387,-1,-1,-1
327,83,105.45,82.61,91.70,258.24,0.8709,-1,-1,-1
327,69,393.55,140.71,52.47,178.25,0.7289,-1,-1,-1
328,74,566.62,144.31,73.32,189.14,0.7827,-1,-1,-1
328,78,432.13,92.85,100.45,251.25,0.8788,-1,-1,-1
328,57,224.98,38.78,179.55,438.22,0.8397,-1,-1,-1
328,83,89.91,78.26,97.12,274.47,0.7857,-1,-1,-1
328,69,403.27,139.21,45.27,148.67,0.3023,-1,-1,-1
328,87,1.22,125.25,29.45,159.55,0.7583,-1,-1,-1
329,74,569.75,144.97,73.84,189.99,0.8077,-1,-1,-1
329,78,431.15,91.50,102.32,254.62,0.8939,-1,-1,-1
329,57,229.75,39.19,181.45,439.74,0.8234,-1,-1,-1
329,83,65.25,69.84,102.90,289.40,0.8753,-1,-1,-1
329,69,409.32,137.67,43.46,141.12,0.4212,-1,-1,-1
329,87,7.08,125.10,29.52,158.07,0.7695,-1,-1,-1
330,74,568.62,147.84,74.79,190.94,0.7780,-1,-1,-1
330,78,427.82,92.17,104.39,259.30,0.8873,-1,-1,-1
330,57,238.68,36.03,182.71,443.63,0.8507,-1,-1,-1
330,83,47.15,63.02,108.32,304.91,0.8382,-1,-1,-1
330,69,412.34,139.11,45.54,147.47,0.5146,-1,-1,-1
330,87,9.19,129.59,29.74,156.41,0.6368,-1,-1,-1
330,89,543.15,108.74,75.10,215.54,0.5741,-1,-1,-1
330,76,505.25,138.63,57.69,158.46,0.6635,-1,-1,-1
331,78,428.24,92.81,105.59,263.37,0.8693,-1,-1,-1
331,57,242.04,33.43,183.69,446.51,0.8660,-1,-1,-1
331,83,27.43,55.41,113.23,318.48,0.8641,-1,-1,-1
331,69,404.66,140.91,56.06,176.59,0.6651,-1,-1,-1
331,87,8.96,131.97,30.56,157.48,0.6217,-1,-1,-1
331,89,549.23,110.28,77.98,225.04,0.7401,-1,-1,-1
331,76,504.75,136.87,59.80,162.88,0.5725,-1,-1,-1
332,78,439.02,89.33,105.57,265.88,0.8648,-1,-1,-1
332,57,242.62,29.01,185.40,450.93,0.9126,-1,-1,-1
332,83,4.78,44.45,118.70,335.99,0.8850,-1,-1,-1
332,69,409.35,137.99,59.94,191.08,0.6837,-1,-1,-1
332,89,557.43,107.96,76.54,221.15,0.7999,-1,-1,-1
333,78,446.77,87.58,104.10,266.85,0.8395,-1,-1,-1
333,57,243.54,26.01,186.20,454.02,0.8931,-1,-1,-1
333,83,-10.27,35.69,121.94,350.51,0.9164,-1,-1,-1
333,69,416.49,133.83,62.15,202.14,0.7998,-1,-1,-1
333,89,560.87,108.61,78.05,225.28,0.8701,-1,-1,-1
334,78,455.32,83.92,104.51,271.12,0.8788,-1,-1,-1
334,57,242.05,27.84,185.10,452.22,0.8955,-1,-1,-1
334,83,-25.66,25.90,122.50,366.05,0.8867,-1,-1,-1
334,69,418.37,131.10,64.07,209.82,0.8472,-1,-1,-1
334,89,559.64,108.73,77.93,223.56,0.9007,-1,-1,-1
335,78,459.03,83.52,103.81,272.80,0.8358,-1,-1,-1
335,57,241.21,28.40,183.79,449.85,0.9060,-1,-1,-1
335,83,-33.75,35.89,115.86,363.82,0.8329,-1,-1,-1
335,69,416.54,131.60,64.45,213.69,0.6967,-1,-1,-1
335,89,557.59,110.25,78.07,221.84,0.8955,-1,-1,-1
335,90,34.76,121.11,60.81,180.38,0.7376,-1,-1,-1
336,78,463.51,79.03,104.16,274.60,0.8486,-1,-1,-1
336,57,239.88,24.23,184.43,453.15,0.9050,-1,-1,-1
336,69,417.96,129.26,67.56,218.95,0.6551,-1,-1,-1
336,89,557.36,106.27,79.50,224.67,0.8825,-1,-1,-1
336,90,29.18,117.01,60.29,178.74,0.7520,-1,-1,-1
337,78,469.36,73.31,105.48,275.39,0.8442,-1,-1,-1
337,57,238.96,16.32,187.58,462.72,0.9129,-1,-1,-1
337,69,420.73,122.99,72.48,227.28,0.7623,-1,-1,-1
337,89,564.52,100.02,78.59,224.18,0.8724,-1,-1,-1
337,90,27.33,111.79,59.15,175.61,0.8423,-1,-1,-1
338,78,472.62,69.68,108.73,282.56,0.8405,-1,-1,-1
338,57,241.04,17.92,187.02,461.30,0.9028,-1,-1,-1
338,69,424.70,118.32,72.73,228.55,0.7688,-1,-1,-1
338,89,575.77,97.55,76.15,223.73,0.8012,-1,-1,-1
338,90,25.99,112.30,60.08,178.08,0.8275,-1,-1,-1
339,78,471.96,68.11,111.49,288.03,0.8681,-1,-1,-1
339,57,241.33,16.70,187.65,463.05,0.9062,-1,-1,-1
339,69,431.16,115.97,71.93,225.73,0.7677,-1,-1,-1
339,89,580.09,94.86,75.13,227.92,0.8486,-1,-1,-1
339,90,24.55,112.48,60.96,180.40,0.8276,-1,-1,-1
340,78,475.86,66.95,114.12,290.34,0.8770,-1,-1,-1
340,57,243.19,13.28,189.34,466.66,0.8864,-1,-1,-1
340,69,447.54,115.89,68.45,219.32,0.7128,-1,-1,-1
340,89,585.14,94.18,72.65,229.55,0.8175,-1,-1,-1
340,90,27.23,112.60,63.22,181.94,0.8414,-1,-1,-1
341,78,491.49,65.28,116.04,294.60,0.8618,-1,-1,-1
341,57,247.78,13.70,188.91,466.32,0.8716,-1,-1,-1
341,69,463.24,118.33,68.26,223.81,0.7191,-1,-1,-1
341,89,592.43,110.96,65.35,215.98,0.6628,-1,-1,-1
341,90,25.51,115.48,66.16,182.09,0.8641,-1,-1,-1
341,92,431.29,108.56,56.85,207.60,0.7800,-1,-1,-1
341,93,2.00,115.38,22.83,173.95,0.6963,-1,-1,-1
342,78,508.96,61.05,117.54,299.33,0.8154,-1,-1,-1
342,57,253.05,13.40,189.58,466.64,0.8403,-1,-1,-1
342,69,477.29,114.36,70.06,233.29,0.8004,-1,-1,-1
342,90,22.57,116.41,69.15,181.91,0.8865,-1,-1,-1
342,92,434.47,105.32,59.18,215.71,0.7183,-1,-1,-1
342,93,5.49,114.01,23.45,176.70,0.7069,-1,-1,-1
342,94,232.01,170.84,27.67,86.30,0.6956,-1,-1,-1
343,78,527.98,59.30,117.74,306.52,0.8510,-1,-1,-1
343,57,258.92,15.24,191.48,464.80,0.8245,-1,-1,-1
343,69,492.41,115.78,71.76,238.93,0.7782,-1,-1,-1
343,90,30.43,118.68,68.63,176.59,0.8432,-1,-1,-1
343,92,448.05,104.01,60.20,219.71,0.7995,-1,-1,-1
343,93,12.03,118.24,24.82,181.16,0.7696,-1,-1,-1
343,94,228.70,172.89,28.50,88.28,0.7602,-1,-1,-1
344,78,539.18,58.00,117.03,314.33,0.8875,-1,-1,-1
344,57,265.89,14.64,193.89,465.41,0.8381,-1,-1,-1
344,69,502.59,118.60,73.04,240.21,0.8536,-1,-1,-1
344,90,35.97,119.57,69.20,177.21,0.8142,-1,-1,-1
344,92,456.39,103.42,62.13,227.51,0.7393,-1,-1,-1
344,93,15.37,121.21,25.76,179.30,0.7616,-1,-1,-1
344,94,224.38,173.10,29.34,90.21,0.7700,-1,-1,-1
345,78,550.27,55.64,114.07,320.37,0.8783,-1,-1,-1
345,57,277.55,7.81,197.98,470.99,0.8086,-1,-1,-1
345,69,514.90,117.57,74.43,242.66,0.8286,-1,-1,-1
345,90,47.57,117.05,68.57,179.31,0.8050,-1,-1,-1
345,92,460.61,99.22,63.32,234.25,0.4729,-1,-1,-1
345,93,20.26,122.97,27.02,174.05,0.8403,-1,-1,-1
345,94,216.73,170.79,31.01,93.66,0.7458,-1,-1,-1
346,78,562.45,56.88,109.81,327.92,0.7633,-1,-1,-1
346,57,292.31,5.48,199.02,474.08,0.7970,-1,-1,-1
346,69,537.80,116.26,77.95,252.43,0.7942,-1,-1,-1
346,90,60.27,122.47,67.16,179.51,0.7774,-1,-1,-1
346,92,460.11,101.75,65.32,243.67,0.4930,-1,-1,-1
346,93,24.17,130.34,29.26,171.32,0.8445,-1,-1,-1
346,94,215.05,174.51,32.39,95.61,0.7931,-1,-1,-1
347,57,304.03,2.24,201.07,477.62,0.8327,-1,-1,-1
347,69,559.02,113.94,79.63,261.71,0.8129,-1,-1,-1
347,90,76.78,126.96,66.36,178.13,0.8375,-1,-1,-1
347,93,30.05,131.51,32.37,173.54,0.8244,-1,-1,-1
347,94,217.17,175.90,33.44,96.90,0.7568,-1,-1,-1
348,57,313.20,1.00,201.92,478.97,0.7771,-1,-1,-1
348,69,572.49,109.25,77.39,261.42,0.8473,-1,-1,-1
348,90,87.60,128.45,66.30,174.99,0.8692,-1,-1,-1
348,93,38.92,128.74,34.39,173.88,0.7701,-1,-1,-1
348,94,216.68,172.66,34.71,99.52,0.6572,-1,-1,-1
349,57,320.63,0.84,202.27,478.02,0.8064,-1,-1,-1
349,69,583.16,111.15,73.99,261.04,0.7197,-1,-1,-1
349,90,94.43,132.00,66.59,170.94,0.8358,-1,-1,-1
349,93,54.92,129.15,35.90,174.39,0.7851,-1,-1,-1
349,94,212.45,171.46,36.05,101.88,0.5477,-1,-1,-1
349,92,492.62,85.99,72.92,275.16,0.5491,-1,-1,-1
350,57,323.40,0.47,203.22,479.12,0.8555,-1,-1,-1
350,69,593.13,125.98,66.82,248.19,0.6290,-1,-1,-1
350,90,95.66,131.79,68.84,172.91,0.8514,-1,-1,-1
350,93,61.85,130.47,36.84,171.93,0.7859,-1,-1,-1
350,94,207.83,170.62,37.26,104.02,0.6745,-1,-1,-1
350,95,26.49,158.53,34.43,117.76,0.5305,-1,-1,-1
350,92,499.17,81.00,75.94,292.93,0.7985,-1,-1,-1
351,57,326.45,0.42,204.18,479.45,0.8401,-1,-1,-1
351,90,108.75,129.04,66.73,171.06,0.8051,-1,-1,-1
351,93,71.58,129.70,40.23,170.50,0.8458,-1,-1,-1
351,94,203.20,168.74,37.95,104.26,0.6917,-1,-1,-1
351,95,26.87,155.10,35.11,119.58,0.5895,-1,-1,-1
351,92,505.24,68.98,81.01,318.18,0.7700,-1,-1,-1
352,57,325.38,0.53,203.02,478.18,0.8306,-1,-1,-1
352,90,122.75,126.72,65.06,170.39,0.8239,-1,-1,-1
352,93,79.23,130.32,44.27,167.01,0.8872,-1,-1,-1
352,94,198.48,166.29,39.57,107.25,0.7721,-1,-1,-1
352,95,30.38,151.84,35.79,120.72,0.3491,-1,-1,-1
352,92,511.83,62.04,86.38,338.46,0.5612,-1,-1,-1
353,57,329.75,0.44,203.47,479.02,0.8404,-1,-1,-1
353,90,136.20,123.01,64.33,171.13,0.8178,-1,-1,-1
353,93,82.28,131.07,47.45,163.30,0.8761,-1,-1,-1
353,94,196.89,162.19,40.56,109.37,0.5696,-1,-1,-1
353,95,30.76,145.60,36.96,123.92,0.3276,-1,-1,-1
353,92,519.57,52.98,93.24,361.71,0.8688,-1,-1,-1
354,57,333.82,0.66,204.16,478.69,0.8395,-1,-1,-1
354,90,148.59,125.23,64.30,171.49,0.8322,-1,-1,-1
354,93,85.70,133.24,50.70,162.91,0.8426,-1,-1,-1
354,94,195.77,163.51,39.86,107.86,0.6844,-1,-1,-1
354,95,34.20,145.53,37.94,126.39,0.2602,-1,-1,-1
354,92,529.50,45.94,99.17,379.71,0.9040,-1,-1,-1
354,96,3.49,88.27,35.31,262.58,0.7611,-1,-1,-1
355,57,337.46,0.38,205.68,477.41,0.7050,-1,-1,-1
355,90,160.94,131.64,65.38,168.03,0.8619,-1,-1,-1
355,93,102.27,133.97,52.65,162.76,0.8367,-1,-1,-1
355,92,540.30,36.48,103.22,400.28,0.8923,-1,-1,-1
355,96,12.37,74.87,39.64,290.45,0.8493,-1,-1,-1
356,57,341.45,0.22,207.08,473.41,0.6621,-1,-1,-1
356,90,162.97,131.11,67.15,166.45,0.8628,-1,-1,-1
356,93,114.19,129.93,53.34,163.19,0.7900,-1,-1,-1
356,92,547.20,20.88,105.31,417.90,0.8951,-1,-1,-1
356,96,16.70,49.76,43.82,313.83,0.8704,-1,-1,-1
357,57,339.73,0.20,211.24,477.45,0.7513,-1,-1,-1
357,90,165.08,127.91,68.24,166.77,0.8382,-1,-1,-1
357,93,125.56,127.45,53.04,161.56,0.7952,-1,-1,-1
357,92,553.36,13.23,109.66,453.97,0.7955,-1,-1,-1
357,96,26.65,38.57,46.40,315.66,0.9115,-1,-1,-1
358,57,340.59,0.38,214.26,478.78,0.7975,-1,-1,-1
358,90,170.59,129.58,67.04,165.32,0.7141,-1,-1,-1
358,93,131.03,130.73,53.69,161.67,0.8414,-1,-1,-1
358,92,566.12,43.14,96.32,414.32,0.7907,-1,-1,-1
358,96,30.28,39.47,48.98,313.73,0.9061,-1,-1,-1
358,99,538.74,20.35,69.74,371.99,0.8245,-1,-1,-1
359,57,341.97,10.99,211.30,466.38,0.8330,-1,-1,-1
359,90,178.19,145.92,64.74,164.37,0.7842,-1,-1,-1
359,93,131.84,150.42,54.90,158.77,0.8435,-1,-1,-1
359,92,576.00,71.65,86.39,388.75,0.7897,-1,-1,-1
359,96,27.56,63.81,51.13,309.95,0.9116,-1,-1,-1
359,99,537.56,37.39,72.22,384.19,0.8599,-1,-1,-1
360,57,344.36,22.77,208.52,454.54,0.8131,-1,-1,-1
360,90,184.21,156.75,62.73,164.71,0.8011,-1,-1,-1
360,93,130.49,159.28,57.79,162.11,0.8402,-1,-1,-1
360,96,23.76,77.42,53.72,310.04,0.9074,-1,-1,-1
360,99,544.25,42.80,76.22,402.09,0.8535,-1,-1,-1
361,57,343.55,20.87,210.36,455.36,0.8066,-1,-1,-1
361,90,185.41,158.40,61.26,164.55,0.8305,-1,-1,-1
361,93,127.25,161.64,58.54,161.05,0.8033,-1,-1,-1
361,96,18.75,75.64,56.72,315.33,0.9181,-1,-1,-1
361,99,543.63,29.07,80.76,419.64,0.8874,-1,-1,-1
362,57,341.24,15.33,214.03,461.85,0.8216,-1,-1,-1
362,90,183.24,156.71,60.20,163.04,0.8652,-1,-1,-1
362,93,132.21,157.75,56.35,157.14,0.7196,-1,-1,-1
362,96,16.72,68.90,60.01,321.30,0.8995,-1,-1,-1
362,99,541.26,9.11,85.98,440.19,0.8870,-1,-1,-1
363,57,343.45,13.79,214.96,462.76,0.8705,-1,-1,-1
363,90,182.74,157.88,60.21,162.53,0.8108,-1,-1,-1
363,93,136.49,156.51,55.16,156.09,0.7850,-1,-1,-1
363,96,17.21,67.41,63.63,326.14,0.8985,-1,-1,-1
363,99,542.04,1.77,89.53,453.78,0.8737,-1,-1,-1
364,57,349.17,16.90,212.94,459.77,0.8308,-1,-1,-1
364,90,184.01,162.82,60.31,163.26,0.8291,-1,-1,-1
364,93,142.62,161.59,54.55,156.68,0.8068,-1,-1,-1
364,96,18.22,72.82,67.29,328.86,0.8799,-1,-1,-1
364,99,545.15,0.59,93.54,474.50,0.8256,-1,-1,-1
364,100,93.12,178.85,49.16,137.59,0.7118,-1,-1,-1
365,57,349.57,20.18,211.51,458.65,0.8641,-1,-1,-1
365,90,188.27,167.68,58.56,161.26,0.8369,-1,-1,-1
365,93,144.14,167.16,54.50,156.90,0.8374,-1,-1,-1
365,96,17.62,80.47,69.90,326.91,0.8846,-1,-1,-1
365,99,549.06,23.46,90.58,458.03,0.8248,-1,-1,-1
365,100,83.52,178.36,51.34,143.77,0.3853,-1,-1,-1
366,57,347.41,18.80,211.25,460.85,0.8088,-1,-1,-1
366,90,190.26,160.23,57.28,160.25,0.8534,-1,-1,-1
366,93,144.93,163.76,56.57,154.53,0.8546,-1,-1,-1
366,96,16.20,75.29,72.18,324.60,0.8833,-1,-1,-1
366,99,558.38,27.60,88.36,453.54,0.8544,-1,-1,-1
367,57,351.59,15.02,211.99,464.93,0.7836,-1,-1,-1
367,90,196.97,152.41,56.20,159.14,0.8119,-1,-1,-1
367,93,144.06,156.67,57.71,152.31,0.8684,-1,-1,-1
367,96,18.14,67.31,75.49,323.27,0.6882,-1,-1,-1
368,57,363.21,14.55,210.63,462.68,0.7973,-1,-1,-1
368,90,208.49,149.22,56.45,160.37,0.8370,-1,-1,-1
368,93,148.89,155.88,58.74,151.25,0.8735,-1,-1,-1
368,96,20.17,65.97,79.76,324.16,0.9084,-1,-1,-1
369,57,376.36,14.83,211.00,464.20,0.7993,-1,-1,-1
369,90,222.46,153.98,57.25,159.79,0.8792,-1,-1,-1
369,93,160.86,158.90,59.83,152.11,0.8359,-1,-1,-1
369,96,24.36,72.95,82.97,315.71,0.9081,-1,-1,-1
370,57,394.13,12.36,209.55,467.34,0.7041,-1,-1,-1
370,90,226.17,159.56,57.66,157.84,0.8731,-1,-1,-1
370,93,172.11,161.12,58.90,150.12,0.8048,-1,-1,-1
370,96,24.82,75.91,86.27,309.30,0.9045,-1,-1,-1
371,57,390.96,8.68,213.11,470.82,0.7235,-1,-1,-1
371,90,227.41,160.25,58.26,157.32,0.8603,-1,-1,-1
371,93,181.87,158.64,58.67,152.00,0.8101,-1,-1,-1
371,96,23.26,75.15,90.56,308.73,0.8934,-1,-1,-1
372,57,400.07,3.12,216.57,473.31,0.7739,-1,-1,-1
372,90,232.77,159.91,58.05,155.70,0.8309,-1,-1,-1
372,93,190.59,158.89,57.70,151.38,0.8386,-1,-1,-1
372,96,25.87,74.07,94.21,308.19,0.8884,-1,-1,-1
373,57,403.85,1.00,220.99,476.50,0.7731,-1,-1,-1
373,90,245.04,158.26,58.16,156.84,0.8101,-1,-1,-1
373,93,202.38,159.34,57.20,150.68,0.7865,-1,-1,-1
373,96,34.41,77.79,97.59,308.08,0.8768,-1,-1,-1
374,57,406.55,0.34,224.09,478.78,0.8055,-1,-1,-1
374,90,258.12,158.57,57.00,157.08,0.8148,-1,-1,-1
374,93,212.63,163.48,56.59,147.95,0.8290,-1,-1,-1
374,96,40.56,82.78,101.40,309.99,0.9134,-1,-1,-1
374,103,3.65,106.78,39.01,274.32,0.8112,-1,-1,-1
375,57,414.58,-0.03,224.41,479.76,0.8332,-1,-1,-1
375,90,267.13,158.14,55.87,157.18,0.8190,-1,-1,-1
375,93,217.60,164.47,56.62,147.00,0.8251,-1,-1,-1
375,96,41.49,80.96,105.62,316.35,0.9087,-1,-1,-1
375,103,5.05,103.38,39.95,279.43,0.8408,-1,-1,-1
376,57,421.56,0.14,223.33,479.82,0.8703,-1,-1,-1
376,90,273.90,159.31,54.20,155.03,0.8111,-1,-1,-1
376,93,222.05,163.38,56.93,148.43,0.8277,-1,-1,-1
376,96,45.51,80.42,107.33,314.24,0.8995,-1,-1,-1
376,103,8.94,100.39,40.80,281.32,0.8471,-1,-1,-1
377,57,436.84,11.85,214.79,467.53,0.8273,-1,-1,-1
377,90,278.10,160.67,53.29,154.05,0.8219,-1,-1,-1
377,93,227.27,161.09,55.41,146.35,0.8410,-1,-1,-1
377,96,48.63,75.75,110.32,314.92,0.9036,-1,-1,-1
377,103,11.28,97.26,42.64,287.97,0.8691,-1,-1,-1
377,105,446.96,192.67,37.15,89.43,0.6948,-1,-1,-1
378,57,454.30,21.95,205.08,456.44,0.7825,-1,-1,-1
378,90,281.11,160.25,53.15,155.13,0.7885,-1,-1,-1
378,93,231.05,159.94,54.64,147.00,0.8087,-1,-1,-1
378,96,53.78,73.58,110.52,308.96,0.9042,-1,-1,-1
378,103,11.95,95.95,44.14,290.92,0.8416,-1,-1,-1
378,105,448.38,192.99,37.84,91.01,0.7467,-1,-1,-1
379,57,472.88,35.16,193.59,444.29,0.8233,-1,-1,-1
379,90,286.20,157.28,52.46,154.69,0.8249,-1,-1,-1
379,93,234.61,159.01,53.76,147.37,0.7580,-1,-1,-1
379,96,54.04,71.30,112.79,310.66,0.9090,-1,-1,-1
379,103,8.68,95.09,43.49,281.89,0.8317,-1,-1,-1
379,105,449.05,191.73,37.23,89.20,0.7357,-1,-1,-1
380,57,493.39,49.26,179.81,429.73,0.7979,-1,-1,-1
380,90,290.37,158.45,51.49,153.74,0.8534,-1,-1,-1
380,93,238.95,160.93,53.83,147.59,0.7780,-1,-1,-1
380,96,50.72,71.62,115.98,315.90,0.9092,-1,-1,-1
380,103,7.02,98.37,43.94,280.14,0.8308,-1,-1,-1
380,105,446.88,192.64,38.09,91.03,0.7601,-1,-1,-1
381,57,513.17,70.94,162.87,407.82,0.8513,-1,-1,-1
381,90,292.65,160.68,51.22,154.61,0.8391,-1,-1,-1
381,93,240.00,166.72,53.75,145.61,0.8032,-1,-1,-1
381,96,45.36,74.09,118.89,321.94,0.9009,-1,-1,-1
381,103,4.55,107.26,43.47,274.34,0.8099,-1,-1,-1
381,105,445.30,194.99,38.51,91.63,0.6528,-1,-1,-1
381,107,509.95,164.68,62.58,166.83,0.7992,-1,-1,-1
382,57,535.58,106.02,140.86,371.98,0.8172,-1,-1,-1
382,90,294.24,159.96,51.82,156.32,0.8303,-1,-1,-1
382,93,237.60,169.24,53.84,144.42,0.7871,-1,-1,-1
382,96,38.52,75.02,121.46,328.71,0.8928,-1,-1,-1
382,103,3.70,119.63,36.86,229.22,0.7746,-1,-1,-1
382,105,447.12,195.27,38.16,90.81,0.5543,-1,-1,-1
382,107,513.65,164.17,64.52,171.35,0.8206,-1,-1,-1
383,90,294.49,161.00,53.16,158.77,0.8610,-1,-1,-1
383,93,234.15,171.42,54.40,144.67,0.8325,-1,-1,-1
383,96,28.14,75.46,123.99,335.44,0.9024,-1,-1,-1
383,103,2.94,133.34,33.40,204.95,0.7274,-1,-1,-1
383,105,444.11,199.29,36.82,87.63,0.5158,-1,-1,-1
383,107,514.19,163.43,67.77,178.38,0.8430,-1,-1,-1
384,90,289.92,161.53,53.30,158.27,0.8819,-1,-1,-1
384,93,233.82,168.30,54.80,144.78,0.8166,-1,-1,-1
384,96,13.96,73.84,124.53,336.13,0.8993,-1,-1,-1
384,103,1.37,167.03,25.75,157.27,0.5624,-1,-1,-1
384,105,438.42,197.51,37.36,87.92,0.5951,-1,-1,-1
384,107,515.12,155.42,70.92,185.54,0.8693,-1,-1,-1
385,90,287.27,160.83,53.42,158.00,0.8696,-1,-1,-1
385,93,235.12,164.62,54.76,145.70,0.8232,-1,-1,-1
385,96,5.19,69.06,124.49,335.26,0.9165,-1,-1,-1
385,105,435.59,195.57,37.32,86.91,0.7244,-1,-1,-1
385,107,515.23,149.56,73.73,192.31,0.8485,-1,-1,-1
386,90,286.64,158.34,53.46,158.08,0.8676,-1,-1,-1
386,93,236.74,161.16,55.23,148.50,0.8106,-1,-1,-1
386,96,-0.17,64.43,124.97,337.65,0.9177,-1,-1,-1
386,105,431.92,192.70,37.72,86.82,0.6967,-1,-1,-1
386,107,515.01,144.31,76.99,203.77,0.8515,-1,-1,-1
387,90,286.66,154.83,53.07,158.89,0.8399,-1,-1,-1
387,93,236.14,160.06,55.26,148.87,0.8194,-1,-1,-1
387,96,-4.14,59.59,127.20,346.62,0.9154,-1,-1,-1
387,105,425.48,191.38,38.07,86.94,0.6861,-1,-1,-1
387,107,516.17,138.33,81.41,217.75,0.8725,-1,-1,-1
388,90,286.07,154.88,52.52,159.88,0.8040,-1,-1,-1
388,93,235.04,162.56,54.52,147.60,0.8592,-1,-1,-1
388,96,-7.93,57.44,128.48,355.29,0.9080,-1,-1,-1
388,105,419.73,190.75,38.95,88.84,0.5970,-1,-1,-1
388,107,515.32,135.38,84.47,228.66,0.8617,-1,-1,-1
389,90,283.64,160.31,51.82,159.79,0.7680,-1,-1,-1
389,93,231.06,168.54,53.62,145.33,0.8680,-1,-1,-1
389,96,-10.26,58.17,127.31,358.22,0.9007,-1,-1,-1
389,105,419.71,194.93,37.38,87.93,0.4448,-1,-1,-1
389,107,515.52,134.75,88.00,241.36,0.8784,-1,-1,-1
390,90,279.56,162.29,50.86,156.28,0.8282,-1,-1,-1
390,93,225.33,167.96,54.49,147.91,0.8404,-1,-1,-1
390,96,-11.78,58.06,121.29,348.37,0.8815,-1,-1,-1
390,105,409.16,194.87,36.88,86.22,0.6966,-1,-1,-1
390,107,513.30,127.70,90.76,252.21,0.8743,-1,-1,-1
391,90,271.80,162.77,50.18,154.60,0.7901,-1,-1,-1
391,93,218.25,165.56,53.08,144.95,0.8554,-1,-1,-1
391,96,-13.21,81.37,109.99,324.42,0.8843,-1,-1,-1
391,105,398.98,193.06,36.22,84.72,0.6723,-1,-1,-1
391,107,509.23,117.85,95.48,264.66,0.8818,-1,-1,-1
392,90,266.31,159.16,50.84,156.90,0.7476,-1,-1,-1
392,93,213.32,162.56,52.65,145.36,0.8307,-1,-1,-1
392,96,-17.02,92.09,103.21,315.99,0.8573,-1,-1,-1
392,105,391.52,192.52,34.66,80.41,0.7531,-1,-1,-1
392,107,508.38,109.77,100.90,274.92,0.8902,-1,-1,-1
393,90,262.19,161.99,50.34,154.41,0.8070,-1,-1,-1
393,93,208.44,163.59,52.94,148.28,0.8189,-1,-1,-1
393,96,-20.74,100.30,97.10,311.77,0.7829,-1,-1,-1
393,105,384.46,195.23,35.33,81.64,0.7260,-1,-1,-1
393,107,507.25,106.21,111.69,295.69,0.9025,-1,-1,-1
394,90,261.10,161.92,50.38,154.33,0.7964,-1,-1,-1
394,93,208.09,164.61,52.70,149.63,0.8239,-1,-1,-1
394,96,-16.94,103.87,94.21,312.09,0.6980,-1,-1,-1
394,105,382.39,195.70,35.88,82.58,0.7380,-1,-1,-1
394,107,505.79,102.63,119.76,310.57,0.9112,-1,-1,-1
395,90,256.96,159.98,50.55,154.66,0.8397,-1,-1,-1
395,93,207.19,162.80,52.75,149.88,0.8531,-1,-1,-1
395,105,378.06,194.05,36.28,83.40,0.7644,-1,-1,-1
395,107,500.12,95.25,129.51,330.74,0.9142,-1,-1,-1
396,90,253.49,160.71,50.46,155.23,0.8375,-1,-1,-1
396,93,205.20,165.22,53.14,149.81,0.8394,-1,-1,-1
396,105,373.32,196.15,35.93,82.67,0.7305,-1,-1,-1
396,107,494.95,88.46,139.74,354.59,0.9193,-1,-1,-1
396,109,-3.95,108.83,35.61,223.84,0.6888,-1,-1,-1
397,90,252.56,163.81,50.13,155.00,0.8374,-1,-1,-1
397,93,201.18,168.20,52.79,148.21,0.8519,-1,-1,-1
397,105,369.15,198.99,34.91,81.05,0.4875,-1,-1,-1
397,107,491.83,79.09,149.13,379.77,0.9147,-1,-1,-1
398,90,252.07,167.51,49.68,154.54,0.8324,-1,-1,-1
398,93,199.16,171.58,52.39,147.26,0.8326,-1,-1,-1
398,105,367.41,201.34,34.44,80.35,0.5844,-1,-1,-1
398,107,494.92,65.73,155.84,404.48,0.8971,-1,-1,-1
399,90,251.84,166.87,49.77,154.98,0.8186,-1,-1,-1
399,93,199.04,170.60,52.30,147.23,0.8104,-1,-1,-1
399,105,366.58,198.23,35.35,82.51,0.5740,-1,-1,-1
399,107,497.89,46.88,161.81,432.13,0.8849,-1,-1,-1
400,90,250.57,165.59,49.19,153.18,0.8584,-1,-1,-1
400,93,200.66,166.73,51.63,147.47,0.8162,-1,-1,-1
400,105,362.82,196.29,35.46,83.51,0.7031,-1,-1,-1
400,107,504.95,30.10,163.05,452.69,0.8500,-1,-1,-1
401,90,249.04,164.86,48.55,151.06,0.8304,-1,-1,-1
401,93,199.70,164.76,51.59,147.36,0.8369,-1,-1,-1
401,105,358.80,197.89,34.61,81.92,0.4782,-1,-1,-1
401,107,518.53,25.21,157.07,458.86,0.8555,-1,-1,-1
402,90,245.86,162.15,47.90,149.80,0.8264,-1,-1,-1
402,93,196.81,162.19,51.68,148.07,0.8396,-1,-1,-1
402,105,354.27,199.61,33.22,77.95,0.2643,-1,-1,-1
402,107,538.73,57.50,138.01,426.76,0.8286,-1,-1,-1
403,90,245.05,165.55,47.87,148.85,0.8471,-1,-1,-1
403,93,196.12,164.43,51.45,147.91,0.8565,-1,-1,-1
403,105,351.02,195.73,34.96,82.41,0.4315,-1,-1,-1
404,90,244.75,166.56,48.30,149.05,0.8152,-1,-1,-1
404,93,196.10,166.77,50.64,146.12,0.8519,-1,-1,-1
404,105,349.39,194.54,34.82,82.08,0.5320,-1,-1,-1
405,90,244.79,165.75,48.44,148.35,0.8253,-1,-1,-1
405,93,195.60,167.47,50.12,144.01,0.8552,-1,-1,-1
405,105,347.03,193.69,33.89,80.28,0.5734,-1,-1,-1
406,90,244.38,165.22,47.74,145.70,0.8269,-1,-1,-1
406,93,195.61,166.62,49.50,141.19,0.8374,-1,-1,-1
406,105,345.60,192.34,34.21,81.44,0.6697,-1,-1,-1
407,90,246.91,162.10,47.25,144.33,0.8039,-1,-1,-1
407,93,195.35,162.07,49.94,142.32,0.8291,-1,-1,-1
407,105,345.10,192.15,33.34,79.75,0.6992,-1,-1,-1
408,90,248.31,159.81,47.06,144.19,0.8270,-1,-1,-1
408,93,195.03,157.37,50.54,145.55,0.8223,-1,-1,-1
408,105,344.46,191.38,32.88,78.69,0.7893,-1,-1,-1
409,90,248.25,158.04,47.07,144.59,0.8139,-1,-1,-1
409,93,194.17,156.42,49.91,145.02,0.8378,-1,-1,-1
409,105,344.12,188.88,33.13,79.32,0.7919,-1,-1,-1
410,90,247.07,157.55,47.21,145.11,0.8263,-1,-1,-1
410,93,192.09,157.91,49.27,143.19,0.8358,-1,-1,-1
410,105,340.55,185.79,33.57,80.12,0.5612,-1,-1,-1
411,90,243.35,157.94,47.05,145.26,0.8173,-1,-1,-1
411,93,187.28,158.63,48.81,140.70,0.8486,-1,-1,-1
411,105,336.77,187.91,32.39,76.66,0.3809,-1,-1,-1
412,90,239.63,160.62,46.30,143.08,0.8007,-1,-1,-1
412,93,183.19,161.28,48.19,140.23,0.8241,-1,-1,-1
412,105,330.22,188.43,32.57,77.03,0.6982,-1,-1,-1
413,90,237.21,159.93,46.29,142.55,0.7736,-1,-1,-1
413,93,181.40,161.79,47.68,139.77,0.8218,-1,-1,-1
413,105,326.45,187.57,32.61,76.73,0.5348,-1,-1,-1
414,90,234.69,161.77,45.68,140.36,0.7849,-1,-1,-1
414,93,179.25,161.30,47.74,139.80,0.8273,-1,-1,-1
414,105,320.84,188.04,32.97,76.68,0.6142,-1,-1,-1
415,90,229.54,160.57,45.63,140.30,0.8078,-1,-1,-1
415,93,174.77,160.40,47.85,139.95,0.8282,-1,-1,-1
415,105,314.28,190.42,32.26,74.77,0.4615,-1,-1,-1
415,111,552.66,145.02,85.07,274.38,0.8509,-1,-1,-1
416,90,223.86,163.47,45.40,139.36,0.7813,-1,-1,-1
416,93,171.72,161.35,47.86,139.14,0.8229,-1,-1,-1
416,105,305.51,193.65,31.22,73.08,0.3432,-1,-1,-1
416,111,543.49,106.82,98.67,318.72,0.8902,-1,-1,-1
417,90,219.05,167.84,44.74,137.91,0.7350,-1,-1,-1
417,93,169.17,163.05,48.18,139.88,0.8350,-1,-1,-1
417,105,300.36,193.41,32.25,75.88,0.6711,-1,-1,-1
417,111,534.15,56.18,115.91,376.72,0.8591,-1,-1,-1
418,90,214.80,168.03,44.89,136.09,0.8221,-1,-1,-1
418,93,167.00,163.54,47.63,138.04,0.8472,-1,-1,-1
418,105,296.73,193.74,31.36,73.73,0.6017,-1,-1,-1
418,111,529.51,28.60,124.24,407.36,0.8706,-1,-1,-1
419,90,211.76,169.16,45.07,135.19,0.8022,-1,-1,-1
419,93,165.21,165.89,47.27,136.13,0.8384,-1,-1,-1
419,105,293.84,192.60,31.79,74.81,0.7493,-1,-1,-1
419,111,521.76,17.46,127.86,421.04,0.8963,-1,-1,-1
420,90,208.87,169.33,44.55,133.52,0.7919,-1,-1,-1
420,93,161.83,166.66,47.29,135.50,0.8038,-1,-1,-1
420,105,289.45,193.37,30.81,71.91,0.7503,-1,-1,-1
420,111,506.81,12.63,132.19,432.24,0.9184,-1,-1,-1
421,90,204.11,168.23,43.44,130.27,0.7577,-1,-1,-1
421,93,156.18,167.09,46.06,131.38,0.8401,-1,-1,-1
421,105,282.38,192.16,31.42,73.18,0.8140,-1,-1,-1
421,111,493.51,15.45,134.90,433.56,0.9189,-1,-1,-1
422,90,199.49,165.11,43.71,131.47,0.7859,-1,-1,-1
422,93,152.41,164.94,45.97,130.95,0.8327,-1,-1,-1
422,105,277.53,190.70,31.70,74.08,0.7364,-1,-1,-1
422,111,485.31,19.98,136.92,430.55,0.9190,-1,-1,-1
423,90,195.50,161.29,43.62,131.58,0.7960,-1,-1,-1
423,93,147.58,161.52,46.58,132.79,0.8230,-1,-1,-1
423,105,272.32,190.20,31.04,72.50,0.6321,-1,-1,-1
423,111,476.48,25.44,139.18,427.99,0.9169,-1,-1,-1
424,90,192.10,161.26,43.27,131.50,0.7994,-1,-1,-1
424,93,142.20,160.26,46.87,134.23,0.8040,-1,-1,-1
424,105,266.33,188.35,31.47,73.96,0.7529,-1,-1,-1
424,111,465.32,33.17,140.69,421.80,0.8874,-1,-1,-1
425,90,186.09,160.18,43.19,132.04,0.7887,-1,-1,-1
425,93,136.62,160.62,46.27,132.38,0.8082,-1,-1,-1
425,105,259.83,186.64,31.13,73.39,0.7063,-1,-1,-1
425,111,452.17,38.25,141.60,413.00,0.8981,-1,-1,-1
426,90,181.74,159.71,42.39,130.60,0.7941,-1,-1,-1
426,93,131.81,159.20,46.43,132.03,0.7797,-1,-1,-1
426,105,254.07,184.44,30.85,73.32,0.6921,-1,-1,-1
426,111,441.75,41.38,143.58,407.01,0.8713,-1,-1,-1
427,90,178.14,157.76,42.46,130.20,0.7679,-1,-1,-1
427,93,127.08,158.66,46.23,130.21,0.7878,-1,-1,-1
427,105,247.96,180.31,31.19,75.02,0.7292,-1,-1,-1
427,111,422.76,41.54,142.94,400.80,0.8805,-1,-1,-1
428,90,174.06,153.85,42.38,130.04,0.7951,-1,-1,-1
428,93,122.15,157.80,46.39,129.00,0.8163,-1,-1,-1
428,105,241.18,179.36,30.63,73.95,0.6692,-1,-1,-1
428,111,407.78,40.06,137.87,387.35,0.9018,-1,-1,-1
428,112,565.17,15.37,74.68,441.71,0.8489,-1,-1,-1
429,90,170.96,152.59,42.29,129.56,0.7995,-1,-1,-1
429,93,118.06,156.45,46.24,127.81,0.7954,-1,-1,-1
429,105,234.52,179.00,30.54,74.32,0.7577,-1,-1,-1
429,111,395.68,41.60,129.85,367.83,0.9053,-1,-1,-1
429,112,530.33,5.87,80.53,466.34,0.8366,-1,-1,-1
430,90,166.35,152.89,41.90,128.33,0.7855,-1,-1,-1
430,93,113.88,154.90,46.42,127.09,0.8179,-1,-1,-1
430,105,228.38,180.72,29.58,72.48,0.5701,-1,-1,-1
430,111,373.87,45.74,126.54,357.20,0.8954,-1,-1,-1
430,112,488.97,0.75,86.94,478.04,0.8966,-1,-1,-1
431,90,164.26,153.18,41.60,126.44,0.7834,-1,-1,-1
431,93,110.49,152.55,46.85,126.91,0.7934,-1,-1,-1
431,105,223.26,179.21,29.66,72.42,0.7439,-1,-1,-1
431,111,355.01,48.78,125.51,349.61,0.8956,-1,-1,-1
431,112,466.00,-0.91,93.92,482.22,0.8794,-1,-1,-1
432,90,161.24,155.06,40.66,123.42,0.6764,-1,-1,-1
432,93,109.00,151.83,46.91,125.83,0.8174,-1,-1,-1
432,105,219.76,175.59,30.70,75.31,0.7563,-1,-1,-1
432,111,341.93,51.76,118.08,326.06,0.8706,-1,-1,-1
432,112,467.21,-1.30,99.80,481.50,0.8882,-1,-1,-1
432,113,1.37,131.36,56.07,197.96,0.6867,-1,-1,-1
433,90,157.48,154.39,40.87,123.68,0.7054,-1,-1,-1
433,93,107.25,153.10,46.91,124.68,0.8294,-1,-1,-1
433,105,217.06,175.79,30.40,74.46,0.8185,-1,-1,-1
433,111,331.13,54.42,113.99,317.24,0.8565,-1,-1,-1
433,112,465.22,-1.28,106.70,482.18,0.8543,-1,-1,-1
433,113,-0.19,108.82,68.59,242.28,0.6650,-1,-1,-1
434,90,154.81,153.84,40.78,123.40,0.7955,-1,-1,-1
434,93,102.51,155.25,46.57,122.75,0.8358,-1,-1,-1
434,105,212.09,173.79,31.04,76.12,0.7609,-1,-1,-1
434,111,318.91,56.75,110.48,314.23,0.7951,-1,-1,-1
434,112,430.55,-0.89,111.25,482.22,0.7957,-1,-1,-1
434,113,-3.35,72.82,81.55,289.02,0.6245,-1,-1,-1
435,90,151.98,152.66,40.15,121.25,0.7763,-1,-1,-1
435,93,98.86,154.10,47.15,123.06,0.8349,-1,-1,-1
435,105,208.85,175.44,30.22,73.89,0.6606,-1,-1,-1
435,111,302.59,84.30,98.28,287.68,0.7105,-1,-1,-1
435,112,385.51,-0.90,114.83,481.70,0.8553,-1,-1,-1
435,113,-4.22,56.42,86.98,309.47,0.5669,-1,-1,-1
435,114,589.01,119.08,56.89,275.58,0.6175,-1,-1,-1
436,90,149.65,149.32,40.26,121.26,0.7940,-1,-1,-1
436,93,93.26,152.11,47.02,122.42,0.8044,-1,-1,-1
436,105,204.71,174.07,29.89,73.35,0.6917,-1,-1,-1
436,112,344.02,-0.52,119.92,481.55,0.8962,-1,-1,-1
436,114,582.33,108.05,59.51,288.30,0.7721,-1,-1,-1
437,90,148.44,149.60,40.19,120.38,0.7412,-1,-1,-1
437,93,89.15,150.13,46.84,121.99,0.8178,-1,-1,-1
437,105,201.93,172.29,30.27,74.87,0.7496,-1,-1,-1
437,112,304.25,-0.62,127.70,480.88,0.9259,-1,-1,-1
437,114,586.96,92.87,62.23,305.09,0.7320,-1,-1,-1
438,90,146.27,149.43,40.32,119.95,0.7582,-1,-1,-1
438,93,85.23,151.45,45.94,119.29,0.8286,-1,-1,-1
438,105,198.99,169.45,30.69,77.38,0.6453,-1,-1,-1
438,112,269.96,-0.60,139.35,481.22,0.9043,-1,-1,-1
438,114,568.98,73.39,67.44,327.02,0.8624,-1,-1,-1
438,113,-0.59,69.19,78.33,278.95,0.5812,-1,-1,-1
439,90,142.64,149.10,39.87,119.10,0.8133,-1,-1,-1
439,93,81.89,149.01,46.46,120.67,0.8398,-1,-1,-1
439,112,243.73,0.53,150.13,480.19,0.8630,-1,-1,-1
439,114,554.21,72.62,69.98,329.59,0.8993,-1,-1,-1
439,113,-3.45,74.04,80.62,289.96,0.3914,-1,-1,-1
440,93,80.98,146.69,40.21,102.15,0.4034,-1,-1,-1
440,112,183.62,-0.08,165.58,480.77,0.8434,-1,-1,-1
440,114,545.15,73.19,73.34,333.52,0.9120,-1,-1,-1
440,113,-8.94,60.92,90.14,330.92,0.6911,-1,-1,-1
440,115,375.92,135.85,49.52,179.14,0.7037,-1,-1,-1
441,112,88.82,0.22,175.65,479.67,0.8619,-1,-1,-1
441,114,542.98,75.79,76.00,334.75,0.8889,-1,-1,-1
441,115,372.24,137.51,49.44,178.60,0.7121,-1,-1,-1
441,116,276.57,64.46,121.14,311.22,0.7950,-1,-1,-1
442,112,39.62,0.55,181.66,478.92,0.7010,-1,-1,-1
442,114,542.63,76.41,75.65,326.13,0.8631,-1,-1,-1
442,115,368.18,137.46,49.37,178.22,0.7611,-1,-1,-1
442,116,263.19,66.12,126.49,325.12,0.8811,-1,-1,-1
443,112,9.00,1.46,183.03,476.48,0.7435,-1,-1,-1
443,114,535.80,74.66,75.55,317.16,0.7488,-1,-1,-1
443,115,364.55,134.21,49.25,178.09,0.7380,-1,-1,-1
443,116,253.77,63.74,129.09,332.32,0.8874,-1,-1,-1
444,114,519.91,77.71,76.39,308.34,0.5998,-1,-1,-1
444,115,359.10,135.07,49.56,179.53,0.7314,-1,-1,-1
444,116,247.55,64.51,126.63,326.42,0.8924,-1,-1,-1
444,105,187.32,177.48,28.26,70.55,0.7553,-1,-1,-1
444,90,142.88,154.28,39.25,118.48,0.7467,-1,-1,-1
445,114,526.61,79.54,78.42,316.09,0.5224,-1,-1,-1
445,115,357.49,137.58,49.57,179.36,0.7979,-1,-1,-1
445,116,244.71,63.13,124.15,320.88,0.8937,-1,-1,-1
445,118,573.77,86.31,75.57,270.69,0.6840,-1,-1,-1
445,105,188.43,178.69,28.50,70.71,0.7034,-1,-1,-1
445,90,143.31,156.46,38.79,116.55,0.7746,-1,-1,-1
446,114,507.05,80.81,85.06,316.68,0.8932,-1,-1,-1
446,115,351.34,139.14,50.12,178.42,0.7751,-1,-1,-1
446,116,240.09,61.12,123.07,319.95,0.8979,-1,-1,-1
446,118,571.20,77.55,80.23,289.08,0.8483,-1,-1,-1
446,105,190.94,178.13,28.77,71.31,0.6203,-1,-1,-1
446,90,146.41,157.40,38.61,114.92,0.7493,-1,-1,-1
446,119,100.23,153.79,33.85,118.74,0.8078,-1,-1,-1
446,113,8.26,7.65,82.02,292.02,0.7680,-1,-1,-1
447,114,501.96,83.66,91.35,317.25,0.8473,-1,-1,-1
447,115,348.03,142.24,51.24,178.98,0.7889,-1,-1,-1
447,116,233.16,61.14,124.32,325.34,0.8948,-1,-1,-1
447,118,568.15,79.24,80.73,292.60,0.8189,-1,-1,-1
447,105,192.85,180.45,28.68,70.46,0.5504,-1,-1,-1
447,90,148.11,159.69,38.82,114.09,0.7085,-1,-1,-1
447,119,103.03,155.16,34.20,119.02,0.7882,-1,-1,-1
447,113,7.57,1.26,87.94,307.18,0.7400,-1,-1,-1
448,114,492.47,83.30,93.93,314.94,0.8570,-1,-1,-1
448,115,347.00,141.70,52.28,180.20,0.7878,-1,-1,-1
448,116,228.04,60.70,124.74,329.59,0.8919,-1,-1,-1
448,118,566.67,81.41,80.84,295.07,0.8027,-1,-1,-1
448,105,193.64,181.07,28.75,69.30,0.5861,-1,-1,-1
448,90,148.61,158.28,39.04,113.84,0.7692,-1,-1,-1
448,119,105.14,153.01,34.30,117.95,0.8173,-1,-1,-1
448,113,-5.41,-1.16,117.62,421.04,0.8845,-1,-1,-1
449,114,487.63,83.52,92.58,308.74,0.8424,-1,-1,-1
449,115,346.87,142.22,52.76,179.43,0.7880,-1,-1,-1
449,116,227.84,64.07,123.61,330.93,0.8941,-1,-1,-1
449,118,557.25,85.85,81.77,297.15,0.5434,-1,-1,-1
449,105,196.63,182.32,29.18,69.36,0.6081,-1,-1,-1
449,90,149.52,158.36,38.64,113.03,0.7932,-1,-1,-1
449,119,109.29,156.40,33.74,114.34,0.8283,-1,-1,-1
449,113,-7.41,-2.29,125.97,458.69,0.8933,-1,-1,-1
450,114,494.91,82.17,94.24,312.96,0.8298,-1,-1,-1
450,115,353.23,140.27,52.66,177.88,0.8353,-1,-1,-1
450,116,230.45,65.89,121.54,329.37,0.8901,-1,-1,-1
450,118,555.10,86.72,78.28,281.15,0.5566,-1,-1,-1
450,105,203.11,182.63,29.64,69.86,0.6944,-1,-1,-1
450,90,156.16,158.31,38.37,112.58,0.8060,-1,-1,-1
450,119,117.63,158.44,34.04,113.58,0.7858,-1,-1,-1
450,113,-5.32,-2.30,129.77,475.97,0.8710,-1,-1,-1
451,114,494.25,83.74,96.75,316.49,0.8499,-1,-1,-1
451,115,358.52,139.84,53.20,178.28,0.8255,-1,-1,-1
451,116,229.77,65.77,121.46,330.25,0.8778,-1,-1,-1
451,118,556.34,88.35,78.29,279.66,0.6900,-1,-1,-1
451,105,207.64,183.41,29.62,69.51,0.5816,-1,-1,-1
451,90,162.97,159.99,38.22,111.81,0.7897,-1,-1,-1
451,119,124.43,159.97,34.34,112.94,0.8022,-1,-1,-1
451,113,-1.77,0.43,131.03,480.20,0.9075,-1,-1,-1
452,114,491.82,85.91,101.02,319.87,0.8440,-1,-1,-1
452,115,360.68,139.12,54.39,180.25,0.7613,-1,-1,-1
452,116,226.36,63.06,120.60,326.59,0.8976,-1,-1,-1
452,118,566.22,86.68,76.37,276.53,0.6920,-1,-1,-1
452,90,170.68,160.63,38.11,112.07,0.8049,-1,-1,-1
452,119,133.27,159.48,34.64,112.42,0.8055,-1,-1,-1
452,113,1.66,2.22,131.88,480.09,0.9111,-1,-1,-1
453,114,495.24,84.42,105.11,324.42,0.8521,-1,-1,-1
453,115,365.77,138.48,55.99,180.79,0.7730,-1,-1,-1
453,116,230.07,57.06,121.22,327.48,0.8821,-1,-1,-1
453,118,569.14,80.58,78.95,291.85,0.7388,-1,-1,-1
453,90,178.50,160.44,37.47,111.11,0.7899,-1,-1,-1
453,119,141.18,157.84,34.88,111.76,0.8193,-1,-1,-1
453,113,5.93,1.30,133.97,480.57,0.9064,-1,-1,-1
454,114,502.14,84.34,107.42,329.00,0.8654,-1,-1,-1
454,115,374.08,142.26,57.47,181.40,0.8143,-1,-1,-1
454,116,237.55,58.26,122.75,330.87,0.9030,-1,-1,-1
454,118,572.94,81.17,78.88,299.91,0.7578,-1,-1,-1
454,90,187.90,162.79,37.35,111.52,0.8000,-1,-1,-1
454,119,150.51,158.96,35.47,113.23,0.7885,-1,-1,-1
454,113,10.03,2.17,136.40,479.21,0.9140,-1,-1,-1
455,114,503.67,79.47,105.21,322.26,0.8730,-1,-1,-1
455,115,380.56,140.77,59.00,183.05,0.8280,-1,-1,-1
455,116,246.78,58.22,124.69,337.77,0.8962,-1,-1,-1
455,118,568.11,80.81,79.88,307.35,0.7521,-1,-1,-1
455,90,196.38,162.29,37.31,110.75,0.7638,-1,-1,-1
455,119,159.97,159.71,34.97,110.95,0.8076,-1,-1,-1
455,113,13.69,-0.12,140.56,481.64,0.8870,-1,-1,-1
456,114,503.16,79.23,104.73,321.24,0.8723,-1,-1,-1
456,115,384.06,140.46,60.50,185.59,0.7730,-1,-1,-1
456,116,253.01,60.64,125.41,341.73,0.8837,-1,-1,-1
456,118,573.87,82.72,74.51,292.89,0.7747,-1,-1,-1
456,90,203.78,161.94,37.43,110.93,0.7779,-1,-1,-1
456,119,167.92,161.64,34.04,108.28,0.6910,-1,-1,-1
456,113,16.68,-0.06,144.15,479.91,0.8860,-1,-1,-1
457,114,495.05,83.25,108.57,325.89,0.8824,-1,-1,-1
457,115,389.09,140.92,60.54,184.85,0.7405,-1,-1,-1
457,116,260.06,63.89,127.03,348.13,0.8820,-1,-1,-1
457,118,582.32,85.92,71.21,291.76,0.7488,-1,-1,-1
457,90,211.75,163.18,37.30,110.72,0.7629,-1,-1,-1
457,119,177.76,165.25,33.55,106.48,0.7370,-1,-1,-1
457,113,21.94,3.31,147.51,474.21,0.8834,-1,-1,-1
458,114,492.20,84.07,113.55,329.99,0.8931,-1,-1,-1
458,115,392.65,138.63,60.56,185.13,0.8172,-1,-1,-1
458,116,266.97,62.97,127.12,350.30,0.8836,-1,-1,-1
458,118,587.20,81.66,69.57,299.12,0.7273,-1,-1,-1
458,90,220.73,162.28,36.82,110.29,0.7655,-1,-1,-1
458,119,186.80,164.50,32.92,104.87,0.5362,-1,-1,-1
458,113,30.99,2.70,151.78,474.62,0.8729,-1,-1,-1
459,114,499.03,87.82,118.49,334.52,0.8957,-1,-1,-1
459,115,398.98,142.06,61.11,187.27,0.7877,-1,-1,-1
459,116,271.18,65.79,128.63,355.74,0.8803,-1,-1,-1
459,118,589.37,83.90,65.54,293.23,0.6144,-1,-1,-1
459,90,228.97,166.74,36.12,109.67,0.7596,-1,-1,-1
459,113,47.50,3.38,155.63,475.80,0.8386,-1,-1,-1
460,114,502.55,87.66,122.60,340.00,0.8784,-1,-1,-1
460,115,401.26,143.38,61.60,188.94,0.7968,-1,-1,-1
460,116,273.62,65.20,129.25,357.09,0.8956,-1,-1,-1
460,118,590.76,80.67,64.47,301.62,0.6390,-1,-1,-1
460,90,233.12,167.53,35.65,109.53,0.7274,-1,-1,-1
460,113,53.76,2.13,160.32,479.21,0.8568,-1,-1,-1
461,114,505.40,83.25,117.38,329.44,0.8675,-1,-1,-1
461,115,403.93,142.98,61.94,191.30,0.8031,-1,-1,-1
461,116,278.21,59.25,127.41,350.66,0.9053,-1,-1,-1
461,118,590.09,79.51,62.83,304.75,0.6703,-1,-1,-1
461,90,238.89,166.37,35.31,109.81,0.7187,-1,-1,-1
461,113,61.72,0.27,164.03,481.60,0.8821,-1,-1,-1
462,114,507.04,81.58,116.27,330.61,0.8475,-1,-1,-1
462,115,405.01,143.77,62.42,192.78,0.8331,-1,-1,-1
462,116,280.36,57.15,126.37,347.73,0.8935,-1,-1,-1
462,118,586.58,80.61,61.00,300.41,0.7028,-1,-1,-1
462,90,242.74,165.98,35.80,111.06,0.7216,-1,-1,-1
462,113,65.62,-0.39,165.89,479.27,0.8680,-1,-1,-1
463,114,506.59,86.61,118.23,334.72,0.8841,-1,-1,-1
463,115,405.76,145.88,62.31,195.45,0.8210,-1,-1,-1
463,116,279.29,58.87,126.88,351.10,0.8943,-1,-1,-1
463,118,584.10,85.93,59.92,297.39,0.6666,-1,-1,-1
463,90,244.03,166.16,35.86,111.84,0.7094,-1,-1,-1
463,113,67.15,1.57,168.68,479.18,0.8515,-1,-1,-1
464,114,498.06,88.52,121.69,337.82,0.8727,-1,-1,-1
464,115,405.84,145.80,61.31,194.32,0.7831,-1,-1,-1
464,116,277.12,58.31,127.15,356.41,0.8840,-1,-1,-1
464,118,585.09,87.98,59.00,297.28,0.7477,-1,-1,-1
464,90,243.98,168.39,34.96,109.51,0.7386,-1,-1,-1
464,113,64.80,0.20,171.92,481.13,0.8768,-1,-1,-1
465,114,490.32,89.96,123.90,337.91,0.8835,-1,-1,-1
465,115,406.44,143.38,60.12,191.87,0.7476,-1,-1,-1
465,116,275.11,56.65,126.60,361.25,0.8801,-1,-1,-1
465,118,585.84,86.68,59.31,305.01,0.7926,-1,-1,-1
465,113,61.83,-0.28,174.46,481.72,0.8873,-1,-1,-1
465,119,240.79,169.63,33.33,105.41,0.7138,-1,-1,-1
466,114,485.10,89.92,125.05,339.73,0.8834,-1,-1,-1
466,115,405.93,142.02,59.69,191.72,0.7613,-1,-1,-1
466,116,272.27,57.12,125.01,362.69,0.8848,-1,-1,-1
466,118,588.01,85.34,58.57,309.28,0.8247,-1,-1,-1
466,113,59.53,-0.42,176.60,481.79,0.8537,-1,-1,-1
466,119,243.72,166.50,34.66,110.03,0.6957,-1,-1,-1
467,114,479.13,87.40,120.97,332.00,0.8818,-1,-1,-1
467,115,402.80,141.79,60.72,192.72,0.7694,-1,-1,-1
467,116,268.00,58.38,124.44,364.67,0.8931,-1,-1,-1
467,118,585.57,83.86,58.91,314.72,0.8733,-1,-1,-1
467,113,58.26,-0.44,178.78,481.69,0.8861,-1,-1,-1
467,119,246.16,167.77,34.56,109.19,0.6920,-1,-1,-1
468,114,468.42,83.19,117.32,324.97,0.8662,-1,-1,-1
468,115,403.52,141.68,60.84,192.48,0.7427,-1,-1,-1
468,116,263.85,54.03,125.24,370.33,0.8778,-1,-1,-1
468,118,578.15,82.40,60.65,319.06,0.8730,-1,-1,-1
468,113,55.25,-0.02,180.70,481.14,0.8911,-1,-1,-1
468,119,243.26,167.89,34.22,107.21,0.5257,-1,-1,-1
469,114,451.14,82.06,119.09,327.45,0.8493,-1,-1,-1
469,115,402.30,140.39,60.98,192.97,0.7111,-1,-1,-1
469,116,258.99,46.95,124.06,365.57,0.8724,-1,-1,-1
469,118,570.31,83.38,62.85,319.68,0.8593,-1,-1,-1
469,113,53.78,-0.10,181.30,475.76,0.8559,-1,-1,-1
470,114,439.24,84.59,121.27,329.96,0.8919,-1,-1,-1
470,115,402.51,139.99,60.17,189.40,0.7672,-1,-1,-1
470,116,257.83,43.25,124.94,364.99,0.8750,-1,-1,-1
470,118,565.36,82.89,63.37,307.49,0.8732,-1,-1,-1
470,113,53.71,-0.23,185.22,479.10,0.8563,-1,-1,-1
471,114,438.12,86.64,122.33,330.05,0.8881,-1,-1,-1
471,115,402.62,137.93,60.81,190.90,0.5922,-1,-1,-1
471,116,260.13,40.82,126.54,365.61,0.8792,-1,-1,-1
471,118,561.90,79.79,65.94,307.45,0.7528,-1,-1,-1
471,113,56.85,-0.21,188.12,480.25,0.8749,-1,-1,-1
472,114,438.14,84.31,123.14,331.84,0.8809,-1,-1,-1
472,115,402.35,134.44,61.87,193.08,0.6258,-1,-1,-1
472,116,261.94,36.88,128.97,369.71,0.8852,-1,-1,-1
472,118,563.08,75.49,68.86,316.06,0.8590,-1,-1,-1
472,113,61.26,-0.07,190.47,480.50,0.8801,-1,-1,-1
473,114,437.53,79.63,120.58,327.51,0.8927,-1,-1,-1
473,115,402.53,131.19,62.06,194.49,0.6297,-1,-1,-1
473,116,261.73,34.00,132.03,380.44,0.8721,-1,-1,-1
473,118,567.78,72.40,69.83,321.79,0.8809,-1,-1,-1
473,113,67.87,0.17,192.03,477.35,0.8505,-1,-1,-1
474,114,438.99,76.80,117.67,323.21,0.8471,-1,-1,-1
474,115,403.64,130.96,61.77,195.66,0.7490,-1,-1,-1
474,116,265.35,33.41,132.49,385.72,0.8807,-1,-1,-1
474,118,559.01,71.46,72.45,322.03,0.8476,-1,-1,-1
474,113,75.47,0.32,195.23,479.08,0.8411,-1,-1,-1
475,114,443.48,74.68,118.30,327.82,0.8482,-1,-1,-1
475,115,408.10,130.14,61.66,197.62,0.3905,-1,-1,-1
475,116,269.82,34.96,132.18,388.81,0.8838,-1,-1,-1
475,118,549.70,72.62,73.48,305.73,0.9071,-1,-1,-1
475,113,82.19,0.25,196.68,476.78,0.8605,-1,-1,-1
476,114,448.03,76.93,118.88,330.19,0.8854,-1,-1,-1
476,116,274.85,38.24,131.42,390.12,0.8852,-1,-1,-1
476,118,546.85,73.28,76.22,302.33,0.9005,-1,-1,-1
476,113,85.76,0.19,198.62,476.41,0.8772,-1,-1,-1
477,114,447.94,80.23,119.97,333.19,0.7885,-1,-1,-1
477,116,276.81,38.75,131.32,392.45,0.8945,-1,-1,-1
477,118,545.80,72.20,79.77,305.86,0.9026,-1,-1,-1
477,113,89.56,0.49,197.56,468.06,0.7764,-1,-1,-1
478,114,444.71,79.41,121.34,337.90,0.8136,-1,-1,-1
478,116,278.04,35.80,130.13,391.30,0.8981,-1,-1,-1
478,118,545.94,71.77,82.71,309.60,0.8894,-1,-1,-1
478,113,86.74,0.29,199.69,466.80,0.7864,-1,-1,-1
479,114,441.96,83.71,119.26,333.34,0.8518,-1,-1,-1
479,116,278.26,37.40,125.95,379.14,0.8945,-1,-1,-1
479,118,546.35,73.47,86.25,319.08,0.9091,-1,-1,-1
479,113,83.55,0.14,205.54,475.29,0.8128,-1,-1,-1
480,114,440.99,85.59,116.11,324.24,0.8708,-1,-1,-1
480,116,275.06,38.40,126.64,382.55,0.8865,-1,-1,-1
480,118,547.63,75.08,88.08,326.17,0.8308,-1,-1,-1
480,113,82.07,-0.01,207.80,476.88,0.8429,-1,-1,-1
481,114,434.05,83.73,114.00,320.00,0.8626,-1,-1,-1
481,116,269.96,35.03,127.21,387.97,0.8836,-1,-1,-1
481,118,541.37,73.79,90.61,332.73,0.8480,-1,-1,-1
481,113,78.19,0.23,209.13,475.11,0.8035,-1,-1,-1
482,114,419.72,83.65,114.67,321.61,0.8689,-1,-1,-1
482,116,261.91,34.29,127.16,393.18,0.8883,-1,-1,-1
482,118,531.18,75.34,94.45,337.34,0.8403,-1,-1,-1
482,113,72.26,0.69,209.34,469.11,0.7511,-1,-1,-1
483,114,404.98,89.31,116.38,324.95,0.8719,-1,-1,-1
483,116,254.50,39.51,125.50,394.78,0.8769,-1,-1,-1
483,118,522.45,81.39,96.24,336.21,0.8816,-1,-1,-1
483,113,64.66,2.15,213.31,471.77,0.7813,-1,-1,-1
484,114,391.86,92.65,118.56,328.31,0.8436,-1,-1,-1
484,116,247.76,45.24,122.86,393.01,0.8590,-1,-1,-1
484,118,517.73,84.29,97.51,336.06,0.8761,-1,-1,-1
484,113,55.68,5.72,216.46,472.26,0.6538,-1,-1,-1
485,114,390.25,92.29,119.15,331.28,0.8090,-1,-1,-1
485,116,242.00,47.96,121.54,395.75,0.8413,-1,-1,-1
485,118,511.96,85.09,95.42,328.80,0.8383,-1,-1,-1
485,113,48.41,2.85,221.28,476.65,0.7360,-1,-1,-1
486,114,389.60,90.50,115.60,325.91,0.8709,-1,-1,-1
486,116,238.12,43.93,118.90,392.53,0.8828,-1,-1,-1
486,118,503.46,84.18,92.90,322.30,0.8732,-1,-1,-1
486,113,42.28,1.09,225.25,478.97,0.7841,-1,-1,-1
487,114,385.96,90.46,113.19,323.54,0.8712,-1,-1,-1
487,116,234.76,40.53,117.04,391.29,0.8847,-1,-1,-1
487,118,492.00,85.54,93.63,325.70,0.8850,-1,-1,-1
487,113,38.53,0.75,228.57,479.49,0.8440,-1,-1,-1
488,114,383.96,92.55,112.71,325.51,0.8520,-1,-1,-1
488,116,235.12,38.62,113.95,386.09,0.8606,-1,-1,-1
488,118,475.65,87.80,97.40,330.61,0.8518,-1,-1,-1
488,113,39.53,0.93,231.41,479.36,0.8164,-1,-1,-1
489,114,383.35,94.47,112.87,329.26,0.7844,-1,-1,-1
489,116,235.09,36.72,110.22,379.93,0.8673,-1,-1,-1
489,118,467.51,88.39,101.73,334.14,0.8952,-1,-1,-1
489,113,34.73,0.65,234.96,479.63,0.6871,-1,-1,-1
490,114,380.17,96.48,112.45,329.42,0.8305,-1,-1,-1
490,116,237.88,36.70,101.09,355.57,0.6453,-1,-1,-1
490,118,467.16,90.79,104.46,332.84,0.8814,-1,-1,-1
490,113,25.77,0.82,238.91,479.44,0.6199,-1,-1,-1
491,114,375.56,98.16,113.73,333.66,0.8504,-1,-1,-1
491,116,241.43,39.91,92.68,331.82,0.8142,-1,-1,-1
491,118,465.60,93.55,104.17,326.90,0.8675,-1,-1,-1
491,113,21.07,0.47,242.60,478.28,0.8244,-1,-1,-1
492,114,373.53,96.51,111.85,329.77,0.8688,-1,-1,-1
492,116,244.48,40.28,84.51,305.10,0.8184,-1,-1,-1
492,118,464.01,91.39,102.07,320.81,0.8145,-1,-1,-1
492,113,16.65,0.25,245.47,477.37,0.7387,-1,-1,-1
493,114,372.08,94.49,108.69,322.82,0.8681,-1,-1,-1
493,116,245.04,41.22,80.13,288.53,0.8092,-1,-1,-1
493,118,465.53,89.72,103.14,325.19,0.8350,-1,-1,-1
493,113,14.34,0.44,248.33,477.02,0.7245,-1,-1,-1
494,114,369.58,95.12,107.95,322.92,0.8322,-1,-1,-1
494,116,240.01,41.71,88.75,321.33,0.8514,-1,-1,-1
494,118,462.96,90.72,103.68,330.22,0.7726,-1,-1,-1
494,113,13.39,0.27,251.90,478.36,0.7534,-1,-1,-1
495,114,364.88,92.68,109.76,327.82,0.8764,-1,-1,-1
495,116,234.49,33.68,95.21,343.40,0.8552,-1,-1,-1
495,118,458.91,89.82,104.50,335.49,0.8356,-1,-1,-1
495,113,10.09,0.23,254.13,478.76,0.3719,-1,-1,-1
496,114,363.60,93.36,111.05,332.11,0.8892,-1,-1,-1
496,116,233.11,29.89,98.21,351.47,0.8535,-1,-1,-1
496,118,458.85,90.55,104.47,337.66,0.8447,-1,-1,-1
496,113,8.62,0.12,256.52,479.61,0.4386,-1,-1,-1
497,114,364.93,93.87,111.65,336.80,0.8470,-1,-1,-1
497,116,233.06,27.93,98.90,350.38,0.8473,-1,-1,-1
497,118,461.38,90.21,105.19,340.47,0.8031,-1,-1,-1
497,113,7.68,0.24,257.73,478.57,0.4711,-1,-1,-1
497,120,344.78,137.34,56.21,207.03,0.6548,-1,-1,-1
498,114,368.76,94.03,110.13,337.94,0.8277,-1,-1,-1
498,116,231.11,26.51,100.22,353.91,0.8122,-1,-1,-1
498,118,462.49,89.63,103.43,337.93,0.7975,-1,-1,-1
498,113,6.98,0.22,259.82,479.40,0.6801,-1,-1,-1
498,120,342.39,139.11,55.50,203.87,0.6498,-1,-1,-1
499,114,371.63,90.56,107.79,334.92,0.8409,-1,-1,-1
499,116,233.20,24.87,94.26,330.17,0.8390,-1,-1,-1
499,118,466.77,85.88,100.75,330.03,0.7749,-1,-1,-1
499,113,7.73,0.06,262.01,479.88,0.6284,-1,-1,-1
499,120,343.12,141.29,54.54,199.62,0.5443,-1,-1,-1
500,114,376.57,89.82,105.08,327.63,0.8534,-1,-1,-1
500,116,233.69,27.30,92.23,323.73,0.8270,-1,-1,-1
500,118,465.49,84.70,99.21,329.66,0.7342,-1,-1,-1
500,113,8.33,0.12,263.22,478.36,0.5898,-1,-1,-1
500,120,343.28,137.89,56.16,205.61,0.6924,-1,-1,-1
501,114,381.97,89.08,105.36,328.78,0.7836,-1,-1,-1
501,116,236.11,28.85,90.66,321.37,0.7993,-1,-1,-1
501,118,462.80,83.07,100.85,334.60,0.7660,-1,-1,-1
501,113,11.14,0.09,264.69,475.89,0.7237,-1,-1,-1
501,120,347.29,136.79,56.75,208.83,0.6531,-1,-1,-1
502,114,386.91,89.11,107.46,335.03,0.7962,-1,-1,-1
502,116,237.95,29.20,88.56,318.37,0.6733,-1,-1,-1
502,118,466.57,84.00,105.84,341.76,0.6838,-1,-1,-1
502,113,15.14,0.05,268.72,478.51,0.7813,-1,-1,-1
502,120,351.24,135.17,58.53,213.92,0.6759,-1,-1,-1
503,114,390.97,88.10,108.80,338.59,0.8465,-1,-1,-1
503,116,248.28,22.02,70.47,246.86,0.2784,-1,-1,-1
503,118,472.71,82.56,108.08,342.00,0.8679,-1,-1,-1
503,113,22.96,0.59,271.98,478.92,0.5551,-1,-1,-1
504,114,392.63,85.93,109.11,339.34,0.8561,-1,-1,-1
504,118,478.06,79.05,109.77,343.69,0.8774,-1,-1,-1
504,113,20.46,0.55,276.29,479.34,0.6567,-1,-1,-1
505,114,392.37,85.37,107.55,336.56,0.8393,-1,-1,-1
505,118,482.90,77.87,108.66,338.23,0.8637,-1,-1,-1
505,113,27.63,1.19,280.24,478.84,0.5054,-1,-1,-1
505,120,345.52,130.27,62.00,223.06,0.5847,-1,-1,-1
506,114,389.80,82.11,103.72,325.82,0.8596,-1,-1,-1
506,118,486.67,74.96,107.75,333.88,0.8743,-1,-1,-1
506,113,32.41,1.48,281.88,474.69,0.5639,-1,-1,-1
506,120,348.76,128.89,60.54,219.54,0.6641,-1,-1,-1
507,114,387.03,82.65,102.30,322.53,0.8243,-1,-1,-1
507,118,486.88,75.87,109.15,337.18,0.8492,-1,-1,-1
507,113,43.67,0.80,284.64,476.85,0.6286,-1,-1,-1
507,120,343.49,130.16,60.68,218.07,0.6452,-1,-1,-1
508,114,382.21,82.53,104.09,326.33,0.8267,-1,-1,-1
508,118,487.13,76.89,110.10,339.85,0.8543,-1,-1,-1
508,113,58.14,0.49,283.01,474.04,0.6248,-1,-1,-1
508,120,343.53,128.70,60.10,214.82,0.7142,-1,-1,-1
509,114,375.95,80.63,106.70,329.66,0.8553,-1,-1,-1
509,118,485.71,75.84,110.46,342.91,0.8492,-1,-1,-1
509,113,68.71,0.73,281.48,472.44,0.6200,-1,-1,-1
509,120,344.73,124.86,59.83,213.63,0.6588,-1,-1,-1
509,121,-0.08,95.25,87.65,219.65,0.5977,-1,-1,-1
510,114,374.01,83.15,108.98,334.50,0.8441,-1,-1,-1
510,118,488.73,78.85,109.89,341.39,0.8123,-1,-1,-1
510,113,81.45,0.43,281.46,474.31,0.3901,-1,-1,-1
510,120,348.51,126.79,58.83,211.55,0.5703,-1,-1,-1
510,121,1.52,81.93,99.30,248.69,0.7466,-1,-1,-1
511,114,377.87,83.48,108.86,336.48,0.8349,-1,-1,-1
511,118,490.28,78.19,109.27,342.74,0.7717,-1,-1,-1
511,113,79.34,1.05,274.94,475.63,0.3714,-1,-1,-1
511,120,356.37,126.66,58.06,213.43,0.3319,-1,-1,-1
511,121,7.38,66.47,111.35,277.98,0.6794,-1,-1,-1
512,114,382.49,85.11,108.36,337.72,0.8622,-1,-1,-1
512,118,495.80,80.37,105.66,334.62,0.7599,-1,-1,-1
512,113,109.40,1.29,275.40,477.20,0.5870,-1,-1,-1
512,121,22.71,63.75,116.77,290.79,0.7092,-1,-1,-1
513,114,393.85,89.05,103.47,326.55,0.8337,-1,-1,-1
513,118,498.64,82.72,103.41,332.45,0.8382,-1,-1,-1
513,113,142.03,1.30,273.04,473.10,0.6849,-1,-1,-1
513,121,47.14,66.67,127.18,320.14,0.8415,-1,-1,-1
514,114,402.63,88.35,99.08,319.02,0.8662,-1,-1,-1
514,118,499.11,80.95,103.05,334.35,0.8376,-1,-1,-1
514,113,157.75,1.16,272.38,471.35,0.5512,-1,-1,-1
514,121,63.12,66.05,130.37,333.09,0.8856,-1,-1,-1
514,122,4.29,115.97,81.66,237.89,0.8449,-1,-1,-1
515,114,423.49,92.19,72.84,232.13,0.8156,-1,-1,-1
515,118,492.59,84.22,105.10,337.63,0.8415,-1,-1,-1
515,113,180.16,0.76,272.51,471.97,0.7152,-1,-1,-1
515,121,80.35,70.33,130.58,336.59,0.8878,-1,-1,-1
515,122,-4.65,109.59,86.03,251.57,0.8528,-1,-1,-1
516,118,493.28,87.40,108.86,342.08,0.8219,-1,-1,-1
516,113,207.99,0.48,272.93,474.20,0.7069,-1,-1,-1
516,121,90.41,74.68,130.34,337.59,0.8786,-1,-1,-1
516,122,-13.37,104.11,90.35,266.77,0.8548,-1,-1,-1
517,118,501.73,89.06,110.89,342.94,0.8859,-1,-1,-1
517,113,236.74,0.61,271.89,471.92,0.7442,-1,-1,-1
517,121,94.48,81.58,127.48,332.60,0.8725,-1,-1,-1
517,122,-17.66,99.39,89.63,268.67,0.8607,-1,-1,-1
518,118,510.51,93.00,110.00,340.41,0.8425,-1,-1,-1
518,113,259.78,0.86,273.81,474.11,0.7535,-1,-1,-1
518,121,96.78,84.50,125.52,329.13,0.8742,-1,-1,-1
518,122,-22.90,93.78,89.68,275.42,0.7934,-1,-1,-1
518,123,194.81,39.16,91.41,351.47,0.8532,-1,-1,-1
519,113,282.66,0.76,277.40,476.50,0.7188,-1,-1,-1
519,121,104.46,81.62,119.48,316.96,0.8668,-1,-1,-1
519,123,190.56,29.53,101.23,387.98,0.8750,-1,-1,-1
520,113,301.89,0.60,280.64,477.46,0.8223,-1,-1,-1
520,121,113.56,77.59,116.43,315.62,0.8339,-1,-1,-1
520,123,190.64,22.40,113.49,432.75,0.8774,-1,-1,-1
521,113,333.40,0.58,282.84,475.51,0.8638,-1,-1,-1
521,121,114.28,79.87,114.90,313.04,0.8423,-1,-1,-1
521,123,195.33,17.05,118.35,445.97,0.8791,-1,-1,-1
522,113,352.20,0.61,282.74,473.89,0.7786,-1,-1,-1
522,121,114.15,84.97,114.76,313.79,0.8237,-1,-1,-1
522,123,201.99,16.55,121.29,450.77,0.8876,-1,-1,-1
523,113,363.12,0.70,283.07,475.43,0.8149,-1,-1,-1
523,121,112.13,88.58,114.33,313.23,0.7712,-1,-1,-1
523,123,204.84,14.89,124.48,457.15,0.8997,-1,-1,-1
524,113,371.61,0.91,281.56,475.80,0.8001,-1,-1,-1
524,121,111.39,85.24,113.59,310.78,0.8325,-1,-1,-1
524,123,205.20,11.44,128.21,465.95,0.8947,-1,-1,-1
525,113,380.39,0.44,279.76,478.48,0.8933,-1,-1,-1
525,121,116.24,84.19,110.79,302.33,0.8325,-1,-1,-1
525,123,210.95,13.50,130.53,469.66,0.8895,-1,-1,-1
526,113,389.33,0.65,275.80,479.10,0.8941,-1,-1,-1
526,121,129.53,79.86,106.45,292.66,0.8529,-1,-1,-1
526,123,217.66,14.16,132.47,470.71,0.8738,-1,-1,-1
527,113,397.36,0.22,271.21,479.83,0.8698,-1,-1,-1
527,121,136.99,76.35,105.08,293.78,0.8488,-1,-1,-1
527,123,218.27,12.68,135.11,472.37,0.8661,-1,-1,-1
528,113,409.03,0.06,264.85,480.09,0.9061,-1,-1,-1
528,121,147.82,84.72,102.52,293.89,0.8613,-1,-1,-1
528,123,219.26,18.23,136.63,466.33,0.8605,-1,-1,-1
528,120,385.96,97.80,82.85,315.97,0.6936,-1,-1,-1
529,113,419.67,0.31,256.68,477.72,0.8935,-1,-1,-1
529,121,153.36,93.70,99.59,291.09,0.8438,-1,-1,-1
529,123,221.28,23.48,137.85,459.80,0.8829,-1,-1,-1
529,124,127.10,163.71,46.18,145.22,0.7925,-1,-1,-1
529,120,385.56,102.32,84.31,318.05,0.8117,-1,-1,-1
530,113,432.06,0.34,248.70,478.06,0.9025,-1,-1,-1
530,121,155.91,99.39,97.50,287.75,0.8630,-1,-1,-1
530,123,227.32,25.80,137.34,447.92,0.8749,-1,-1,-1
530,124,120.97,161.42,47.86,150.56,0.7849,-1,-1,-1
530,120,387.83,106.70,86.21,319.85,0.7384,-1,-1,-1
531,113,440.89,0.27,240.99,478.79,0.8964,-1,-1,-1
531,121,156.32,102.63,97.03,287.58,0.8511,-1,-1,-1
531,123,230.28,27.36,140.08,450.10,0.8791,-1,-1,-1
531,124,114.89,159.84,49.92,156.59,0.8116,-1,-1,-1
531,120,389.35,109.97,88.66,323.75,0.8238,-1,-1,-1
532,113,449.82,0.79,232.54,478.33,0.8852,-1,-1,-1
532,121,161.73,101.99,93.45,279.25,0.8405,-1,-1,-1
532,123,230.63,27.21,141.69,453.48,0.8935,-1,-1,-1
532,124,102.26,158.60,52.61,163.59,0.7515,-1,-1,-1
532,120,385.11,106.45,90.20,324.33,0.8402,-1,-1,-1
533,113,453.70,0.55,225.46,478.54,0.8890,-1,-1,-1
533,121,164.92,96.52,91.23,277.91,0.7978,-1,-1,-1
533,123,224.69,23.81,143.20,457.93,0.8800,-1,-1,-1
533,124,87.16,154.91,55.19,168.84,0.7949,-1,-1,-1
533,120,379.36,100.42,89.66,317.12,0.8439,-1,-1,-1
534,113,458.20,1.39,218.18,477.39,0.8880,-1,-1,-1
534,121,154.50,91.31,91.76,280.75,0.7947,-1,-1,-1
534,123,211.36,23.16,143.36,458.04,0.8854,-1,-1,-1
534,124,65.24,148.35,58.85,178.88,0.7986,-1,-1,-1
534,120,367.48,96.14,90.38,316.44,0.7877,-1,-1,-1
534,125,457.78,89.01,55.68,294.99,0.7804,-1,-1,-1
535,113,464.07,1.92,210.72,475.52,0.8778,-1,-1,-1
535,121,143.48,90.28,94.42,289.66,0.5137,-1,-1,-1
535,123,199.70,23.06,144.19,458.50,0.8782,-1,-1,-1
535,124,47.72,140.67,62.65,189.47,0.7869,-1,-1,-1
535,120,352.77,95.25,93.00,319.08,0.7803,-1,-1,-1
535,125,453.96,89.03,59.95,316.67,0.8451,-1,-1,-1
536,113,469.81,1.01,204.64,477.01,0.8811,-1,-1,-1
536,121,147.38,114.23,70.19,204.76,0.5164,-1,-1,-1
536,123,196.35,19.30,144.48,458.73,0.8795,-1,-1,-1
536,124,34.49,133.34,66.49,199.38,0.7967,-1,-1,-1
536,120,339.67,95.70,97.04,323.17,0.8517,-1,-1,-1
536,125,453.19,88.86,60.76,318.21,0.8429,-1,-1,-1
537,113,476.45,5.42,196.58,473.19,0.8824,-1,-1,-1
537,121,144.96,119.92,62.28,175.77,0.4640,-1,-1,-1
537,123,195.34,9.07,145.00,458.71,0.8817,-1,-1,-1
537,124,18.27,121.83,70.85,209.70,0.8026,-1,-1,-1
537,120,330.90,93.18,101.37,329.56,0.8492,-1,-1,-1
537,125,452.98,85.57,61.79,318.73,0.8731,-1,-1,-1
538,113,481.79,2.88,191.26,476.33,0.8789,-1,-1,-1
538,121,142.01,125.28,59.54,163.40,0.5855,-1,-1,-1
538,123,197.91,3.79,145.28,456.34,0.8947,-1,-1,-1
538,124,8.47,117.12,75.35,221.32,0.8457,-1,-1,-1
538,120,329.79,91.22,103.30,334.03,0.8008,-1,-1,-1
538,125,451.75,85.12,65.63,332.55,0.8512,-1,-1,-1
539,113,493.62,2.35,182.89,475.03,0.8621,-1,-1,-1
539,121,150.19,123.66,58.91,162.14,0.6060,-1,-1,-1
539,123,201.31,1.64,149.15,464.69,0.8856,-1,-1,-1
539,124,0.28,112.57,80.26,234.48,0.8775,-1,-1,-1
539,120,332.91,88.35,102.17,331.33,0.8634,-1,-1,-1
539,125,458.32,83.81,66.06,326.93,0.8492,-1,-1,-1
539,126,124.43,140.80,39.50,145.59,0.7934,-1,-1,-1
539,127,411.31,126.34,43.23,224.93,0.7756,-1,-1,-1
540,113,504.72,5.36,172.68,468.69,0.8123,-1,-1,-1
540,121,158.01,122.39,76.82,216.70,0.7547,-1,-1,-1
540,123,205.27,0.49,152.70,473.37,0.8778,-1,-1,-1
540,124,-3.19,112.56,84.19,245.12,0.8680,-1,-1,-1
540,120,337.76,88.05,100.35,327.24,0.8687,-1,-1,-1
540,125,463.65,79.47,69.71,335.95,0.8352,-1,-1,-1
540,126,126.85,138.97,41.12,150.64,0.7812,-1,-1,-1
540,127,415.55,127.74,42.99,222.79,0.7293,-1,-1,-1
541,121,170.45,124.44,80.83,236.27,0.7326,-1,-1,-1
541,123,214.35,0.03,153.49,473.75,0.8654,-1,-1,-1
541,124,-8.43,108.53,88.61,260.76,0.8601,-1,-1,-1
541,120,343.80,84.40,101.52,334.51,0.8384,-1,-1,-1
541,125,472.12,74.93,73.98,343.63,0.7454,-1,-1,-1
541,126,127.14,139.40,42.92,155.04,0.8572,-1,-1,-1
541,127,423.15,126.22,44.89,232.11,0.6710,-1,-1,-1
541,118,542.66,26.07,117.18,402.73,0.7546,-1,-1,-1
542,121,184.29,123.75,80.71,247.23,0.4877,-1,-1,-1
542,123,225.15,0.86,153.61,473.99,0.8768,-1,-1,-1
542,124,-13.53,100.06,92.44,277.95,0.8439,-1,-1,-1
542,120,351.36,83.54,101.49,339.06,0.7932,-1,-1,-1
542,125,469.57,71.89,79.13,352.54,0.6214,-1,-1,-1
542,126,122.67,139.26,45.57,160.77,0.8664,-1,-1,-1
542,127,428.62,126.30,47.53,246.76,0.2613,-1,-1,-1
543,121,193.91,124.09,79.61,255.36,0.5257,-1,-1,-1
543,123,234.79,5.13,153.56,471.89,0.8476,-1,-1,-1
543,124,-15.79,92.68,94.81,291.82,0.8645,-1,-1,-1
543,120,357.79,87.81,100.84,342.55,0.6891,-1,-1,-1
543,125,462.33,74.04,84.03,360.61,0.8114,-1,-1,-1
543,126,118.31,142.14,47.50,162.55,0.8754,-1,-1,-1
543,127,430.76,125.05,52.42,272.78,0.3386,-1,-1,-1
544,121,203.30,129.56,75.21,250.89,0.6383,-1,-1,-1
544,123,242.80,3.64,155.22,475.81,0.8635,-1,-1,-1
544,124,-20.73,86.28,94.33,301.87,0.8030,-1,-1,-1
544,120,371.61,88.52,93.89,325.65,0.5163,-1,-1,-1
544,125,465.86,74.96,88.99,366.53,0.8224,-1,-1,-1
544,126,113.90,137.98,50.64,167.97,0.8781,-1,-1,-1
544,128,187.57,147.56,40.14,150.17,0.7646,-1,-1,-1
545,121,213.22,139.66,69.39,239.98,0.3903,-1,-1,-1
545,123,247.94,1.31,157.33,478.82,0.8554,-1,-1,-1
545,124,-17.56,100.84,88.06,289.17,0.7935,-1,-1,-1
545,120,380.33,88.63,94.71,339.23,0.5136,-1,-1,-1
545,125,471.50,74.35,93.28,371.39,0.8014,-1,-1,-1
545,126,113.73,135.39,53.21,171.20,0.8726,-1,-1,-1
545,128,190.38,148.48,40.60,151.05,0.7135,-1,-1,-1
546,123,257.72,0.30,159.10,479.29,0.8985,-1,-1,-1
546,124,-17.56,112.20,83.31,282.95,0.7621,-1,-1,-1
546,120,378.03,85.28,97.25,348.55,0.5797,-1,-1,-1
546,125,481.17,71.90,96.00,373.79,0.7836,-1,-1,-1
546,126,115.26,131.51,56.20,176.10,0.8602,-1,-1,-1
546,128,196.74,149.05,41.40,152.91,0.7579,-1,-1,-1
547,123,262.01,0.22,162.53,480.05,0.8883,-1,-1,-1
547,120,387.19,82.65,95.48,344.33,0.6852,-1,-1,-1
547,125,494.60,67.94,96.93,368.81,0.7382,-1,-1,-1
547,126,115.61,124.26,59.02,183.33,0.7894,-1,-1,-1
547,128,198.68,143.72,43.51,159.05,0.8174,-1,-1,-1
548,123,265.38,-0.29,164.37,474.93,0.8813,-1,-1,-1
548,120,394.46,82.10,95.24,348.38,0.5368,-1,-1,-1
548,125,508.57,65.15,100.17,375.08,0.7098,-1,-1,-1
548,126,117.22,121.42,60.68,188.03,0.8157,-1,-1,-1
548,128,202.56,139.46,45.90,165.04,0.8394,-1,-1,-1
548,127,473.52,118.62,48.84,255.74,0.6139,-1,-1,-1
549,123,267.52,-0.13,166.59,472.54,0.8593,-1,-1,-1
549,120,390.69,83.93,92.68,350.02,0.2696,-1,-1,-1
549,125,520.53,63.08,104.56,384.97,0.7680,-1,-1,-1
549,126,118.02,118.71,62.37,192.57,0.8223,-1,-1,-1
549,128,203.08,135.69,48.22,170.28,0.8261,-1,-1,-1
549,127,481.16,122.28,47.44,247.01,0.6847,-1,-1,-1
550,123,270.06,-0.23,170.38,477.56,0.7734,-1,-1,-1
550,120,397.12,70.44,94.99,364.09,0.3741,-1,-1,-1
550,125,528.65,53.03,107.93,396.58,0.8854,-1,-1,-1
550,126,112.33,108.37,65.34,200.29,0.7353,-1,-1,-1
550,128,202.97,122.51,50.78,176.69,0.8327,-1,-1,-1
550,127,489.05,115.36,48.33,247.16,0.7894,-1,-1,-1
551,123,271.55,-0.07,171.46,478.39,0.7981,-1,-1,-1
551,120,401.32,70.11,94.28,366.61,0.5841,-1,-1,-1
551,125,533.01,46.40,109.81,404.99,0.9019,-1,-1,-1
551,126,102.87,100.38,68.66,207.67,0.8371,-1,-1,-1
551,128,201.07,114.50,52.90,181.77,0.8255,-1,-1,-1
551,127,494.94,111.03,49.90,248.55,0.7483,-1,-1,-1
552,123,281.19,-0.26,171.75,465.67,0.7677,-1,-1,-1
552,120,414.28,67.37,73.83,287.34,0.6492,-1,-1,-1
552,125,536.72,47.68,109.82,408.46,0.8940,-1,-1,-1
552,126,89.57,100.51,72.47,215.94,0.8669,-1,-1,-1
552,128,193.82,113.23,56.95,191.09,0.8695,-1,-1,-1
552,127,498.63,114.36,50.57,247.98,0.8078,-1,-1,-1
553,123,274.46,4.78,176.83,470.10,0.8597,-1,-1,-1
553,120,414.70,67.38,66.55,256.92,0.6965,-1,-1,-1
553,125,539.91,49.96,109.02,410.52,0.8767,-1,-1,-1
553,126,78.49,99.24,75.98,224.77,0.8717,-1,-1,-1
553,128,184.83,114.83,60.14,196.07,0.8716,-1,-1,-1
553,127,501.44,117.02,51.50,247.98,0.8038,-1,-1,-1
554,123,260.92,1.84,180.37,476.54,0.8953,-1,-1,-1
554,120,423.88,102.19,56.81,221.36,0.3888,-1,-1,-1
554,125,544.16,50.44,106.20,406.10,0.8936,-1,-1,-1
554,126,68.62,96.65,78.91,233.51,0.8522,-1,-1,-1
554,128,178.88,115.08,63.88,203.54,0.8603,-1,-1,-1
554,127,506.78,118.71,52.33,247.26,0.7678,-1,-1,-1
555,123,262.42,0.84,181.69,478.85,0.9125,-1,-1,-1
555,120,413.16,111.70,61.17,237.48,0.6296,-1,-1,-1
555,125,549.52,47.16,102.86,401.81,0.8913,-1,-1,-1
555,126,59.93,91.62,80.41,241.07,0.8390,-1,-1,-1
555,128,174.26,110.84,67.46,212.87,0.8783,-1,-1,-1
555,127,513.49,114.87,53.53,246.76,0.7636,-1,-1,-1
556,123,259.99,1.15,182.87,479.01,0.9082,-1,-1,-1
556,120,414.11,115.59,63.35,245.45,0.6949,-1,-1,-1
556,125,553.73,46.92,100.22,401.51,0.8629,-1,-1,-1
556,126,49.63,89.51,82.16,247.52,0.8332,-1,-1,-1
556,128,170.01,110.05,70.14,219.96,0.8762,-1,-1,-1
556,127,517.59,115.54,55.29,247.77,0.7722,-1,-1,-1
557,123,263.57,2.85,182.96,477.39,0.9202,-1,-1,-1
557,120,420.23,120.66,70.22,270.35,0.7215,-1,-1,-1
557,125,551.27,55.86,97.51,393.50,0.8319,-1,-1,-1
557,126,31.26,89.56,85.92,257.02,0.8680,-1,-1,-1
557,128,162.06,109.64,73.75,230.26,0.8788,-1,-1,-1
557,127,522.32,125.38,55.43,244.29,0.8215,-1,-1,-1
558,123,264.91,2.89,183.02,476.04,0.9082,-1,-1,-1
558,120,424.53,119.16,75.32,284.69,0.8156,-1,-1,-1
558,125,549.64,58.81,94.95,383.41,0.8453,-1,-1,-1
558,126,12.75,84.52,90.30,266.59,0.8952,-1,-1,-1
558,128,156.14,106.60,76.30,237.14,0.8721,-1,-1,-1
558,127,525.70,129.28,54.15,235.21,0.8128,-1,-1,-1
559,123,270.61,1.53,182.77,474.75,0.9217,-1,-1,-1
559,120,435.37,108.81,83.83,308.25,0.8192,-1,-1,-1
559,125,553.09,52.65,92.02,374.83,0.8579,-1,-1,-1
559,126,3.03,79.84,92.81,272.98,0.9037,-1,-1,-1
559,128,153.38,98.13,79.49,244.87,0.8667,-1,-1,-1
559,127,533.69,121.25,56.81,245.01,0.7422,-1,-1,-1
560,123,272.20,0.44,183.79,477.34,0.9136,-1,-1,-1
560,120,446.27,96.94,91.06,330.91,0.8008,-1,-1,-1
560,125,560.62,46.65,90.04,377.26,0.8585,-1,-1,-1
560,126,-2.93,76.73,94.91,280.48,0.9214,-1,-1,-1
560,128,148.54,91.26,84.42,258.28,0.8781,-1,-1,-1
560,127,539.05,116.15,56.51,243.02,0.7395,-1,-1,-1
561,123,264.23,1.12,185.44,478.21,0.8991,-1,-1,-1
561,120,451.36,79.22,98.79,355.86,0.6586,-1,-1,-1
561,125,562.50,41.43,89.45,384.66,0.8866,-1,-1,-1
561,126,-9.81,69.79,95.11,287.25,0.8849,-1,-1,-1
561,128,134.36,81.57,90.42,275.28,0.8097,-1,-1,-1
561,127,541.58,112.48,55.51,244.74,0.5993,-1,-1,-1
562,123,255.76,0.85,187.27,478.33,0.8986,-1,-1,-1
562,120,457.97,63.50,104.58,374.02,0.7991,-1,-1,-1
562,125,561.14,36.31,89.74,393.96,0.9048,-1,-1,-1
562,126,-14.06,81.04,88.00,274.37,0.8560,-1,-1,-1
562,128,119.70,73.92,94.62,286.68,0.8753,-1,-1,-1
563,123,250.15,1.78,190.06,478.06,0.9244,-1,-1,-1
563,120,471.97,49.78,116.27,412.91,0.6250,-1,-1,-1
563,125,564.62,38.67,88.84,402.78,0.8314,-1,-1,-1
563,128,103.81,65.94,102.31,309.24,0.8177,-1,-1,-1
563,130,413.09,80.37,64.24,269.32,0.6225,-1,-1,-1
564,123,245.84,1.71,192.73,478.36,0.9036,-1,-1,-1
564,120,498.62,41.15,120.13,430.39,0.5519,-1,-1,-1
564,125,567.89,39.68,87.03,408.77,0.6633,-1,-1,-1
564,128,92.40,58.74,108.73,326.62,0.8688,-1,-1,-1
564,130,415.38,79.35,66.36,277.66,0.7100,-1,-1,-1
565,123,243.73,1.08,194.63,477.96,0.9221,-1,-1,-1
565,120,498.53,30.07,128.55,449.50,0.8272,-1,-1,-1
565,128,78.28,49.97,115.21,346.27,0.8585,-1,-1,-1
565,130,418.73,75.00,70.91,295.24,0.7918,-1,-1,-1
566,123,240.25,0.83,196.46,478.55,0.9175,-1,-1,-1
566,120,509.08,59.79,123.39,422.99,0.5175,-1,-1,-1
566,128,64.44,40.49,121.39,363.62,0.8917,-1,-1,-1
566,130,423.03,66.05,75.69,314.21,0.8403,-1,-1,-1
567,123,236.68,0.84,196.23,475.89,0.9195,-1,-1,-1
567,120,522.93,69.38,119.85,413.64,0.8255,-1,-1,-1
567,128,47.15,27.57,129.13,386.04,0.9007,-1,-1,-1
567,130,427.69,55.55,80.82,333.83,0.8584,-1,-1,-1
568,123,233.34,0.71,195.63,472.67,0.9186,-1,-1,-1
568,120,530.21,62.33,119.72,419.96,0.6951,-1,-1,-1
568,128,30.13,16.90,136.36,405.78,0.9122,-1,-1,-1
568,130,432.44,45.48,86.82,354.42,0.8648,-1,-1,-1
569,123,225.64,0.52,196.97,474.51,0.9236,-1,-1,-1
569,120,543.36,55.28,117.18,427.73,0.4802,-1,-1,-1
569,128,7.93,3.94,146.66,436.62,0.9100,-1,-1,-1
569,130,434.25,29.56,94.70,378.21,0.8649,-1,-1,-1
570,123,218.44,0.45,198.57,475.73,0.9178,-1,-1,-1
570,120,551.77,48.98,105.49,394.07,0.6268,-1,-1,-1
570,128,-1.93,-0.76,147.04,439.21,0.9159,-1,-1,-1
570,130,438.81,15.02,102.09,399.96,0.8621,-1,-1,-1
571,123,208.23,0.11,202.01,477.01,0.9079,-1,-1,-1
571,120,556.72,51.55,98.46,376.38,0.8798,-1,-1,-1
571,128,-11.38,-2.74,147.58,448.40,0.8976,-1,-1,-1
571,130,446.08,3.10,110.75,425.30,0.8686,-1,-1,-1
572,123,200.22,-0.02,205.21,476.76,0.9157,-1,-1,-1
572,120,565.21,57.53,85.73,332.64,0.7345,-1,-1,-1
572,128,-18.51,-2.57,146.73,457.58,0.8826,-1,-1,-1
572,130,453.80,-1.88,118.82,446.66,0.8796,-1,-1,-1
573,123,195.41,-0.04,209.41,478.25,0.9161,-1,-1,-1
573,120,575.71,67.37,79.51,321.11,0.4261,-1,-1,-1
573,128,-23.64,8.61,142.78,460.29,0.8323,-1,-1,-1
573,130,463.35,-3.28,129.74,473.16,0.8489,-1,-1,-1
574,123,196.32,-0.06,213.26,478.18,0.9135,-1,-1,-1
574,130,474.16,-4.04,136.62,484.38,0.9044,-1,-1,-1
575,123,201.47,-0.06,216.03,477.59,0.9049,-1,-1,-1
575,130,481.95,-3.77,140.64,487.29,0.9145,-1,-1,-1
576,123,207.80,-0.06,219.13,479.06,0.9184,-1,-1,-1
576,130,489.21,-3.30,142.66,488.29,0.9070,-1,-1,-1
577,123,213.79,-0.06,221.67,479.79,0.9226,-1,-1,-1
577,130,496.80,-2.73,142.62,486.58,0.8956,-1,-1,-1
578,123,220.23,0.11,223.42,479.89,0.9245,-1,-1,-1
578,130,508.17,-2.03,140.77,486.41,0.7282,-1,-1,-1
579,123,226.76,0.20,224.53,479.89,0.9072,-1,-1,-1
580,123,235.70,0.34,224.23,477.49,0.9166,-1,-1,-1
580,130,514.76,48.90,113.72,383.36,0.8442,-1,-1,-1
581,123,251.14,0.14,225.51,478.35,0.9243,-1,-1,-1
581,134,217.37,150.30,44.79,131.70,0.7864,-1,-1,-1
581,130,506.06,65.26,99.38,339.18,0.7155,-1,-1,-1
582,123,260.48,0.17,226.13,476.90,0.9218,-1,-1,-1
582,134,215.29,150.05,46.35,135.82,0.8260,-1,-1,-1
582,130,498.65,71.06,94.35,325.18,0.6035,-1,-1,-1
583,123,270.36,0.04,228.89,477.31,0.9171,-1,-1,-1
583,134,212.38,157.54,47.50,138.16,0.7322,-1,-1,-1
583,130,495.16,80.70,90.92,318.62,0.6859,-1,-1,-1
584,123,281.03,-0.00,232.72,476.94,0.9155,-1,-1,-1
584,134,208.90,159.61,49.36,142.57,0.7196,-1,-1,-1
584,130,513.95,94.81,92.73,315.24,0.5044,-1,-1,-1
585,123,290.45,0.12,236.60,475.34,0.9071,-1,-1,-1
585,134,204.09,153.09,51.90,149.45,0.7359,-1,-1,-1
585,130,534.59,113.56,74.80,257.14,0.4540,-1,-1,-1
586,123,294.62,0.03,239.75,473.68,0.9011,-1,-1,-1
586,134,199.87,147.21,55.29,158.75,0.8085,-1,-1,-1
586,130,534.29,121.75,73.36,254.03,0.7516,-1,-1,-1
586,137,1.99,0.00,112.34,474.86,0.5791,-1,-1,-1
587,123,291.47,0.00,241.09,472.22,0.9128,-1,-1,-1
587,134,192.54,144.08,56.59,161.59,0.8180,-1,-1,-1
587,130,525.93,121.72,71.93,250.47,0.6563,-1,-1,-1
587,137,-0.16,0.00,112.72,476.70,0.6820,-1,-1,-1
588,123,283.74,-0.01,244.25,477.20,0.9158,-1,-1,-1
588,134,183.87,145.05,57.86,164.82,0.8344,-1,-1,-1
588,130,518.97,125.79,70.75,246.59,0.7254,-1,-1,-1
588,137,-3.54,-0.00,112.75,477.99,0.6457,-1,-1,-1
588,138,454.08,169.29,82.70,223.91,0.5848,-1,-1,-1
589,123,262.11,-0.01,245.84,478.89,0.9051,-1,-1,-1
589,134,164.23,143.98,60.42,171.31,0.7227,-1,-1,-1
589,137,-6.62,0.66,111.91,476.97,0.6292,-1,-1,-1
589,138,469.73,136.51,88.79,240.15,0.6392,-1,-1,-1
590,123,246.20,-0.01,246.69,478.47,0.8834,-1,-1,-1
590,134,148.97,141.27,63.09,177.56,0.8217,-1,-1,-1
590,137,-5.73,1.70,110.15,471.60,0.3431,-1,-1,-1
590,138,465.89,124.35,91.21,246.15,0.7958,-1,-1,-1
591,123,223.04,-0.00,248.96,479.12,0.8732,-1,-1,-1
591,134,130.83,140.27,65.12,182.94,0.8122,-1,-1,-1
591,137,-0.14,0.61,110.30,471.00,0.6624,-1,-1,-1
591,138,453.18,119.39,91.36,246.54,0.6491,-1,-1,-1
592,123,201.93,-0.01,249.97,478.67,0.8745,-1,-1,-1
592,134,112.02,142.17,68.98,193.12,0.8585,-1,-1,-1
592,137,-4.73,1.08,93.73,404.23,0.7698,-1,-1,-1
592,138,421.49,120.82,96.30,258.49,0.7559,-1,-1,-1
593,123,195.48,-0.01,250.54,479.39,0.8939,-1,-1,-1
593,134,91.39,134.99,73.44,205.14,0.8117,-1,-1,-1
593,137,-6.40,11.37,84.18,367.21,0.2898,-1,-1,-1
594,123,190.85,0.28,249.96,478.97,0.8990,-1,-1,-1
594,134,75.89,127.31,76.46,213.45,0.8333,-1,-1,-1
594,137,-4.31,24.69,96.45,422.69,0.5655,-1,-1,-1
595,123,188.32,0.32,249.33,479.49,0.9078,-1,-1,-1
595,134,54.04,120.82,81.98,226.46,0.7863,-1,-1,-1
596,123,184.90,0.28,248.01,479.73,0.9078,-1,-1,-1
596,134,39.41,113.24,86.01,236.34,0.8217,-1,-1,-1
596,138,364.57,123.14,96.14,261.46,0.5810,-1,-1,-1
597,123,184.57,0.10,245.18,478.91,0.9005,-1,-1,-1
597,134,26.99,107.06,89.07,245.18,0.7978,-1,-1,-1
597,138,356.78,133.59,90.98,248.40,0.3712,-1,-1,-1
598,123,186.34,0.03,242.36,478.34,0.9109,-1,-1,-1
598,134,13.60,105.23,91.09,252.10,0.7668,-1,-1,-1
598,138,358.34,137.51,86.01,240.63,0.2541,-1,-1,-1
598,139,164.35,154.16,42.76,149.17,0.7757,-1,-1,-1
599,123,188.58,0.01,240.40,477.52,0.9033,-1,-1,-1
599,134,-1.95,101.28,97.94,273.38,0.8244,-1,-1,-1
599,138,357.05,138.79,80.78,232.57,0.4016,-1,-1,-1
599,139,159.36,152.61,43.63,151.07,0.8056,-1,-1,-1
600,123,193.98,0.66,239.22,475.90,0.9121,-1,-1,-1
600,134,-12.64,96.75,96.81,277.39,0.8680,-1,-1,-1
600,139,153.73,153.09,46.04,157.99,0.8114,-1,-1,-1
600,141,596.19,153.19,45.91,196.19,0.6039,-1,-1,-1
601,123,194.33,0.64,240.19,478.05,0.9208,-1,-1,-1
601,139,148.01,153.07,48.05,163.06,0.8204,-1,-1,-1
601,141,592.65,138.02,50.44,216.13,0.5683,-1,-1,-1
602,123,192.86,0.23,241.38,479.34,0.9112,-1,-1,-1
602,139,143.84,151.34,49.72,167.32,0.8202,-1,-1,-1
602,141,588.16,119.76,55.40,238.32,0.5304,-1,-1,-1
603,123,190.78,0.20,241.29,479.71,0.9085,-1,-1,-1
603,139,138.03,151.77,51.92,172.70,0.8623,-1,-1,-1
603,141,585.17,109.56,58.59,253.28,0.5832,-1,-1,-1
604,123,188.65,0.07,240.47,479.97,0.9057,-1,-1,-1
604,139,136.18,148.77,54.48,178.30,0.8127,-1,-1,-1
604,141,573.64,103.91,76.55,335.98,0.4700,-1,-1,-1
605,123,187.56,0.02,238.12,479.61,0.9086,-1,-1,-1
605,139,133.68,145.20,56.72,183.10,0.8075,-1,-1,-1
605,141,578.43,97.26,67.59,297.90,0.5182,-1,-1,-1
606,123,187.97,-0.00,235.17,478.87,0.9110,-1,-1,-1
606,139,130.62,141.16,58.42,185.70,0.8113,-1,-1,-1
606,141,574.76,95.17,79.20,358.39,0.4639,-1,-1,-1
607,123,186.49,0.74,232.90,478.88,0.9040,-1,-1,-1
607,139,124.19,135.11,62.13,193.73,0.8303,-1,-1,-1
608,123,185.18,0.27,231.52,479.63,0.9088,-1,-1,-1
608,139,112.30,131.92,66.74,201.60,0.8437,-1,-1,-1
609,123,190.99,0.27,230.66,479.73,0.9003,-1,-1,-1
609,139,105.19,126.58,71.72,210.78,0.8684,-1,-1,-1
610,123,199.76,0.09,229.90,479.95,0.7992,-1,-1,-1
610,139,98.85,123.34,75.48,219.59,0.8498,-1,-1,-1
611,123,211.79,0.03,228.23,480.02,0.8662,-1,-1,-1
611,139,94.05,123.10,78.30,226.86,0.8527,-1,-1,-1
612,123,222.58,0.00,227.67,480.05,0.8849,-1,-1,-1
612,139,83.13,117.41,82.13,237.22,0.8632,-1,-1,-1
612,137,0.24,17.34,70.53,308.09,0.5223,-1,-1,-1
613,123,228.68,-0.01,228.00,480.05,0.8774,-1,-1,-1
613,139,68.13,110.27,85.99,244.21,0.8603,-1,-1,-1
613,145,156.36,163.34,38.75,124.44,0.7299,-1,-1,-1
613,137,1.99,19.25,70.54,303.68,0.7614,-1,-1,-1
614,123,241.90,-0.01,227.47,478.70,0.8816,-1,-1,-1
614,139,52.90,101.83,91.90,261.33,0.8847,-1,-1,-1
614,145,146.29,159.33,40.50,129.53,0.7538,-1,-1,-1
614,137,1.57,26.72,71.36,305.18,0.7068,-1,-1,-1
614,138,174.35,106.28,90.54,260.48,0.8664,-1,-1,-1
615,123,253.28,0.04,226.53,478.21,0.8893,-1,-1,-1
615,139,45.29,96.24,94.90,272.16,0.8382,-1,-1,-1
615,145,140.03,157.28,41.71,132.66,0.7921,-1,-1,-1
615,137,-4.54,23.12,81.75,360.24,0.7937,-1,-1,-1
615,138,172.49,105.64,90.44,264.10,0.8632,-1,-1,-1
616,123,267.02,0.01,226.62,479.36,0.8925,-1,-1,-1
616,139,41.82,90.51,93.02,271.40,0.7537,-1,-1,-1
616,145,133.80,152.70,43.77,138.05,0.8219,-1,-1,-1
616,137,-7.57,13.12,91.77,416.42,0.6313,-1,-1,-1
616,138,174.18,106.13,89.86,268.51,0.8399,-1,-1,-1
617,123,275.93,-0.00,226.54,479.35,0.8882,-1,-1,-1
617,139,42.91,80.24,79.42,230.09,0.6214,-1,-1,-1
617,145,130.30,146.27,45.68,142.61,0.7971,-1,-1,-1
617,137,-6.74,5.73,96.67,446.30,0.4681,-1,-1,-1
617,138,174.44,102.67,89.05,270.64,0.8540,-1,-1,-1
618,123,278.44,-0.01,226.72,479.09,0.8937,-1,-1,-1
618,145,119.49,140.09,48.64,148.83,0.7921,-1,-1,-1
618,137,-6.05,1.49,100.84,472.15,0.8148,-1,-1,-1
618,138,170.45,98.60,87.86,272.50,0.8549,-1,-1,-1
618,147,252.68,97.72,71.90,243.82,0.7249,-1,-1,-1
619,123,277.47,-0.01,227.34,479.69,0.9011,-1,-1,-1
619,145,107.20,136.71,49.88,151.92,0.8066,-1,-1,-1
619,137,-3.84,-0.06,102.19,481.30,0.8443,-1,-1,-1
619,138,164.52,96.53,85.71,270.13,0.8632,-1,-1,-1
619,147,250.92,94.58,75.46,257.13,0.7926,-1,-1,-1
620,123,276.17,-0.01,227.39,479.92,0.8565,-1,-1,-1
620,145,98.29,135.02,52.22,157.12,0.8080,-1,-1,-1
620,137,-0.70,0.23,102.75,482.29,0.8455,-1,-1,-1
620,138,161.27,94.70,82.96,265.61,0.8336,-1,-1,-1
620,147,250.79,92.18,77.62,265.86,0.8103,-1,-1,-1
620,148,233.61,124.78,41.87,175.27,0.6496,-1,-1,-1
621,123,281.88,0.18,224.20,478.26,0.8909,-1,-1,-1
621,145,94.95,137.81,54.37,161.63,0.7955,-1,-1,-1
621,137,0.05,1.12,103.29,484.03,0.8803,-1,-1,-1
621,138,161.87,100.52,81.60,265.54,0.7977,-1,-1,-1
621,147,253.25,98.97,77.13,265.46,0.8151,-1,-1,-1
621,148,235.85,132.30,41.93,175.80,0.7011,-1,-1,-1
622,123,291.81,0.38,221.06,479.06,0.9047,-1,-1,-1
622,145,93.50,140.73,55.40,163.22,0.8022,-1,-1,-1
622,137,3.98,-0.13,105.29,485.93,0.8906,-1,-1,-1
622,138,165.31,108.25,80.62,266.32,0.8545,-1,-1,-1
622,147,256.04,108.35,77.23,268.49,0.8253,-1,-1,-1
622,148,239.16,142.45,40.38,170.03,0.6814,-1,-1,-1
623,123,295.67,0.55,217.80,479.27,0.9139,-1,-1,-1
623,145,93.18,141.33,52.06,152.24,0.7317,-1,-1,-1
623,137,6.73,1.31,106.72,483.30,0.8236,-1,-1,-1
623,138,165.56,115.02,79.99,267.21,0.8563,-1,-1,-1
623,147,256.59,116.43,76.17,267.65,0.8260,-1,-1,-1
623,148,238.12,151.22,39.09,165.76,0.7132,-1,-1,-1
624,123,295.35,0.20,214.66,478.92,0.9197,-1,-1,-1
624,145,87.50,126.63,50.84,148.63,0.4272,-1,-1,-1
624,137,5.76,0.48,108.16,484.31,0.6549,-1,-1,-1
624,138,164.42,120.27,79.62,266.77,0.8213,-1,-1,-1
624,147,256.04,119.90,75.32,265.97,0.8274,-1,-1,-1
624,148,236.23,156.33,38.44,164.75,0.5110,-1,-1,-1
625,123,296.46,0.07,212.31,479.41,0.9171,-1,-1,-1
625,137,1.41,47.94,97.00,435.61,0.6968,-1,-1,-1
625,138,164.12,118.40,80.32,267.75,0.7985,-1,-1,-1
625,147,252.53,118.59,73.50,257.69,0.8592,-1,-1,-1
626,123,301.36,0.02,210.89,479.19,0.9133,-1,-1,-1
626,137,1.72,67.13,92.83,415.10,0.6192,-1,-1,-1
626,138,163.55,115.53,82.14,267.13,0.8229,-1,-1,-1
626,147,252.85,113.87,72.80,254.54,0.8529,-1,-1,-1
627,123,309.60,0.00,210.95,478.91,0.9044,-1,-1,-1
627,137,11.32,23.90,106.06,458.85,0.6244,-1,-1,-1
627,138,171.19,109.36,80.45,261.66,0.7840,-1,-1,-1
627,147,254.16,108.69,73.10,256.62,0.8541,-1,-1,-1
628,123,322.26,-0.00,212.83,479.17,0.9194,-1,-1,-1
628,137,16.42,9.08,113.68,473.92,0.6086,-1,-1,-1
628,138,175.02,102.40,80.56,261.42,0.8363,-1,-1,-1
628,147,257.14,105.16,73.79,258.87,0.8704,-1,-1,-1
629,123,340.62,-0.01,216.33,478.05,0.8932,-1,-1,-1
629,137,20.69,3.58,119.90,479.15,0.6202,-1,-1,-1
629,138,182.82,105.22,80.78,262.26,0.8100,-1,-1,-1
629,147,265.12,109.97,73.78,258.13,0.8297,-1,-1,-1
630,123,358.90,-0.01,221.79,479.30,0.8930,-1,-1,-1
630,137,24.65,1.26,126.08,480.54,0.8125,-1,-1,-1
630,138,190.17,110.83,81.63,261.95,0.7737,-1,-1,-1
630,147,273.38,113.10,73.71,257.72,0.8098,-1,-1,-1
630,149,162.22,133.04,49.91,182.04,0.7470,-1,-1,-1
631,123,373.32,-0.01,225.55,476.83,0.8939,-1,-1,-1
631,137,29.28,-0.24,132.82,480.49,0.8904,-1,-1,-1
631,138,204.73,114.39,80.53,262.00,0.8265,-1,-1,-1
631,147,284.12,114.12,73.34,255.18,0.8254,-1,-1,-1
631,149,167.87,130.64,52.28,190.32,0.7462,-1,-1,-1
632,123,382.33,-0.01,229.25,477.27,0.9166,-1,-1,-1
632,137,30.39,-0.41,139.27,481.26,0.8935,-1,-1,-1
632,138,213.39,117.49,78.70,261.01,0.8479,-1,-1,-1
632,147,291.24,116.11,71.62,247.36,0.8495,-1,-1,-1
632,149,179.66,131.45,40.59,145.90,0.4538,-1,-1,-1
633,123,394.00,-0.00,232.38,479.02,0.9047,-1,-1,-1
633,137,40.04,-0.61,144.24,481.95,0.8635,-1,-1,-1
633,138,221.88,117.37,75.83,255.85,0.8410,-1,-1,-1
633,147,298.37,115.47,71.67,246.86,0.8504,-1,-1,-1
633,149,171.45,130.28,62.88,228.17,0.5315,-1,-1,-1
634,123,404.15,-0.00,232.30,477.68,0.9107,-1,-1,-1
634,137,44.50,-0.89,146.69,482.30,0.7762,-1,-1,-1
634,138,229.24,113.98,74.27,253.75,0.8295,-1,-1,-1
634,147,305.72,114.45,71.81,247.62,0.8356,-1,-1,-1
634,150,-0.48,70.86,55.75,302.90,0.7632,-1,-1,-1
635,123,413.03,-0.00,231.90,479.18,0.9113,-1,-1,-1
635,137,56.02,-0.52,151.55,481.86,0.8728,-1,-1,-1
635,138,236.71,114.13,72.45,250.51,0.8129,-1,-1,-1
635,147,314.08,116.08,71.88,247.78,0.8467,-1,-1,-1
636,123,416.70,-0.00,230.93,479.10,0.9128,-1,-1,-1
636,137,61.25,0.24,156.61,480.27,0.8501,-1,-1,-1
636,138,236.64,116.16,71.52,247.82,0.7759,-1,-1,-1
636,147,316.31,116.19,71.25,245.51,0.8229,-1,-1,-1
637,123,418.55,0.58,229.93,479.13,0.9243,-1,-1,-1
637,137,66.54,-0.10,160.67,480.92,0.8327,-1,-1,-1
637,138,240.30,118.16,69.14,242.51,0.7584,-1,-1,-1
637,147,316.46,116.12,70.08,241.57,0.8091,-1,-1,-1
638,123,418.50,0.88,229.13,479.03,0.9153,-1,-1,-1
638,137,73.91,-0.44,163.71,481.31,0.8364,-1,-1,-1
638,138,244.96,118.09,65.81,232.99,0.8277,-1,-1,-1
638,147,316.10,114.79,68.52,235.28,0.8096,-1,-1,-1
639,123,413.48,0.76,229.54,478.57,0.8978,-1,-1,-1
639,137,75.99,-0.05,165.37,480.87,0.7919,-1,-1,-1
639,138,246.11,115.61,64.60,231.44,0.8172,-1,-1,-1
639,147,314.16,112.94,69.07,235.83,0.8497,-1,-1,-1
640,123,411.15,0.93,230.17,478.86,0.8852,-1,-1,-1
640,137,57.46,0.31,170.94,480.43,0.8316,-1,-1,-1
640,138,243.54,113.85,64.76,233.73,0.8113,-1,-1,-1
640,147,310.10,113.31,70.11,236.76,0.8378,-1,-1,-1
641,123,413.73,0.51,229.46,478.28,0.9249,-1,-1,-1
641,137,49.67,0.23,175.52,480.11,0.8211,-1,-1,-1
641,138,239.21,117.10,64.92,235.78,0.7443,-1,-1,-1
641,147,303.91,116.77,70.43,236.23,0.8269,-1,-1,-1
641,150,28.04,61.83,68.02,345.71,0.7212,-1,-1,-1
642,123,410.72,0.39,230.05,479.19,0.9188,-1,-1,-1
642,137,43.98,-0.16,179.37,478.88,0.8588,-1,-1,-1
642,138,236.87,120.89,64.97,237.97,0.7455,-1,-1,-1
642,147,299.67,119.67,70.62,235.03,0.8351,-1,-1,-1
642,150,24.61,51.07,68.72,339.61,0.5941,-1,-1,-1
643,123,407.43,0.34,230.31,478.95,0.9266,-1,-1,-1
643,137,44.33,1.62,181.46,478.20,0.7256,-1,-1,-1
643,138,234.52,122.38,64.42,237.21,0.7142,-1,-1,-1
643,147,297.54,120.24,70.59,233.67,0.8122,-1,-1,-1
643,150,10.68,35.66,74.51,366.50,0.7634,-1,-1,-1
644,123,404.56,0.35,230.50,477.77,0.9290,-1,-1,-1
644,137,36.58,4.78,183.29,474.89,0.9028,-1,-1,-1
644,138,225.22,125.74,64.62,235.24,0.6471,-1,-1,-1
644,147,295.84,122.42,69.43,228.86,0.8341,-1,-1,-1
644,150,5.07,33.69,60.35,295.69,0.6059,-1,-1,-1
645,123,402.69,0.22,231.63,477.19,0.9311,-1,-1,-1
645,137,39.85,1.83,184.26,478.28,0.8686,-1,-1,-1
645,138,221.71,126.14,62.81,230.36,0.7903,-1,-1,-1
645,147,290.85,121.06,69.77,230.23,0.8561,-1,-1,-1
646,123,399.95,0.14,232.74,475.58,0.9146,-1,-1,-1
646,137,48.82,0.51,182.36,479.75,0.8939,-1,-1,-1
646,138,220.43,125.35,58.47,215.18,0.7904,-1,-1,-1
646,147,285.42,122.03,69.41,230.19,0.7912,-1,-1,-1
647,123,397.61,0.39,234.60,475.68,0.9191,-1,-1,-1
647,137,53.84,0.02,179.96,480.05,0.8977,-1,-1,-1
647,138,219.35,125.82,53.85,198.12,0.8153,-1,-1,-1
647,147,280.99,124.63,69.06,230.05,0.7967,-1,-1,-1
647,153,255.47,148.81,35.81,147.36,0.6766,-1,-1,-1
648,123,397.07,0.45,235.95,475.38,0.9145,-1,-1,-1
648,137,56.19,0.14,177.63,480.06,0.9028,-1,-1,-1
648,138,217.63,129.18,52.61,194.20,0.7353,-1,-1,-1
648,147,279.09,128.24,68.34,228.55,0.7822,-1,-1,-1
648,153,254.06,150.71,36.57,150.75,0.6555,-1,-1,-1
649,123,396.17,0.58,237.82,476.71,0.9203,-1,-1,-1
649,137,56.01,1.76,175.22,478.46,0.8980,-1,-1,-1
649,138,216.07,135.68,53.92,200.32,0.7170,-1,-1,-1
649,147,277.88,131.53,67.75,227.11,0.7799,-1,-1,-1
649,153,253.53,154.27,36.22,149.73,0.6809,-1,-1,-1
650,123,395.59,0.39,238.94,476.74,0.9207,-1,-1,-1
650,137,54.87,4.79,172.95,475.43,0.8957,-1,-1,-1
650,138,215.02,138.29,54.35,202.24,0.8068,-1,-1,-1
650,147,276.35,131.33,66.92,223.04,0.7991,-1,-1,-1
651,123,394.20,0.13,240.86,478.63,0.8970,-1,-1,-1
651,137,43.19,1.68,173.93,478.31,0.8886,-1,-1,-1
651,138,208.17,129.83,57.06,213.42,0.7678,-1,-1,-1
651,147,267.42,125.35,67.11,220.27,0.8028,-1,-1,-1
652,123,395.09,0.04,240.76,476.91,0.9023,-1,-1,-1
652,137,39.70,1.40,173.55,477.53,0.8966,-1,-1,-1
652,138,204.85,129.04,58.23,217.99,0.8174,-1,-1,-1
652,147,262.67,126.67,67.94,220.63,0.8353,-1,-1,-1
653,123,395.68,0.43,241.66,478.32,0.8967,-1,-1,-1
653,137,39.71,3.85,173.03,475.84,0.8762,-1,-1,-1
653,138,203.36,133.46,58.65,220.08,0.8145,-1,-1,-1
653,147,260.52,132.50,68.60,221.92,0.8489,-1,-1,-1
654,123,395.55,0.20,242.17,478.82,0.9116,-1,-1,-1
654,137,36.58,1.34,174.57,478.63,0.8887,-1,-1,-1
654,138,201.24,133.19,58.68,220.64,0.7885,-1,-1,-1
654,147,259.64,131.62,68.80,222.41,0.8315,-1,-1,-1
655,123,393.86,0.06,242.47,479.11,0.9175,-1,-1,-1
655,137,31.15,0.39,176.98,479.68,0.8750,-1,-1,-1
655,138,197.74,134.41,59.53,220.42,0.8413,-1,-1,-1
655,147,261.40,131.87,68.79,222.43,0.8481,-1,-1,-1
656,123,391.58,0.04,243.20,479.72,0.8977,-1,-1,-1
656,137,25.92,0.48,179.99,479.61,0.8913,-1,-1,-1
656,138,200.02,134.54,59.14,220.27,0.7753,-1,-1,-1
656,147,263.82,130.86,68.00,220.36,0.8447,-1,-1,-1
657,123,385.48,0.36,244.68,478.30,0.8913,-1,-1,-1
657,137,27.09,3.72,180.94,474.39,0.9124,-1,-1,-1
657,138,206.22,128.38,57.07,214.22,0.7781,-1,-1,-1
657,147,269.73,124.23,66.86,215.64,0.8607,-1,-1,-1
658,123,385.35,0.62,245.26,477.42,0.8928,-1,-1,-1
658,137,33.55,7.65,180.79,469.48,0.8965,-1,-1,-1
658,138,212.81,126.38,55.50,209.57,0.8042,-1,-1,-1
658,147,274.48,120.86,66.56,213.88,0.8461,-1,-1,-1
659,123,383.38,0.39,245.32,478.83,0.9049,-1,-1,-1
659,137,47.30,8.65,179.55,470.33,0.9093,-1,-1,-1
659,138,217.92,127.19,53.64,200.91,0.7764,-1,-1,-1
659,147,279.24,120.13,66.89,214.58,0.8334,-1,-1,-1
660,123,384.62,0.26,244.54,479.11,0.8985,-1,-1,-1
660,137,59.02,9.73,174.81,466.80,0.8866,-1,-1,-1
660,138,215.08,132.93,52.78,194.32,0.7544,-1,-1,-1
660,147,277.79,126.85,66.72,213.29,0.8413,-1,-1,-1
661,123,387.87,0.15,243.14,477.06,0.9184,-1,-1,-1
661,137,66.84,6.26,172.91,471.38,0.8859,-1,-1,-1
661,138,213.70,136.44,52.88,191.35,0.6224,-1,-1,-1
661,147,277.14,130.27,65.88,209.38,0.8184,-1,-1,-1
662,123,389.89,0.04,244.42,478.33,0.8989,-1,-1,-1
662,137,71.39,3.96,170.76,475.21,0.8764,-1,-1,-1
662,138,219.56,138.23,48.10,170.26,0.4957,-1,-1,-1
662,147,275.11,131.25,66.51,211.52,0.8508,-1,-1,-1
663,123,392.15,0.17,243.91,476.27,0.8745,-1,-1,-1
663,137,77.17,4.39,168.39,475.26,0.8680,-1,-1,-1
663,138,225.26,137.77,46.02,160.68,0.5900,-1,-1,-1
663,147,275.42,131.15,65.39,207.24,0.8584,-1,-1,-1
663,155,40.28,130.21,60.65,210.84,0.7918,-1,-1,-1
664,123,393.45,0.29,243.82,475.31,0.9132,-1,-1,-1
664,137,82.00,7.74,158.29,451.04,0.8857,-1,-1,-1
664,138,226.91,136.44,45.56,156.79,0.6916,-1,-1,-1
664,147,275.70,131.26,64.95,204.70,0.8642,-1,-1,-1
664,155,25.30,126.00,63.27,217.47,0.7868,-1,-1,-1
665,123,397.10,0.15,244.52,478.26,0.9056,-1,-1,-1
665,137,83.80,13.08,158.84,459.32,0.8705,-1,-1,-1
665,138,228.11,133.72,46.77,159.49,0.8040,-1,-1,-1
665,147,278.07,130.20,65.05,203.47,0.8240,-1,-1,-1
665,155,15.43,115.60,67.38,229.89,0.8364,-1,-1,-1
666,123,403.89,0.44,242.50,477.99,0.8781,-1,-1,-1
666,137,86.79,13.72,157.75,462.44,0.8390,-1,-1,-1
666,138,229.10,132.22,47.76,161.58,0.8194,-1,-1,-1
666,147,278.64,128.01,65.75,205.36,0.8208,-1,-1,-1
666,155,8.59,107.11,70.53,238.99,0.8895,-1,-1,-1
667,123,413.26,0.52,239.39,478.49,0.8948,-1,-1,-1
667,137,88.76,12.72,156.45,465.79,0.8721,-1,-1,-1
667,138,232.63,132.87,46.99,159.57,0.7240,-1,-1,-1
667,147,279.71,127.95,66.08,206.11,0.8008,-1,-1,-1
667,155,3.27,98.30,73.91,249.11,0.8918,-1,-1,-1
668,123,423.86,0.70,234.94,479.00,0.9091,-1,-1,-1
668,137,97.39,12.18,154.70,467.21,0.8669,-1,-1,-1
668,138,235.49,135.44,48.23,163.62,0.7600,-1,-1,-1
668,147,283.13,130.14,65.73,204.66,0.8486,-1,-1,-1
668,155,-1.38,94.83,76.68,258.65,0.8745,-1,-1,-1
668,156,71.57,95.66,50.18,255.44,0.7958,-1,-1,-1
669,123,432.23,0.76,229.94,479.17,0.9209,-1,-1,-1
669,137,96.43,7.09,152.01,457.88,0.8752,-1,-1,-1
669,138,237.30,132.68,47.71,158.87,0.5292,-1,-1,-1
669,147,287.24,126.85,64.16,199.21,0.8840,-1,-1,-1
669,155,-6.81,89.31,77.85,265.40,0.8559,-1,-1,-1
669,156,65.87,90.78,52.34,265.69,0.7844,-1,-1,-1
670,123,438.10,1.00,224.93,479.04,0.9158,-1,-1,-1
670,137,94.53,6.94,153.40,458.46,0.8685,-1,-1,-1
670,138,235.80,130.10,53.95,179.82,0.7521,-1,-1,-1
670,147,289.94,124.78,63.94,198.15,0.8689,-1,-1,-1
670,155,-11.76,89.41,77.18,268.62,0.8521,-1,-1,-1
670,156,58.22,84.95,56.18,282.96,0.6821,-1,-1,-1
670,157,394.57,102.96,97.45,264.56,0.8376,-1,-1,-1
671,123,443.01,1.28,219.65,477.80,0.9126,-1,-1,-1
671,137,89.41,15.28,155.18,455.35,0.8383,-1,-1,-1
671,138,238.65,134.20,55.35,187.91,0.7361,-1,-1,-1
671,147,291.34,129.26,64.18,198.21,0.8549,-1,-1,-1
671,155,-13.80,108.02,72.20,257.81,0.8169,-1,-1,-1
671,156,49.65,84.09,60.99,303.11,0.7929,-1,-1,-1
671,157,391.52,111.38,98.10,266.51,0.7812,-1,-1,-1
672,123,446.60,1.21,215.26,478.02,0.8931,-1,-1,-1
672,137,98.82,32.35,151.64,443.71,0.7672,-1,-1,-1
672,138,243.07,143.79,53.58,186.42,0.7238,-1,-1,-1
672,147,291.51,138.25,64.59,199.81,0.8583,-1,-1,-1
672,155,-20.57,121.84,69.54,260.72,0.6564,-1,-1,-1
672,156,38.35,83.24,66.86,325.22,0.8464,-1,-1,-1
672,157,392.08,124.20,99.07,270.28,0.8366,-1,-1,-1
673,123,446.27,0.44,212.33,479.32,0.8639,-1,-1,-1
673,137,105.00,32.06,151.50,446.62,0.8711,-1,-1,-1
673,138,248.12,142.06,51.41,182.09,0.7722,-1,-1,-1
673,147,294.13,136.03,64.06,198.44,0.8404,-1,-1,-1
673,156,24.77,66.09,73.83,347.91,0.8679,-1,-1,-1
673,157,396.44,116.59,100.19,274.53,0.8542,-1,-1,-1
674,123,447.56,1.06,208.93,478.89,0.8837,-1,-1,-1
674,137,94.61,27.35,153.85,452.41,0.7759,-1,-1,-1
674,138,247.80,137.66,51.10,182.86,0.7832,-1,-1,-1
674,147,292.29,130.70,63.33,197.58,0.8564,-1,-1,-1
674,156,15.87,46.51,80.62,370.81,0.8913,-1,-1,-1
674,157,393.70,107.50,98.68,272.42,0.8357,-1,-1,-1
675,123,457.38,1.00,203.86,479.03,0.9052,-1,-1,-1
675,137,91.91,24.19,153.51,455.95,0.8821,-1,-1,-1
675,138,240.09,138.49,52.17,183.64,0.6280,-1,-1,-1
675,147,289.02,134.22,60.87,190.65,0.8596,-1,-1,-1
675,156,4.03,33.17,85.47,392.04,0.8869,-1,-1,-1
675,157,388.60,108.51,96.31,268.06,0.8354,-1,-1,-1
676,123,459.08,1.43,199.92,478.61,0.8276,-1,-1,-1
676,137,92.53,23.80,150.52,449.92,0.8958,-1,-1,-1
676,138,237.90,140.62,52.40,187.17,0.8136,-1,-1,-1
676,147,284.22,137.55,60.16,189.32,0.8509,-1,-1,-1
676,156,-6.72,21.80,88.20,410.45,0.8588,-1,-1,-1
676,157,382.46,113.80,95.17,265.83,0.7585,-1,-1,-1
677,123,460.93,1.19,196.42,478.58,0.8987,-1,-1,-1
677,137,93.76,20.99,150.01,449.17,0.8886,-1,-1,-1
677,138,238.85,140.59,51.77,187.23,0.8189,-1,-1,-1
677,147,284.23,138.69,59.97,189.20,0.8242,-1,-1,-1
677,156,-15.65,22.59,86.53,415.28,0.7166,-1,-1,-1
677,157,382.63,115.61,95.54,268.64,0.7803,-1,-1,-1
678,123,461.19,0.93,193.31,477.68,0.9060,-1,-1,-1
678,137,96.34,18.56,150.09,454.61,0.8653,-1,-1,-1
678,138,237.89,140.30,50.25,184.12,0.8257,-1,-1,-1
678,147,281.97,137.75,60.36,190.53,0.8529,-1,-1,-1
678,157,381.47,114.40,96.38,273.00,0.8410,-1,-1,-1
679,123,460.11,0.82,191.53,478.69,0.8951,-1,-1,-1
679,137,98.18,25.56,147.35,452.07,0.8281,-1,-1,-1
679,138,235.77,145.56,51.75,192.82,0.7138,-1,-1,-1
679,147,280.86,140.82,60.49,191.40,0.8564,-1,-1,-1
679,157,380.00,117.53,96.79,274.93,0.7720,-1,-1,-1
680,123,459.96,0.92,189.75,478.92,0.9085,-1,-1,-1
680,137,101.77,34.73,139.53,429.15,0.8174,-1,-1,-1
680,138,234.70,150.63,52.37,197.43,0.7466,-1,-1,-1
680,147,279.86,143.58,60.60,192.16,0.8631,-1,-1,-1
680,157,378.02,120.03,97.50,277.77,0.7585,-1,-1,-1
680,158,77.35,157.62,46.82,168.81,0.5970,-1,-1,-1
681,123,460.56,1.04,188.00,478.93,0.9140,-1,-1,-1
681,137,102.04,40.23,137.76,424.98,0.7965,-1,-1,-1
681,138,234.50,150.63,48.77,184.65,0.7858,-1,-1,-1
681,147,277.88,143.41,59.66,188.40,0.8542,-1,-1,-1
681,157,373.94,118.82,97.73,279.87,0.8328,-1,-1,-1
681,158,66.48,139.18,52.58,189.33,0.7464,-1,-1,-1
682,123,463.75,0.99,185.67,478.54,0.9115,-1,-1,-1
682,137,99.04,36.66,141.67,438.16,0.8533,-1,-1,-1
682,138,231.40,148.04,48.10,182.46,0.7968,-1,-1,-1
682,147,276.30,141.56,59.49,188.04,0.8667,-1,-1,-1
682,157,370.35,115.78,95.93,275.75,0.8198,-1,-1,-1
682,158,55.30,128.44,58.70,210.23,0.7843,-1,-1,-1
683,123,468.41,1.07,182.63,477.44,0.9111,-1,-1,-1
683,137,98.05,36.66,142.83,441.49,0.8583,-1,-1,-1
683,138,232.02,147.26,47.21,181.69,0.7649,-1,-1,-1
683,147,275.53,141.38,58.79,185.95,0.8635,-1,-1,-1
683,157,357.72,114.15,96.30,274.76,0.6907,-1,-1,-1
683,158,47.39,123.49,63.06,225.32,0.7948,-1,-1,-1
684,123,473.66,0.95,179.82,478.51,0.9155,-1,-1,-1
684,137,95.76,29.85,141.97,438.29,0.8657,-1,-1,-1
684,138,228.22,144.85,47.72,183.96,0.6553,-1,-1,-1
684,147,272.56,139.21,59.61,188.01,0.8640,-1,-1,-1
684,157,352.75,110.35,98.18,280.11,0.7303,-1,-1,-1
684,158,38.65,113.42,68.05,241.18,0.7717,-1,-1,-1
685,123,478.42,1.10,176.51,478.72,0.9132,-1,-1,-1
685,137,90.29,26.15,144.31,441.73,0.8814,-1,-1,-1
685,138,219.60,142.62,52.25,197.17,0.7061,-1,-1,-1
685,147,272.86,137.56,60.05,189.10,0.8616,-1,-1,-1
685,157,350.90,110.98,98.91,280.92,0.7595,-1,-1,-1
685,158,26.99,106.03,72.53,252.94,0.5752,-1,-1,-1
686,123,481.14,1.07,173.33,478.42,0.8967,-1,-1,-1
686,137,84.35,26.21,148.04,449.51,0.8909,-1,-1,-1
686,138,220.07,142.81,52.04,195.57,0.4236,-1,-1,-1
686,147,271.13,136.36,60.00,189.15,0.8212,-1,-1,-1
686,157,352.26,111.04,99.16,283.50,0.7943,-1,-1,-1
686,158,18.40,94.18,76.94,266.37,0.7963,-1,-1,-1
687,123,483.05,0.81,170.68,479.03,0.9104,-1,-1,-1
687,137,83.14,29.95,148.87,448.73,0.8834,-1,-1,-1
687,138,229.65,143.22,43.05,160.66,0.5418,-1,-1,-1
687,147,271.55,135.97,58.93,185.70,0.8403,-1,-1,-1
687,157,353.64,109.21,99.62,287.95,0.8426,-1,-1,-1
687,158,6.31,83.37,81.57,280.38,0.8851,-1,-1,-1
688,123,482.74,0.90,168.53,478.89,0.9203,-1,-1,-1
688,137,75.19,31.82,150.42,447.97,0.8681,-1,-1,-1
688,138,229.46,140.10,38.85,144.95,0.5497,-1,-1,-1
688,147,268.14,132.39,58.76,185.02,0.7832,-1,-1,-1
688,157,353.98,105.25,99.25,288.36,0.8472,-1,-1,-1
688,158,-2.03,73.81,84.40,291.15,0.8247,-1,-1,-1
689,123,477.25,0.30,168.06,478.87,0.8965,-1,-1,-1
689,137,80.57,33.14,149.10,447.03,0.8265,-1,-1,-1
689,138,224.13,140.86,44.10,165.78,0.7153,-1,-1,-1
689,147,265.41,132.12,58.84,185.05,0.8242,-1,-1,-1
689,157,353.61,104.75,97.06,284.14,0.8438,-1,-1,-1
689,158,-7.99,67.55,85.02,297.09,0.7673,-1,-1,-1
690,123,462.18,0.08,171.14,479.60,0.8624,-1,-1,-1
690,137,79.95,32.39,148.95,447.91,0.8663,-1,-1,-1
690,138,219.71,141.23,46.30,173.58,0.6363,-1,-1,-1
690,147,262.16,132.95,58.85,185.74,0.8410,-1,-1,-1
690,157,352.60,103.14,94.82,280.39,0.8485,-1,-1,-1
690,158,-11.65,72.09,84.19,299.86,0.6832,-1,-1,-1
690,159,308.32,151.95,45.68,139.10,0.7233,-1,-1,-1
691,123,459.38,-0.00,172.68,479.10,0.8517,-1,-1,-1
691,137,90.33,31.21,145.76,444.36,0.8914,-1,-1,-1
691,138,214.84,143.29,52.20,199.11,0.4543,-1,-1,-1
691,147,260.71,135.98,59.09,186.49,0.8252,-1,-1,-1
691,157,349.56,102.32,94.91,282.94,0.8243,-1,-1,-1
691,159,309.37,153.20,45.85,139.54,0.8005,-1,-1,-1
692,123,475.86,1.09,168.96,476.31,0.8479,-1,-1,-1
692,137,98.03,30.47,141.94,438.09,0.8958,-1,-1,-1
692,147,259.95,139.55,58.69,184.98,0.8394,-1,-1,-1
692,157,348.36,102.90,95.07,286.02,0.8501,-1,-1,-1
692,159,311.59,152.28,46.92,142.58,0.7732,-1,-1,-1
692,160,54.04,135.27,57.73,181.85,0.7585,-1,-1,-1
692,161,-6.96,88.62,56.35,197.12,0.5481,-1,-1,-1
693,123,484.80,1.06,166.11,477.14,0.8814,-1,-1,-1
693,137,104.28,26.06,142.21,444.41,0.8833,-1,-1,-1
693,147,261.29,134.43,59.02,185.82,0.8406,-1,-1,-1
693,157,350.29,101.58,96.04,288.74,0.7831,-1,-1,-1
693,159,315.75,146.95,48.07,146.04,0.6527,-1,-1,-1
693,160,46.80,130.19,60.59,190.32,0.7318,-1,-1,-1
693,161,-8.13,104.64,56.97,200.51,0.3486,-1,-1,-1
694,123,459.12,1.34,170.34,475.31,0.8625,-1,-1,-1
694,137,107.70,25.41,140.54,446.89,0.8490,-1,-1,-1
694,147,262.19,130.78,58.41,182.57,0.8173,-1,-1,-1
694,157,348.23,97.67,96.44,291.07,0.7774,-1,-1,-1
694,159,319.40,139.00,43.29,130.86,0.4944,-1,-1,-1
694,160,32.56,125.74,62.89,195.78,0.7816,-1,-1,-1
695,123,450.54,1.17,174.70,477.60,0.8935,-1,-1,-1
695,137,115.99,26.51,140.87,450.80,0.8027,-1,-1,-1
695,147,261.79,128.20,57.63,179.36,0.8312,-1,-1,-1
695,157,341.08,95.38,97.12,292.69,0.7086,-1,-1,-1
695,159,323.67,134.25,38.97,115.49,0.4511,-1,-1,-1
695,160,19.08,121.03,67.24,207.92,0.8248,-1,-1,-1
695,162,96.75,141.57,36.62,149.14,0.7334,-1,-1,-1
696,123,452.87,1.26,176.52,478.32,0.8511,-1,-1,-1
696,137,119.56,35.73,139.12,443.49,0.7966,-1,-1,-1
696,147,262.52,131.11,58.15,179.48,0.7892,-1,-1,-1
696,157,340.04,96.94,96.10,290.74,0.7924,-1,-1,-1
696,160,9.84,116.61,71.81,221.36,0.8271,-1,-1,-1
696,162,96.23,143.49,37.71,153.16,0.7725,-1,-1,-1
697,123,463.58,1.04,175.49,478.61,0.9058,-1,-1,-1
697,137,124.24,38.85,138.51,441.08,0.8708,-1,-1,-1
697,147,264.59,132.18,58.86,181.40,0.8404,-1,-1,-1
697,157,341.03,96.66,93.46,284.22,0.8335,-1,-1,-1
697,160,3.52,114.50,74.01,228.08,0.8293,-1,-1,-1
697,162,95.00,142.92,38.94,157.74,0.7265,-1,-1,-1
698,123,463.43,0.87,175.54,478.33,0.9108,-1,-1,-1
698,137,133.84,35.84,135.83,435.38,0.8734,-1,-1,-1
698,147,265.31,134.01,58.43,179.97,0.8060,-1,-1,-1
698,157,334.28,93.73,93.97,284.12,0.8187,-1,-1,-1
698,160,-1.93,108.00,76.91,237.17,0.8075,-1,-1,-1
698,162,89.86,140.25,39.79,160.43,0.5229,-1,-1,-1
699,123,461.60,0.80,176.26,478.93,0.9092,-1,-1,-1
699,137,141.21,37.67,130.40,419.11,0.8985,-1,-1,-1
699,147,265.80,138.72,57.80,179.37,0.8272,-1,-1,-1
699,157,332.66,96.42,94.29,286.04,0.8345,-1,-1,-1
699,160,-5.29,107.01,78.62,243.73,0.8453,-1,-1,-1
699,162,85.72,143.05,37.99,152.44,0.5299,-1,-1,-1
699,163,99.66,171.86,59.47,181.23,0.7130,-1,-1,-1
700,123,459.89,1.43,176.84,478.51,0.9097,-1,-1,-1
700,137,140.46,43.35,129.79,411.91,0.8783,-1,-1,-1
700,147,269.23,144.93,55.90,175.58,0.8004,-1,-1,-1
700,157,330.78,103.27,94.94,289.54,0.8484,-1,-1,-1
700,160,-10.48,108.29,81.86,258.16,0.7406,-1,-1,-1
700,162,89.73,147.78,28.15,108.28,0.2950,-1,-1,-1
700,163,90.66,173.20,63.55,193.97,0.6921,-1,-1,-1
701,123,460.29,1.20,176.95,477.63,0.9211,-1,-1,-1
701,137,139.12,38.48,133.39,417.92,0.8668,-1,-1,-1
701,147,270.58,140.58,51.33,162.21,0.7945,-1,-1,-1
701,157,326.09,102.28,95.23,291.85,0.8336,-1,-1,-1
701,163,76.61,161.81,68.35,209.22,0.6799,-1,-1,-1
702,123,457.02,1.18,177.83,476.50,0.9250,-1,-1,-1
702,137,136.46,40.17,136.28,421.64,0.8602,-1,-1,-1
702,147,268.85,138.71,49.31,156.30,0.7782,-1,-1,-1
702,157,317.91,101.16,97.51,294.17,0.7965,-1,-1,-1
702,163,62.02,157.31,71.39,219.50,0.7356,-1,-1,-1
702,160,5.69,137.09,59.27,185.79,0.7362,-1,-1,-1
703,123,452.12,2.27,179.55,475.36,0.9266,-1,-1,-1
703,137,132.53,46.52,139.54,425.64,0.8437,-1,-1,-1
703,147,268.84,139.91,46.43,146.98,0.7068,-1,-1,-1
703,157,315.18,102.12,96.75,293.51,0.8206,-1,-1,-1
703,163,47.65,155.53,76.27,234.66,0.8087,-1,-1,-1
703,165,109.10,124.90,51.28,221.62,0.5767,-1,-1,-1
703,160,6.50,146.98,52.26,161.57,0.7030,-1,-1,-1
704,123,447.33,1.62,182.24,476.29,0.9201,-1,-1,-1
704,137,129.90,50.68,140.70,424.41,0.8546,-1,-1,-1
704,147,265.62,142.14,47.11,149.82,0.6489,-1,-1,-1
704,157,312.05,101.39,94.35,289.04,0.8292,-1,-1,-1
704,163,30.20,152.95,81.43,250.98,0.7251,-1,-1,-1
704,165,101.19,122.37,52.37,225.72,0.7108,-1,-1,-1
704,160,1.64,151.17,51.68,159.39,0.7209,-1,-1,-1
705,123,441.58,1.23,185.63,477.61,0.9228,-1,-1,-1
705,137,130.33,49.46,141.43,426.71,0.8726,-1,-1,-1
705,147,261.43,141.98,48.92,156.68,0.6726,-1,-1,-1
705,157,309.64,98.36,92.07,283.21,0.8502,-1,-1,-1
705,163,10.06,148.31,87.89,270.06,0.8042,-1,-1,-1
705,165,90.14,116.46,54.97,235.55,0.7979,-1,-1,-1
705,160,-1.43,168.97,45.79,142.32,0.3348,-1,-1,-1
705,166,380.81,111.19,67.08,219.28,0.6813,-1,-1,-1
706,123,434.11,1.37,189.44,477.71,0.9200,-1,-1,-1
706,137,133.73,44.59,139.98,425.99,0.8629,-1,-1,-1
706,147,260.54,141.21,42.37,133.63,0.7363,-1,-1,-1
706,157,301.13,96.54,92.77,286.67,0.8324,-1,-1,-1
706,163,-5.18,143.00,92.38,286.79,0.8798,-1,-1,-1
706,165,75.58,108.49,59.10,249.53,0.8448,-1,-1,-1
706,166,373.73,103.92,70.11,230.11,0.5088,-1,-1,-1
707,123,423.56,1.30,194.45,477.18,0.8951,-1,-1,-1
707,137,134.88,42.25,135.58,413.60,0.8941,-1,-1,-1
707,147,259.16,141.99,37.92,117.11,0.6440,-1,-1,-1
707,157,295.83,97.96,92.94,289.09,0.8565,-1,-1,-1
707,163,-16.03,138.50,94.84,301.66,0.8316,-1,-1,-1
707,165,57.92,103.38,64.42,265.39,0.7724,-1,-1,-1
707,166,369.62,101.94,72.24,238.00,0.6345,-1,-1,-1
708,123,402.13,1.36,203.02,477.26,0.8693,-1,-1,-1
708,137,131.01,37.76,134.88,413.45,0.8754,-1,-1,-1
708,147,255.86,141.61,37.50,113.80,0.6239,-1,-1,-1
708,157,288.46,99.80,93.53,292.05,0.8377,-1,-1,-1
708,165,36.29,98.16,69.32,276.01,0.7052,-1,-1,-1
708,161,-19.62,128.12,82.98,315.50,0.7597,-1,-1,-1
709,123,398.35,0.79,208.47,478.74,0.8650,-1,-1,-1
709,137,128.42,35.81,135.23,415.71,0.8689,-1,-1,-1
709,147,252.30,139.94,39.80,119.34,0.7152,-1,-1,-1
709,157,283.13,100.18,93.95,294.56,0.8032,-1,-1,-1
709,165,14.13,91.59,83.45,328.04,0.7097,-1,-1,-1
710,123,374.36,0.46,214.97,478.30,0.8939,-1,-1,-1
710,137,125.36,37.15,137.25,424.10,0.8647,-1,-1,-1
710,147,250.76,139.03,39.78,117.33,0.7431,-1,-1,-1
710,157,278.27,97.98,94.90,296.91,0.7579,-1,-1,-1
710,165,2.20,81.68,93.12,364.26,0.6756,-1,-1,-1
711,123,349.58,0.47,221.82,478.90,0.8861,-1,-1,-1
711,137,123.27,37.99,133.92,413.96,0.8206,-1,-1,-1
711,147,247.50,138.41,39.41,116.11,0.6855,-1,-1,-1
711,157,273.51,93.57,95.76,300.85,0.7812,-1,-1,-1
711,165,-0.28,65.10,89.58,346.21,0.8855,-1,-1,-1
712,123,332.26,0.35,227.54,477.26,0.8948,-1,-1,-1
712,137,118.81,39.89,136.82,425.46,0.8870,-1,-1,-1
712,147,244.92,140.91,38.52,112.94,0.6088,-1,-1,-1
712,157,269.06,89.70,94.36,296.38,0.8235,-1,-1,-1
712,165,-11.98,48.28,92.66,365.60,0.7076,-1,-1,-1
713,123,341.93,0.52,230.18,476.30,0.9167,-1,-1,-1
713,137,115.93,37.89,137.62,429.02,0.9004,-1,-1,-1
713,147,243.81,141.37,37.15,109.24,0.6945,-1,-1,-1
713,157,265.71,87.67,93.47,294.04,0.8166,-1,-1,-1
713,165,-22.20,34.27,99.94,408.22,0.7370,-1,-1,-1
714,123,353.65,0.47,236.72,475.58,0.9016,-1,-1,-1
714,137,113.89,36.36,136.48,422.86,0.8968,-1,-1,-1
714,147,246.51,141.90,35.26,103.21,0.7460,-1,-1,-1
714,157,265.93,88.35,93.86,295.04,0.8157,-1,-1,-1
715,123,357.53,0.52,242.88,473.81,0.9130,-1,-1,-1
715,137,114.55,33.50,133.87,408.14,0.9022,-1,-1,-1
715,147,249.64,139.94,35.47,103.51,0.6354,-1,-1,-1
715,157,269.02,89.05,94.47,297.18,0.8310,-1,-1,-1
715,167,33.68,88.19,63.84,232.29,0.7636,-1,-1,-1
715,161,-0.59,88.42,68.47,258.62,0.7394,-1,-1,-1
716,123,359.32,0.34,249.17,475.23,0.8857,-1,-1,-1
716,137,113.12,33.92,135.40,405.00,0.8984,-1,-1,-1
716,147,253.90,141.30,35.10,102.13,0.6752,-1,-1,-1
716,157,270.93,90.76,96.97,305.49,0.8401,-1,-1,-1
716,167,31.93,86.36,68.70,249.18,0.8297,-1,-1,-1
716,161,-0.06,71.75,70.88,268.42,0.3825,-1,-1,-1
717,123,363.60,0.20,253.65,476.83,0.8715,-1,-1,-1
717,137,112.13,39.15,136.97,400.97,0.8878,-1,-1,-1
717,147,259.61,142.26,35.19,101.06,0.7288,-1,-1,-1
717,157,275.85,93.00,97.42,305.96,0.8474,-1,-1,-1
717,167,23.43,81.54,73.54,264.06,0.8884,-1,-1,-1
718,123,372.27,0.39,254.73,476.11,0.8972,-1,-1,-1
718,137,110.63,47.32,141.88,407.32,0.8917,-1,-1,-1
718,147,264.28,147.05,36.47,104.34,0.7652,-1,-1,-1
718,157,283.20,95.57,97.92,307.57,0.8126,-1,-1,-1
718,167,14.99,79.00,80.81,287.21,0.8838,-1,-1,-1
719,123,379.32,0.56,254.87,475.92,0.9051,-1,-1,-1
719,137,108.98,53.85,144.32,409.55,0.8880,-1,-1,-1
719,147,269.85,149.86,37.06,106.41,0.7071,-1,-1,-1
719,157,289.63,96.18,96.94,306.42,0.5824,-1,-1,-1
719,167,13.14,76.63,84.97,297.25,0.9004,-1,-1,-1
720,123,383.94,0.59,254.97,476.78,0.9164,-1,-1,-1
720,137,110.03,55.31,145.08,406.95,0.8887,-1,-1,-1
720,147,273.68,150.12,38.93,112.99,0.6704,-1,-1,-1
720,157,295.88,96.15,94.79,301.03,0.8464,-1,-1,-1
720,167,12.15,73.35,90.12,311.16,0.8963,-1,-1,-1
721,123,388.22,0.68,254.26,477.23,0.9261,-1,-1,-1
721,137,113.46,53.08,141.17,394.20,0.8912,-1,-1,-1
721,147,280.38,148.61,37.27,107.86,0.6121,-1,-1,-1
721,157,301.54,95.25,93.67,298.08,0.8502,-1,-1,-1
721,167,6.58,61.63,97.38,333.79,0.9202,-1,-1,-1
722,123,392.24,0.60,252.87,477.10,0.9253,-1,-1,-1
722,137,119.56,52.77,136.88,381.98,0.9016,-1,-1,-1
722,147,286.26,148.51,35.13,101.97,0.5994,-1,-1,-1
722,157,305.43,95.36,94.25,300.17,0.8776,-1,-1,-1
722,167,2.84,52.71,102.27,349.17,0.9217,-1,-1,-1
722,168,244.60,153.93,44.36,128.65,0.5226,-1,-1,-1
723,123,392.43,0.76,252.65,478.47,0.9147,-1,-1,-1
723,137,127.69,53.24,136.09,383.14,0.8952,-1,-1,-1
723,147,292.45,152.04,34.15,99.62,0.6304,-1,-1,-1
723,157,311.41,98.45,94.84,303.66,0.6787,-1,-1,-1
723,167,0.40,45.75,106.72,363.84,0.9252,-1,-1,-1
723,168,250.54,156.87,47.87,139.25,0.6102,-1,-1,-1
724,123,391.08,1.00,252.28,478.58,0.9033,-1,-1,-1
724,137,133.81,55.11,135.29,385.86,0.8978,-1,-1,-1
724,147,296.69,154.11,34.10,100.34,0.6614,-1,-1,-1
724,157,314.87,101.14,94.75,304.15,0.8461,-1,-1,-1
724,167,-1.95,38.44,110.34,376.92,0.9165,-1,-1,-1
724,168,248.96,160.19,51.85,150.87,0.5825,-1,-1,-1
725,123,392.20,0.93,251.70,479.01,0.8765,-1,-1,-1
725,137,138.30,56.35,134.84,390.87,0.8948,-1,-1,-1
725,147,299.64,153.08,34.13,101.45,0.4270,-1,-1,-1
725,157,315.86,100.26,95.23,304.99,0.8197,-1,-1,-1
725,167,-6.99,24.98,114.10,394.46,0.9011,-1,-1,-1
725,168,254.33,158.16,53.03,155.32,0.6964,-1,-1,-1
725,169,93.16,188.89,21.77,68.92,0.5552,-1,-1,-1
726,123,399.61,0.60,249.19,478.78,0.9232,-1,-1,-1
726,137,143.20,60.66,133.19,394.19,0.8776,-1,-1,-1
726,147,303.79,153.38,33.50,100.04,0.5476,-1,-1,-1
726,157,317.50,99.49,94.55,304.01,0.8231,-1,-1,-1
726,167,-12.62,11.25,117.66,415.41,0.8918,-1,-1,-1
726,168,259.03,156.75,52.42,154.76,0.7927,-1,-1,-1
726,169,93.69,189.27,21.91,69.00,0.7159,-1,-1,-1
727,123,399.93,0.37,247.72,478.69,0.9251,-1,-1,-1
727,137,147.88,61.16,130.46,393.82,0.8886,-1,-1,-1
727,147,306.07,151.10,32.28,97.51,0.4999,-1,-1,-1
727,157,318.02,95.58,93.27,300.95,0.8263,-1,-1,-1
727,167,-17.79,2.58,117.69,428.11,0.8778,-1,-1,-1
727,168,261.99,154.14,51.73,154.29,0.8131,-1,-1,-1
727,169,93.62,187.39,22.47,70.64,0.6400,-1,-1,-1
728,123,395.21,0.36,247.35,478.10,0.9283,-1,-1,-1
728,137,150.09,60.30,127.51,391.81,0.8867,-1,-1,-1
728,147,306.68,149.15,30.12,90.80,0.5178,-1,-1,-1
728,157,319.13,93.08,92.02,294.58,0.8060,-1,-1,-1
728,168,262.55,152.58,51.11,154.10,0.8365,-1,-1,-1
728,169,91.20,187.31,22.41,70.48,0.5431,-1,-1,-1
728,172,144.13,195.73,12.19,48.30,0.5437,-1,-1,-1
728,161,-17.64,37.00,93.98,394.67,0.7279,-1,-1,-1
729,123,390.49,0.51,247.41,476.40,0.9302,-1,-1,-1
729,137,152.57,57.92,122.62,381.57,0.8967,-1,-1,-1
729,147,306.24,148.98,28.16,85.28,0.5709,-1,-1,-1
729,157,316.40,90.69,92.65,297.15,0.8493,-1,-1,-1
729,168,262.78,152.39,50.13,152.63,0.8543,-1,-1,-1
729,169,85.55,186.31,22.73,71.13,0.5968,-1,-1,-1
729,172,142.03,195.82,11.90,46.88,0.5566,-1,-1,-1
730,123,385.09,0.52,249.08,476.62,0.9263,-1,-1,-1
730,137,154.91,61.42,118.04,370.41,0.9013,-1,-1,-1
730,147,306.27,154.25,27.83,84.13,0.4546,-1,-1,-1
730,157,315.10,96.68,93.40,300.14,0.8134,-1,-1,-1
730,168,263.54,158.04,49.20,151.03,0.8180,-1,-1,-1
730,169,84.17,190.71,22.83,71.67,0.5885,-1,-1,-1
731,123,381.56,0.58,250.80,476.60,0.9268,-1,-1,-1
731,137,156.38,66.24,116.71,368.52,0.9013,-1,-1,-1
731,147,308.39,159.18,27.89,82.85,0.4405,-1,-1,-1
731,157,314.37,100.11,95.59,308.07,0.8346,-1,-1,-1
731,168,265.07,163.04,47.67,147.94,0.7876,-1,-1,-1
731,169,82.55,193.23,23.87,74.64,0.6460,-1,-1,-1
732,123,380.36,0.52,252.19,476.44,0.9189,-1,-1,-1
732,137,153.68,71.71,117.63,371.84,0.9002,-1,-1,-1
732,147,309.01,162.36,28.70,84.15,0.4096,-1,-1,-1
732,157,314.56,106.85,95.65,308.66,0.8605,-1,-1,-1
732,168,266.24,165.14,46.22,144.91,0.7779,-1,-1,-1
732,169,78.41,194.21,24.75,76.75,0.6471,-1,-1,-1
732,173,120.79,205.59,15.65,49.43,0.5413,-1,-1,-1
733,123,382.75,0.69,252.87,476.84,0.9095,-1,-1,-1
733,137,147.81,80.19,118.46,375.37,0.8710,-1,-1,-1
733,147,310.73,164.17,29.75,87.66,0.3413,-1,-1,-1
733,157,314.52,110.34,94.93,307.55,0.8630,-1,-1,-1
733,168,265.29,165.73,45.28,143.07,0.7992,-1,-1,-1
733,169,70.65,194.60,26.18,79.81,0.6064,-1,-1,-1
733,173,116.70,203.95,16.96,53.17,0.3602,-1,-1,-1
734,123,386.30,0.69,252.84,477.32,0.9102,-1,-1,-1
734,137,140.75,88.06,118.69,376.74,0.8832,-1,-1,-1
734,157,314.80,115.03,93.50,303.81,0.8354,-1,-1,-1
734,168,265.66,169.11,43.36,137.32,0.7529,-1,-1,-1
734,169,65.32,199.59,26.60,79.43,0.6118,-1,-1,-1
734,173,114.37,211.63,16.14,49.99,0.2717,-1,-1,-1
735,123,390.06,0.52,252.22,477.94,0.9140,-1,-1,-1
735,137,134.12,86.79,118.40,374.62,0.8493,-1,-1,-1
735,157,316.17,111.27,91.03,295.65,0.8268,-1,-1,-1
735,168,265.11,166.97,43.88,139.64,0.7548,-1,-1,-1
735,169,61.25,197.03,27.37,80.97,0.6095,-1,-1,-1
736,123,393.02,0.45,250.89,477.72,0.8931,-1,-1,-1
736,137,142.77,82.28,114.71,365.38,0.8248,-1,-1,-1
736,157,315.90,106.80,90.78,294.98,0.8300,-1,-1,-1
736,168,264.09,166.05,43.92,140.58,0.7888,-1,-1,-1
736,169,57.87,193.68,28.01,82.27,0.5820,-1,-1,-1
737,123,395.35,0.28,248.93,476.03,0.9134,-1,-1,-1
737,137,146.35,77.66,110.64,351.97,0.8491,-1,-1,-1
737,157,314.88,106.38,91.14,296.68,0.8279,-1,-1,-1
737,168,261.64,166.13,44.25,142.04,0.7946,-1,-1,-1
737,169,50.30,190.94,28.76,83.87,0.6173,-1,-1,-1
737,175,111.74,138.73,52.29,182.60,0.8012,-1,-1,-1
738,123,396.01,0.57,248.01,476.10,0.9189,-1,-1,-1
738,137,145.04,75.28,110.16,350.59,0.8390,-1,-1,-1
738,157,313.92,108.03,91.67,298.26,0.8233,-1,-1,-1
738,168,259.45,165.10,44.78,143.73,0.7889,-1,-1,-1
738,169,44.72,187.65,29.62,85.72,0.7077,-1,-1,-1
738,175,106.20,135.22,54.24,189.45,0.7933,-1,-1,-1
739,123,395.59,0.57,247.59,476.57,0.9141,-1,-1,-1
739,137,140.47,75.99,109.73,353.02,0.8662,-1,-1,-1
739,157,311.22,110.42,92.35,300.66,0.8408,-1,-1,-1
739,168,257.34,163.91,45.15,143.75,0.7620,-1,-1,-1
739,169,38.14,185.73,30.25,87.39,0.6085,-1,-1,-1
739,175,97.35,132.21,56.16,195.61,0.8091,-1,-1,-1
740,123,394.38,0.91,247.41,476.71,0.9144,-1,-1,-1
740,137,139.99,81.55,109.75,355.17,0.8775,-1,-1,-1
740,157,310.28,111.66,92.28,300.84,0.8469,-1,-1,-1
740,168,258.32,162.80,46.08,144.08,0.7522,-1,-1,-1
740,169,32.64,184.11,31.20,89.34,0.7125,-1,-1,-1
740,175,87.84,130.56,60.11,208.56,0.8337,-1,-1,-1
741,123,391.66,1.03,248.06,477.37,0.8986,-1,-1,-1
741,137,139.95,84.30,109.16,355.84,0.8788,-1,-1,-1
741,157,307.85,108.32,92.94,302.71,0.8237,-1,-1,-1
741,168,258.02,161.11,46.72,144.31,0.7427,-1,-1,-1
741,169,27.57,181.07,31.94,90.97,0.6873,-1,-1,-1
741,175,82.34,124.53,63.16,216.95,0.8390,-1,-1,-1
742,123,393.56,0.96,247.99,478.53,0.9148,-1,-1,-1
742,137,140.55,87.62,106.68,349.10,0.8837,-1,-1,-1
742,157,307.47,106.16,90.95,296.45,0.8310,-1,-1,-1
742,168,259.68,161.16,46.49,143.42,0.7662,-1,-1,-1
742,169,23.13,179.57,32.27,92.48,0.6924,-1,-1,-1
742,175,76.92,117.34,66.63,227.04,0.8040,-1,-1,-1
742,177,236.76,152.45,30.74,137.97,0.5312,-1,-1,-1
743,123,394.44,1.05,247.38,478.85,0.9028,-1,-1,-1
743,137,139.09,86.48,106.32,347.68,0.8710,-1,-1,-1
743,157,308.35,105.33,87.96,288.38,0.8060,-1,-1,-1
743,168,260.28,161.18,46.43,142.75,0.7626,-1,-1,-1
743,169,15.98,177.04,32.51,92.81,0.6174,-1,-1,-1
743,175,63.37,107.74,71.41,238.03,0.6869,-1,-1,-1
743,177,237.09,152.53,30.72,137.78,0.5908,-1,-1,-1
744,123,389.04,0.56,246.49,478.71,0.8927,-1,-1,-1
744,137,145.90,84.28,102.53,337.05,0.8639,-1,-1,-1
744,157,306.46,104.26,88.43,290.59,0.8316,-1,-1,-1
744,168,261.07,161.66,46.85,142.07,0.7108,-1,-1,-1
744,169,10.33,174.32,33.84,96.24,0.6040,-1,-1,-1
744,175,52.56,99.49,76.46,251.16,0.8555,-1,-1,-1
744,177,238.00,150.19,31.64,141.97,0.5763,-1,-1,-1
745,123,391.85,0.28,244.66,478.19,0.9241,-1,-1,-1
745,137,151.40,80.98,99.29,327.83,0.8715,-1,-1,-1
745,157,308.27,101.12,90.47,296.53,0.8309,-1,-1,-1
745,168,264.44,159.96,46.06,139.37,0.6855,-1,-1,-1
745,169,3.57,172.32,41.43,120.68,0.3447,-1,-1,-1
745,175,35.86,94.58,82.59,263.74,0.8609,-1,-1,-1
745,177,241.06,148.97,31.54,141.58,0.6156,-1,-1,-1
745,179,121.83,134.12,47.90,174.95,0.7047,-1,-1,-1
746,123,391.86,0.35,244.97,478.48,0.9070,-1,-1,-1
746,137,157.15,82.28,99.03,327.85,0.8748,-1,-1,-1
746,157,312.43,136.69,83.06,267.07,0.7882,-1,-1,-1
746,168,269.24,159.05,46.38,139.18,0.5444,-1,-1,-1
746,175,17.30,90.92,90.58,283.76,0.8703,-1,-1,-1
746,177,246.72,152.44,30.01,134.83,0.5158,-1,-1,-1
746,179,119.77,131.85,50.12,182.17,0.8578,-1,-1,-1
747,123,391.99,0.32,245.09,477.87,0.8960,-1,-1,-1
747,137,161.18,83.32,99.34,329.53,0.8696,-1,-1,-1
747,157,311.61,117.40,90.09,289.87,0.8522,-1,-1,-1
747,168,269.93,158.31,47.16,139.53,0.6912,-1,-1,-1
747,175,7.27,85.35,96.49,298.58,0.8906,-1,-1,-1
747,177,250.52,153.09,28.62,128.77,0.3073,-1,-1,-1
747,179,118.04,127.87,52.59,190.02,0.8143,-1,-1,-1
748,123,392.49,0.31,245.12,477.13,0.9182,-1,-1,-1
748,137,164.27,87.04,100.32,332.33,0.8671,-1,-1,-1
748,157,313.27,111.35,92.03,297.16,0.8376,-1,-1,-1
748,168,272.22,159.70,47.79,140.03,0.6609,-1,-1,-1
748,175,-3.44,77.02,100.73,314.06,0.8873,-1,-1,-1
748,177,255.09,153.89,24.99,109.79,0.4527,-1,-1,-1
748,179,116.27,124.56,54.95,197.69,0.8249,-1,-1,-1
749,123,393.31,0.38,245.43,477.63,0.9216,-1,-1,-1
749,137,165.65,91.92,101.44,335.16,0.8559,-1,-1,-1
749,157,317.25,109.78,92.58,298.52,0.7946,-1,-1,-1
749,168,275.25,164.49,47.83,138.49,0.6499,-1,-1,-1
749,175,-10.90,67.09,103.78,329.29,0.8909,-1,-1,-1
749,177,255.77,155.49,30.26,130.92,0.5087,-1,-1,-1
749,179,112.56,121.40,57.98,207.39,0.8597,-1,-1,-1
750,123,398.20,0.68,244.20,477.20,0.9138,-1,-1,-1
750,137,170.97,92.71,100.34,330.02,0.8716,-1,-1,-1
750,157,323.01,107.08,90.37,291.57,0.8414,-1,-1,-1
750,168,281.52,164.64,48.47,138.90,0.7165,-1,-1,-1
750,175,-17.99,52.69,109.80,358.50,0.8683,-1,-1,-1
750,177,259.97,154.16,32.07,136.62,0.6302,-1,-1,-1
750,179,110.00,115.43,60.64,215.62,0.8609,-1,-1,-1
751,123,403.52,1.01,242.86,478.26,0.9109,-1,-1,-1
751,137,173.17,90.10,97.62,325.51,0.8298,-1,-1,-1
751,157,330.56,100.67,89.89,290.94,0.8023,-1,-1,-1
751,168,289.33,161.76,47.53,135.10,0.7356,-1,-1,-1
751,175,-21.32,38.24,109.49,369.25,0.7757,-1,-1,-1
751,177,265.78,149.33,33.83,141.37,0.7271,-1,-1,-1
751,179,109.44,108.06,63.61,222.29,0.8682,-1,-1,-1
752,123,407.65,0.91,240.56,477.74,0.9181,-1,-1,-1
752,137,184.70,87.17,94.15,311.00,0.8927,-1,-1,-1
752,157,334.96,100.31,90.70,293.79,0.8462,-1,-1,-1
752,168,296.79,160.82,46.15,129.08,0.6206,-1,-1,-1
752,175,-21.23,15.57,112.67,391.14,0.7359,-1,-1,-1
752,177,272.36,147.69,33.37,136.52,0.6895,-1,-1,-1
752,179,105.51,100.94,67.88,232.82,0.8732,-1,-1,-1
753,123,407.10,0.85,239.51,478.00,0.9175,-1,-1,-1
753,137,189.10,84.53,93.97,308.45,0.8964,-1,-1,-1
753,157,339.33,101.57,91.62,296.16,0.8252,-1,-1,-1
753,168,303.54,159.49,45.40,126.05,0.4402,-1,-1,-1
753,175,-15.34,49.55,100.68,354.99,0.4418,-1,-1,-1
753,177,277.59,149.52,32.63,130.71,0.7599,-1,-1,-1
753,179,100.87,95.26,72.58,244.52,0.8759,-1,-1,-1
754,123,407.22,1.13,238.52,478.32,0.9171,-1,-1,-1
754,137,195.18,84.23,95.14,311.37,0.8752,-1,-1,-1
754,157,344.50,104.43,92.53,298.87,0.7778,-1,-1,-1
754,168,316.39,159.98,40.31,111.66,0.4930,-1,-1,-1
754,177,284.23,149.32,34.18,135.14,0.7251,-1,-1,-1
754,179,91.49,90.36,79.43,261.44,0.8934,-1,-1,-1
755,123,413.53,1.72,235.78,477.84,0.9131,-1,-1,-1
755,137,200.27,85.54,95.04,311.99,0.8680,-1,-1,-1
755,157,347.72,103.53,92.49,298.47,0.8357,-1,-1,-1
755,168,324.02,160.77,38.45,107.53,0.4148,-1,-1,-1
755,177,288.46,151.32,34.25,133.02,0.7343,-1,-1,-1
755,179,84.59,85.07,84.61,272.28,0.9012,-1,-1,-1
756,123,430.75,1.88,229.92,477.78,0.9045,-1,-1,-1
756,137,206.88,88.39,95.11,314.46,0.8665,-1,-1,-1
756,157,349.40,100.19,94.45,304.09,0.7100,-1,-1,-1
756,168,328.65,161.38,39.07,109.86,0.3903,-1,-1,-1
756,177,292.89,151.53,34.37,133.11,0.7328,-1,-1,-1
756,179,77.13,79.49,91.75,290.77,0.9018,-1,-1,-1
756,180,36.73,170.27,37.40,87.17,0.5813,-1,-1,-1
757,123,447.43,1.32,222.32,477.37,0.8990,-1,-1,-1
757,137,209.39,89.80,95.18,313.25,0.8620,-1,-1,-1
757,157,352.11,96.51,94.01,302.51,0.8006,-1,-1,-1
757,168,330.13,159.48,39.58,111.76,0.3953,-1,-1,-1
757,177,297.58,149.73,34.21,131.59,0.7432,-1,-1,-1
757,179,67.24,69.12,98.60,309.02,0.8917,-1,-1,-1
757,180,38.17,167.89,38.84,90.81,0.3226,-1,-1,-1
757,181,-2.46,154.36,28.34,123.94,0.6022,-1,-1,-1
758,137,214.03,87.44,94.96,314.56,0.8682,-1,-1,-1
758,157,352.35,93.63,93.50,299.32,0.7837,-1,-1,-1
758,168,327.91,158.44,40.61,112.81,0.3656,-1,-1,-1
758,177,299.83,147.07,33.54,129.79,0.5497,-1,-1,-1
758,179,54.55,55.55,105.45,328.17,0.8994,-1,-1,-1
759,137,212.42,87.65,93.48,304.98,0.8736,-1,-1,-1
759,157,353.39,94.45,93.60,298.62,0.7821,-1,-1,-1
759,177,303.00,148.76,34.10,132.15,0.5959,-1,-1,-1
759,179,36.65,43.55,113.28,347.49,0.9099,-1,-1,-1
760,137,210.15,84.47,93.97,300.80,0.8690,-1,-1,-1
760,157,352.32,92.37,95.23,302.49,0.8157,-1,-1,-1
760,177,304.92,146.41,33.83,131.73,0.5640,-1,-1,-1
760,179,16.30,29.62,121.19,367.09,0.9174,-1,-1,-1
760,123,461.03,3.12,213.15,476.05,0.5792,-1,-1,-1
761,137,212.28,82.67,95.29,300.91,0.8702,-1,-1,-1
761,157,352.47,94.34,96.31,305.43,0.8525,-1,-1,-1
761,177,308.90,151.48,32.25,125.24,0.5040,-1,-1,-1
761,179,0.34,14.15,126.81,387.30,0.9313,-1,-1,-1
761,183,131.53,179.98,22.74,68.26,0.6499,-1,-1,-1
761,184,178.23,160.55,45.36,121.57,0.5937,-1,-1,-1
761,123,469.66,1.78,204.96,476.92,0.8353,-1,-1,-1
762,137,203.21,80.41,99.94,304.03,0.8692,-1,-1,-1
762,157,353.68,94.11,96.74,307.40,0.8559,-1,-1,-1
762,177,309.68,148.17,31.73,125.12,0.6121,-1,-1,-1
762,179,-10.46,2.67,129.07,402.15,0.9147,-1,-1,-1
762,183,130.46,176.73,23.17,69.39,0.6018,-1,-1,-1
762,184,174.61,156.37,45.23,121.52,0.6105,-1,-1,-1
762,123,469.60,1.37,199.34,478.20,0.8897,-1,-1,-1
763,137,201.98,77.23,103.11,306.35,0.8898,-1,-1,-1
763,157,354.32,87.69,96.10,305.82,0.8544,-1,-1,-1
763,177,309.58,140.11,30.79,121.61,0.5859,-1,-1,-1
763,179,-17.04,13.95,122.43,392.89,0.8859,-1,-1,-1
763,183,126.50,168.33,23.91,71.52,0.6716,-1,-1,-1
763,184,165.18,145.59,46.28,125.08,0.6872,-1,-1,-1
763,123,460.17,1.51,196.98,478.38,0.8763,-1,-1,-1
763,185,83.62,162.51,36.29,83.47,0.7079,-1,-1,-1
763,180,50.23,150.70,40.06,94.70,0.5829,-1,-1,-1
764,137,208.50,80.65,104.25,307.78,0.8786,-1,-1,-1
764,157,357.04,88.86,94.00,299.91,0.8284,-1,-1,-1
764,177,310.56,139.56,30.92,121.53,0.6089,-1,-1,-1
764,179,-24.35,18.58,118.12,396.06,0.7997,-1,-1,-1
764,183,125.01,168.85,24.01,71.68,0.6328,-1,-1,-1
764,184,159.01,146.78,45.99,124.96,0.7261,-1,-1,-1
764,123,457.76,1.08,189.13,460.09,0.7884,-1,-1,-1
764,185,84.39,163.21,37.40,85.99,0.6896,-1,-1,-1
764,180,53.25,155.16,39.61,93.23,0.4992,-1,-1,-1
765,137,215.67,84.87,103.48,304.85,0.8756,-1,-1,-1
765,157,360.78,90.96,92.81,295.25,0.8495,-1,-1,-1
765,177,312.55,143.05,30.96,120.11,0.6781,-1,-1,-1
765,183,124.68,172.92,24.38,72.85,0.6323,-1,-1,-1
765,184,150.51,152.01,46.30,125.27,0.7889,-1,-1,-1
765,123,454.14,1.25,192.43,471.92,0.8616,-1,-1,-1
765,185,89.28,167.60,37.27,86.14,0.6549,-1,-1,-1
765,180,58.84,158.61,40.57,95.49,0.6543,-1,-1,-1
765,186,197.67,154.70,33.66,115.14,0.6047,-1,-1,-1
766,137,220.54,85.87,102.62,304.12,0.8896,-1,-1,-1
766,157,361.63,91.63,92.43,293.52,0.7671,-1,-1,-1
766,177,311.52,146.09,30.92,120.34,0.6250,-1,-1,-1
766,183,122.64,174.09,24.70,74.01,0.6200,-1,-1,-1
766,184,143.67,153.63,47.32,127.00,0.8332,-1,-1,-1
766,123,452.78,1.24,192.95,476.30,0.8784,-1,-1,-1
766,185,90.50,167.59,38.15,89.02,0.6901,-1,-1,-1
766,180,61.35,162.40,40.19,94.82,0.6271,-1,-1,-1
766,186,197.80,155.76,34.63,118.51,0.6893,-1,-1,-1
767,137,224.19,82.15,98.67,294.92,0.8882,-1,-1,-1
767,157,358.74,91.24,93.66,296.28,0.7945,-1,-1,-1
767,177,312.43,146.83,30.99,119.53,0.4056,-1,-1,-1
767,184,134.37,153.91,47.93,126.85,0.8249,-1,-1,-1
767,123,452.82,1.29,192.25,477.45,0.9012,-1,-1,-1
767,185,87.83,165.98,38.17,90.39,0.4922,-1,-1,-1
767,180,57.89,160.98,40.32,96.22,0.6079,-1,-1,-1
767,186,192.12,152.47,36.39,124.08,0.8008,-1,-1,-1
768,137,224.38,81.88,96.73,291.17,0.8780,-1,-1,-1
768,157,354.97,93.20,95.38,301.15,0.7886,-1,-1,-1
768,184,126.07,156.31,48.40,126.42,0.8013,-1,-1,-1
768,123,452.93,1.29,191.58,478.38,0.8852,-1,-1,-1
768,185,88.77,165.94,38.72,92.22,0.4596,-1,-1,-1
768,180,52.61,161.29,40.57,97.91,0.6308,-1,-1,-1
768,186,188.00,154.15,37.37,126.82,0.8359,-1,-1,-1
769,137,223.91,82.99,96.54,293.29,0.8835,-1,-1,-1
769,157,352.59,96.38,96.00,303.71,0.7863,-1,-1,-1
769,184,116.30,155.35,49.07,128.88,0.7338,-1,-1,-1
769,123,455.63,1.75,190.02,478.26,0.8710,-1,-1,-1
769,185,85.74,166.91,38.43,92.73,0.4931,-1,-1,-1
769,180,51.09,161.10,40.35,99.58,0.6623,-1,-1,-1
769,186,185.94,154.57,38.63,130.09,0.8510,-1,-1,-1
770,137,224.21,83.97,96.83,295.73,0.8878,-1,-1,-1
770,157,351.12,95.00,96.39,305.20,0.7881,-1,-1,-1
770,184,108.45,153.80,48.74,129.49,0.5493,-1,-1,-1
770,123,462.15,1.35,187.37,478.38,0.8329,-1,-1,-1
770,185,82.91,165.66,38.03,93.81,0.4096,-1,-1,-1
770,180,51.14,160.73,40.27,100.54,0.6279,-1,-1,-1
770,186,183.49,153.33,39.83,132.78,0.8408,-1,-1,-1
771,137,221.07,87.80,97.28,298.68,0.8731,-1,-1,-1
771,157,347.38,93.86,95.23,303.23,0.8293,-1,-1,-1
771,184,97.30,152.74,48.92,132.58,0.5533,-1,-1,-1
771,123,475.86,0.96,181.35,475.31,0.8517,-1,-1,-1
771,185,79.09,163.05,38.90,97.18,0.4975,-1,-1,-1
771,180,47.97,159.92,40.67,102.61,0.6868,-1,-1,-1
771,186,174.66,150.69,42.11,138.63,0.8298,-1,-1,-1
772,137,216.05,89.22,97.27,297.62,0.8953,-1,-1,-1
772,157,344.31,93.00,93.07,297.06,0.8170,-1,-1,-1
772,184,85.34,151.84,49.24,133.33,0.7167,-1,-1,-1
772,123,478.58,0.31,177.85,475.19,0.8110,-1,-1,-1
772,180,45.54,157.33,40.90,103.99,0.6342,-1,-1,-1
772,186,168.72,146.52,43.59,141.57,0.8313,-1,-1,-1
773,137,214.65,89.53,96.54,294.82,0.8925,-1,-1,-1
773,157,341.47,89.21,92.32,293.08,0.8604,-1,-1,-1
773,184,73.83,151.43,49.05,133.18,0.7890,-1,-1,-1
773,123,480.16,0.06,174.72,474.88,0.7821,-1,-1,-1
773,180,43.18,155.98,40.58,103.67,0.6624,-1,-1,-1
773,186,159.09,141.87,46.21,146.41,0.8454,-1,-1,-1
774,137,217.81,88.30,94.74,289.34,0.8911,-1,-1,-1
774,157,338.42,88.08,93.05,294.10,0.8504,-1,-1,-1
774,184,65.75,150.51,49.48,134.36,0.6660,-1,-1,-1
774,123,482.20,3.08,171.37,473.23,0.8449,-1,-1,-1
774,180,44.55,157.40,38.22,97.17,0.4215,-1,-1,-1
774,186,155.08,137.85,48.47,152.91,0.8336,-1,-1,-1
775,137,218.77,87.57,92.86,281.09,0.8734,-1,-1,-1
775,157,337.33,88.13,94.27,298.08,0.7958,-1,-1,-1
775,184,61.12,152.56,48.62,133.64,0.4780,-1,-1,-1
775,123,461.26,13.34,158.61,446.95,0.7892,-1,-1,-1
775,180,42.59,155.69,41.29,105.87,0.4445,-1,-1,-1
775,186,152.05,137.50,50.33,158.38,0.8541,-1,-1,-1
776,137,217.83,87.91,93.54,279.93,0.8758,-1,-1,-1
776,157,337.04,92.01,94.93,301.09,0.8507,-1,-1,-1
776,184,47.72,152.12,49.46,135.29,0.6143,-1,-1,-1
776,123,477.00,4.74,163.58,468.15,0.8020,-1,-1,-1
776,186,146.85,138.17,51.70,161.90,0.8230,-1,-1,-1
776,185,87.79,172.29,36.70,92.19,0.6758,-1,-1,-1
777,137,215.99,90.32,94.87,279.88,0.8754,-1,-1,-1
777,157,335.82,94.39,94.83,301.94,0.8432,-1,-1,-1
777,184,39.08,151.20,50.56,137.94,0.5962,-1,-1,-1
777,123,482.74,1.69,164.04,475.76,0.7789,-1,-1,-1
777,186,142.58,137.72,53.30,166.67,0.8225,-1,-1,-1
777,187,406.22,30.41,162.52,409.48,0.7584,-1,-1,-1
777,185,90.18,171.41,36.52,93.35,0.6624,-1,-1,-1
778,137,216.16,95.35,97.10,281.35,0.8374,-1,-1,-1
778,157,337.90,95.61,94.04,301.36,0.8533,-1,-1,-1
778,184,30.58,152.28,52.01,139.40,0.7981,-1,-1,-1
778,123,493.60,0.51,160.34,476.25,0.7297,-1,-1,-1
778,186,136.50,135.32,56.24,174.01,0.8303,-1,-1,-1
778,187,402.58,27.35,166.69,420.59,0.8357,-1,-1,-1
778,185,91.93,167.47,38.69,98.91,0.6737,-1,-1,-1
779,137,227.60,103.27,96.15,279.24,0.8143,-1,-1,-1
779,157,346.61,97.40,87.63,279.45,0.6219,-1,-1,-1
779,184,24.92,155.84,52.55,139.05,0.8344,-1,-1,-1
779,123,495.78,3.56,157.30,475.43,0.7731,-1,-1,-1
779,186,135.85,133.67,58.49,180.90,0.8355,-1,-1,-1
779,187,400.16,26.19,175.74,445.79,0.8538,-1,-1,-1
779,185,98.72,168.29,38.52,101.11,0.7605,-1,-1,-1
779,188,205.61,140.86,52.88,178.53,0.7215,-1,-1,-1
780,137,233.74,106.50,94.58,274.95,0.8387,-1,-1,-1
780,157,348.88,96.23,88.51,283.35,0.5686,-1,-1,-1
780,184,21.02,156.41,53.68,139.71,0.7970,-1,-1,-1
780,123,491.64,1.98,156.86,477.84,0.8528,-1,-1,-1
780,186,133.62,130.85,60.68,185.69,0.8557,-1,-1,-1
780,187,393.52,21.80,176.63,453.58,0.7414,-1,-1,-1
780,185,103.08,167.37,38.75,103.96,0.7850,-1,-1,-1
780,188,207.29,137.07,54.96,186.15,0.7477,-1,-1,-1
780,189,73.01,160.85,29.15,111.26,0.6273,-1,-1,-1
781,137,238.20,104.67,92.91,269.71,0.8507,-1,-1,-1
781,157,344.27,90.13,105.16,345.45,0.3400,-1,-1,-1
781,184,17.71,154.66,54.88,141.54,0.7577,-1,-1,-1
781,123,480.05,1.70,158.27,477.23,0.8813,-1,-1,-1
781,186,129.15,126.95,64.29,195.33,0.8482,-1,-1,-1
781,187,375.36,17.44,176.29,457.50,0.7427,-1,-1,-1
781,185,104.57,166.06,37.43,104.14,0.6565,-1,-1,-1
781,188,205.91,131.10,58.07,197.71,0.7600,-1,-1,-1
781,189,74.87,160.17,29.82,112.83,0.6690,-1,-1,-1
782,137,242.45,103.98,91.10,265.22,0.8661,-1,-1,-1
782,184,12.55,152.95,55.95,143.97,0.8251,-1,-1,-1
782,123,469.05,1.81,161.43,477.95,0.8590,-1,-1,-1
782,186,122.21,125.58,67.45,200.92,0.8544,-1,-1,-1
782,187,366.19,22.93,168.56,445.51,0.6726,-1,-1,-1
782,185,105.61,167.74,35.53,102.50,0.3543,-1,-1,-1
782,188,201.71,126.30,60.48,206.12,0.8035,-1,-1,-1
782,189,78.50,160.04,30.55,113.87,0.7203,-1,-1,-1
783,137,247.58,104.14,88.15,259.01,0.8780,-1,-1,-1
783,184,6.66,151.54,56.12,145.73,0.7801,-1,-1,-1
783,123,464.94,1.62,163.97,478.26,0.7671,-1,-1,-1
783,186,116.25,124.72,71.21,208.90,0.8765,-1,-1,-1
783,187,363.12,26.75,165.27,445.49,0.6800,-1,-1,-1
783,188,199.21,122.16,62.26,212.61,0.8241,-1,-1,-1
783,189,81.76,160.95,31.19,114.21,0.7134,-1,-1,-1
784,137,252.35,106.79,86.26,256.39,0.8734,-1,-1,-1
784,184,3.07,152.37,56.19,147.98,0.7226,-1,-1,-1
784,123,464.49,1.23,165.68,478.14,0.8209,-1,-1,-1
784,186,109.92,123.08,74.55,217.93,0.8514,-1,-1,-1
784,187,348.49,31.27,157.03,427.28,0.7995,-1,-1,-1
784,188,196.52,119.92,64.42,219.46,0.8474,-1,-1,-1
784,189,81.65,159.15,32.63,118.50,0.6717,-1,-1,-1
785,137,251.74,109.16,84.85,256.47,0.8593,-1,-1,-1
785,184,-5.50,155.18,54.25,146.87,0.6692,-1,-1,-1
785,123,470.54,1.31,159.42,454.03,0.6825,-1,-1,-1
785,186,97.93,117.98,78.96,229.01,0.8835,-1,-1,-1
785,187,340.52,32.50,159.64,439.52,0.8155,-1,-1,-1
785,188,188.76,115.78,67.94,229.33,0.8656,-1,-1,-1
786,137,250.40,115.44,82.25,251.12,0.8585,-1,-1,-1
786,123,478.08,1.11,157.38,447.64,0.6979,-1,-1,-1
786,186,80.15,111.59,83.73,238.39,0.8668,-1,-1,-1
786,187,336.79,34.20,153.79,427.09,0.5780,-1,-1,-1
786,188,174.61,113.25,72.02,240.24,0.8595,-1,-1,-1
786,181,-3.14,157.85,31.19,145.20,0.5808,-1,-1,-1
787,137,250.58,119.39,80.16,247.84,0.8669,-1,-1,-1
787,123,482.96,0.74,161.77,466.21,0.6918,-1,-1,-1
787,186,65.46,106.81,88.04,246.67,0.8492,-1,-1,-1
787,187,340.25,34.14,153.36,423.53,0.7759,-1,-1,-1
787,188,163.74,111.57,75.75,248.69,0.8751,-1,-1,-1
787,181,-3.66,159.40,28.69,144.01,0.4142,-1,-1,-1
788,137,250.22,119.98,79.54,248.31,0.8296,-1,-1,-1
788,123,488.16,0.46,161.47,473.10,0.7231,-1,-1,-1
788,186,49.16,101.55,94.84,262.26,0.8610,-1,-1,-1
788,187,343.84,34.27,158.45,429.95,0.8444,-1,-1,-1
788,188,149.99,106.92,82.37,266.96,0.8488,-1,-1,-1
789,137,249.01,118.95,76.96,241.66,0.8371,-1,-1,-1
789,123,490.36,0.92,159.90,475.17,0.8183,-1,-1,-1
789,186,29.77,98.22,101.13,275.35,0.8860,-1,-1,-1
789,187,386.55,30.16,154.21,430.16,0.7557,-1,-1,-1
789,188,134.82,101.65,87.76,284.03,0.8426,-1,-1,-1
789,157,319.32,49.01,127.60,426.61,0.6923,-1,-1,-1
790,137,245.50,121.26,75.30,234.97,0.8173,-1,-1,-1
790,123,494.19,1.37,150.87,449.73,0.7148,-1,-1,-1
790,186,10.25,96.55,108.07,293.71,0.8843,-1,-1,-1
790,187,404.22,34.89,149.19,428.02,0.7758,-1,-1,-1
790,188,120.31,95.67,92.44,301.69,0.8756,-1,-1,-1
790,157,327.85,48.29,134.84,431.48,0.8287,-1,-1,-1
791,137,239.86,123.55,74.54,229.52,0.8097,-1,-1,-1
791,123,488.78,0.89,156.10,468.46,0.8339,-1,-1,-1
791,186,-1.68,91.66,115.76,316.53,0.8880,-1,-1,-1
791,187,409.87,40.70,145.34,428.12,0.7952,-1,-1,-1
791,188,105.72,88.03,96.35,316.16,0.8661,-1,-1,-1
791,157,320.44,53.22,135.35,426.99,0.8427,-1,-1,-1
792,137,232.99,128.51,77.15,235.78,0.7870,-1,-1,-1
792,123,488.75,3.10,156.07,471.50,0.7421,-1,-1,-1
792,186,-13.38,84.33,119.40,335.46,0.8758,-1,-1,-1
792,187,408.52,47.10,141.77,425.00,0.8233,-1,-1,-1
792,188,86.08,81.61,102.20,334.50,0.8885,-1,-1,-1
792,157,317.33,58.97,135.88,420.78,0.7613,-1,-1,-1
792,191,195.85,194.02,26.22,88.51,0.6559,-1,-1,-1
793,137,226.05,129.92,79.45,239.71,0.7206,-1,-1,-1
793,123,493.49,2.37,155.04,475.39,0.8544,-1,-1,-1
793,186,-22.83,69.70,121.13,354.36,0.8356,-1,-1,-1
793,187,410.54,44.99,134.40,406.29,0.8426,-1,-1,-1
793,188,49.35,71.09,114.38,363.87,0.8861,-1,-1,-1
793,157,322.34,59.35,137.37,403.38,0.6949,-1,-1,-1
793,191,189.86,193.08,25.97,87.45,0.4392,-1,-1,-1
794,137,222.65,126.56,78.76,236.08,0.7994,-1,-1,-1
794,123,500.59,2.20,152.18,476.70,0.8625,-1,-1,-1
794,186,-28.69,70.60,115.41,355.16,0.7250,-1,-1,-1
794,187,407.09,35.38,135.07,408.98,0.8679,-1,-1,-1
794,188,22.46,55.10,124.52,388.22,0.8852,-1,-1,-1
794,157,304.49,54.01,132.95,391.16,0.6645,-1,-1,-1
794,191,183.80,182.40,27.11,90.88,0.5685,-1,-1,-1
795,137,221.86,126.72,73.73,218.94,0.7973,-1,-1,-1
795,123,503.71,1.28,149.40,476.85,0.7899,-1,-1,-1
795,187,403.37,33.38,133.78,405.76,0.8396,-1,-1,-1
795,188,-0.63,38.68,135.72,427.64,0.8587,-1,-1,-1
795,157,296.95,57.79,132.52,389.77,0.8348,-1,-1,-1
795,191,179.88,180.11,28.72,94.17,0.6757,-1,-1,-1
795,185,127.61,171.77,34.28,99.41,0.7746,-1,-1,-1
796,137,220.65,128.63,74.08,218.54,0.8278,-1,-1,-1
796,123,508.80,0.93,145.99,476.64,0.7073,-1,-1,-1
796,187,404.55,38.04,132.72,405.43,0.8704,-1,-1,-1
796,188,-12.79,25.12,137.58,441.78,0.6841,-1,-1,-1
796,157,304.10,64.17,136.92,390.41,0.6594,-1,-1,-1
796,191,178.20,182.40,29.66,95.47,0.3725,-1,-1,-1
796,185,126.16,175.19,35.08,99.51,0.7291,-1,-1,-1
797,137,222.35,123.68,74.12,220.98,0.8223,-1,-1,-1
797,123,517.77,1.48,141.04,475.30,0.7930,-1,-1,-1
797,187,401.34,36.92,132.95,408.52,0.8411,-1,-1,-1
797,188,-23.58,7.11,133.74,445.05,0.4558,-1,-1,-1
797,157,288.10,63.96,136.99,394.08,0.6523,-1,-1,-1
797,191,170.10,180.98,29.69,96.31,0.6547,-1,-1,-1
797,185,119.61,172.34,37.02,100.63,0.7062,-1,-1,-1
797,183,70.03,162.11,36.26,118.56,0.5694,-1,-1,-1
798,137,223.12,121.78,74.21,224.45,0.8258,-1,-1,-1
798,123,510.84,0.85,140.14,476.85,0.8715,-1,-1,-1
798,187,400.54,37.80,133.11,413.02,0.8135,-1,-1,-1
798,157,281.30,65.08,137.86,397.57,0.5837,-1,-1,-1
798,191,165.77,180.28,30.22,97.90,0.5263,-1,-1,-1
798,185,115.46,171.98,38.70,102.49,0.7270,-1,-1,-1
798,183,68.28,160.72,36.41,121.10,0.7028,-1,-1,-1
799,137,223.72,122.30,73.20,224.99,0.7990,-1,-1,-1
799,123,495.63,1.28,141.88,475.43,0.8823,-1,-1,-1
799,187,394.46,38.95,126.35,385.81,0.7050,-1,-1,-1
799,157,280.14,64.88,138.10,399.37,0.5655,-1,-1,-1
799,191,164.87,179.08,31.33,100.36,0.5626,-1,-1,-1
799,185,111.91,170.37,40.66,105.49,0.7095,-1,-1,-1
799,183,66.66,159.74,36.73,123.42,0.7397,-1,-1,-1
800,137,222.35,123.17,71.02,221.88,0.8197,-1,-1,-1
800,123,480.73,1.46,145.87,475.01,0.8551,-1,-1,-1
800,187,396.70,33.84,124.42,385.62,0.8386,-1,-1,-1
800,157,291.47,58.96,135.80,376.02,0.8003,-1,-1,-1
800,191,161.87,174.99,32.96,103.14,0.7339,-1,-1,-1
800,185,104.29,165.57,42.48,108.52,0.7174,-1,-1,-1
800,183,62.74,156.79,36.89,124.49,0.7691,-1,-1,-1
801,137,221.25,127.62,70.06,223.62,0.8157,-1,-1,-1
801,123,470.79,1.36,150.77,476.75,0.5278,-1,-1,-1
801,187,392.81,33.32,126.76,400.62,0.7888,-1,-1,-1
801,157,295.12,57.33,142.77,381.70,0.7667,-1,-1,-1
801,191,158.17,176.08,33.59,104.05,0.6910,-1,-1,-1
801,185,94.46,165.60,41.67,110.79,0.6879,-1,-1,-1
801,183,58.92,158.05,36.79,125.43,0.7561,-1,-1,-1
802,137,223.40,130.65,67.02,217.34,0.7735,-1,-1,-1
802,123,469.54,1.53,153.57,475.31,0.6794,-1,-1,-1
802,187,391.80,32.28,125.30,402.80,0.7722,-1,-1,-1
802,157,277.13,57.07,140.62,380.33,0.6437,-1,-1,-1
802,191,158.60,175.68,35.42,107.20,0.6894,-1,-1,-1
802,185,86.97,164.10,41.70,114.87,0.6545,-1,-1,-1
802,183,57.17,158.64,36.78,126.13,0.7428,-1,-1,-1
803,137,227.10,131.47,60.63,199.08,0.8262,-1,-1,-1
803,123,470.15,1.54,156.53,477.48,0.6625,-1,-1,-1
803,187,391.60,33.25,123.47,402.35,0.7498,-1,-1,-1
803,157,269.98,58.18,139.60,382.89,0.5345,-1,-1,-1
803,191,157.19,177.18,36.16,108.86,0.6215,-1,-1,-1
803,185,84.50,164.99,39.67,112.90,0.5833,-1,-1,-1
803,183,57.14,159.18,37.44,127.95,0.7012,-1,-1,-1
803,194,200.90,188.78,30.95,83.17,0.7220,-1,-1,-1
804,137,231.17,132.78,60.86,200.79,0.7563,-1,-1,-1
804,123,476.25,1.42,157.26,478.42,0.7693,-1,-1,-1
804,187,405.29,33.16,125.70,408.95,0.7167,-1,-1,-1
804,157,292.04,61.32,146.36,387.56,0.8300,-1,-1,-1
804,191,158.40,179.86,36.40,110.03,0.5424,-1,-1,-1
804,185,84.99,166.40,39.28,115.56,0.4924,-1,-1,-1
804,183,59.81,161.07,37.85,129.03,0.7039,-1,-1,-1
804,194,203.25,189.65,31.40,84.53,0.5801,-1,-1,-1
805,137,236.23,130.74,61.70,203.30,0.7941,-1,-1,-1
805,123,488.43,0.66,148.33,450.58,0.6381,-1,-1,-1
805,187,411.06,32.87,127.24,418.81,0.8363,-1,-1,-1
805,157,305.31,60.09,155.46,398.79,0.7466,-1,-1,-1
805,191,159.72,178.01,36.83,112.16,0.5988,-1,-1,-1
805,185,75.19,161.00,43.66,125.44,0.4989,-1,-1,-1
805,194,206.92,186.55,32.16,86.67,0.7205,-1,-1,-1
806,137,242.25,130.38,63.10,205.00,0.8300,-1,-1,-1
806,123,517.20,0.67,112.22,329.30,0.5466,-1,-1,-1
806,187,421.54,34.88,128.95,426.29,0.8649,-1,-1,-1
806,157,316.91,61.68,163.68,406.28,0.7819,-1,-1,-1
806,191,164.30,176.41,37.66,114.71,0.4666,-1,-1,-1
806,185,73.64,159.59,45.95,129.38,0.7619,-1,-1,-1
806,194,211.91,185.72,32.75,88.66,0.7032,-1,-1,-1
806,180,24.44,145.89,57.00,152.18,0.6767,-1,-1,-1
807,137,248.68,131.38,63.48,201.14,0.8392,-1,-1,-1
807,123,538.63,23.12,95.61,278.15,0.5781,-1,-1,-1
807,187,434.29,37.85,128.68,425.77,0.7901,-1,-1,-1
807,157,327.39,59.86,169.81,409.26,0.6333,-1,-1,-1
807,191,170.73,174.96,39.12,117.75,0.7469,-1,-1,-1
807,185,75.42,157.62,47.31,131.64,0.7758,-1,-1,-1
807,194,216.07,186.41,32.73,89.02,0.6869,-1,-1,-1
807,180,27.69,144.66,55.27,152.18,0.6952,-1,-1,-1
808,137,256.77,131.54,62.87,194.92,0.8166,-1,-1,-1
808,123,563.53,73.36,73.29,211.81,0.8133,-1,-1,-1
808,187,446.88,36.23,128.43,424.04,0.8553,-1,-1,-1
808,157,337.77,55.37,174.05,409.58,0.8349,-1,-1,-1
808,191,177.10,171.89,40.57,119.92,0.7063,-1,-1,-1
808,185,77.46,155.11,47.79,132.58,0.7697,-1,-1,-1
808,194,219.54,184.42,33.06,90.75,0.7186,-1,-1,-1
808,180,33.87,141.83,53.09,154.09,0.6288,-1,-1,-1
809,137,266.20,135.02,64.49,196.47,0.8216,-1,-1,-1
809,187,466.92,33.40,129.21,421.74,0.8562,-1,-1,-1
809,157,353.39,51.74,175.24,400.14,0.5777,-1,-1,-1
809,191,184.97,171.74,42.43,123.34,0.8303,-1,-1,-1
809,185,83.20,156.22,46.78,132.45,0.7446,-1,-1,-1
809,194,228.64,185.37,33.08,91.51,0.7443,-1,-1,-1
809,183,53.79,145.56,42.40,148.01,0.6199,-1,-1,-1
810,137,275.94,137.55,66.00,200.01,0.8348,-1,-1,-1
810,187,479.00,31.50,129.89,416.30,0.8278,-1,-1,-1
810,157,343.67,50.17,172.71,397.67,0.6031,-1,-1,-1
810,191,191.09,173.08,44.17,126.25,0.7035,-1,-1,-1
810,185,88.90,157.09,46.78,135.67,0.7166,-1,-1,-1
810,194,235.43,187.30,33.02,92.12,0.7072,-1,-1,-1
810,183,58.81,145.44,43.34,153.99,0.7108,-1,-1,-1
811,137,283.10,134.67,68.69,209.43,0.8327,-1,-1,-1
811,187,490.13,26.15,133.30,423.72,0.8637,-1,-1,-1
811,157,337.73,45.96,169.69,403.86,0.6243,-1,-1,-1
811,191,192.61,171.69,45.87,129.13,0.7868,-1,-1,-1
811,185,93.13,154.05,46.87,138.72,0.5754,-1,-1,-1
811,194,240.39,185.10,33.24,93.38,0.7311,-1,-1,-1
811,183,63.32,146.52,42.85,152.28,0.4997,-1,-1,-1
811,196,268.53,192.96,19.69,84.27,0.7299,-1,-1,-1
812,137,290.34,131.75,68.28,209.37,0.8549,-1,-1,-1
812,187,496.31,25.02,136.80,431.52,0.8064,-1,-1,-1
812,157,349.87,43.40,170.60,414.64,0.5666,-1,-1,-1
812,191,193.74,171.15,47.77,132.54,0.8084,-1,-1,-1
812,185,95.83,151.32,47.32,142.60,0.7205,-1,-1,-1
812,194,242.81,182.22,34.34,96.87,0.6972,-1,-1,-1
812,183,65.15,145.88,43.48,155.97,0.6796,-1,-1,-1
812,196,271.29,192.21,20.23,86.29,0.6400,-1,-1,-1
813,137,295.04,131.12,67.78,210.16,0.8461,-1,-1,-1
813,187,503.01,28.10,138.49,438.48,0.8336,-1,-1,-1
813,157,357.41,41.01,171.64,426.14,0.8387,-1,-1,-1
813,191,192.38,169.24,49.89,136.22,0.8112,-1,-1,-1
813,185,97.89,151.88,47.16,143.71,0.6554,-1,-1,-1
813,194,242.86,180.51,35.66,100.64,0.6361,-1,-1,-1
813,183,59.51,145.32,44.61,155.35,0.6672,-1,-1,-1
813,196,270.08,194.68,20.54,86.34,0.6117,-1,-1,-1
814,137,300.01,130.42,67.41,210.45,0.8486,-1,-1,-1
814,187,507.57,29.65,138.59,441.96,0.8387,-1,-1,-1
814,157,358.06,36.49,174.99,439.55,0.5976,-1,-1,-1
814,191,190.84,164.47,52.42,141.26,0.8208,-1,-1,-1
814,185,98.90,149.72,46.86,145.58,0.7007,-1,-1,-1
814,194,241.59,177.95,36.96,103.77,0.7301,-1,-1,-1
814,183,55.43,140.92,47.11,159.36,0.7063,-1,-1,-1
814,196,271.96,195.01,20.70,86.04,0.6240,-1,-1,-1
815,137,304.16,132.90,67.17,211.22,0.8165,-1,-1,-1
815,187,511.47,30.22,137.53,443.24,0.8574,-1,-1,-1
815,157,382.67,28.56,183.25,450.86,0.6136,-1,-1,-1
815,191,188.45,162.28,54.66,145.44,0.7412,-1,-1,-1
815,185,98.34,148.37,47.37,149.10,0.6532,-1,-1,-1
815,194,241.37,178.29,37.44,105.53,0.6979,-1,-1,-1
815,183,53.19,141.54,48.55,161.27,0.6799,-1,-1,-1
815,196,272.70,194.61,21.48,88.31,0.6747,-1,-1,-1
816,137,307.75,135.08,66.06,210.73,0.7723,-1,-1,-1
816,187,515.66,27.86,133.11,432.61,0.8742,-1,-1,-1
816,157,370.12,25.48,179.63,454.61,0.6098,-1,-1,-1
816,191,183.08,159.71,56.99,149.44,0.7007,-1,-1,-1
816,185,97.80,148.51,46.73,148.72,0.6950,-1,-1,-1
816,194,238.84,175.81,38.44,109.09,0.7412,-1,-1,-1
816,183,56.66,139.50,48.26,161.14,0.5155,-1,-1,-1
816,196,271.85,192.58,22.15,90.31,0.6533,-1,-1,-1
817,137,311.26,134.90,65.45,210.42,0.8088,-1,-1,-1
817,187,517.58,23.99,131.82,433.10,0.8914,-1,-1,-1
817,157,375.37,11.89,179.20,457.12,0.7705,-1,-1,-1
817,191,176.74,157.32,59.56,153.63,0.7470,-1,-1,-1
817,185,96.04,147.59,46.13,149.02,0.7005,-1,-1,-1
817,194,236.94,173.83,38.61,110.33,0.6611,-1,-1,-1
817,183,57.38,136.82,49.48,166.56,0.4930,-1,-1,-1
817,196,270.61,192.17,21.85,88.56,0.6620,-1,-1,-1
818,137,315.85,133.16,65.04,210.31,0.8177,-1,-1,-1
818,187,519.86,15.54,131.69,439.77,0.8189,-1,-1,-1
818,157,375.80,8.81,176.88,459.13,0.7861,-1,-1,-1
818,191,174.67,156.51,62.19,159.74,0.7516,-1,-1,-1
818,185,93.99,146.12,46.02,151.00,0.7058,-1,-1,-1
818,194,233.26,170.24,39.84,114.33,0.7655,-1,-1,-1
818,183,56.16,134.36,50.57,171.03,0.3476,-1,-1,-1
818,196,268.88,188.79,23.30,93.64,0.6999,-1,-1,-1
818,197,290.49,178.31,24.34,91.28,0.7279,-1,-1,-1
818,180,12.80,135.97,57.11,167.66,0.6364,-1,-1,-1
819,137,318.67,131.05,63.90,207.19,0.8329,-1,-1,-1
819,187,524.09,11.00,131.22,448.77,0.8776,-1,-1,-1
819,157,386.26,6.95,173.97,461.58,0.8688,-1,-1,-1
819,191,171.41,156.85,64.29,163.88,0.7695,-1,-1,-1
819,185,91.78,145.67,46.11,153.41,0.7345,-1,-1,-1
819,194,230.10,168.26,40.96,117.92,0.7898,-1,-1,-1
819,183,57.76,133.14,41.33,135.34,0.3456,-1,-1,-1
819,196,267.75,188.39,24.37,96.91,0.6754,-1,-1,-1
819,197,290.90,178.85,24.62,91.99,0.6380,-1,-1,-1
819,180,4.76,137.55,57.89,168.24,0.7189,-1,-1,-1
820,137,317.11,131.14,64.18,207.20,0.8125,-1,-1,-1
820,187,529.01,10.66,130.93,462.46,0.8741,-1,-1,-1
820,157,399.65,7.29,175.06,468.62,0.8326,-1,-1,-1
820,191,160.67,154.92,68.38,171.81,0.7141,-1,-1,-1
820,185,84.60,146.00,47.04,157.88,0.7491,-1,-1,-1
820,194,224.65,169.45,42.32,122.06,0.7660,-1,-1,-1
820,196,263.80,189.41,25.49,100.45,0.7277,-1,-1,-1
820,197,286.76,181.99,24.80,92.06,0.6393,-1,-1,-1
820,180,-0.94,141.66,56.16,167.31,0.7156,-1,-1,-1
821,137,314.00,129.66,64.21,205.69,0.8151,-1,-1,-1
821,187,533.64,10.22,128.09,467.99,0.8854,-1,-1,-1
821,157,400.69,4.64,174.85,474.42,0.8160,-1,-1,-1
821,191,151.15,149.93,71.27,178.28,0.7663,-1,-1,-1
821,185,77.90,143.79,47.15,158.67,0.7890,-1,-1,-1
821,194,217.94,167.06,43.32,125.36,0.7413,-1,-1,-1
821,196,257.50,187.91,26.31,103.06,0.6727,-1,-1,-1
821,197,281.56,178.80,25.79,95.02,0.6411,-1,-1,-1
821,180,-6.19,138.58,54.16,170.41,0.7426,-1,-1,-1
821,183,36.29,129.04,53.25,176.64,0.7398,-1,-1,-1
822,137,313.83,130.30,65.84,206.11,0.8354,-1,-1,-1
822,187,541.00,11.07,123.30,469.04,0.8535,-1,-1,-1
822,157,407.10,4.17,173.49,476.05,0.8658,-1,-1,-1
822,191,140.18,145.47,74.53,185.87,0.8067,-1,-1,-1
822,185,68.65,141.86,47.95,161.93,0.7521,-1,-1,-1
822,194,210.68,166.36,44.21,128.27,0.8000,-1,-1,-1
822,196,251.33,188.52,26.97,104.85,0.7233,-1,-1,-1
822,197,275.32,177.67,26.60,96.85,0.6782,-1,-1,-1
823,137,313.87,135.38,67.51,206.42,0.8051,-1,-1,-1
823,187,548.59,12.90,117.52,467.86,0.7657,-1,-1,-1
823,157,418.68,2.66,170.70,474.18,0.8634,-1,-1,-1
823,191,132.13,144.13,77.35,191.99,0.8535,-1,-1,-1
823,185,64.00,141.99,48.78,165.70,0.8120,-1,-1,-1
823,194,206.68,167.18,45.69,132.77,0.7767,-1,-1,-1
823,196,249.15,185.61,29.04,112.40,0.7213,-1,-1,-1
823,197,273.67,175.91,28.55,102.96,0.6378,-1,-1,-1
824,137,313.92,136.74,68.43,206.84,0.7841,-1,-1,-1
824,187,551.92,9.03,111.57,461.67,0.7304,-1,-1,-1
824,157,434.99,0.75,171.34,478.52,0.8450,-1,-1,-1
824,191,120.95,139.78,81.22,201.07,0.8517,-1,-1,-1
824,185,57.83,141.52,49.03,167.62,0.7651,-1,-1,-1
824,194,199.45,164.59,47.16,137.89,0.7685,-1,-1,-1
824,196,245.05,181.24,30.36,116.59,0.7710,-1,-1,-1
824,197,268.78,174.95,29.08,103.52,0.7262,-1,-1,-1
824,183,11.91,126.09,57.60,192.75,0.5982,-1,-1,-1
825,137,314.67,136.65,69.07,206.45,0.7867,-1,-1,-1
825,157,452.91,-0.40,173.14,480.55,0.8731,-1,-1,-1
825,191,106.02,136.89,87.01,211.79,0.8595,-1,-1,-1
825,185,50.65,138.94,49.98,171.55,0.7611,-1,-1,-1
825,194,191.50,160.43,48.81,143.02,0.7696,-1,-1,-1
825,196,240.83,180.86,31.82,119.95,0.7781,-1,-1,-1
825,197,264.89,173.90,29.98,105.58,0.6912,-1,-1,-1
825,198,388.31,113.27,68.86,240.99,0.6575,-1,-1,-1
826,137,314.56,132.53,69.18,205.50,0.8167,-1,-1,-1
826,157,464.14,-0.62,173.42,480.85,0.9122,-1,-1,-1
826,191,94.57,131.68,93.27,223.34,0.8858,-1,-1,-1
826,185,43.89,133.60,51.25,176.45,0.7047,-1,-1,-1
826,194,183.67,154.36,50.37,147.67,0.8042,-1,-1,-1
826,196,235.37,176.61,33.60,125.09,0.7521,-1,-1,-1
826,197,262.20,171.88,30.14,105.33,0.6679,-1,-1,-1
826,198,387.17,107.87,74.13,258.58,0.5899,-1,-1,-1
827,137,312.37,131.64,68.75,204.19,0.8228,-1,-1,-1
827,157,471.02,-0.42,172.86,480.86,0.8848,-1,-1,-1
827,191,75.11,125.86,99.21,237.68,0.8609,-1,-1,-1
827,185,32.10,130.75,52.08,181.02,0.6744,-1,-1,-1
827,194,168.80,154.88,53.39,153.46,0.8149,-1,-1,-1
827,196,225.58,178.30,35.43,130.07,0.7611,-1,-1,-1
827,197,254.96,173.22,31.10,107.92,0.6817,-1,-1,-1
827,198,382.65,110.62,77.53,268.86,0.8235,-1,-1,-1
828,137,312.02,131.53,68.63,204.33,0.8255,-1,-1,-1
828,157,478.85,-0.05,170.77,480.12,0.9011,-1,-1,-1
828,191,62.75,118.78,103.40,249.06,0.8610,-1,-1,-1
828,185,27.89,129.96,53.62,184.28,0.6802,-1,-1,-1
828,194,159.61,153.66,56.05,157.84,0.7978,-1,-1,-1
828,196,220.01,177.76,36.89,134.54,0.7915,-1,-1,-1
828,197,250.96,173.01,32.08,110.10,0.7182,-1,-1,-1
828,198,380.96,112.84,79.60,273.71,0.7754,-1,-1,-1
828,199,286.63,175.82,30.14,99.97,0.6321,-1,-1,-1
829,137,314.33,130.93,68.50,205.66,0.8097,-1,-1,-1
829,157,489.73,-0.05,167.22,480.35,0.8759,-1,-1,-1
829,191,53.51,112.00,107.31,260.99,0.8514,-1,-1,-1
829,185,22.30,127.65,54.27,187.20,0.7469,-1,-1,-1
829,194,153.57,150.16,59.04,166.31,0.8736,-1,-1,-1
829,196,215.85,175.74,38.49,138.64,0.7381,-1,-1,-1
829,197,248.07,169.64,33.99,114.72,0.6902,-1,-1,-1
829,198,385.58,113.28,81.79,277.48,0.7910,-1,-1,-1
829,199,288.93,172.96,30.58,101.24,0.6966,-1,-1,-1
830,137,317.53,136.36,67.47,203.94,0.8559,-1,-1,-1
830,157,499.46,-0.52,162.77,480.88,0.8586,-1,-1,-1
830,191,33.22,108.63,113.96,274.99,0.8580,-1,-1,-1
830,185,15.36,129.04,54.07,190.98,0.2874,-1,-1,-1
830,194,149.20,150.49,61.16,172.79,0.8621,-1,-1,-1
830,196,211.85,175.66,40.50,144.55,0.7117,-1,-1,-1
830,197,247.47,173.55,34.24,114.18,0.6783,-1,-1,-1
830,198,388.95,117.46,82.52,275.99,0.8317,-1,-1,-1
830,199,292.27,174.68,30.92,102.15,0.7840,-1,-1,-1
831,137,317.76,138.46,67.12,205.35,0.8277,-1,-1,-1
831,157,508.10,-0.53,157.27,479.72,0.8640,-1,-1,-1
831,191,15.98,104.81,120.23,289.23,0.8527,-1,-1,-1
831,185,6.42,140.38,50.51,182.40,0.2901,-1,-1,-1
831,194,141.22,146.08,63.74,180.88,0.8517,-1,-1,-1
831,196,206.64,172.03,42.62,151.53,0.7436,-1,-1,-1
831,197,243.33,171.44,35.44,118.22,0.7146,-1,-1,-1
831,198,387.76,116.57,84.47,278.60,0.8370,-1,-1,-1
831,199,290.50,174.33,31.11,102.12,0.7747,-1,-1,-1
832,137,313.78,135.61,66.76,205.35,0.8394,-1,-1,-1
832,157,520.69,-0.08,150.32,478.87,0.8524,-1,-1,-1
832,191,-3.57,91.80,129.45,316.57,0.8790,-1,-1,-1
832,194,126.80,136.52,67.06,189.89,0.8307,-1,-1,-1
832,196,194.08,164.82,45.39,161.39,0.7895,-1,-1,-1
832,197,235.15,165.17,37.58,123.48,0.7615,-1,-1,-1
832,198,381.21,111.01,84.85,277.18,0.8539,-1,-1,-1
832,199,284.70,168.41,31.88,103.75,0.7868,-1,-1,-1
833,137,311.99,134.01,66.56,205.78,0.8310,-1,-1,-1
833,157,529.97,0.13,143.37,478.32,0.8371,-1,-1,-1
833,191,-12.68,84.05,129.69,324.10,0.8577,-1,-1,-1
833,194,114.40,131.38,70.85,200.26,0.8618,-1,-1,-1
833,196,184.68,162.43,47.27,166.33,0.8043,-1,-1,-1
833,197,229.14,162.84,38.85,126.96,0.8046,-1,-1,-1
833,198,376.61,107.99,84.67,273.84,0.8536,-1,-1,-1
833,199,279.03,166.44,32.55,104.72,0.7798,-1,-1,-1
834,137,313.37,130.71,65.61,202.29,0.8308,-1,-1,-1
834,191,-19.88,78.89,126.12,325.73,0.8878,-1,-1,-1
834,194,104.15,127.43,73.95,207.71,0.8689,-1,-1,-1
834,196,176.74,160.35,49.88,174.45,0.8351,-1,-1,-1
834,197,225.40,159.34,40.69,132.19,0.7559,-1,-1,-1
834,198,375.66,105.17,85.04,273.28,0.8748,-1,-1,-1
834,199,275.57,166.68,32.79,104.30,0.8086,-1,-1,-1
835,137,313.92,127.60,65.65,201.55,0.7937,-1,-1,-1
835,191,-23.18,96.14,115.28,309.70,0.7032,-1,-1,-1
835,194,91.98,122.79,79.81,223.93,0.8827,-1,-1,-1
835,196,169.17,157.00,53.54,184.55,0.8136,-1,-1,-1
835,197,222.20,158.18,42.40,136.20,0.7635,-1,-1,-1
835,198,375.17,104.35,86.39,275.98,0.8717,-1,-1,-1
835,199,275.80,166.99,32.66,102.39,0.7933,-1,-1,-1
836,137,318.81,125.43,64.93,197.71,0.8524,-1,-1,-1
836,194,82.00,117.12,85.19,238.10,0.8688,-1,-1,-1
836,196,164.81,152.21,56.34,194.15,0.8415,-1,-1,-1
836,197,222.23,154.95,44.35,140.32,0.8356,-1,-1,-1
836,198,376.84,104.77,87.68,278.30,0.8711,-1,-1,-1
836,199,275.69,167.11,32.68,100.34,0.7786,-1,-1,-1
836,185,-4.66,110.62,58.13,213.45,0.7720,-1,-1,-1
837,137,326.77,127.22,63.52,191.02,0.8315,-1,-1,-1
837,194,74.01,112.58,89.96,250.64,0.8547,-1,-1,-1
837,196,160.37,146.94,59.37,205.46,0.8650,-1,-1,-1
837,197,223.39,151.92,46.86,146.69,0.8130,-1,-1,-1
837,198,381.11,108.08,88.60,279.29,0.8624,-1,-1,-1
837,199,277.42,167.58,33.66,100.87,0.8121,-1,-1,-1
837,185,-8.53,109.85,56.58,217.13,0.6799,-1,-1,-1
