1,13,504.23,134.75,51.32,176.82,0.3697,-1,-1,-1
1,12,273.16,379.09,52.46,212.34,0.3722,-1,-1,-1
1,11,1047.11,133.10,62.93,182.86,0.4451,-1,-1,-1
1,10,789.25,145.31,64.25,178.74,0.4615,-1,-1,-1
1,9,225.79,399.55,64.29,198.93,0.5120,-1,-1,-1
1,8,546.14,146.37,57.90,183.43,0.5199,-1,-1,-1
1,7,1103.64,210.06,56.22,179.71,0.5272,-1,-1,-1
1,6,0.22,880.55,41.49,199.45,0.5314,-1,-1,-1
1,5,1355.87,569.75,82.09,221.03,0.5502,-1,-1,-1
1,4,1732.44,452.88,73.78,221.08,0.6224,-1,-1,-1
1,3,1095.29,980.86,73.74,99.14,0.6922,-1,-1,-1
1,2,104.36,546.39,73.26,245.35,0.7261,-1,-1,-1
1,1,371.74,408.30,79.69,239.71,0.7909,-1,-1,-1
2,13,503.49,134.34,51.08,176.80,0.3705,-1,-1,-1
2,12,267.80,379.30,55.12,210.42,0.4318,-1,-1,-1
2,11,1046.10,132.97,63.96,181.98,0.4650,-1,-1,-1
2,10,789.65,145.29,64.44,178.93,0.4607,-1,-1,-1
2,9,225.15,398.11,65.27,199.37,0.4912,-1,-1,-1
2,8,545.59,146.85,57.54,184.06,0.5063,-1,-1,-1
2,7,1098.11,211.84,58.34,178.31,0.4731,-1,-1,-1
2,6,0.21,877.98,39.83,201.49,0.3836,-1,-1,-1
2,5,1355.90,570.12,81.71,217.40,0.5678,-1,-1,-1
2,4,1730.49,455.09,75.26,215.34,0.6081,-1,-1,-1
2,3,1101.04,981.21,71.39,98.79,0.6897,-1,-1,-1
2,2,104.29,546.54,72.95,245.65,0.7255,-1,-1,-1
2,1,372.25,408.12,80.23,239.82,0.7976,-1,-1,-1
3,13,504.09,133.73,49.71,168.81,0.3938,-1,-1,-1
3,12,259.66,365.54,66.11,227.40,0.3911,-1,-1,-1
3,11,1045.33,132.76,64.47,179.35,0.4986,-1,-1,-1
3,10,788.77,145.15,64.98,178.57,0.4543,-1,-1,-1
3,9,223.02,396.57,67.80,202.33,0.4721,-1,-1,-1
3,8,544.83,147.54,58.27,183.55,0.4872,-1,-1,-1
3,7,1092.11,213.76,61.98,177.21,0.5649,-1,-1,-1
3,6,0.23,877.50,39.69,201.52,0.3534,-1,-1,-1
3,5,1356.47,570.00,81.16,216.81,0.5668,-1,-1,-1
3,4,1731.07,452.79,73.86,220.26,0.6004,-1,-1,-1
3,3,1105.43,980.86,71.89,99.14,0.6965,-1,-1,-1
3,2,104.65,546.07,73.45,246.89,0.7315,-1,-1,-1
3,1,373.52,407.77,78.76,241.42,0.7820,-1,-1,-1
4,13,500.40,135.64,53.39,174.26,0.4402,-1,-1,-1
4,12,265.55,384.65,56.67,209.31,0.4012,-1,-1,-1
4,11,1045.42,133.68,63.02,179.73,0.4594,-1,-1,-1
4,10,789.57,144.63,64.02,178.14,0.4698,-1,-1,-1
4,9,221.54,396.87,69.81,202.34,0.4801,-1,-1,-1
4,8,546.47,145.14,55.86,183.74,0.4677,-1,-1,-1
4,7,1087.09,210.84,64.02,180.48,0.5527,-1,-1,-1
4,6,0.30,876.13,43.68,203.37,0.5372,-1,-1,-1
4,5,1356.13,570.23,82.89,217.38,0.5753,-1,-1,-1
4,4,1729.40,452.63,73.99,216.59,0.6207,-1,-1,-1
4,3,1108.34,978.75,72.30,101.25,0.6949,-1,-1,-1
4,2,104.12,545.73,73.18,247.20,0.7229,-1,-1,-1
4,1,372.59,407.24,80.10,241.00,0.7960,-1,-1,-1
5,13,501.54,135.44,50.78,167.76,0.4852,-1,-1,-1
5,12,267.87,380.42,50.90,208.60,0.3867,-1,-1,-1
5,11,1044.06,134.18,65.43,161.02,0.3777,-1,-1,-1
5,10,789.05,145.92,65.08,176.61,0.4964,-1,-1,-1
5,9,221.00,396.94,72.09,200.15,0.3744,-1,-1,-1
5,8,545.83,145.06,56.39,186.76,0.5047,-1,-1,-1
5,7,1072.27,210.40,79.10,178.53,0.5396,-1,-1,-1
5,6,0.34,874.12,45.27,204.95,0.5588,-1,-1,-1
5,5,1355.81,570.07,82.34,213.77,0.6075,-1,-1,-1
5,4,1728.62,452.21,74.17,218.65,0.6547,-1,-1,-1
5,3,1112.75,975.85,72.25,104.15,0.6966,-1,-1,-1
5,2,104.16,545.91,72.44,246.94,0.7242,-1,-1,-1
5,1,374.76,406.76,78.78,241.19,0.7979,-1,-1,-1
6,13,502.44,136.93,49.22,167.26,0.5142,-1,-1,-1
6,12,267.92,379.71,48.23,208.54,0.3931,-1,-1,-1
6,11,1043.64,135.22,64.39,154.15,0.3075,-1,-1,-1
6,10,787.79,145.24,65.12,178.23,0.5058,-1,-1,-1
6,9,218.99,392.35,75.36,204.16,0.3009,-1,-1,-1
6,8,545.22,148.11,55.42,186.15,0.5160,-1,-1,-1
6,7,1062.85,208.98,88.99,179.76,0.5801,-1,-1,-1
6,6,0.37,871.83,46.09,207.61,0.6052,-1,-1,-1
6,5,1356.92,570.12,81.32,213.46,0.6186,-1,-1,-1
6,4,1726.79,455.06,75.15,215.63,0.6519,-1,-1,-1
6,3,1114.37,975.83,72.90,104.17,0.6914,-1,-1,-1
6,2,104.39,546.13,72.62,246.62,0.7309,-1,-1,-1
6,1,375.00,405.93,79.37,239.88,0.7853,-1,-1,-1
7,13,501.85,139.32,48.83,165.62,0.4796,-1,-1,-1
7,12,266.26,380.41,48.86,197.45,0.3572,-1,-1,-1
7,11,1042.78,136.85,63.98,156.52,0.2917,-1,-1,-1
7,10,788.45,145.43,65.60,177.94,0.5155,-1,-1,-1
7,9,217.76,397.35,65.11,198.90,0.2909,-1,-1,-1
7,8,544.20,148.74,54.17,186.95,0.5407,-1,-1,-1
7,7,1054.30,208.03,98.87,181.34,0.5519,-1,-1,-1
7,6,0.35,870.96,47.04,208.49,0.5964,-1,-1,-1
7,5,1356.28,570.35,82.20,212.92,0.6337,-1,-1,-1
7,4,1726.49,454.37,74.55,212.34,0.6313,-1,-1,-1
7,3,1116.55,973.95,70.91,106.05,0.7061,-1,-1,-1
7,2,104.12,545.99,72.65,245.83,0.7309,-1,-1,-1
7,1,375.75,404.67,80.51,240.00,0.7800,-1,-1,-1
8,14,1798.96,206.54,60.53,186.58,0.3110,-1,-1,-1
8,13,499.35,141.56,52.89,174.82,0.4573,-1,-1,-1
8,12,264.52,381.27,49.50,188.21,0.3174,-1,-1,-1
8,10,788.01,146.03,65.59,176.73,0.5035,-1,-1,-1
8,8,544.69,146.59,53.00,188.91,0.5502,-1,-1,-1
8,7,1053.39,211.83,100.64,177.07,0.5409,-1,-1,-1
8,6,0.25,871.75,46.37,206.80,0.5825,-1,-1,-1
8,5,1356.58,569.89,81.48,214.94,0.6131,-1,-1,-1
8,4,1724.08,454.80,75.86,208.56,0.6457,-1,-1,-1
8,3,1119.06,973.44,70.23,106.56,0.7075,-1,-1,-1
8,2,104.90,546.15,72.93,246.69,0.7357,-1,-1,-1
8,1,376.74,402.03,80.01,238.82,0.7694,-1,-1,-1
9,14,1799.40,208.20,62.01,186.63,0.3260,-1,-1,-1
9,13,500.74,141.81,49.61,174.05,0.4444,-1,-1,-1
9,12,265.33,380.47,46.54,179.63,0.2717,-1,-1,-1
9,10,787.95,145.71,65.38,175.61,0.4782,-1,-1,-1
9,8,544.79,147.88,51.79,189.61,0.4971,-1,-1,-1
9,7,1049.57,210.74,105.34,175.11,0.5093,-1,-1,-1
9,6,0.27,869.65,46.47,209.46,0.5592,-1,-1,-1
9,5,1356.71,570.48,81.17,214.30,0.6150,-1,-1,-1
9,4,1723.74,454.33,75.39,210.53,0.6353,-1,-1,-1
9,3,1124.61,973.78,67.51,106.22,0.6695,-1,-1,-1
9,2,104.66,546.07,73.73,246.85,0.7442,-1,-1,-1
9,1,376.86,401.74,81.46,237.10,0.7680,-1,-1,-1
10,14,1799.56,212.00,64.65,187.52,0.3413,-1,-1,-1
10,13,498.36,142.14,52.13,174.98,0.4334,-1,-1,-1
10,12,265.16,384.46,45.77,171.82,0.3149,-1,-1,-1
10,11,1040.47,138.15,67.53,162.32,0.2765,-1,-1,-1
10,10,788.15,145.79,65.12,177.35,0.4860,-1,-1,-1
10,8,543.43,148.82,52.08,192.07,0.4778,-1,-1,-1
10,7,1046.34,211.72,107.49,172.67,0.4666,-1,-1,-1
10,6,0.27,864.38,46.95,214.15,0.5662,-1,-1,-1
10,5,1356.15,569.36,82.48,216.38,0.6149,-1,-1,-1
10,4,1724.34,454.69,74.36,210.06,0.6109,-1,-1,-1
10,3,1127.94,973.37,67.04,106.63,0.6884,-1,-1,-1
10,2,104.84,545.86,74.00,246.63,0.7398,-1,-1,-1
10,1,377.34,400.26,81.33,236.04,0.7579,-1,-1,-1
11,15,882.25,129.74,83.23,177.90,0.2941,-1,-1,-1
11,14,1802.52,218.37,62.49,177.28,0.3486,-1,-1,-1
11,13,498.58,142.66,51.09,175.87,0.4250,-1,-1,-1
11,12,261.16,385.09,49.45,194.40,0.3791,-1,-1,-1
11,11,1036.55,138.48,74.02,171.79,0.2849,-1,-1,-1
11,10,788.05,145.66,65.51,177.38,0.4869,-1,-1,-1
11,8,542.08,148.71,52.56,192.92,0.4814,-1,-1,-1
11,7,1044.94,209.63,102.37,174.57,0.4527,-1,-1,-1
11,6,0.25,862.02,46.06,216.34,0.5578,-1,-1,-1
11,5,1356.34,569.74,82.39,216.00,0.6410,-1,-1,-1
11,4,1723.81,459.66,75.02,205.46,0.6068,-1,-1,-1
11,3,1130.36,974.03,67.74,105.97,0.6689,-1,-1,-1
11,2,104.52,546.20,74.08,246.78,0.7415,-1,-1,-1
11,1,378.65,397.91,80.71,233.78,0.7549,-1,-1,-1
12,15,881.73,130.31,83.99,177.55,0.2874,-1,-1,-1
12,14,1802.25,219.75,64.23,175.06,0.3372,-1,-1,-1
12,13,497.09,144.18,52.89,174.27,0.4130,-1,-1,-1
12,12,260.43,386.65,48.74,187.22,0.2875,-1,-1,-1
12,10,788.07,145.85,65.28,177.82,0.4829,-1,-1,-1
12,9,211.33,381.48,68.90,200.77,0.2677,-1,-1,-1
12,8,541.81,149.31,53.17,191.47,0.5004,-1,-1,-1
12,7,1046.15,207.33,95.15,176.93,0.3602,-1,-1,-1
12,6,0.50,855.27,46.96,222.15,0.5761,-1,-1,-1
12,5,1357.04,569.58,80.39,215.28,0.6334,-1,-1,-1
12,4,1723.61,459.64,75.14,205.43,0.6361,-1,-1,-1
12,3,1133.89,973.46,67.30,106.54,0.6721,-1,-1,-1
12,2,104.23,546.13,75.12,247.14,0.7370,-1,-1,-1
12,1,378.12,396.62,81.70,233.94,0.7531,-1,-1,-1
13,15,881.54,129.78,85.76,178.77,0.3490,-1,-1,-1
13,14,1802.07,221.69,68.08,177.97,0.3711,-1,-1,-1
13,13,496.70,144.86,52.85,175.01,0.3769,-1,-1,-1
13,10,788.30,146.40,65.18,177.43,0.5104,-1,-1,-1
13,9,211.43,393.96,63.61,180.14,0.3495,-1,-1,-1
13,8,539.61,149.62,55.71,191.85,0.5204,-1,-1,-1
13,7,1045.40,200.20,81.63,185.52,0.2674,-1,-1,-1
13,6,0.22,850.74,46.03,226.47,0.5892,-1,-1,-1
13,5,1356.60,570.17,81.18,213.35,0.6362,-1,-1,-1
13,4,1724.41,457.77,73.75,207.69,0.6627,-1,-1,-1
13,3,1135.84,973.01,66.31,106.99,0.6343,-1,-1,-1
13,2,104.23,545.90,75.73,247.93,0.7420,-1,-1,-1
13,1,378.37,395.27,81.90,232.06,0.7611,-1,-1,-1
14,15,880.61,130.06,87.14,177.91,0.4143,-1,-1,-1
14,14,1802.95,222.45,66.67,177.11,0.3743,-1,-1,-1
14,13,494.39,143.80,54.54,176.55,0.4112,-1,-1,-1
14,10,788.67,146.12,64.11,177.53,0.5246,-1,-1,-1
14,9,209.59,397.00,64.14,178.26,0.3801,-1,-1,-1
14,8,538.37,151.08,55.82,191.29,0.5043,-1,-1,-1
14,6,0.22,849.22,46.85,228.54,0.6077,-1,-1,-1
14,5,1357.30,569.92,80.46,214.56,0.6138,-1,-1,-1
14,4,1722.95,459.69,76.40,206.72,0.6575,-1,-1,-1
14,3,1139.16,972.75,64.21,107.25,0.6311,-1,-1,-1
14,2,104.05,545.90,75.96,248.51,0.7473,-1,-1,-1
14,1,379.22,394.80,81.15,231.23,0.7608,-1,-1,-1
15,15,879.72,130.60,86.47,177.64,0.3798,-1,-1,-1
15,14,1804.20,223.33,67.14,185.46,0.3939,-1,-1,-1
15,13,494.14,143.36,53.88,177.89,0.3862,-1,-1,-1
15,11,1032.16,143.11,63.90,175.53,0.2589,-1,-1,-1
15,10,787.89,147.03,65.50,175.47,0.5363,-1,-1,-1
15,9,208.81,390.38,62.82,184.42,0.3152,-1,-1,-1
15,8,537.17,152.10,55.70,191.41,0.5037,-1,-1,-1
15,7,1047.74,203.49,64.10,176.96,0.2947,-1,-1,-1
15,6,0.22,849.34,47.38,229.46,0.5867,-1,-1,-1
15,5,1356.78,570.63,80.50,212.76,0.6059,-1,-1,-1
15,4,1724.37,454.71,74.26,211.73,0.6514,-1,-1,-1
15,3,1140.55,973.36,64.38,106.08,0.5996,-1,-1,-1
15,2,104.39,546.02,75.66,247.99,0.7550,-1,-1,-1
15,1,379.85,393.56,81.24,231.74,0.7611,-1,-1,-1
16,15,880.05,131.83,86.09,179.21,0.3335,-1,-1,-1
16,14,1804.60,224.29,69.25,188.87,0.3867,-1,-1,-1
16,13,493.42,143.10,54.58,178.57,0.3327,-1,-1,-1
16,12,249.63,386.19,55.48,184.19,0.3557,-1,-1,-1
16,10,788.98,146.99,64.20,175.50,0.5044,-1,-1,-1
16,9,208.12,382.37,58.82,193.82,0.3675,-1,-1,-1
16,8,534.11,153.94,57.34,188.04,0.5246,-1,-1,-1
16,7,1033.06,144.45,62.36,173.47,0.2976,-1,-1,-1
16,6,0.20,849.54,48.70,229.10,0.5055,-1,-1,-1
16,5,1356.74,570.17,80.24,213.84,0.6198,-1,-1,-1
16,4,1725.16,455.05,72.95,210.54,0.6561,-1,-1,-1
16,3,1145.08,972.94,62.85,105.98,0.5674,-1,-1,-1
16,2,104.51,546.33,75.25,246.85,0.7503,-1,-1,-1
16,1,380.21,393.04,80.71,232.55,0.7661,-1,-1,-1
17,15,880.85,132.27,84.80,177.28,0.3207,-1,-1,-1
17,14,1806.38,225.72,66.73,191.43,0.3620,-1,-1,-1
17,13,493.39,145.03,54.14,177.02,0.3618,-1,-1,-1
17,12,247.26,381.57,57.58,189.60,0.3621,-1,-1,-1
17,10,788.71,147.10,64.39,174.60,0.4926,-1,-1,-1
17,9,207.37,379.94,58.64,197.37,0.3344,-1,-1,-1
17,8,533.13,156.40,58.48,187.30,0.6089,-1,-1,-1
17,7,1036.04,144.87,57.66,177.26,0.2803,-1,-1,-1
17,6,0.26,848.55,50.88,231.43,0.5543,-1,-1,-1
17,5,1356.60,569.93,81.83,215.16,0.6045,-1,-1,-1
17,4,1722.96,458.67,76.40,208.75,0.6403,-1,-1,-1
17,3,1148.83,973.14,59.72,106.86,0.5349,-1,-1,-1
17,2,104.04,546.93,76.82,245.81,0.7452,-1,-1,-1
17,1,380.64,391.63,81.42,234.84,0.7514,-1,-1,-1
18,15,880.45,132.76,84.71,178.25,0.3424,-1,-1,-1
18,14,1806.35,226.36,69.11,191.35,0.3824,-1,-1,-1
18,13,493.19,143.22,53.64,179.15,0.3685,-1,-1,-1
18,12,246.73,383.70,56.73,187.49,0.4090,-1,-1,-1
18,10,789.20,147.24,63.95,174.41,0.5334,-1,-1,-1
18,9,207.65,383.03,56.01,192.67,0.3619,-1,-1,-1
18,8,531.59,156.03,57.67,186.62,0.6046,-1,-1,-1
18,7,1031.69,143.99,60.32,183.57,0.3239,-1,-1,-1
18,6,0.25,847.89,52.19,232.00,0.5060,-1,-1,-1
18,5,1356.67,569.88,80.80,214.57,0.6189,-1,-1,-1
18,4,1723.39,458.01,76.14,208.49,0.6457,-1,-1,-1
18,3,1151.98,973.30,57.47,106.70,0.5307,-1,-1,-1
18,2,104.23,546.52,76.36,245.83,0.7477,-1,-1,-1
18,1,380.59,389.82,81.89,237.56,0.7523,-1,-1,-1
19,15,881.90,134.31,81.21,174.47,0.2545,-1,-1,-1
19,14,1808.79,227.10,69.12,190.37,0.3602,-1,-1,-1
19,13,493.42,145.47,53.17,177.04,0.2954,-1,-1,-1
19,12,246.30,379.96,55.53,191.63,0.4173,-1,-1,-1
19,11,1030.44,143.82,61.04,185.56,0.4158,-1,-1,-1
19,10,789.07,146.84,63.75,174.55,0.4811,-1,-1,-1
19,9,206.44,382.04,56.80,195.85,0.4005,-1,-1,-1
19,8,530.07,159.52,58.06,182.89,0.5462,-1,-1,-1
19,6,0.26,845.80,52.48,234.06,0.5323,-1,-1,-1
19,5,1357.01,569.99,80.17,214.98,0.6407,-1,-1,-1
19,4,1723.72,454.89,74.95,211.46,0.6468,-1,-1,-1
19,3,1154.01,972.75,57.69,107.25,0.5202,-1,-1,-1
19,2,104.41,546.57,76.05,246.20,0.7461,-1,-1,-1
19,1,380.77,388.50,82.75,238.78,0.7553,-1,-1,-1
20,14,1809.84,227.40,69.97,189.43,0.3429,-1,-1,-1
20,13,492.55,147.81,52.58,174.32,0.2660,-1,-1,-1
20,12,245.11,375.22,54.26,193.68,0.3155,-1,-1,-1
20,11,1027.41,144.53,63.42,234.24,0.4032,-1,-1,-1
20,10,789.14,147.87,64.16,173.94,0.4957,-1,-1,-1
20,9,204.72,389.63,58.07,185.32,0.4156,-1,-1,-1
20,8,530.52,158.62,55.24,184.03,0.5439,-1,-1,-1
20,6,0.25,845.99,52.44,234.01,0.4762,-1,-1,-1
20,5,1357.07,570.68,80.06,214.00,0.6496,-1,-1,-1
20,4,1723.66,458.94,75.82,206.98,0.6300,-1,-1,-1
20,3,1157.15,972.95,55.66,107.05,0.5109,-1,-1,-1
20,2,104.31,546.56,75.87,245.95,0.7459,-1,-1,-1
20,1,380.63,387.07,82.82,240.28,0.7478,-1,-1,-1
21,14,1813.01,224.13,75.06,190.93,0.2929,-1,-1,-1
21,13,490.77,148.51,53.89,174.74,0.2712,-1,-1,-1
21,12,245.26,375.72,51.53,189.39,0.3459,-1,-1,-1
21,10,788.63,147.62,64.80,174.45,0.4868,-1,-1,-1
21,9,203.59,376.42,57.86,197.85,0.4009,-1,-1,-1
21,8,530.74,158.79,54.22,183.79,0.5888,-1,-1,-1
21,7,1030.13,145.05,60.06,175.98,0.2856,-1,-1,-1
21,6,0.34,838.97,53.62,238.69,0.5224,-1,-1,-1
21,5,1357.71,570.39,79.19,216.31,0.6139,-1,-1,-1
21,4,1723.50,458.14,75.80,208.40,0.6346,-1,-1,-1
21,3,1157.49,973.55,57.24,106.45,0.5028,-1,-1,-1
21,2,104.28,546.40,75.89,246.46,0.7433,-1,-1,-1
21,1,380.45,386.34,83.33,240.30,0.7590,-1,-1,-1
22,16,1603.29,245.15,66.05,180.23,0.2865,-1,-1,-1
22,14,1816.92,224.60,73.07,188.76,0.2845,-1,-1,-1
22,13,488.83,146.25,55.62,177.45,0.2733,-1,-1,-1
22,12,245.06,375.89,46.50,191.59,0.2695,-1,-1,-1
22,11,1002.27,144.79,88.47,234.87,0.3484,-1,-1,-1
22,10,789.32,147.72,64.36,175.32,0.4619,-1,-1,-1
22,9,203.86,370.90,61.72,202.49,0.3311,-1,-1,-1
22,8,528.92,155.48,54.40,187.66,0.5040,-1,-1,-1
22,6,0.26,842.27,53.38,237.72,0.5430,-1,-1,-1
22,5,1357.41,570.09,79.55,214.97,0.6387,-1,-1,-1
22,4,1724.16,458.51,74.50,207.40,0.6686,-1,-1,-1
22,3,1156.33,974.81,58.91,105.19,0.5593,-1,-1,-1
22,2,104.10,546.87,76.17,245.44,0.7384,-1,-1,-1
22,1,380.84,386.39,82.99,239.40,0.7580,-1,-1,-1
23,16,1602.64,244.09,61.92,178.08,0.2600,-1,-1,-1
23,14,1817.89,228.66,70.02,189.77,0.2935,-1,-1,-1
23,13,491.62,149.99,52.00,175.74,0.2550,-1,-1,-1
23,10,790.46,148.63,61.24,174.14,0.4304,-1,-1,-1
23,9,204.56,371.10,56.56,196.66,0.2677,-1,-1,-1
23,8,527.86,157.59,51.94,187.00,0.4694,-1,-1,-1
23,7,1025.06,146.17,64.61,179.97,0.3875,-1,-1,-1
23,6,0.27,842.97,53.32,235.78,0.5669,-1,-1,-1
23,5,1356.80,569.90,80.74,215.22,0.6145,-1,-1,-1
23,4,1724.53,457.39,74.07,207.83,0.6399,-1,-1,-1
23,3,1158.41,973.83,61.24,106.17,0.5507,-1,-1,-1
23,2,104.26,546.46,75.91,245.63,0.7396,-1,-1,-1
23,1,381.76,385.50,81.66,238.36,0.7570,-1,-1,-1
24,16,1599.92,243.61,65.80,183.64,0.2681,-1,-1,-1
24,14,1821.10,230.56,68.35,189.50,0.3510,-1,-1,-1
24,10,789.41,148.29,64.62,173.63,0.4286,-1,-1,-1
24,9,202.37,353.95,66.57,218.18,0.3055,-1,-1,-1
24,8,524.62,157.16,55.24,187.83,0.4248,-1,-1,-1
24,7,1022.84,147.39,66.30,178.68,0.3213,-1,-1,-1
24,6,0.27,839.71,54.50,235.96,0.5363,-1,-1,-1
24,5,1356.59,569.69,80.98,217.82,0.5897,-1,-1,-1
24,4,1723.96,455.13,74.35,211.35,0.6436,-1,-1,-1
24,3,1159.22,974.98,61.45,105.02,0.5500,-1,-1,-1
24,2,104.29,546.56,76.28,245.72,0.7383,-1,-1,-1
24,1,381.55,385.18,81.56,237.54,0.7572,-1,-1,-1
25,16,1598.63,243.84,64.47,186.37,0.2558,-1,-1,-1
25,14,1822.43,233.37,68.33,193.61,0.3877,-1,-1,-1
25,10,789.23,147.38,64.84,175.38,0.4320,-1,-1,-1
25,9,201.63,349.78,68.73,220.78,0.2660,-1,-1,-1
25,8,524.81,159.30,54.43,184.32,0.4365,-1,-1,-1
25,7,1018.91,148.10,68.51,188.41,0.2727,-1,-1,-1
25,6,0.33,835.30,54.97,238.81,0.5026,-1,-1,-1
25,5,1357.15,570.37,79.10,212.58,0.6130,-1,-1,-1
25,4,1722.35,458.23,76.18,208.79,0.6545,-1,-1,-1
25,3,1159.84,974.80,62.08,105.20,0.5632,-1,-1,-1
25,2,103.90,546.89,76.72,246.04,0.7385,-1,-1,-1
25,1,381.64,384.17,80.61,236.85,0.7571,-1,-1,-1
26,16,1597.92,245.10,61.70,181.01,0.2625,-1,-1,-1
26,15,880.43,142.41,47.93,174.42,0.2535,-1,-1,-1
26,14,1826.35,236.56,66.20,192.45,0.3704,-1,-1,-1
26,10,788.65,147.91,66.28,175.37,0.4476,-1,-1,-1
26,9,200.42,350.05,68.84,221.50,0.2897,-1,-1,-1
26,8,525.66,161.00,52.69,183.26,0.4216,-1,-1,-1
26,7,976.75,150.43,110.20,226.66,0.2661,-1,-1,-1
26,6,0.26,833.65,55.81,231.36,0.5687,-1,-1,-1
26,5,1356.77,570.61,80.56,213.18,0.6087,-1,-1,-1
26,4,1723.25,453.24,73.92,214.46,0.6372,-1,-1,-1
26,3,1161.26,975.13,61.93,104.87,0.5970,-1,-1,-1
26,2,103.36,546.11,77.42,247.47,0.7373,-1,-1,-1
26,1,382.34,382.91,79.69,237.23,0.7686,-1,-1,-1
27,16,1595.43,243.03,62.48,184.31,0.2853,-1,-1,-1
27,14,1827.94,238.15,65.39,191.25,0.3470,-1,-1,-1
27,11,978.22,206.41,104.80,170.76,0.4324,-1,-1,-1
27,10,789.62,147.89,64.87,174.78,0.4483,-1,-1,-1
27,9,198.95,348.26,72.77,223.04,0.3694,-1,-1,-1
27,8,526.14,160.81,51.98,185.43,0.3656,-1,-1,-1
27,7,1009.34,148.08,78.40,208.52,0.2697,-1,-1,-1
27,6,0.34,829.96,56.77,234.99,0.6074,-1,-1,-1
27,5,1356.56,569.99,80.41,214.88,0.5874,-1,-1,-1
27,4,1723.12,455.98,73.92,212.06,0.6525,-1,-1,-1
27,3,1162.96,975.05,62.61,104.95,0.6075,-1,-1,-1
27,2,103.37,546.11,76.86,247.22,0.7380,-1,-1,-1
27,1,381.57,381.19,81.05,237.48,0.7793,-1,-1,-1
28,16,1594.33,241.94,63.47,183.47,0.3112,-1,-1,-1
28,14,1828.75,238.79,66.61,193.52,0.2813,-1,-1,-1
28,12,197.82,351.68,71.86,222.69,0.4000,-1,-1,-1
28,10,790.71,148.75,60.05,173.48,0.4502,-1,-1,-1
28,8,524.04,160.85,54.12,187.71,0.2956,-1,-1,-1
28,6,0.03,827.63,58.87,232.50,0.6337,-1,-1,-1
28,5,1356.75,569.37,80.86,216.44,0.5884,-1,-1,-1
28,4,1723.22,455.39,73.74,211.64,0.6405,-1,-1,-1
28,3,1164.46,975.86,63.22,104.14,0.6168,-1,-1,-1
28,2,103.00,546.84,77.21,245.95,0.7386,-1,-1,-1
28,1,381.77,379.26,82.37,238.12,0.7725,-1,-1,-1
29,16,1593.32,241.52,64.12,182.00,0.3308,-1,-1,-1
29,14,1829.52,241.36,67.22,194.01,0.2552,-1,-1,-1
29,12,197.31,354.46,70.51,217.26,0.3250,-1,-1,-1
29,10,791.08,148.59,59.45,174.37,0.4575,-1,-1,-1
29,8,521.26,161.70,56.04,189.33,0.2800,-1,-1,-1
29,7,1025.96,151.38,60.55,169.45,0.3197,-1,-1,-1
29,6,0.19,826.23,59.63,228.05,0.6978,-1,-1,-1
29,5,1356.61,569.84,81.36,215.23,0.6248,-1,-1,-1
29,4,1723.12,457.52,74.29,208.49,0.6505,-1,-1,-1
29,3,1165.15,975.86,65.32,104.14,0.6355,-1,-1,-1
29,2,102.79,546.29,77.59,246.54,0.7458,-1,-1,-1
29,1,382.81,377.70,81.87,238.10,0.7811,-1,-1,-1
30,16,1593.93,240.28,61.50,183.44,0.3560,-1,-1,-1
30,15,874.73,141.87,52.00,178.22,0.2602,-1,-1,-1
30,12,196.20,356.78,68.92,213.09,0.3167,-1,-1,-1
30,10,790.65,148.29,59.51,174.35,0.4577,-1,-1,-1
30,8,523.36,163.69,53.46,187.25,0.3047,-1,-1,-1
30,7,1022.29,152.87,66.83,178.15,0.2715,-1,-1,-1
30,6,0.01,822.93,60.09,228.21,0.6768,-1,-1,-1
30,5,1356.84,569.87,79.81,215.80,0.6175,-1,-1,-1
30,4,1723.08,457.50,75.15,208.49,0.6635,-1,-1,-1
30,3,1167.13,977.04,65.16,102.90,0.6207,-1,-1,-1
30,2,103.10,547.24,77.42,245.28,0.7384,-1,-1,-1
30,1,383.00,376.29,83.77,236.76,0.7850,-1,-1,-1
31,16,1589.87,238.47,62.07,181.35,0.3098,-1,-1,-1
31,12,194.78,357.71,68.61,209.51,0.3468,-1,-1,-1
31,10,790.44,148.08,60.23,175.61,0.4275,-1,-1,-1
31,8,494.03,156.74,86.37,197.84,0.2943,-1,-1,-1
31,7,1021.86,154.91,68.12,183.85,0.3513,-1,-1,-1
31,6,0.33,817.17,59.63,238.91,0.6489,-1,-1,-1
31,5,1356.66,569.74,80.37,213.79,0.5920,-1,-1,-1
31,4,1723.29,455.01,73.37,212.44,0.6548,-1,-1,-1
31,3,1168.25,977.37,66.02,102.63,0.6154,-1,-1,-1
31,2,103.10,546.82,76.79,246.45,0.7401,-1,-1,-1
31,1,383.77,374.72,87.18,232.94,0.7518,-1,-1,-1
32,16,1589.35,236.38,59.50,183.36,0.3029,-1,-1,-1
32,12,192.85,348.75,70.25,215.32,0.3977,-1,-1,-1
32,10,791.69,148.88,58.94,174.76,0.4569,-1,-1,-1
32,8,494.56,159.81,83.05,196.03,0.2693,-1,-1,-1
32,6,0.42,815.19,59.84,243.81,0.6158,-1,-1,-1
32,5,1356.48,569.79,80.06,214.35,0.6046,-1,-1,-1
32,4,1722.68,457.49,75.31,209.03,0.6535,-1,-1,-1
32,3,1169.11,978.24,66.69,101.76,0.6744,-1,-1,-1
32,2,103.10,546.67,76.38,246.51,0.7473,-1,-1,-1
32,1,383.72,373.17,91.28,232.26,0.7458,-1,-1,-1
33,16,1588.22,236.37,58.62,179.40,0.2838,-1,-1,-1
33,14,1834.81,250.15,71.64,191.26,0.3139,-1,-1,-1
33,12,190.09,348.72,70.67,217.46,0.4238,-1,-1,-1
33,10,790.75,149.10,59.64,174.04,0.4375,-1,-1,-1
33,8,492.90,159.44,84.16,196.53,0.3927,-1,-1,-1
33,7,1019.47,157.04,67.35,183.94,0.3646,-1,-1,-1
33,6,0.38,813.51,60.86,248.84,0.6212,-1,-1,-1
33,5,1356.12,569.35,81.36,217.82,0.6024,-1,-1,-1
33,4,1722.36,457.36,75.12,210.34,0.6572,-1,-1,-1
33,3,1170.88,979.18,66.95,100.82,0.6784,-1,-1,-1
33,2,102.75,546.72,78.09,246.62,0.7486,-1,-1,-1
33,1,384.19,370.80,93.04,232.83,0.7504,-1,-1,-1
34,14,1835.88,250.54,68.41,190.06,0.3189,-1,-1,-1
34,12,188.69,353.62,69.27,208.66,0.4164,-1,-1,-1
34,10,790.49,148.57,59.20,175.32,0.4324,-1,-1,-1
34,8,493.05,160.64,81.91,195.02,0.3899,-1,-1,-1
34,7,1021.60,154.94,61.43,187.80,0.4149,-1,-1,-1
34,6,0.45,811.60,61.21,249.19,0.6135,-1,-1,-1
34,5,1356.91,569.29,80.93,216.63,0.5996,-1,-1,-1
34,4,1722.78,458.29,74.11,207.85,0.6499,-1,-1,-1
34,3,1173.91,981.25,66.44,98.75,0.6760,-1,-1,-1
34,2,102.75,546.84,77.73,246.54,0.7391,-1,-1,-1
34,1,384.99,370.48,92.32,231.57,0.7516,-1,-1,-1
35,17,384.61,997.04,88.91,82.96,0.3952,-1,-1,-1
35,15,868.65,142.80,54.79,178.68,0.2912,-1,-1,-1
35,14,1837.34,251.16,68.40,187.63,0.3249,-1,-1,-1
35,12,186.82,344.08,64.95,212.86,0.4555,-1,-1,-1
35,11,960.65,200.97,61.33,173.52,0.3349,-1,-1,-1
35,10,791.12,148.53,59.03,175.16,0.4426,-1,-1,-1
35,8,494.13,160.80,79.90,194.69,0.3997,-1,-1,-1
35,7,1022.12,156.21,60.58,184.23,0.4621,-1,-1,-1
35,6,0.45,811.03,63.34,253.31,0.5751,-1,-1,-1
35,5,1355.83,569.42,81.81,215.61,0.6013,-1,-1,-1
35,4,1722.48,457.48,73.93,208.64,0.6600,-1,-1,-1
35,3,1177.76,982.53,64.11,97.47,0.6627,-1,-1,-1
35,2,102.49,546.87,78.55,247.09,0.7346,-1,-1,-1
35,1,384.78,369.52,93.14,233.00,0.7409,-1,-1,-1
36,17,384.64,994.96,90.57,85.04,0.4539,-1,-1,-1
36,15,867.81,143.85,56.23,180.10,0.2682,-1,-1,-1
36,14,1839.89,249.38,66.90,189.13,0.3539,-1,-1,-1
36,12,188.79,367.16,61.35,192.02,0.4000,-1,-1,-1
36,11,954.36,200.83,64.45,174.10,0.3274,-1,-1,-1
36,10,790.99,149.20,59.00,173.89,0.4402,-1,-1,-1
36,8,494.92,160.83,77.05,193.77,0.4174,-1,-1,-1
36,7,1021.90,156.83,61.74,181.64,0.5126,-1,-1,-1
36,6,0.54,810.34,63.17,248.37,0.5426,-1,-1,-1
36,5,1355.94,569.43,82.27,216.80,0.5774,-1,-1,-1
36,4,1722.95,458.83,74.16,207.68,0.6161,-1,-1,-1
36,3,1179.87,984.34,64.32,95.66,0.6414,-1,-1,-1
36,2,102.89,547.12,77.31,246.32,0.7386,-1,-1,-1
36,1,385.25,369.04,91.97,233.19,0.7012,-1,-1,-1
37,17,384.27,993.92,92.28,86.08,0.5151,-1,-1,-1
37,14,1839.98,252.43,63.39,184.03,0.3773,-1,-1,-1
37,12,187.20,362.08,62.31,194.97,0.4086,-1,-1,-1
37,11,946.17,200.80,69.17,173.42,0.4386,-1,-1,-1
37,10,790.27,148.72,59.94,175.00,0.4365,-1,-1,-1
37,8,494.98,162.37,75.73,192.71,0.4231,-1,-1,-1
37,7,1021.82,158.12,61.70,183.72,0.5342,-1,-1,-1
37,6,0.53,809.13,65.52,248.27,0.6283,-1,-1,-1
37,5,1356.26,569.06,82.11,219.30,0.5676,-1,-1,-1
37,4,1723.08,457.34,73.97,209.54,0.6403,-1,-1,-1
37,3,1182.54,984.49,64.79,95.51,0.6851,-1,-1,-1
37,2,103.02,547.27,76.62,245.56,0.7344,-1,-1,-1
37,1,386.12,367.84,88.94,234.07,0.6904,-1,-1,-1
38,17,384.46,992.79,93.44,87.21,0.5471,-1,-1,-1
38,14,1840.53,252.39,63.03,185.45,0.3219,-1,-1,-1
38,12,185.83,364.94,61.53,191.31,0.4325,-1,-1,-1
38,11,935.69,202.07,75.84,172.74,0.3846,-1,-1,-1
38,10,791.09,149.12,58.91,175.23,0.4244,-1,-1,-1
38,8,494.29,162.73,75.76,192.64,0.4192,-1,-1,-1
38,7,1023.73,158.62,60.32,184.30,0.5450,-1,-1,-1
38,6,0.54,808.86,66.09,245.27,0.6399,-1,-1,-1
38,5,1355.87,569.43,81.74,213.66,0.6055,-1,-1,-1
38,4,1722.62,458.48,74.60,207.28,0.6424,-1,-1,-1
38,3,1184.17,984.23,66.96,95.77,0.6926,-1,-1,-1
38,2,102.77,546.87,76.43,245.40,0.7328,-1,-1,-1
38,1,387.46,366.63,85.16,235.44,0.6940,-1,-1,-1
39,17,384.56,991.54,92.84,88.46,0.5277,-1,-1,-1
39,14,1840.37,252.80,64.33,184.74,0.3538,-1,-1,-1
39,12,183.19,361.82,63.59,195.42,0.4937,-1,-1,-1
39,11,923.72,200.99,86.75,172.70,0.5018,-1,-1,-1
39,10,790.87,148.79,58.91,175.13,0.4148,-1,-1,-1
39,8,494.62,163.38,74.59,191.41,0.4241,-1,-1,-1
39,7,1022.08,158.85,62.10,182.79,0.5210,-1,-1,-1
39,6,0.52,807.55,65.89,244.30,0.6518,-1,-1,-1
39,5,1357.09,567.86,81.05,217.80,0.5816,-1,-1,-1
39,4,1722.55,456.70,73.48,210.02,0.6228,-1,-1,-1
39,3,1186.90,983.50,68.73,96.50,0.6791,-1,-1,-1
39,2,102.35,547.26,77.58,244.85,0.7309,-1,-1,-1
39,1,387.52,365.37,84.43,237.15,0.6891,-1,-1,-1
40,17,385.16,989.85,92.83,90.15,0.5283,-1,-1,-1
40,14,1837.88,252.73,68.07,187.59,0.3342,-1,-1,-1
40,12,181.01,363.50,62.78,192.54,0.4311,-1,-1,-1
40,11,914.79,197.07,96.53,176.60,0.5108,-1,-1,-1
40,10,791.11,148.98,58.12,176.19,0.4044,-1,-1,-1
40,8,494.29,167.59,72.90,191.50,0.4404,-1,-1,-1
40,7,1021.72,159.10,62.55,182.38,0.5088,-1,-1,-1
40,6,0.68,806.54,65.64,241.82,0.6067,-1,-1,-1
40,5,1357.57,569.74,80.01,212.05,0.6154,-1,-1,-1
40,4,1722.70,456.20,73.52,211.12,0.6278,-1,-1,-1
40,3,1190.80,983.64,69.30,96.36,0.6546,-1,-1,-1
40,2,102.20,546.99,77.51,244.88,0.7339,-1,-1,-1
40,1,387.90,367.07,86.58,234.99,0.6972,-1,-1,-1
41,17,385.23,989.24,93.39,90.76,0.4929,-1,-1,-1
41,14,1837.62,254.17,67.33,193.44,0.2878,-1,-1,-1
41,12,179.52,360.66,62.36,195.57,0.3640,-1,-1,-1
41,11,911.65,203.40,99.92,169.77,0.5445,-1,-1,-1
41,10,791.41,149.21,57.25,174.92,0.4074,-1,-1,-1
41,8,495.86,165.68,75.21,190.86,0.3636,-1,-1,-1
41,7,1021.40,159.10,62.69,180.79,0.4768,-1,-1,-1
41,6,0.47,805.43,66.52,242.97,0.5999,-1,-1,-1
41,5,1356.78,568.63,81.08,215.97,0.6078,-1,-1,-1
41,4,1722.49,455.82,73.86,211.11,0.6398,-1,-1,-1
41,3,1193.20,985.00,67.51,95.00,0.6799,-1,-1,-1
41,2,102.31,546.65,77.69,245.80,0.7311,-1,-1,-1
41,1,389.54,366.16,85.25,235.38,0.6911,-1,-1,-1
42,17,384.21,987.72,94.61,92.28,0.5340,-1,-1,-1
42,15,866.62,150.33,54.07,182.29,0.2551,-1,-1,-1
42,14,1837.85,257.26,67.77,188.67,0.2990,-1,-1,-1
42,12,179.81,370.89,59.27,186.98,0.3301,-1,-1,-1
42,11,908.31,200.01,102.89,173.65,0.5448,-1,-1,-1
42,10,791.08,148.72,57.47,177.40,0.4198,-1,-1,-1
42,8,495.39,167.25,75.18,192.18,0.3723,-1,-1,-1
42,7,1021.11,159.48,62.78,182.19,0.4727,-1,-1,-1
42,6,0.27,802.62,66.70,242.95,0.6306,-1,-1,-1
42,5,1356.93,569.42,80.29,214.25,0.6148,-1,-1,-1
42,4,1721.94,454.90,74.07,211.53,0.6468,-1,-1,-1
42,3,1195.65,984.78,69.09,95.22,0.6918,-1,-1,-1
42,2,102.24,546.68,78.41,245.78,0.7400,-1,-1,-1
42,1,390.43,364.54,84.89,235.53,0.7107,-1,-1,-1
43,17,383.22,987.77,95.30,92.23,0.5400,-1,-1,-1
43,14,1835.85,253.74,72.50,192.34,0.2838,-1,-1,-1
43,12,176.58,371.14,59.45,185.43,0.2800,-1,-1,-1
43,11,904.25,195.75,105.06,177.21,0.4982,-1,-1,-1
43,10,790.39,149.38,58.95,175.93,0.4043,-1,-1,-1
43,8,493.89,167.93,77.00,195.18,0.3850,-1,-1,-1
43,7,1021.44,159.78,62.18,183.57,0.4668,-1,-1,-1
43,6,0.20,797.95,66.92,231.72,0.6606,-1,-1,-1
43,5,1356.75,569.12,80.55,214.52,0.6096,-1,-1,-1
43,4,1722.35,454.65,73.59,212.25,0.6167,-1,-1,-1
43,3,1198.45,985.04,70.78,94.95,0.6622,-1,-1,-1
43,2,101.82,546.83,78.42,245.92,0.7338,-1,-1,-1
43,1,391.27,365.14,85.07,233.14,0.7375,-1,-1,-1
44,17,382.54,985.23,96.10,94.77,0.5968,-1,-1,-1
44,15,865.85,152.35,55.56,179.97,0.2693,-1,-1,-1
44,14,1840.74,255.18,78.60,195.38,0.3254,-1,-1,-1
44,12,175.17,364.48,58.37,191.40,0.3526,-1,-1,-1
44,11,902.66,193.00,100.94,180.41,0.3170,-1,-1,-1
44,10,790.97,149.10,58.07,176.08,0.4001,-1,-1,-1
44,8,494.28,169.13,76.25,195.86,0.3771,-1,-1,-1
44,7,1021.56,160.20,61.35,184.64,0.4379,-1,-1,-1
44,6,0.19,794.67,67.33,229.12,0.6725,-1,-1,-1
44,5,1356.79,568.89,81.18,216.95,0.6241,-1,-1,-1
44,4,1721.00,457.81,75.25,208.94,0.6472,-1,-1,-1
44,3,1198.96,985.37,71.71,94.63,0.6688,-1,-1,-1
44,2,102.00,547.20,77.84,245.34,0.7334,-1,-1,-1
44,1,391.56,364.73,85.94,231.44,0.7347,-1,-1,-1
45,17,381.19,984.85,95.63,95.15,0.5951,-1,-1,-1
45,14,1842.13,256.77,73.16,197.60,0.3489,-1,-1,-1
45,12,173.62,357.46,55.83,196.90,0.3643,-1,-1,-1
45,11,901.18,185.02,97.54,189.22,0.2927,-1,-1,-1
45,10,790.49,149.17,58.83,175.55,0.4245,-1,-1,-1
45,8,495.63,173.06,73.99,193.50,0.3120,-1,-1,-1
45,7,1019.47,161.89,65.57,182.10,0.3999,-1,-1,-1
45,6,0.29,792.61,67.43,229.02,0.6681,-1,-1,-1
45,5,1356.34,568.80,81.03,216.30,0.6347,-1,-1,-1
45,4,1721.67,458.86,74.33,207.50,0.6320,-1,-1,-1
45,3,1200.19,985.71,72.57,94.29,0.6708,-1,-1,-1
45,2,101.74,546.72,77.49,245.84,0.7427,-1,-1,-1
45,1,393.15,361.75,85.06,232.36,0.7370,-1,-1,-1
46,17,379.75,978.01,97.15,101.99,0.6034,-1,-1,-1
46,14,1843.19,257.02,74.46,201.74,0.3302,-1,-1,-1
46,12,172.21,352.36,54.99,201.80,0.3627,-1,-1,-1
46,11,901.62,178.27,87.39,195.11,0.2945,-1,-1,-1
46,10,790.70,149.32,58.21,174.96,0.3897,-1,-1,-1
46,8,491.91,174.09,78.41,193.60,0.3325,-1,-1,-1
46,7,1019.13,161.97,65.61,182.19,0.4093,-1,-1,-1
46,6,0.45,790.48,68.23,229.73,0.6713,-1,-1,-1
46,5,1356.15,569.41,82.47,217.00,0.6043,-1,-1,-1
46,4,1720.77,459.25,75.03,206.47,0.6160,-1,-1,-1
46,3,1200.55,986.23,71.77,93.77,0.6856,-1,-1,-1
46,2,101.69,546.33,77.86,246.30,0.7447,-1,-1,-1
46,1,395.21,360.61,82.59,231.89,0.7426,-1,-1,-1
47,17,379.72,971.91,97.78,108.09,0.5912,-1,-1,-1
47,15,863.97,154.53,54.44,181.09,0.2641,-1,-1,-1
47,14,1844.57,259.22,73.58,202.38,0.3459,-1,-1,-1
47,12,169.57,343.20,59.25,210.83,0.3911,-1,-1,-1
47,11,903.59,171.62,75.95,201.68,0.3147,-1,-1,-1
47,10,789.95,149.40,60.34,174.75,0.4291,-1,-1,-1
47,8,508.62,181.28,56.21,184.42,0.3155,-1,-1,-1
47,7,1018.95,162.83,63.79,183.97,0.3956,-1,-1,-1
47,6,0.67,789.29,68.99,232.47,0.6178,-1,-1,-1
47,5,1356.63,569.56,81.39,215.63,0.5935,-1,-1,-1
47,4,1721.35,458.89,74.80,208.22,0.6304,-1,-1,-1
47,3,1201.40,986.19,73.11,93.81,0.6668,-1,-1,-1
47,2,101.43,546.29,78.03,246.25,0.7293,-1,-1,-1
47,1,395.51,358.31,83.45,232.20,0.7464,-1,-1,-1
48,17,378.57,964.72,99.51,115.28,0.6091,-1,-1,-1
48,15,863.52,153.48,55.65,179.67,0.2695,-1,-1,-1
48,14,1847.94,263.48,66.64,199.82,0.3704,-1,-1,-1
48,12,168.96,344.66,57.23,211.52,0.3368,-1,-1,-1
48,11,901.71,175.06,69.51,195.79,0.2563,-1,-1,-1
48,10,790.60,149.48,59.81,175.78,0.4547,-1,-1,-1
48,8,507.36,183.59,56.77,182.10,0.3325,-1,-1,-1
48,7,1018.68,163.13,63.12,182.82,0.3313,-1,-1,-1
48,6,0.94,788.90,70.44,234.76,0.5846,-1,-1,-1
48,5,1356.47,568.99,83.01,217.05,0.6141,-1,-1,-1
48,4,1721.52,459.66,74.27,205.90,0.6357,-1,-1,-1
48,3,1203.14,984.41,76.76,95.52,0.6325,-1,-1,-1
48,2,101.66,546.05,77.82,247.00,0.7353,-1,-1,-1
48,1,396.35,356.92,83.61,229.66,0.7648,-1,-1,-1
49,17,378.45,963.75,99.70,116.25,0.5887,-1,-1,-1
49,15,862.88,153.03,54.94,174.30,0.3163,-1,-1,-1
49,14,1849.63,264.54,64.49,200.57,0.3338,-1,-1,-1
49,12,167.33,354.68,58.12,201.27,0.3558,-1,-1,-1
49,10,790.40,149.13,60.42,176.14,0.4317,-1,-1,-1
49,8,491.76,179.06,76.49,190.14,0.3704,-1,-1,-1
49,7,1016.43,164.83,65.36,182.93,0.3716,-1,-1,-1
49,6,0.75,785.01,72.66,247.67,0.6183,-1,-1,-1
49,5,1356.50,569.51,82.54,218.15,0.6017,-1,-1,-1
49,4,1720.88,458.65,74.80,207.55,0.6572,-1,-1,-1
49,3,1203.40,983.37,77.70,96.63,0.6518,-1,-1,-1
49,2,101.55,546.07,77.86,246.98,0.7390,-1,-1,-1
49,1,396.25,356.43,84.52,226.46,0.7609,-1,-1,-1
50,17,380.95,961.45,97.56,117.29,0.5864,-1,-1,-1
50,15,863.51,154.48,51.36,165.12,0.2739,-1,-1,-1
50,14,1852.62,266.31,65.99,199.63,0.3914,-1,-1,-1
50,10,790.39,148.95,59.69,177.26,0.4070,-1,-1,-1
50,8,491.99,178.83,77.17,192.23,0.3777,-1,-1,-1
50,7,1017.18,164.91,61.35,175.56,0.3848,-1,-1,-1
50,6,1.07,785.23,74.08,249.22,0.6045,-1,-1,-1
50,5,1357.15,569.90,81.36,215.25,0.6123,-1,-1,-1
50,4,1721.08,459.14,74.30,206.62,0.6395,-1,-1,-1
50,3,1203.54,982.68,78.47,97.32,0.6283,-1,-1,-1
50,2,101.65,546.13,77.87,246.48,0.7479,-1,-1,-1
50,1,395.84,355.01,85.82,225.97,0.7545,-1,-1,-1
51,17,380.94,956.61,98.04,123.30,0.5509,-1,-1,-1
51,15,862.68,154.31,49.94,171.04,0.2817,-1,-1,-1
51,14,1854.41,267.25,62.41,195.23,0.3632,-1,-1,-1
51,10,790.52,148.60,59.76,177.85,0.4126,-1,-1,-1
51,8,493.39,180.07,76.12,191.65,0.3687,-1,-1,-1
51,7,1016.80,166.94,61.64,173.95,0.4439,-1,-1,-1
51,6,1.22,783.34,73.76,247.08,0.6414,-1,-1,-1
51,5,1357.10,569.21,81.28,214.70,0.6199,-1,-1,-1
51,4,1720.59,460.25,74.64,205.05,0.6225,-1,-1,-1
51,3,1204.30,981.49,78.93,98.51,0.6112,-1,-1,-1
51,2,101.84,545.47,77.58,247.40,0.7503,-1,-1,-1
51,1,395.93,354.37,86.62,223.11,0.7538,-1,-1,-1
52,17,381.97,952.45,98.70,127.55,0.5456,-1,-1,-1
52,14,1857.97,262.90,61.22,200.56,0.2985,-1,-1,-1
52,10,789.66,149.17,60.76,178.19,0.3946,-1,-1,-1
52,8,489.41,179.81,81.00,191.15,0.3817,-1,-1,-1
52,7,1016.01,168.14,63.48,180.58,0.4711,-1,-1,-1
52,6,3.43,783.20,72.18,246.20,0.6109,-1,-1,-1
52,5,1356.87,569.12,81.34,215.53,0.6233,-1,-1,-1
52,4,1722.16,455.68,73.26,210.97,0.6270,-1,-1,-1
52,3,1203.85,981.71,79.19,98.29,0.6304,-1,-1,-1
52,2,102.19,545.43,76.85,247.02,0.7521,-1,-1,-1
52,1,396.93,353.08,86.62,224.24,0.7677,-1,-1,-1
53,17,382.01,949.99,101.30,129.57,0.6930,-1,-1,-1
53,14,1860.00,264.76,59.48,197.87,0.3210,-1,-1,-1
53,10,789.20,148.38,61.48,177.74,0.4119,-1,-1,-1
53,8,488.64,180.31,82.95,190.67,0.4036,-1,-1,-1
53,7,1015.86,168.95,62.78,182.26,0.4512,-1,-1,-1
53,6,3.55,781.17,72.47,241.49,0.6508,-1,-1,-1
53,5,1357.16,569.60,81.66,213.44,0.6405,-1,-1,-1
53,4,1722.19,456.02,73.39,209.29,0.6264,-1,-1,-1
53,3,1203.82,979.92,79.18,100.08,0.6527,-1,-1,-1
53,2,102.57,545.15,75.62,247.52,0.7451,-1,-1,-1
53,1,398.54,351.37,85.13,226.21,0.7697,-1,-1,-1
54,17,383.03,948.95,103.42,129.21,0.7179,-1,-1,-1
54,14,1861.73,261.90,57.79,205.32,0.3122,-1,-1,-1
54,10,789.63,148.92,61.54,176.66,0.3980,-1,-1,-1
54,8,488.25,180.18,84.32,190.64,0.3878,-1,-1,-1
54,7,1013.87,171.42,62.22,181.79,0.4275,-1,-1,-1
54,6,6.61,778.41,70.18,236.70,0.6450,-1,-1,-1
54,5,1356.94,569.09,82.16,214.14,0.6409,-1,-1,-1
54,4,1722.01,456.03,73.51,209.99,0.6243,-1,-1,-1
54,3,1202.87,979.78,80.51,100.22,0.6575,-1,-1,-1
54,2,102.52,544.86,75.71,248.18,0.7482,-1,-1,-1
54,1,398.49,350.94,85.60,226.72,0.7713,-1,-1,-1
55,17,383.10,947.22,106.49,131.61,0.6925,-1,-1,-1
55,14,1864.40,261.71,55.23,208.26,0.3414,-1,-1,-1
55,11,850.55,203.77,88.82,168.94,0.2747,-1,-1,-1
55,10,790.07,149.04,60.93,176.71,0.4249,-1,-1,-1
55,8,488.48,179.78,84.08,191.54,0.4242,-1,-1,-1
55,7,1012.25,173.62,62.93,181.60,0.4563,-1,-1,-1
55,6,8.30,774.22,69.49,237.45,0.6805,-1,-1,-1
55,5,1357.61,568.95,80.96,215.66,0.6087,-1,-1,-1
55,4,1722.22,456.91,74.19,210.80,0.6381,-1,-1,-1
55,3,1203.19,978.97,80.68,101.03,0.6654,-1,-1,-1
55,2,102.51,545.16,75.79,248.60,0.7363,-1,-1,-1
55,1,399.54,349.66,84.73,228.70,0.7785,-1,-1,-1
56,18,1472.57,216.22,65.64,191.55,0.3184,-1,-1,-1
56,17,384.01,946.77,106.01,132.88,0.6987,-1,-1,-1
56,14,1866.27,261.71,53.34,206.73,0.2825,-1,-1,-1
56,11,841.23,191.18,96.25,181.22,0.2582,-1,-1,-1
56,10,790.04,148.69,61.54,177.97,0.4098,-1,-1,-1
56,8,488.67,179.93,81.77,191.43,0.4782,-1,-1,-1
56,7,1014.15,175.14,60.04,179.96,0.4681,-1,-1,-1
56,6,8.13,772.00,70.21,235.01,0.6942,-1,-1,-1
56,5,1357.05,569.17,80.75,216.48,0.6106,-1,-1,-1
56,4,1721.93,455.80,73.49,210.61,0.6452,-1,-1,-1
56,3,1202.85,977.25,80.95,102.75,0.6746,-1,-1,-1
56,2,102.53,544.36,75.99,249.35,0.7374,-1,-1,-1
56,1,400.06,349.35,84.25,229.88,0.7880,-1,-1,-1
57,18,1470.91,215.78,64.71,189.99,0.3345,-1,-1,-1
57,17,385.75,945.99,105.46,133.32,0.7177,-1,-1,-1
57,11,832.65,162.32,105.80,208.72,0.3020,-1,-1,-1
57,10,789.80,148.64,62.19,178.96,0.4004,-1,-1,-1
57,8,488.01,180.97,81.33,190.73,0.4593,-1,-1,-1
57,7,1011.33,176.50,61.06,179.62,0.4640,-1,-1,-1
57,6,5.62,771.13,71.94,230.42,0.7191,-1,-1,-1
57,5,1356.92,569.22,81.51,213.14,0.6176,-1,-1,-1
57,4,1721.81,458.88,73.33,206.81,0.6508,-1,-1,-1
57,3,1202.06,976.13,81.73,103.87,0.6855,-1,-1,-1
57,2,102.35,544.92,76.08,249.51,0.7328,-1,-1,-1
57,1,400.00,348.11,83.77,230.90,0.7942,-1,-1,-1
58,18,1469.42,214.40,64.34,188.80,0.3103,-1,-1,-1
58,17,387.45,944.87,104.01,135.06,0.6730,-1,-1,-1
58,10,790.26,149.05,61.49,178.44,0.3944,-1,-1,-1
58,8,488.40,181.47,80.10,191.11,0.4486,-1,-1,-1
58,7,1011.15,179.49,59.78,178.93,0.4567,-1,-1,-1
58,6,7.15,767.35,74.14,229.03,0.7116,-1,-1,-1
58,5,1357.12,569.42,81.19,215.06,0.6251,-1,-1,-1
58,4,1722.18,455.43,72.90,210.02,0.6404,-1,-1,-1
58,3,1201.24,976.27,83.15,103.73,0.6691,-1,-1,-1
58,2,102.75,545.33,75.41,249.06,0.7288,-1,-1,-1
58,1,399.75,347.20,84.58,231.54,0.7872,-1,-1,-1
59,18,1466.92,213.34,64.98,191.72,0.2874,-1,-1,-1
59,17,388.25,943.60,103.06,136.01,0.7142,-1,-1,-1
59,10,789.51,148.85,60.77,178.43,0.3896,-1,-1,-1
59,8,488.38,181.90,81.64,191.63,0.4383,-1,-1,-1
59,7,1009.92,180.38,60.71,178.24,0.3749,-1,-1,-1
59,6,6.42,765.34,75.82,224.80,0.7218,-1,-1,-1
59,5,1357.00,568.70,81.41,212.99,0.6413,-1,-1,-1
59,4,1722.98,455.94,72.99,211.04,0.6380,-1,-1,-1
59,3,1199.32,975.72,85.20,104.28,0.6721,-1,-1,-1
59,2,102.70,545.10,75.29,249.49,0.7327,-1,-1,-1
59,1,401.31,345.58,83.53,233.33,0.7850,-1,-1,-1
60,19,282.21,105.83,54.33,186.80,0.2549,-1,-1,-1
60,18,1466.58,211.76,64.30,192.90,0.3103,-1,-1,-1
60,17,387.68,940.33,105.46,138.69,0.7108,-1,-1,-1
60,10,789.55,148.39,61.83,185.37,0.4236,-1,-1,-1
60,8,488.89,183.23,80.17,191.06,0.4533,-1,-1,-1
60,7,1006.69,181.24,63.24,177.96,0.3410,-1,-1,-1
60,6,9.31,760.22,70.26,225.36,0.7341,-1,-1,-1
60,5,1356.79,568.94,81.35,215.54,0.6262,-1,-1,-1
60,4,1722.03,458.98,73.51,207.06,0.6274,-1,-1,-1
60,3,1198.98,974.70,85.20,105.30,0.6700,-1,-1,-1
60,2,102.16,545.17,75.87,250.58,0.7262,-1,-1,-1
60,1,402.07,346.04,82.14,231.48,0.7926,-1,-1,-1
61,18,1464.34,211.03,63.35,192.66,0.2516,-1,-1,-1
61,17,386.93,938.96,107.79,140.56,0.6150,-1,-1,-1
61,10,788.70,148.43,63.14,188.14,0.3658,-1,-1,-1
61,8,493.64,190.37,72.00,186.24,0.4800,-1,-1,-1
61,7,1007.24,181.91,61.71,176.51,0.3035,-1,-1,-1
61,6,9.94,758.05,68.94,225.89,0.7307,-1,-1,-1
61,5,1357.33,569.34,80.83,214.01,0.6298,-1,-1,-1
61,4,1722.72,457.66,72.06,207.59,0.6120,-1,-1,-1
61,3,1196.38,971.98,86.24,108.02,0.6313,-1,-1,-1
61,2,103.06,546.41,74.07,247.50,0.7279,-1,-1,-1
61,1,401.71,344.35,82.45,230.92,0.7974,-1,-1,-1
62,17,385.60,936.66,108.46,141.91,0.5703,-1,-1,-1
62,10,790.35,148.22,60.80,186.43,0.3199,-1,-1,-1
62,8,492.84,190.12,73.05,189.26,0.4969,-1,-1,-1
62,7,1008.30,184.20,60.56,174.72,0.3038,-1,-1,-1
62,6,11.08,756.38,68.88,225.95,0.7302,-1,-1,-1
62,5,1357.68,569.23,80.46,214.81,0.6182,-1,-1,-1
62,4,1722.47,456.36,73.35,209.44,0.6008,-1,-1,-1
62,3,1195.83,972.43,86.44,107.57,0.6223,-1,-1,-1
62,2,103.06,546.84,74.22,247.44,0.7288,-1,-1,-1
62,1,402.14,343.04,81.70,230.90,0.7908,-1,-1,-1
63,18,1462.46,208.45,62.66,193.57,0.2834,-1,-1,-1
63,17,385.84,934.63,106.92,144.32,0.6605,-1,-1,-1
63,10,790.16,148.17,59.97,186.37,0.2986,-1,-1,-1
63,8,491.09,188.00,74.89,196.63,0.5333,-1,-1,-1
63,7,1005.62,185.05,61.55,171.34,0.2527,-1,-1,-1
63,6,10.38,755.35,71.42,229.92,0.7191,-1,-1,-1
63,5,1356.95,568.91,81.15,213.48,0.6026,-1,-1,-1
63,4,1721.53,458.76,74.28,207.29,0.5915,-1,-1,-1
63,3,1194.17,971.94,87.50,108.06,0.6578,-1,-1,-1
63,2,103.22,546.69,73.86,247.39,0.7297,-1,-1,-1
63,1,402.04,341.00,82.26,232.20,0.7966,-1,-1,-1
64,17,384.97,930.48,109.04,148.93,0.6718,-1,-1,-1
64,11,790.76,148.48,58.64,183.21,0.2943,-1,-1,-1
64,8,493.35,191.82,72.40,193.99,0.4910,-1,-1,-1
64,7,1003.87,186.46,62.26,170.97,0.3627,-1,-1,-1
64,6,11.01,753.70,70.87,229.86,0.7205,-1,-1,-1
64,5,1356.03,569.41,81.72,216.20,0.5982,-1,-1,-1
64,4,1721.93,456.24,73.83,209.83,0.6064,-1,-1,-1
64,3,1192.89,973.47,86.82,106.53,0.6859,-1,-1,-1
64,2,103.35,546.89,74.01,247.36,0.7196,-1,-1,-1
64,1,402.30,338.42,82.41,232.18,0.7906,-1,-1,-1
65,19,283.37,109.14,53.26,183.60,0.2509,-1,-1,-1
65,18,1462.28,206.57,58.82,191.41,0.2625,-1,-1,-1
65,17,385.23,923.08,107.89,156.71,0.5635,-1,-1,-1
65,8,494.04,191.70,72.07,194.93,0.5079,-1,-1,-1
65,7,1003.56,187.06,62.53,171.88,0.3131,-1,-1,-1
65,6,10.60,752.70,71.06,233.26,0.7139,-1,-1,-1
65,5,1356.06,569.19,82.96,214.14,0.6289,-1,-1,-1
65,4,1720.52,459.87,75.32,206.36,0.6131,-1,-1,-1
65,3,1192.23,973.43,85.06,106.57,0.6852,-1,-1,-1
65,2,102.79,547.13,74.55,246.77,0.7280,-1,-1,-1
65,1,402.01,336.80,82.77,232.19,0.7933,-1,-1,-1
66,19,283.15,112.21,54.22,181.75,0.2687,-1,-1,-1
66,18,1461.40,205.41,59.81,191.34,0.2914,-1,-1,-1
66,17,387.06,917.03,104.47,162.97,0.5606,-1,-1,-1
66,8,496.26,190.58,68.87,196.15,0.5284,-1,-1,-1
66,7,1004.12,187.68,60.29,175.37,0.3626,-1,-1,-1
66,6,10.56,751.33,71.36,234.41,0.7138,-1,-1,-1
66,5,1355.77,568.47,83.46,216.51,0.6049,-1,-1,-1
66,4,1719.73,459.29,75.89,207.85,0.6259,-1,-1,-1
66,3,1189.99,971.66,84.87,108.34,0.7067,-1,-1,-1
66,2,102.78,546.28,75.67,248.02,0.7209,-1,-1,-1
66,1,402.23,334.90,83.23,231.94,0.7931,-1,-1,-1
67,19,283.37,112.11,53.89,182.04,0.2648,-1,-1,-1
67,18,1458.90,205.21,61.47,191.16,0.2675,-1,-1,-1
67,17,385.57,913.46,105.65,164.87,0.6556,-1,-1,-1
67,8,495.27,190.81,70.02,200.01,0.5656,-1,-1,-1
67,7,1002.46,187.41,59.56,175.57,0.4074,-1,-1,-1
67,6,9.97,749.11,71.76,237.45,0.7029,-1,-1,-1
67,5,1356.95,569.20,81.45,214.03,0.5987,-1,-1,-1
67,4,1720.63,458.98,74.85,206.73,0.5966,-1,-1,-1
67,3,1188.57,971.80,86.44,108.20,0.6942,-1,-1,-1
67,2,102.78,546.80,75.81,247.48,0.7250,-1,-1,-1
67,1,402.10,333.99,84.68,228.87,0.7945,-1,-1,-1
68,17,384.89,912.00,106.48,165.93,0.7052,-1,-1,-1
68,10,804.31,211.60,71.58,158.69,0.2684,-1,-1,-1
68,8,495.28,192.57,69.06,196.92,0.5750,-1,-1,-1
68,7,1001.01,187.99,61.43,176.95,0.4880,-1,-1,-1
68,6,10.10,746.62,72.02,241.37,0.7079,-1,-1,-1
68,5,1356.50,568.03,82.31,216.35,0.5958,-1,-1,-1
68,4,1721.53,459.47,74.11,206.99,0.6081,-1,-1,-1
68,3,1185.11,969.74,86.15,110.26,0.6959,-1,-1,-1
68,2,102.64,546.61,75.94,247.86,0.7293,-1,-1,-1
68,1,403.01,333.62,84.17,226.69,0.7902,-1,-1,-1
69,18,1453.78,204.98,65.51,189.73,0.2556,-1,-1,-1
69,17,384.56,910.55,106.96,168.20,0.6856,-1,-1,-1
69,8,492.34,193.44,74.94,195.32,0.5872,-1,-1,-1
69,7,1000.72,187.70,62.12,177.31,0.5337,-1,-1,-1
69,6,10.38,744.82,71.97,241.93,0.7103,-1,-1,-1
69,5,1356.77,568.70,81.84,217.40,0.5962,-1,-1,-1
69,4,1722.59,456.78,74.68,212.95,0.5949,-1,-1,-1
69,3,1183.77,969.66,86.05,110.29,0.6798,-1,-1,-1
69,2,102.79,546.60,75.20,248.26,0.7308,-1,-1,-1
69,1,402.61,332.30,85.54,225.68,0.7835,-1,-1,-1
70,18,1449.10,202.93,68.86,192.21,0.2581,-1,-1,-1
70,17,384.06,907.35,107.27,172.27,0.6797,-1,-1,-1
70,8,490.41,195.53,78.10,193.32,0.5920,-1,-1,-1
70,7,1000.37,187.60,61.39,178.17,0.5581,-1,-1,-1
70,6,10.91,743.34,71.74,237.36,0.7153,-1,-1,-1
70,5,1356.24,568.37,83.21,217.73,0.6091,-1,-1,-1
70,4,1722.96,455.29,74.29,212.50,0.6162,-1,-1,-1
70,3,1182.35,969.21,85.72,110.79,0.6651,-1,-1,-1
70,2,103.17,546.25,74.68,248.47,0.7318,-1,-1,-1
70,1,402.67,331.49,86.07,223.94,0.7906,-1,-1,-1
71,18,1444.86,202.36,70.87,191.72,0.2581,-1,-1,-1
71,17,380.48,905.18,111.14,174.82,0.7094,-1,-1,-1
71,15,846.77,168.11,50.46,174.67,0.3341,-1,-1,-1
71,11,786.52,150.81,76.69,219.45,0.3599,-1,-1,-1
71,8,492.27,193.04,77.71,196.12,0.6136,-1,-1,-1
71,7,998.53,188.05,60.14,178.23,0.5617,-1,-1,-1
71,6,11.53,741.63,72.23,230.52,0.7215,-1,-1,-1
71,5,1357.02,568.83,82.08,218.74,0.5629,-1,-1,-1
71,4,1722.32,456.66,74.83,210.92,0.6231,-1,-1,-1
71,3,1181.28,968.20,86.00,111.80,0.6678,-1,-1,-1
71,2,102.19,545.04,76.12,250.57,0.7293,-1,-1,-1
71,1,403.07,329.93,85.45,223.75,0.7909,-1,-1,-1
72,20,892.14,188.69,53.59,166.91,0.2711,-1,-1,-1
72,18,1443.46,202.47,71.49,190.29,0.2808,-1,-1,-1
72,17,379.87,903.79,111.20,176.21,0.7215,-1,-1,-1
72,15,843.85,169.50,52.94,176.22,0.3498,-1,-1,-1
72,11,780.06,146.91,85.09,223.03,0.3816,-1,-1,-1
72,8,487.31,193.25,84.20,196.39,0.5976,-1,-1,-1
72,7,998.27,188.41,58.28,179.00,0.5729,-1,-1,-1
72,6,10.68,737.69,73.62,228.29,0.7274,-1,-1,-1
72,5,1357.24,569.16,82.19,218.08,0.6069,-1,-1,-1
72,4,1722.42,457.11,74.43,210.23,0.6199,-1,-1,-1
72,3,1180.13,965.75,85.23,114.25,0.5940,-1,-1,-1
72,2,102.13,544.47,76.04,250.77,0.7257,-1,-1,-1
72,1,403.37,328.35,85.60,225.77,0.7885,-1,-1,-1
73,18,1440.51,202.77,74.53,193.15,0.2645,-1,-1,-1
73,17,378.53,902.92,112.42,177.08,0.7155,-1,-1,-1
73,15,845.29,170.51,51.62,178.06,0.3476,-1,-1,-1
73,11,776.06,149.10,88.35,219.59,0.3047,-1,-1,-1
73,8,485.04,193.01,87.92,196.85,0.5930,-1,-1,-1
73,7,996.86,189.57,57.31,178.92,0.5504,-1,-1,-1
73,6,10.61,734.27,74.25,229.23,0.7480,-1,-1,-1
73,5,1356.85,569.51,83.07,215.80,0.6161,-1,-1,-1
73,4,1722.81,456.05,74.58,213.39,0.6135,-1,-1,-1
73,3,1179.25,965.12,86.20,114.88,0.6099,-1,-1,-1
73,2,101.85,545.20,76.32,249.96,0.7320,-1,-1,-1
73,1,404.49,327.81,84.82,227.31,0.7870,-1,-1,-1
74,20,892.91,192.53,53.24,164.90,0.2739,-1,-1,-1
74,18,1441.72,202.76,72.02,194.41,0.2803,-1,-1,-1
74,17,378.87,900.78,111.84,179.22,0.6889,-1,-1,-1
74,15,844.84,171.27,53.45,179.88,0.3062,-1,-1,-1
74,11,772.34,147.78,92.83,222.53,0.2805,-1,-1,-1
74,8,484.73,195.06,88.79,194.70,0.5602,-1,-1,-1
74,7,998.12,190.01,54.62,181.32,0.5588,-1,-1,-1
74,6,10.80,732.19,74.81,225.33,0.7513,-1,-1,-1
74,5,1356.48,569.58,82.90,214.93,0.6193,-1,-1,-1
74,4,1721.94,460.36,74.22,206.41,0.5964,-1,-1,-1
74,3,1178.17,965.06,87.36,114.94,0.6238,-1,-1,-1
74,2,102.35,545.62,75.31,248.60,0.7220,-1,-1,-1
74,1,405.30,327.77,84.06,226.37,0.7841,-1,-1,-1
75,18,1440.16,203.36,69.74,190.85,0.2890,-1,-1,-1
75,17,379.48,898.32,110.83,181.68,0.6780,-1,-1,-1
75,15,842.93,171.90,55.07,186.06,0.3019,-1,-1,-1
75,8,482.88,196.65,89.43,193.49,0.5708,-1,-1,-1
75,7,994.50,188.91,57.83,184.21,0.6144,-1,-1,-1
75,6,10.54,731.23,74.67,227.63,0.7486,-1,-1,-1
75,5,1356.85,570.05,82.39,211.69,0.6552,-1,-1,-1
75,4,1722.18,456.89,74.44,212.36,0.6191,-1,-1,-1
75,3,1176.96,964.56,88.54,115.44,0.6369,-1,-1,-1
75,2,101.79,545.07,75.44,249.58,0.7284,-1,-1,-1
75,1,405.11,326.93,84.34,227.01,0.7786,-1,-1,-1
76,18,1436.73,205.81,65.56,190.98,0.3225,-1,-1,-1
76,17,381.01,895.15,108.23,184.85,0.6906,-1,-1,-1
76,8,486.47,200.43,86.48,190.91,0.5545,-1,-1,-1
76,7,994.07,189.02,57.61,181.91,0.5753,-1,-1,-1
76,6,10.78,729.39,74.13,231.19,0.7469,-1,-1,-1
76,5,1356.13,570.58,83.23,212.53,0.6476,-1,-1,-1
76,4,1721.12,459.78,74.64,206.14,0.6305,-1,-1,-1
76,3,1176.81,963.96,88.64,116.04,0.6892,-1,-1,-1
76,2,102.01,544.11,74.82,250.56,0.7221,-1,-1,-1
76,1,406.71,326.62,82.99,227.67,0.7726,-1,-1,-1
77,18,1436.23,205.66,64.71,189.00,0.3564,-1,-1,-1
77,17,382.73,893.23,106.08,186.77,0.7469,-1,-1,-1
77,8,494.39,201.86,77.47,188.34,0.5686,-1,-1,-1
77,7,993.35,190.20,58.34,180.33,0.5926,-1,-1,-1
77,6,11.00,728.03,74.10,231.29,0.7513,-1,-1,-1
77,5,1355.79,569.74,84.91,215.20,0.6324,-1,-1,-1
77,4,1721.17,458.79,74.70,206.19,0.6227,-1,-1,-1
77,3,1176.74,963.95,88.19,116.05,0.6972,-1,-1,-1
77,2,102.17,544.27,73.85,250.36,0.7222,-1,-1,-1
77,1,407.04,325.21,83.41,229.61,0.7668,-1,-1,-1
78,18,1434.29,205.13,65.08,190.11,0.3350,-1,-1,-1
78,17,382.91,890.81,104.93,189.19,0.7541,-1,-1,-1
78,8,490.65,205.34,78.32,186.15,0.6005,-1,-1,-1
78,7,994.36,188.75,56.40,181.20,0.5646,-1,-1,-1
78,6,10.73,726.94,75.96,234.13,0.7460,-1,-1,-1
78,5,1355.40,571.57,85.29,214.54,0.6381,-1,-1,-1
78,4,1720.87,459.90,75.36,205.64,0.6373,-1,-1,-1
78,3,1176.36,963.09,88.32,116.91,0.7208,-1,-1,-1
78,2,101.78,544.23,73.74,249.89,0.7235,-1,-1,-1
78,1,406.80,324.80,83.50,229.47,0.7695,-1,-1,-1
79,18,1432.11,202.75,64.92,193.17,0.2619,-1,-1,-1
79,17,385.90,887.10,101.70,192.90,0.7679,-1,-1,-1
79,8,489.51,202.27,81.12,192.94,0.5849,-1,-1,-1
79,7,992.16,190.59,58.29,178.24,0.5760,-1,-1,-1
79,6,11.87,726.73,75.81,232.95,0.7470,-1,-1,-1
79,5,1355.22,572.53,85.25,213.42,0.6076,-1,-1,-1
79,4,1720.90,458.49,74.77,206.90,0.6472,-1,-1,-1
79,3,1176.29,963.19,88.02,116.81,0.7242,-1,-1,-1
79,2,102.08,545.37,73.40,248.22,0.7258,-1,-1,-1
79,1,408.10,324.59,82.22,230.50,0.7800,-1,-1,-1
80,18,1429.15,204.23,62.09,188.68,0.2623,-1,-1,-1
80,17,387.07,881.94,100.33,198.06,0.7886,-1,-1,-1
80,8,491.59,203.39,79.48,194.71,0.5731,-1,-1,-1
80,7,990.79,190.40,58.55,184.51,0.6081,-1,-1,-1
80,6,12.63,725.46,76.88,234.06,0.7273,-1,-1,-1
80,5,1356.40,572.13,85.81,217.19,0.5756,-1,-1,-1
80,4,1721.07,460.03,75.12,205.98,0.6343,-1,-1,-1
80,3,1175.34,962.42,88.31,117.58,0.7372,-1,-1,-1
80,2,102.25,545.66,72.97,248.19,0.7276,-1,-1,-1
80,1,409.68,324.43,80.77,229.34,0.7782,-1,-1,-1
81,18,1427.37,202.38,60.22,187.50,0.3164,-1,-1,-1
81,17,387.93,878.89,99.71,201.11,0.7855,-1,-1,-1
81,11,767.07,189.19,52.35,176.50,0.2579,-1,-1,-1
81,8,492.15,204.13,78.59,196.88,0.5473,-1,-1,-1
81,7,989.86,191.29,58.36,182.71,0.6101,-1,-1,-1
81,6,13.13,724.93,75.28,233.65,0.7207,-1,-1,-1
81,5,1355.59,571.63,85.98,217.82,0.5512,-1,-1,-1
81,4,1721.59,459.16,74.81,206.54,0.6200,-1,-1,-1
81,3,1176.77,961.91,86.31,118.09,0.7444,-1,-1,-1
81,2,102.71,544.80,72.07,248.55,0.7275,-1,-1,-1
81,1,410.09,323.79,80.37,227.30,0.7616,-1,-1,-1
82,18,1426.03,199.46,60.58,189.00,0.3008,-1,-1,-1
82,17,386.82,875.40,101.86,204.60,0.7833,-1,-1,-1
82,8,494.79,207.36,76.46,194.66,0.5548,-1,-1,-1
82,7,988.67,190.97,57.59,183.22,0.6098,-1,-1,-1
82,6,13.65,721.78,77.29,236.66,0.7267,-1,-1,-1
82,5,1355.87,571.93,85.74,217.64,0.5453,-1,-1,-1
82,4,1721.47,459.37,74.48,206.73,0.6202,-1,-1,-1
82,3,1176.23,961.41,85.41,118.59,0.7318,-1,-1,-1
82,2,102.38,545.97,72.25,246.67,0.7277,-1,-1,-1
82,1,412.54,323.62,79.68,226.35,0.7531,-1,-1,-1
83,18,1424.43,201.55,60.52,186.83,0.3057,-1,-1,-1
83,17,388.09,873.42,101.61,206.58,0.7794,-1,-1,-1
83,8,494.28,207.10,78.71,194.91,0.5794,-1,-1,-1
83,7,987.03,191.57,57.69,182.32,0.5997,-1,-1,-1
83,6,15.07,720.49,75.62,237.86,0.7177,-1,-1,-1
83,5,1356.21,571.18,85.72,219.14,0.5504,-1,-1,-1
83,4,1722.16,459.69,73.62,204.76,0.6157,-1,-1,-1
83,3,1175.55,961.91,84.62,118.09,0.7060,-1,-1,-1
83,2,102.20,546.52,72.22,246.27,0.7279,-1,-1,-1
83,1,411.92,321.81,81.53,226.17,0.7642,-1,-1,-1
84,22,794.01,149.22,55.39,170.88,0.3685,-1,-1,-1
84,18,1422.00,199.22,62.17,188.73,0.2842,-1,-1,-1
84,17,388.25,871.14,102.53,208.86,0.7701,-1,-1,-1
84,11,754.32,185.58,52.47,178.50,0.2583,-1,-1,-1
84,8,496.07,208.34,77.12,196.75,0.5986,-1,-1,-1
84,7,985.95,191.87,57.46,182.15,0.6090,-1,-1,-1
84,6,14.41,718.63,75.40,239.85,0.7202,-1,-1,-1
84,5,1356.33,572.11,85.25,216.38,0.5439,-1,-1,-1
84,4,1721.58,459.50,74.56,205.98,0.5943,-1,-1,-1
84,3,1174.82,961.53,84.48,118.47,0.7227,-1,-1,-1
84,2,102.21,545.95,72.49,247.47,0.7182,-1,-1,-1
84,1,413.66,320.00,79.88,225.96,0.7629,-1,-1,-1
85,22,793.32,149.36,54.96,170.89,0.3152,-1,-1,-1
85,18,1421.76,198.32,60.73,190.37,0.2861,-1,-1,-1
85,17,388.76,869.28,102.75,210.72,0.7791,-1,-1,-1
85,15,838.27,180.92,56.00,184.79,0.2694,-1,-1,-1
85,11,751.99,184.87,50.33,179.45,0.2887,-1,-1,-1
85,8,496.06,209.26,77.44,194.85,0.5913,-1,-1,-1
85,7,983.01,190.39,59.67,185.24,0.5488,-1,-1,-1
85,6,16.31,717.85,76.59,240.32,0.7217,-1,-1,-1
85,5,1356.67,572.89,86.14,222.20,0.4911,-1,-1,-1
85,4,1721.03,460.61,75.18,205.74,0.5994,-1,-1,-1
85,3,1174.62,961.56,83.87,118.44,0.7156,-1,-1,-1
85,2,101.76,544.89,73.13,249.40,0.7189,-1,-1,-1
85,1,413.47,318.44,81.91,224.41,0.7577,-1,-1,-1
86,22,792.95,149.40,56.31,172.92,0.3056,-1,-1,-1
86,18,1419.59,198.15,60.64,190.27,0.3148,-1,-1,-1
86,17,389.50,866.55,102.81,213.45,0.7884,-1,-1,-1
86,15,836.41,180.37,58.29,186.45,0.2955,-1,-1,-1
86,11,748.45,186.71,51.26,178.15,0.3358,-1,-1,-1
86,8,496.18,208.87,78.47,198.07,0.6103,-1,-1,-1
86,7,980.57,191.43,60.74,185.02,0.4836,-1,-1,-1
86,6,17.58,716.05,75.68,234.76,0.7462,-1,-1,-1
86,5,1357.47,574.02,84.84,213.21,0.5341,-1,-1,-1
86,4,1722.03,457.23,75.09,210.16,0.6083,-1,-1,-1
86,3,1172.55,961.16,85.45,118.84,0.7082,-1,-1,-1
86,2,102.08,546.12,73.38,247.23,0.7206,-1,-1,-1
86,1,414.56,317.39,81.54,221.26,0.7631,-1,-1,-1
87,22,791.94,149.10,57.29,173.73,0.3225,-1,-1,-1
87,18,1419.34,198.31,59.05,187.98,0.2808,-1,-1,-1
87,17,389.77,864.77,103.93,215.23,0.7885,-1,-1,-1
87,15,835.16,179.45,61.37,189.19,0.3398,-1,-1,-1
87,11,747.50,186.87,51.99,178.16,0.4067,-1,-1,-1
87,8,495.75,209.91,80.47,195.62,0.6208,-1,-1,-1
87,7,978.71,191.92,62.30,180.64,0.4581,-1,-1,-1
87,6,19.17,713.75,74.02,224.78,0.7604,-1,-1,-1
87,5,1357.04,573.65,84.06,215.22,0.5168,-1,-1,-1
87,4,1721.18,460.45,74.46,206.35,0.6339,-1,-1,-1
87,3,1173.42,960.68,83.30,119.32,0.7059,-1,-1,-1
87,2,102.01,545.65,73.61,247.18,0.7339,-1,-1,-1
87,1,413.97,316.69,84.17,220.31,0.7753,-1,-1,-1
88,22,791.88,150.54,56.68,169.98,0.3237,-1,-1,-1
88,17,390.19,862.29,105.66,217.71,0.8052,-1,-1,-1
88,15,834.98,179.44,62.17,188.88,0.2770,-1,-1,-1
88,11,742.55,187.13,56.02,176.92,0.3605,-1,-1,-1
88,8,497.18,209.27,81.43,198.02,0.6172,-1,-1,-1
88,7,976.53,190.94,63.60,187.08,0.4220,-1,-1,-1
88,6,18.29,710.10,75.07,226.02,0.7289,-1,-1,-1
88,5,1357.26,572.68,84.15,216.23,0.5500,-1,-1,-1
88,4,1720.66,460.21,74.92,206.24,0.6469,-1,-1,-1
88,3,1170.86,960.28,84.23,119.72,0.7425,-1,-1,-1
88,2,101.98,546.31,73.59,246.27,0.7177,-1,-1,-1
88,1,413.71,315.41,85.07,220.10,0.7855,-1,-1,-1
89,22,791.08,150.25,55.62,173.13,0.2966,-1,-1,-1
89,17,391.62,861.74,103.76,218.26,0.8133,-1,-1,-1
89,11,737.22,188.83,60.86,176.11,0.2845,-1,-1,-1
89,8,497.47,207.98,83.19,199.63,0.6149,-1,-1,-1
89,7,975.56,193.66,64.02,184.84,0.4936,-1,-1,-1
89,6,17.83,705.36,76.94,227.85,0.7360,-1,-1,-1
89,5,1357.11,573.79,84.56,218.24,0.5397,-1,-1,-1
89,4,1720.08,458.93,74.98,207.52,0.6366,-1,-1,-1
89,3,1171.29,959.79,81.32,120.12,0.7521,-1,-1,-1
89,2,101.93,546.35,73.56,245.53,0.7231,-1,-1,-1
89,1,413.98,313.77,84.69,220.15,0.7768,-1,-1,-1
90,22,790.96,150.52,56.22,175.50,0.2616,-1,-1,-1
90,17,392.61,860.24,102.74,219.76,0.8172,-1,-1,-1
90,15,832.94,173.86,54.55,188.85,0.2757,-1,-1,-1
90,8,499.12,207.22,84.16,198.88,0.5993,-1,-1,-1
90,7,974.26,195.50,64.94,184.57,0.4130,-1,-1,-1
90,6,20.49,703.91,74.20,227.99,0.7339,-1,-1,-1
90,5,1356.81,573.03,82.91,216.39,0.5376,-1,-1,-1
90,4,1720.43,459.44,74.41,206.64,0.6226,-1,-1,-1
90,3,1170.62,958.52,80.89,121.48,0.7642,-1,-1,-1
90,2,101.73,546.68,73.81,245.20,0.7132,-1,-1,-1
90,1,414.99,312.42,84.21,220.56,0.7467,-1,-1,-1
91,22,791.53,149.49,55.44,190.81,0.2682,-1,-1,-1
91,17,391.93,857.83,104.32,222.17,0.8024,-1,-1,-1
91,8,501.97,208.53,78.69,199.17,0.5640,-1,-1,-1
91,7,974.14,193.27,62.93,183.79,0.3695,-1,-1,-1
91,6,21.33,700.76,73.80,226.92,0.7227,-1,-1,-1
91,5,1356.77,571.87,83.88,220.28,0.5262,-1,-1,-1
91,4,1720.18,460.33,74.64,206.58,0.6292,-1,-1,-1
91,3,1169.32,957.25,80.82,122.75,0.7737,-1,-1,-1
91,2,102.18,546.93,73.60,244.68,0.7040,-1,-1,-1
91,1,416.37,311.00,82.08,223.25,0.7444,-1,-1,-1
92,22,792.24,147.27,54.02,195.88,0.2663,-1,-1,-1
92,17,392.75,854.18,102.54,225.82,0.7952,-1,-1,-1
92,8,500.14,212.44,79.56,195.08,0.5912,-1,-1,-1
92,7,972.42,195.91,63.01,182.85,0.3989,-1,-1,-1
92,6,22.39,696.63,72.11,229.72,0.7175,-1,-1,-1
92,5,1357.29,572.31,82.89,215.76,0.5335,-1,-1,-1
92,4,1720.83,459.98,74.49,206.85,0.6317,-1,-1,-1
92,3,1169.10,956.92,78.98,123.08,0.7607,-1,-1,-1
92,2,102.20,546.65,73.38,245.11,0.7010,-1,-1,-1
92,1,416.73,310.92,82.52,224.02,0.7394,-1,-1,-1
93,23,1199.09,151.62,69.01,177.39,0.2574,-1,-1,-1
93,17,393.82,850.90,102.76,229.10,0.8025,-1,-1,-1
93,8,501.60,208.98,78.87,198.77,0.5531,-1,-1,-1
93,7,973.01,195.25,61.91,186.72,0.3532,-1,-1,-1
93,6,23.58,698.36,71.14,225.29,0.7094,-1,-1,-1
93,5,1356.89,571.88,82.77,216.52,0.5189,-1,-1,-1
93,4,1720.71,459.99,74.74,206.38,0.6207,-1,-1,-1
93,3,1168.12,956.72,78.35,123.28,0.7791,-1,-1,-1
93,2,102.21,547.04,72.88,244.77,0.6921,-1,-1,-1
93,1,417.14,309.78,82.43,225.07,0.7308,-1,-1,-1
94,23,1190.84,153.69,75.73,177.06,0.2805,-1,-1,-1
94,17,394.28,849.01,102.69,230.99,0.7916,-1,-1,-1
94,8,501.34,211.06,77.59,199.19,0.5257,-1,-1,-1
94,7,972.01,197.21,61.92,186.09,0.3336,-1,-1,-1
94,6,23.58,697.38,70.80,224.68,0.7142,-1,-1,-1
94,5,1356.89,572.42,83.59,217.41,0.4739,-1,-1,-1
94,4,1721.63,460.18,74.38,207.09,0.6230,-1,-1,-1
94,3,1167.29,955.48,76.76,124.52,0.7913,-1,-1,-1
94,2,102.16,547.13,73.66,244.61,0.6882,-1,-1,-1
94,1,417.10,309.21,82.45,225.01,0.7309,-1,-1,-1
95,23,1181.78,154.87,79.15,167.98,0.3034,-1,-1,-1
95,17,395.23,843.60,100.99,236.40,0.7975,-1,-1,-1
95,8,503.55,213.33,76.12,199.29,0.4968,-1,-1,-1
95,7,971.05,197.34,61.62,188.63,0.3205,-1,-1,-1
95,6,25.47,696.37,68.95,226.38,0.7152,-1,-1,-1
95,5,1356.81,573.79,83.40,216.21,0.4462,-1,-1,-1
95,4,1721.77,460.02,73.30,206.94,0.6123,-1,-1,-1
95,3,1165.52,953.64,77.70,126.36,0.7873,-1,-1,-1
95,2,101.91,547.11,73.77,244.33,0.6852,-1,-1,-1
95,1,416.42,307.94,82.90,226.97,0.7428,-1,-1,-1
96,23,1170.27,155.97,89.20,167.17,0.3009,-1,-1,-1
96,17,395.22,841.37,100.58,238.63,0.8078,-1,-1,-1
96,8,507.82,211.68,78.67,204.47,0.5507,-1,-1,-1
96,7,968.47,199.74,61.10,190.25,0.4081,-1,-1,-1
96,6,26.11,694.03,68.35,229.61,0.7194,-1,-1,-1
96,5,1356.86,573.33,84.74,221.72,0.4983,-1,-1,-1
96,4,1721.55,458.96,73.70,207.08,0.6218,-1,-1,-1
96,3,1164.86,953.16,75.91,126.84,0.7957,-1,-1,-1
96,2,101.77,546.88,73.59,243.91,0.6778,-1,-1,-1
96,1,417.75,307.28,84.02,227.12,0.7599,-1,-1,-1
97,23,1166.69,155.58,95.03,168.34,0.2785,-1,-1,-1
97,17,395.46,841.31,98.19,238.69,0.8020,-1,-1,-1
97,8,510.00,213.50,74.79,204.50,0.5291,-1,-1,-1
97,7,966.42,199.35,61.16,190.92,0.3788,-1,-1,-1
97,6,25.40,693.23,69.14,228.84,0.7184,-1,-1,-1
97,5,1356.53,572.37,83.79,221.57,0.5220,-1,-1,-1
97,4,1721.80,459.48,74.11,207.81,0.6389,-1,-1,-1
97,3,1163.28,951.46,74.93,128.54,0.7830,-1,-1,-1
97,2,101.97,546.97,73.43,245.02,0.6835,-1,-1,-1
97,1,417.51,306.79,83.24,227.43,0.7582,-1,-1,-1
98,24,479.74,125.71,56.52,208.62,0.3053,-1,-1,-1
98,17,395.08,839.08,97.14,240.92,0.8025,-1,-1,-1
98,8,511.13,214.34,73.18,204.56,0.5618,-1,-1,-1
98,7,964.52,199.71,62.18,190.13,0.4789,-1,-1,-1
98,6,25.83,692.84,69.03,229.32,0.7197,-1,-1,-1
98,5,1357.19,573.21,81.69,217.94,0.5184,-1,-1,-1
98,4,1721.98,455.55,73.93,211.85,0.6374,-1,-1,-1
98,3,1160.97,949.22,76.27,130.78,0.7766,-1,-1,-1
98,2,101.74,546.74,73.51,244.78,0.6730,-1,-1,-1
98,1,418.34,305.10,82.63,229.27,0.7629,-1,-1,-1
99,24,478.42,129.84,57.07,196.78,0.2793,-1,-1,-1
99,23,1165.42,159.85,89.88,163.61,0.3317,-1,-1,-1
99,17,394.71,833.92,97.09,246.08,0.8039,-1,-1,-1
99,8,512.77,214.50,70.77,204.40,0.5246,-1,-1,-1
99,7,962.72,200.40,61.60,189.57,0.4275,-1,-1,-1
99,6,26.57,692.12,69.15,228.97,0.7224,-1,-1,-1
99,5,1357.10,573.60,81.90,212.85,0.5441,-1,-1,-1
99,4,1722.21,459.49,73.57,208.05,0.6252,-1,-1,-1
99,3,1159.60,946.32,76.81,133.68,0.7662,-1,-1,-1
99,2,101.68,546.40,73.56,245.24,0.6742,-1,-1,-1
99,1,418.63,305.09,83.34,228.76,0.7622,-1,-1,-1
100,23,1167.04,161.53,88.72,161.81,0.3746,-1,-1,-1
100,17,393.55,831.84,97.18,248.16,0.7950,-1,-1,-1
100,8,511.24,213.67,70.60,207.10,0.4419,-1,-1,-1
100,7,961.49,201.58,60.47,188.08,0.4512,-1,-1,-1
100,6,26.62,690.03,70.37,230.04,0.7321,-1,-1,-1
100,5,1356.85,574.19,82.30,214.35,0.5227,-1,-1,-1
100,4,1721.84,459.53,73.77,207.83,0.6093,-1,-1,-1
100,3,1158.88,946.13,74.74,133.87,0.7549,-1,-1,-1
100,2,101.95,545.04,72.99,248.75,0.6633,-1,-1,-1
100,1,419.80,303.18,82.97,229.37,0.7520,-1,-1,-1
101,24,477.69,133.39,57.82,199.72,0.3147,-1,-1,-1
101,23,1167.74,163.25,84.07,160.31,0.3464,-1,-1,-1
101,17,391.67,830.40,98.01,249.60,0.7903,-1,-1,-1
101,11,686.48,186.63,72.91,170.51,0.2773,-1,-1,-1
101,8,511.80,217.00,71.87,207.47,0.5115,-1,-1,-1
101,7,960.30,202.05,60.19,183.25,0.4391,-1,-1,-1
101,6,28.34,687.72,69.67,226.10,0.7359,-1,-1,-1
101,5,1356.85,574.49,82.47,214.71,0.5135,-1,-1,-1
101,4,1721.71,459.75,74.21,207.86,0.6192,-1,-1,-1
101,3,1157.14,945.54,74.69,133.76,0.7603,-1,-1,-1
101,2,102.13,545.01,73.16,248.64,0.6692,-1,-1,-1
101,1,419.90,302.24,83.52,229.51,0.7660,-1,-1,-1
102,24,477.82,135.92,58.22,194.74,0.3719,-1,-1,-1
102,23,1168.03,155.88,77.70,168.22,0.2630,-1,-1,-1
102,17,390.23,827.12,99.37,252.88,0.7982,-1,-1,-1
102,11,685.58,185.59,71.00,171.58,0.2844,-1,-1,-1
102,8,512.18,217.44,72.34,207.33,0.5148,-1,-1,-1
102,7,957.26,203.48,60.78,183.39,0.4924,-1,-1,-1
102,6,28.22,685.04,70.16,223.63,0.7534,-1,-1,-1
102,5,1356.91,574.24,82.64,217.62,0.5023,-1,-1,-1
102,4,1721.98,460.11,73.37,207.00,0.6228,-1,-1,-1
102,3,1156.16,944.03,72.97,134.60,0.7410,-1,-1,-1
102,2,102.41,544.65,73.30,248.73,0.6747,-1,-1,-1
102,1,420.74,299.89,82.50,229.75,0.7647,-1,-1,-1
103,24,477.42,137.92,57.82,192.96,0.2952,-1,-1,-1
103,23,1168.35,154.82,72.73,168.28,0.2509,-1,-1,-1
103,17,388.35,825.72,101.14,254.28,0.7946,-1,-1,-1
103,11,686.44,185.25,68.72,173.73,0.2523,-1,-1,-1
103,8,511.13,216.49,74.45,210.34,0.5130,-1,-1,-1
103,7,954.22,200.34,61.16,185.23,0.4963,-1,-1,-1
103,6,30.93,684.32,68.92,219.21,0.7644,-1,-1,-1
103,5,1357.39,573.75,82.98,218.58,0.4887,-1,-1,-1
103,4,1721.04,459.91,74.53,206.50,0.6108,-1,-1,-1
103,3,1154.53,941.01,72.13,137.64,0.7406,-1,-1,-1
103,2,102.41,544.71,73.07,249.28,0.6718,-1,-1,-1
103,1,420.40,299.07,82.64,227.71,0.7478,-1,-1,-1
104,24,476.05,141.91,58.74,187.16,0.2967,-1,-1,-1
104,17,386.88,822.74,102.19,257.26,0.8051,-1,-1,-1
104,8,512.57,216.46,76.92,209.74,0.5279,-1,-1,-1
104,7,952.67,201.50,60.90,184.94,0.4644,-1,-1,-1
104,6,32.68,682.00,68.13,220.01,0.7642,-1,-1,-1
104,5,1357.27,574.33,83.23,219.18,0.4486,-1,-1,-1
104,4,1721.66,459.08,73.04,206.86,0.6161,-1,-1,-1
104,3,1151.97,941.68,70.96,137.07,0.7270,-1,-1,-1
104,2,102.75,543.93,72.96,250.26,0.6566,-1,-1,-1
104,1,421.12,299.36,81.29,224.10,0.7413,-1,-1,-1
105,24,477.34,143.20,56.64,185.23,0.3208,-1,-1,-1
105,17,386.65,821.43,102.18,258.57,0.8106,-1,-1,-1
105,8,514.52,221.76,73.42,204.09,0.5064,-1,-1,-1
105,7,950.63,200.84,60.56,187.51,0.4981,-1,-1,-1
105,6,35.42,681.13,67.89,222.32,0.7764,-1,-1,-1
105,5,1356.99,574.19,85.61,226.67,0.4631,-1,-1,-1
105,4,1721.11,458.75,74.73,207.05,0.6147,-1,-1,-1
105,3,1150.92,940.66,69.49,137.43,0.7223,-1,-1,-1
105,2,102.75,544.45,73.22,249.60,0.6829,-1,-1,-1
105,1,420.52,298.25,82.54,218.70,0.7368,-1,-1,-1
106,17,385.45,819.27,102.54,260.73,0.8044,-1,-1,-1
106,11,685.75,182.08,68.66,177.90,0.2740,-1,-1,-1
106,8,513.90,219.66,73.57,205.52,0.4992,-1,-1,-1
106,7,949.07,201.38,59.68,186.21,0.5153,-1,-1,-1
106,6,35.83,679.87,71.11,222.95,0.7829,-1,-1,-1
106,5,1357.15,574.42,82.14,218.40,0.4971,-1,-1,-1
106,4,1721.32,459.87,73.85,206.71,0.6217,-1,-1,-1
106,3,1149.86,939.86,68.79,138.88,0.7100,-1,-1,-1
106,2,103.00,545.99,73.21,248.31,0.6615,-1,-1,-1
106,1,421.40,296.95,81.56,215.41,0.7386,-1,-1,-1
107,23,1164.88,153.87,59.54,166.12,0.2942,-1,-1,-1
107,17,385.63,818.11,100.99,261.89,0.8077,-1,-1,-1
107,8,514.08,224.08,72.30,201.33,0.5124,-1,-1,-1
107,7,949.45,204.78,58.38,186.60,0.5244,-1,-1,-1
107,6,36.00,679.18,76.86,222.51,0.7872,-1,-1,-1
107,5,1356.82,574.31,85.10,223.80,0.4670,-1,-1,-1
107,4,1720.93,459.62,74.46,206.82,0.6305,-1,-1,-1
107,3,1147.49,938.26,70.74,140.57,0.7246,-1,-1,-1
107,2,103.22,546.25,73.29,248.99,0.6634,-1,-1,-1
107,1,420.82,295.64,81.72,215.68,0.7490,-1,-1,-1
108,24,476.56,146.01,56.36,177.81,0.2529,-1,-1,-1
108,23,1162.62,153.17,56.92,169.50,0.3964,-1,-1,-1
108,17,385.81,816.39,100.39,263.61,0.8065,-1,-1,-1
108,8,515.51,223.85,67.58,202.08,0.4527,-1,-1,-1
108,7,946.06,205.59,60.55,189.69,0.5479,-1,-1,-1
108,6,36.97,676.85,81.23,225.27,0.8082,-1,-1,-1
108,5,1356.84,575.25,85.42,221.43,0.4997,-1,-1,-1
108,4,1720.84,459.07,74.35,207.21,0.6403,-1,-1,-1
108,3,1145.55,938.10,71.11,140.22,0.7300,-1,-1,-1
108,2,102.98,545.88,73.92,250.74,0.6419,-1,-1,-1
108,1,420.78,294.26,82.01,216.71,0.7382,-1,-1,-1
109,23,1160.95,153.24,56.78,167.25,0.3701,-1,-1,-1
109,17,385.73,810.97,99.66,269.03,0.8133,-1,-1,-1
109,8,515.72,225.33,67.32,200.66,0.4469,-1,-1,-1
109,7,945.58,204.56,59.12,188.13,0.6069,-1,-1,-1
109,6,38.15,676.28,78.61,225.65,0.8145,-1,-1,-1
109,5,1356.52,575.63,82.77,216.02,0.5251,-1,-1,-1
109,4,1721.91,458.65,72.77,206.23,0.6153,-1,-1,-1
109,3,1143.58,937.10,71.36,142.16,0.7535,-1,-1,-1
109,2,102.98,545.45,73.39,251.80,0.6548,-1,-1,-1
109,1,419.36,294.00,83.96,216.53,0.7416,-1,-1,-1
110,24,475.95,144.87,57.71,168.40,0.2778,-1,-1,-1
110,23,1158.12,149.77,58.38,174.13,0.3680,-1,-1,-1
110,17,386.40,805.44,98.14,274.56,0.8168,-1,-1,-1
110,8,513.95,227.66,64.25,197.88,0.4357,-1,-1,-1
110,7,944.85,206.02,57.41,186.54,0.6176,-1,-1,-1
110,6,38.98,673.47,89.04,226.46,0.7994,-1,-1,-1
110,5,1356.71,576.26,84.44,218.20,0.5028,-1,-1,-1
110,4,1721.43,459.47,73.75,208.00,0.6225,-1,-1,-1
110,3,1140.56,936.91,72.73,142.85,0.7565,-1,-1,-1
110,2,102.99,544.85,73.63,254.97,0.6552,-1,-1,-1
110,1,419.29,291.32,84.77,219.14,0.7468,-1,-1,-1
111,24,475.60,147.39,58.24,172.77,0.2844,-1,-1,-1
111,23,1154.13,149.80,56.26,169.98,0.3395,-1,-1,-1
111,17,387.92,801.33,97.24,278.67,0.8208,-1,-1,-1
111,8,516.36,227.57,73.76,199.43,0.5176,-1,-1,-1
111,7,942.66,207.05,59.30,187.01,0.6486,-1,-1,-1
111,6,41.41,671.44,90.72,226.21,0.7703,-1,-1,-1
111,5,1356.85,575.81,81.55,212.68,0.5087,-1,-1,-1
111,4,1721.95,456.04,73.47,210.79,0.5942,-1,-1,-1
111,3,1138.28,936.03,73.27,143.97,0.7607,-1,-1,-1
111,2,102.71,544.70,73.39,255.40,0.6581,-1,-1,-1
111,1,419.99,288.78,84.92,222.64,0.7343,-1,-1,-1
112,24,475.50,150.74,58.95,171.02,0.2616,-1,-1,-1
112,23,1151.25,149.73,59.43,168.62,0.4264,-1,-1,-1
112,17,388.71,799.89,96.01,275.87,0.8144,-1,-1,-1
112,8,517.55,231.27,73.91,198.02,0.5555,-1,-1,-1
112,7,940.72,209.68,59.48,185.02,0.6367,-1,-1,-1
112,6,43.87,670.38,89.86,225.95,0.7176,-1,-1,-1
112,5,1357.36,574.97,81.11,211.68,0.5616,-1,-1,-1
112,4,1721.99,456.47,73.79,210.73,0.6132,-1,-1,-1
112,3,1138.15,934.70,72.35,145.30,0.7561,-1,-1,-1
112,2,103.15,544.73,72.61,254.85,0.6417,-1,-1,-1
112,1,419.19,287.83,84.95,223.17,0.7348,-1,-1,-1
113,24,475.00,152.65,59.20,173.17,0.2801,-1,-1,-1
113,23,1146.36,150.63,63.50,166.76,0.4299,-1,-1,-1
113,17,388.46,797.68,95.88,271.44,0.8060,-1,-1,-1
113,8,518.05,233.47,73.44,198.31,0.5482,-1,-1,-1
113,7,940.38,210.13,57.94,185.24,0.6516,-1,-1,-1
113,6,46.10,670.38,79.66,224.98,0.6614,-1,-1,-1
113,5,1356.63,575.36,83.76,217.05,0.5355,-1,-1,-1
113,4,1721.68,460.42,73.82,205.20,0.6320,-1,-1,-1
113,3,1134.98,934.43,73.89,145.57,0.7563,-1,-1,-1
113,2,103.75,545.66,71.95,251.55,0.6695,-1,-1,-1
113,1,420.23,287.18,85.12,224.17,0.7436,-1,-1,-1
114,24,475.63,154.52,60.17,178.26,0.3255,-1,-1,-1
114,23,1132.90,149.87,75.62,167.37,0.3076,-1,-1,-1
114,17,389.15,794.11,95.83,270.48,0.8080,-1,-1,-1
114,8,519.61,235.27,74.36,201.43,0.5681,-1,-1,-1
114,7,937.06,209.45,58.65,185.70,0.6030,-1,-1,-1
114,6,48.46,667.98,82.07,226.25,0.6569,-1,-1,-1
114,5,1356.96,575.28,81.99,215.33,0.5367,-1,-1,-1
114,4,1721.76,456.25,73.70,210.88,0.6205,-1,-1,-1
114,3,1133.13,933.47,73.29,146.53,0.7548,-1,-1,-1
114,2,103.66,545.46,72.09,251.20,0.6600,-1,-1,-1
114,1,419.64,286.21,87.24,223.19,0.7348,-1,-1,-1
115,24,476.31,154.87,58.78,175.59,0.3447,-1,-1,-1
115,23,1120.78,148.45,84.78,170.11,0.2879,-1,-1,-1
115,17,389.28,790.67,98.13,269.54,0.8051,-1,-1,-1
115,8,521.58,236.38,75.00,201.59,0.6075,-1,-1,-1
115,7,937.32,210.52,57.05,183.76,0.6126,-1,-1,-1
115,6,53.61,665.82,81.45,227.42,0.6844,-1,-1,-1
115,5,1357.02,574.84,82.89,214.02,0.5498,-1,-1,-1
115,4,1721.55,456.79,74.52,210.84,0.6519,-1,-1,-1
115,3,1128.95,933.97,75.81,146.03,0.7634,-1,-1,-1
115,2,103.94,545.32,71.35,253.26,0.6313,-1,-1,-1
115,1,420.15,286.88,86.92,222.39,0.7588,-1,-1,-1
116,24,474.88,153.26,60.86,178.05,0.3673,-1,-1,-1
116,23,1116.78,149.87,85.83,169.23,0.3423,-1,-1,-1
116,17,390.69,788.30,98.77,272.54,0.8109,-1,-1,-1
116,8,519.98,235.22,74.54,203.21,0.5900,-1,-1,-1
116,7,934.95,211.03,58.58,182.32,0.5613,-1,-1,-1
116,6,59.56,664.82,76.09,220.70,0.6927,-1,-1,-1
116,5,1356.42,574.90,84.00,218.42,0.5442,-1,-1,-1
116,4,1721.67,460.72,73.78,206.22,0.6301,-1,-1,-1
116,3,1126.62,934.38,75.19,145.55,0.7660,-1,-1,-1
116,2,103.33,546.50,70.81,247.03,0.5928,-1,-1,-1
116,1,419.40,285.65,87.20,223.75,0.7552,-1,-1,-1
117,24,475.92,156.29,59.82,176.52,0.2545,-1,-1,-1
117,23,1108.68,146.60,90.75,173.80,0.3495,-1,-1,-1
117,17,390.21,787.17,100.08,272.08,0.8086,-1,-1,-1
117,8,520.27,236.07,74.12,203.64,0.5521,-1,-1,-1
117,7,934.43,210.81,56.22,180.45,0.5328,-1,-1,-1
117,6,67.90,664.89,73.44,216.24,0.7182,-1,-1,-1
117,5,1356.01,576.01,84.94,221.76,0.5571,-1,-1,-1
117,4,1721.25,459.62,74.25,206.64,0.6435,-1,-1,-1
117,3,1124.26,934.31,75.99,145.04,0.7591,-1,-1,-1
117,2,103.27,545.90,70.81,244.77,0.5547,-1,-1,-1
117,1,419.81,285.29,86.84,223.92,0.7546,-1,-1,-1
118,23,1107.82,146.79,89.26,173.32,0.3866,-1,-1,-1
118,17,390.20,785.33,101.59,276.07,0.7997,-1,-1,-1
118,8,519.91,235.09,74.53,207.58,0.5840,-1,-1,-1
118,7,929.99,211.27,59.36,183.82,0.5608,-1,-1,-1
118,6,72.26,666.76,70.71,211.15,0.6107,-1,-1,-1
118,5,1356.64,576.08,83.56,213.76,0.5146,-1,-1,-1
118,4,1721.53,459.89,73.86,206.47,0.6525,-1,-1,-1
118,3,1121.02,934.18,77.86,145.60,0.7778,-1,-1,-1
118,2,98.78,545.02,75.36,246.82,0.5334,-1,-1,-1
118,1,420.85,284.94,85.44,223.78,0.7447,-1,-1,-1
119,24,478.51,160.83,56.05,170.73,0.3118,-1,-1,-1
119,23,1104.62,145.77,91.38,175.21,0.4335,-1,-1,-1
119,17,392.48,784.15,100.35,274.48,0.8013,-1,-1,-1
119,8,520.10,237.22,72.51,207.27,0.6034,-1,-1,-1
119,7,930.87,210.41,55.95,186.24,0.5354,-1,-1,-1
119,6,77.13,669.53,72.25,208.37,0.5398,-1,-1,-1
119,5,1356.87,575.68,83.29,217.92,0.4827,-1,-1,-1
119,4,1721.44,456.30,74.06,209.95,0.6543,-1,-1,-1
119,3,1117.73,934.24,78.31,145.76,0.7947,-1,-1,-1
119,2,99.05,546.36,75.44,256.26,0.5137,-1,-1,-1
119,1,420.70,284.66,85.28,223.67,0.7467,-1,-1,-1
120,25,625.78,750.67,56.79,169.19,0.3274,-1,-1,-1
120,24,477.85,162.25,55.69,161.68,0.2528,-1,-1,-1
120,23,1102.82,146.26,92.43,174.14,0.4383,-1,-1,-1
120,17,392.69,782.93,100.58,274.82,0.8032,-1,-1,-1
120,8,521.03,240.80,71.11,202.06,0.5786,-1,-1,-1
120,7,929.23,211.12,56.83,186.68,0.5357,-1,-1,-1
120,6,81.84,666.27,68.97,207.62,0.5923,-1,-1,-1
120,5,1356.38,577.53,83.12,211.66,0.4815,-1,-1,-1
120,4,1720.85,459.89,75.12,206.97,0.6279,-1,-1,-1
120,3,1114.11,933.54,78.84,146.46,0.7977,-1,-1,-1
120,2,99.18,545.37,75.10,257.39,0.5081,-1,-1,-1
120,1,420.97,283.99,84.87,224.59,0.7470,-1,-1,-1
121,25,625.40,750.18,57.09,170.55,0.3402,-1,-1,-1
121,24,479.10,166.04,54.38,163.26,0.3197,-1,-1,-1
121,23,1104.53,145.86,85.79,173.39,0.4007,-1,-1,-1
121,17,392.83,780.32,101.06,276.75,0.8024,-1,-1,-1
121,8,521.97,243.00,67.42,199.15,0.5767,-1,-1,-1
121,7,926.78,211.28,57.71,186.95,0.4902,-1,-1,-1
121,6,80.83,663.81,72.97,212.04,0.6927,-1,-1,-1
121,5,1356.49,575.87,82.66,212.96,0.5530,-1,-1,-1
121,4,1721.82,455.60,73.86,211.54,0.6359,-1,-1,-1
121,3,1110.24,932.74,80.04,147.26,0.7761,-1,-1,-1
121,2,100.34,544.56,74.19,244.96,0.4924,-1,-1,-1
121,1,421.14,281.82,83.93,225.29,0.7511,-1,-1,-1
122,25,625.81,751.22,57.38,168.43,0.3513,-1,-1,-1
122,24,477.89,165.40,55.35,161.21,0.2963,-1,-1,-1
122,23,1105.67,145.33,82.46,172.73,0.3582,-1,-1,-1
122,22,785.18,212.59,68.98,180.92,0.2666,-1,-1,-1
122,17,392.41,779.98,102.07,276.78,0.7995,-1,-1,-1
122,8,520.95,242.31,66.44,199.56,0.5998,-1,-1,-1
122,7,926.14,211.23,55.80,187.10,0.4256,-1,-1,-1
122,6,83.80,660.96,76.67,214.34,0.6644,-1,-1,-1
122,5,1356.69,576.04,84.24,217.10,0.4786,-1,-1,-1
122,4,1720.25,459.82,75.71,206.84,0.6482,-1,-1,-1
122,3,1106.34,932.39,80.59,147.61,0.7839,-1,-1,-1
122,2,102.47,546.63,70.66,207.89,0.4589,-1,-1,-1
122,1,421.33,281.18,84.08,223.27,0.7522,-1,-1,-1
123,26,564.48,238.28,45.80,202.57,0.2594,-1,-1,-1
123,25,625.48,752.36,57.02,167.40,0.3275,-1,-1,-1
123,24,477.17,163.49,56.02,165.39,0.2988,-1,-1,-1
123,23,1107.26,144.76,75.55,172.70,0.3433,-1,-1,-1
123,22,787.20,215.69,61.74,185.66,0.3022,-1,-1,-1
123,17,392.23,778.47,102.13,276.79,0.7932,-1,-1,-1
123,8,521.58,244.68,66.35,196.39,0.5735,-1,-1,-1
123,7,925.66,209.56,56.02,189.15,0.4613,-1,-1,-1
123,6,84.33,658.87,77.03,215.09,0.6613,-1,-1,-1
123,5,1356.51,576.49,84.02,212.44,0.5545,-1,-1,-1
123,4,1720.90,458.96,75.56,207.83,0.6472,-1,-1,-1
123,3,1104.63,931.48,79.45,148.05,0.7826,-1,-1,-1
123,2,102.75,546.26,70.41,207.12,0.4805,-1,-1,-1
123,1,422.32,280.27,82.79,220.53,0.7331,-1,-1,-1
124,25,625.51,752.72,57.55,167.05,0.2632,-1,-1,-1
124,23,1105.37,143.20,72.32,171.92,0.3047,-1,-1,-1
124,22,786.13,217.59,62.23,184.15,0.2948,-1,-1,-1
124,17,393.35,778.17,102.78,273.53,0.7935,-1,-1,-1
124,8,522.62,244.66,69.34,197.82,0.5245,-1,-1,-1
124,7,922.62,209.97,57.13,188.55,0.4641,-1,-1,-1
124,6,92.13,656.65,70.76,217.52,0.5094,-1,-1,-1
124,5,1356.82,576.30,83.53,214.82,0.5143,-1,-1,-1
124,4,1720.74,459.63,75.34,206.71,0.6143,-1,-1,-1
124,3,1101.02,929.85,79.58,149.56,0.7833,-1,-1,-1
124,2,102.02,544.96,71.19,214.93,0.3546,-1,-1,-1
124,1,422.28,278.99,82.49,217.30,0.7286,-1,-1,-1
125,23,1106.05,141.44,68.87,173.75,0.3245,-1,-1,-1
125,22,787.16,218.00,60.40,184.79,0.2722,-1,-1,-1
125,17,393.26,775.01,101.81,276.31,0.7895,-1,-1,-1
125,8,522.76,247.57,67.28,190.42,0.5250,-1,-1,-1
125,7,920.99,210.51,56.12,188.77,0.4721,-1,-1,-1
125,6,97.33,653.13,64.90,221.11,0.4093,-1,-1,-1
125,5,1357.09,575.78,83.02,215.10,0.4872,-1,-1,-1
125,4,1720.93,457.97,74.69,208.92,0.6331,-1,-1,-1
125,3,1097.24,929.75,80.21,150.11,0.7886,-1,-1,-1
125,2,102.39,545.19,70.60,210.55,0.3376,-1,-1,-1
125,1,422.83,278.35,81.65,213.29,0.7080,-1,-1,-1
126,25,626.18,751.41,56.86,167.52,0.2784,-1,-1,-1
126,23,1104.98,140.82,62.67,172.20,0.3629,-1,-1,-1
126,17,393.42,770.02,98.86,279.14,0.8009,-1,-1,-1
126,8,523.14,248.66,67.84,192.12,0.5488,-1,-1,-1
126,7,919.91,211.08,53.48,189.15,0.4829,-1,-1,-1
126,6,99.53,654.08,65.00,218.62,0.2810,-1,-1,-1
126,5,1357.58,575.94,82.04,212.42,0.5264,-1,-1,-1
126,4,1720.37,458.54,74.98,208.85,0.6346,-1,-1,-1
126,3,1093.76,929.09,80.96,150.44,0.8041,-1,-1,-1
126,2,102.58,543.50,70.13,163.44,0.3042,-1,-1,-1
126,1,421.70,277.40,82.47,213.65,0.7056,-1,-1,-1
127,23,1105.44,141.03,57.11,172.78,0.3620,-1,-1,-1
127,17,394.23,765.48,96.22,276.44,0.7940,-1,-1,-1
127,8,523.93,252.02,67.08,188.50,0.5622,-1,-1,-1
127,7,918.62,210.81,53.54,189.11,0.4229,-1,-1,-1
127,6,103.20,544.30,72.95,321.25,0.3021,-1,-1,-1
127,5,1357.55,576.69,82.70,213.78,0.5204,-1,-1,-1
127,4,1720.99,459.09,74.79,207.41,0.6579,-1,-1,-1
127,3,1090.56,929.08,82.55,150.92,0.8079,-1,-1,-1
127,2,102.85,543.73,70.50,156.03,0.2611,-1,-1,-1
127,1,422.78,277.00,80.52,213.55,0.6881,-1,-1,-1
128,23,1100.69,140.76,59.32,172.27,0.3979,-1,-1,-1
128,17,393.45,760.90,97.89,276.08,0.7919,-1,-1,-1
128,8,524.80,254.48,65.50,188.54,0.5360,-1,-1,-1
128,7,914.40,212.41,55.30,189.68,0.4349,-1,-1,-1
128,5,1357.19,576.71,83.04,215.07,0.5055,-1,-1,-1
128,4,1720.95,459.26,75.38,206.98,0.6279,-1,-1,-1
128,3,1087.75,928.11,81.29,151.52,0.7924,-1,-1,-1
128,2,102.60,543.62,70.62,155.42,0.3951,-1,-1,-1
128,1,422.49,276.44,80.05,213.19,0.6691,-1,-1,-1
129,25,625.55,752.38,56.40,166.99,0.2961,-1,-1,-1
129,23,1096.93,138.29,60.06,171.59,0.2987,-1,-1,-1
129,17,395.78,756.30,94.88,270.70,0.7935,-1,-1,-1
129,8,525.45,255.14,64.08,192.42,0.5921,-1,-1,-1
129,7,911.56,213.24,56.56,187.17,0.4732,-1,-1,-1
129,6,102.56,540.75,72.39,249.26,0.3554,-1,-1,-1
129,5,1365.00,575.70,78.09,221.55,0.4775,-1,-1,-1
129,4,1720.76,458.31,74.93,206.43,0.6354,-1,-1,-1
129,3,1085.83,927.65,80.89,151.77,0.7886,-1,-1,-1
129,1,418.99,275.72,81.13,216.77,0.6904,-1,-1,-1
130,25,624.91,752.05,57.24,165.86,0.3089,-1,-1,-1
130,23,1094.35,138.31,59.93,174.76,0.2548,-1,-1,-1
130,17,397.11,754.33,93.23,264.55,0.7506,-1,-1,-1
130,8,527.36,257.62,61.34,193.31,0.5553,-1,-1,-1
130,7,904.26,214.48,63.28,186.48,0.4834,-1,-1,-1
130,6,102.85,544.11,71.60,244.81,0.5563,-1,-1,-1
130,5,1358.81,575.50,83.20,217.61,0.4888,-1,-1,-1
130,4,1721.41,458.37,74.44,207.89,0.6126,-1,-1,-1
130,3,1082.02,926.87,82.03,152.24,0.7805,-1,-1,-1
130,1,418.86,273.89,81.21,218.67,0.7045,-1,-1,-1
131,26,573.25,235.93,53.80,189.89,0.2521,-1,-1,-1
131,25,625.35,754.31,56.77,163.77,0.2819,-1,-1,-1
131,23,1090.57,138.09,60.01,174.15,0.2676,-1,-1,-1
131,17,395.99,752.40,93.20,263.25,0.7420,-1,-1,-1
131,8,528.10,257.22,60.94,200.45,0.5052,-1,-1,-1
131,7,900.83,214.15,64.48,186.42,0.4999,-1,-1,-1
131,6,103.02,543.38,71.63,244.25,0.6459,-1,-1,-1
131,5,1360.63,576.85,81.34,214.14,0.5046,-1,-1,-1
131,4,1721.31,459.13,74.22,207.02,0.6175,-1,-1,-1
131,3,1080.89,926.91,80.43,151.18,0.7588,-1,-1,-1
131,1,420.38,272.86,79.73,219.17,0.6628,-1,-1,-1
132,26,575.96,247.70,52.11,177.62,0.3107,-1,-1,-1
132,23,1090.13,139.92,57.94,169.33,0.3917,-1,-1,-1
132,17,393.50,750.10,94.36,265.97,0.7531,-1,-1,-1
132,8,529.61,252.23,62.56,205.90,0.5012,-1,-1,-1
132,7,900.13,212.89,67.22,187.91,0.4839,-1,-1,-1
132,6,102.57,544.53,73.54,246.04,0.5846,-1,-1,-1
132,5,1359.33,576.17,81.65,215.18,0.5142,-1,-1,-1
132,4,1721.35,459.30,74.27,207.01,0.6175,-1,-1,-1
132,3,1079.86,927.62,80.76,150.70,0.7713,-1,-1,-1
132,1,419.24,273.12,81.08,219.40,0.6494,-1,-1,-1
133,26,574.51,247.77,55.58,181.99,0.3165,-1,-1,-1
133,25,624.02,752.61,58.82,168.10,0.2527,-1,-1,-1
133,23,1082.59,140.08,59.73,169.54,0.3850,-1,-1,-1
133,17,389.96,749.05,98.22,265.53,0.7545,-1,-1,-1
133,8,530.92,252.75,60.35,207.35,0.5158,-1,-1,-1
133,7,900.14,210.43,67.54,192.13,0.4772,-1,-1,-1
133,6,102.30,544.77,74.54,245.59,0.5381,-1,-1,-1
133,5,1357.67,576.78,83.87,213.94,0.4923,-1,-1,-1
133,4,1720.85,458.73,74.69,206.64,0.6034,-1,-1,-1
133,3,1078.17,927.66,80.78,150.90,0.7796,-1,-1,-1
133,1,418.55,271.99,81.46,219.84,0.6423,-1,-1,-1
134,26,575.11,246.14,54.48,184.25,0.4138,-1,-1,-1
134,23,1074.02,139.44,68.53,171.88,0.4335,-1,-1,-1
134,17,388.78,748.13,98.93,266.01,0.7700,-1,-1,-1
134,8,531.53,255.50,57.22,203.04,0.5158,-1,-1,-1
134,7,899.03,211.90,66.37,190.05,0.4621,-1,-1,-1
134,6,102.26,545.31,76.15,233.93,0.5155,-1,-1,-1
134,5,1358.55,575.63,83.67,217.09,0.4816,-1,-1,-1
134,4,1721.11,459.66,74.09,206.97,0.5939,-1,-1,-1
134,3,1076.25,927.14,78.77,150.70,0.7850,-1,-1,-1
134,1,418.11,273.04,81.40,218.51,0.6424,-1,-1,-1
135,26,575.94,247.03,54.11,184.85,0.4342,-1,-1,-1
135,23,1057.39,140.46,82.82,172.65,0.4571,-1,-1,-1
135,17,388.98,745.71,98.34,268.68,0.7791,-1,-1,-1
135,8,530.32,259.13,57.93,202.76,0.5557,-1,-1,-1
135,7,898.92,210.77,66.18,191.61,0.4352,-1,-1,-1
135,6,101.34,542.64,77.86,241.87,0.6188,-1,-1,-1
135,5,1358.06,575.92,84.41,217.33,0.5097,-1,-1,-1
135,4,1720.17,458.38,75.21,207.81,0.5998,-1,-1,-1
135,3,1074.88,926.37,79.11,151.77,0.7818,-1,-1,-1
135,1,415.72,271.17,83.64,219.34,0.6421,-1,-1,-1
136,26,576.18,250.07,53.01,185.65,0.5031,-1,-1,-1
136,23,1045.61,140.66,91.82,170.61,0.5636,-1,-1,-1
136,17,385.28,745.34,102.14,268.40,0.7919,-1,-1,-1
136,8,530.08,258.68,57.29,202.60,0.5582,-1,-1,-1
136,7,897.83,212.21,63.12,189.08,0.4139,-1,-1,-1
136,6,101.72,544.06,75.14,238.56,0.6225,-1,-1,-1
136,5,1362.12,577.02,83.12,221.19,0.4843,-1,-1,-1
136,4,1721.24,458.82,74.38,208.21,0.6123,-1,-1,-1
136,3,1073.40,926.87,76.90,150.55,0.7888,-1,-1,-1
136,1,417.33,270.79,81.42,218.50,0.6731,-1,-1,-1
137,27,818.67,249.50,61.24,165.76,0.3121,-1,-1,-1
137,26,574.63,250.63,55.17,185.47,0.4583,-1,-1,-1
137,23,1043.21,138.80,92.05,171.61,0.5824,-1,-1,-1
137,17,384.02,744.94,102.65,268.37,0.7900,-1,-1,-1
137,8,531.85,255.44,55.99,205.29,0.5880,-1,-1,-1
137,7,896.51,210.88,61.21,191.64,0.4162,-1,-1,-1
137,6,101.29,545.13,71.13,236.44,0.5728,-1,-1,-1
137,5,1365.85,577.74,78.75,218.74,0.4574,-1,-1,-1
137,4,1721.16,457.34,74.86,209.06,0.6080,-1,-1,-1
137,3,1071.49,927.35,77.15,149.82,0.7949,-1,-1,-1
137,1,415.92,268.80,82.44,219.25,0.6639,-1,-1,-1
138,28,134.55,638.17,82.48,208.84,0.4312,-1,-1,-1
138,27,819.88,248.91,58.98,162.16,0.2932,-1,-1,-1
138,26,574.59,250.98,55.56,184.54,0.4441,-1,-1,-1
138,23,1039.83,140.64,94.45,169.87,0.6013,-1,-1,-1
138,22,776.55,245.44,51.35,172.41,0.2522,-1,-1,-1
138,17,383.13,744.85,103.18,267.74,0.7892,-1,-1,-1
138,8,532.64,255.84,54.47,202.68,0.5917,-1,-1,-1
138,7,894.92,212.34,53.69,178.79,0.4601,-1,-1,-1
138,6,101.81,545.38,67.20,236.53,0.5977,-1,-1,-1
138,5,1364.95,577.06,79.80,222.23,0.4483,-1,-1,-1
138,4,1721.00,457.77,74.92,209.13,0.6053,-1,-1,-1
138,3,1070.14,927.66,76.41,149.64,0.7897,-1,-1,-1
138,1,416.14,267.64,81.89,219.50,0.6925,-1,-1,-1
139,28,139.66,636.15,88.76,207.81,0.4484,-1,-1,-1
139,27,820.25,248.15,56.92,169.89,0.2951,-1,-1,-1
139,26,574.23,250.84,56.22,183.79,0.4395,-1,-1,-1
139,23,1040.86,140.64,92.20,171.02,0.5915,-1,-1,-1
139,17,382.80,744.54,102.56,266.97,0.7961,-1,-1,-1
139,8,532.34,259.15,54.85,200.11,0.5740,-1,-1,-1
139,7,893.14,209.91,60.04,191.17,0.5243,-1,-1,-1
139,6,101.72,545.43,67.09,238.30,0.6167,-1,-1,-1
139,5,1361.68,576.21,84.28,224.35,0.4688,-1,-1,-1
139,4,1720.65,457.76,75.36,209.14,0.6236,-1,-1,-1
139,3,1068.79,927.35,75.83,149.20,0.7876,-1,-1,-1
139,1,415.70,265.97,81.27,220.98,0.6411,-1,-1,-1
140,28,143.80,633.67,89.46,206.41,0.4224,-1,-1,-1
140,27,818.53,249.22,59.17,168.37,0.3095,-1,-1,-1
140,26,578.26,251.92,53.82,180.04,0.4519,-1,-1,-1
140,25,624.61,751.79,58.43,167.71,0.2762,-1,-1,-1
140,23,1039.95,140.79,91.43,171.22,0.5770,-1,-1,-1
140,17,383.99,741.56,101.77,267.34,0.7963,-1,-1,-1
140,8,531.88,258.00,56.23,202.98,0.6023,-1,-1,-1
140,7,889.30,210.12,52.62,182.11,0.4704,-1,-1,-1
140,6,102.13,545.26,65.56,239.39,0.6187,-1,-1,-1
140,5,1358.57,577.04,84.19,212.89,0.5503,-1,-1,-1
140,4,1720.84,458.41,75.16,208.65,0.6353,-1,-1,-1
140,3,1066.90,926.33,76.33,149.73,0.7918,-1,-1,-1
140,1,417.57,267.63,79.30,216.82,0.6144,-1,-1,-1
141,28,145.08,629.04,88.68,208.04,0.5916,-1,-1,-1
141,27,818.17,248.39,57.98,169.36,0.3837,-1,-1,-1
141,26,579.89,249.15,51.52,184.46,0.4783,-1,-1,-1
141,25,624.79,752.25,57.59,167.95,0.2595,-1,-1,-1
141,23,1042.21,140.35,85.91,170.18,0.5574,-1,-1,-1
141,17,384.86,739.42,99.94,267.38,0.7966,-1,-1,-1
141,8,531.75,257.92,55.94,201.90,0.6032,-1,-1,-1
141,7,886.15,209.53,55.03,187.79,0.5439,-1,-1,-1
141,6,102.58,545.89,66.20,240.55,0.6447,-1,-1,-1
141,5,1357.53,575.51,86.31,216.66,0.4988,-1,-1,-1
141,4,1721.08,458.33,74.98,207.90,0.6218,-1,-1,-1
141,3,1064.87,924.94,75.89,151.67,0.7871,-1,-1,-1
141,1,416.68,265.03,79.78,216.89,0.6325,-1,-1,-1
142,28,148.94,628.96,83.65,204.73,0.5437,-1,-1,-1
142,27,819.49,251.35,54.52,167.60,0.2923,-1,-1,-1
142,26,581.06,249.97,52.37,182.42,0.4965,-1,-1,-1
142,25,624.02,752.02,58.93,168.58,0.3327,-1,-1,-1
142,23,1039.92,140.60,86.56,168.95,0.5952,-1,-1,-1
142,17,387.23,737.16,96.55,268.32,0.7914,-1,-1,-1
142,8,531.74,257.02,55.92,203.20,0.5990,-1,-1,-1
142,7,883.05,208.33,54.65,187.39,0.5163,-1,-1,-1
142,6,103.59,545.95,66.52,241.76,0.6580,-1,-1,-1
142,5,1357.20,575.84,87.05,218.16,0.4818,-1,-1,-1
142,4,1721.44,459.19,74.92,206.88,0.6235,-1,-1,-1
142,3,1064.97,924.63,72.94,152.87,0.7775,-1,-1,-1
142,1,417.07,264.24,78.49,216.57,0.6333,-1,-1,-1
143,28,149.13,629.55,86.21,208.40,0.6522,-1,-1,-1
143,26,581.34,247.26,53.65,187.40,0.4527,-1,-1,-1
143,25,624.81,752.60,58.84,168.44,0.2841,-1,-1,-1
143,23,1041.96,137.68,81.94,171.91,0.5709,-1,-1,-1
143,17,388.56,734.31,94.71,265.54,0.8026,-1,-1,-1
143,8,530.76,257.43,56.28,202.96,0.5945,-1,-1,-1
143,7,881.42,206.68,53.65,189.27,0.4787,-1,-1,-1
143,6,103.72,545.37,67.09,241.06,0.6746,-1,-1,-1
143,5,1357.84,575.82,85.97,217.80,0.4814,-1,-1,-1
143,4,1721.27,459.17,74.87,206.96,0.6336,-1,-1,-1
143,3,1063.40,923.46,72.22,153.15,0.7620,-1,-1,-1
143,1,414.96,258.86,78.82,222.00,0.6332,-1,-1,-1
144,28,153.40,630.82,81.59,207.18,0.6815,-1,-1,-1
144,26,581.99,252.79,55.85,182.92,0.4936,-1,-1,-1
144,24,479.60,184.25,57.90,176.70,0.3205,-1,-1,-1
144,23,1041.42,136.53,78.70,171.96,0.4551,-1,-1,-1
144,17,389.51,730.96,93.45,261.74,0.7950,-1,-1,-1
144,8,530.37,259.79,57.69,202.70,0.6046,-1,-1,-1
144,7,877.59,206.84,57.35,188.67,0.4740,-1,-1,-1
144,6,103.38,545.79,68.14,240.92,0.6866,-1,-1,-1
144,5,1358.46,576.01,85.62,217.07,0.4984,-1,-1,-1
144,4,1721.63,459.77,74.57,207.00,0.6213,-1,-1,-1
144,3,1062.28,923.06,70.44,153.60,0.7571,-1,-1,-1
144,1,414.61,259.45,80.14,217.28,0.6328,-1,-1,-1
145,28,157.70,627.34,76.54,212.32,0.7005,-1,-1,-1
145,26,583.18,252.49,55.02,184.02,0.5292,-1,-1,-1
145,23,1041.35,136.35,69.40,171.84,0.4222,-1,-1,-1
145,17,392.84,729.52,90.78,255.98,0.7984,-1,-1,-1
145,8,529.54,259.27,56.75,202.54,0.5950,-1,-1,-1
145,7,872.23,207.36,61.91,185.73,0.5446,-1,-1,-1
145,6,103.82,545.73,69.11,242.76,0.7090,-1,-1,-1
145,5,1358.08,576.05,84.60,213.83,0.5403,-1,-1,-1
145,4,1721.57,459.27,74.19,206.58,0.6102,-1,-1,-1
145,3,1060.90,922.83,67.98,153.82,0.7582,-1,-1,-1
145,1,416.58,259.83,77.68,210.54,0.6209,-1,-1,-1
146,28,158.93,624.34,76.36,214.50,0.7110,-1,-1,-1
146,26,584.95,254.25,53.17,187.18,0.5112,-1,-1,-1
146,25,623.82,754.19,59.26,168.31,0.2748,-1,-1,-1
146,23,1041.25,136.42,63.93,171.03,0.4847,-1,-1,-1
146,17,393.56,726.31,91.05,251.51,0.7772,-1,-1,-1
146,8,530.32,259.19,57.61,205.01,0.5934,-1,-1,-1
146,7,872.56,206.44,59.74,185.40,0.4901,-1,-1,-1
146,6,103.69,546.02,69.62,242.41,0.7155,-1,-1,-1
146,5,1357.73,575.32,85.28,218.48,0.5131,-1,-1,-1
146,4,1721.88,459.56,74.20,207.62,0.6141,-1,-1,-1
146,3,1058.57,921.68,66.43,156.93,0.7414,-1,-1,-1
146,1,414.63,252.83,76.83,219.18,0.6395,-1,-1,-1
147,28,160.72,619.90,75.40,216.32,0.6892,-1,-1,-1
147,26,584.81,254.92,54.39,188.59,0.5385,-1,-1,-1
147,25,624.52,753.11,58.65,167.20,0.2705,-1,-1,-1
147,23,1040.42,135.22,60.96,171.15,0.4764,-1,-1,-1
147,17,394.34,718.70,91.35,256.29,0.7798,-1,-1,-1
147,8,530.33,260.17,56.72,206.53,0.6090,-1,-1,-1
147,7,869.57,205.72,62.05,185.16,0.4781,-1,-1,-1
147,6,104.04,546.22,69.63,240.89,0.7136,-1,-1,-1
147,5,1358.43,574.40,84.49,217.52,0.5413,-1,-1,-1
147,4,1721.44,458.81,74.94,207.32,0.6273,-1,-1,-1
147,3,1057.09,921.10,63.08,157.60,0.7265,-1,-1,-1
147,1,414.44,253.15,77.66,219.41,0.6464,-1,-1,-1
148,28,163.88,616.56,75.52,215.21,0.7077,-1,-1,-1
148,26,585.64,255.53,54.23,188.95,0.4957,-1,-1,-1
148,25,624.56,753.13,57.56,166.51,0.2800,-1,-1,-1
148,23,1038.51,134.82,56.23,171.32,0.4431,-1,-1,-1
148,17,394.54,717.02,92.39,255.54,0.7779,-1,-1,-1
148,8,530.30,261.59,59.32,206.99,0.5943,-1,-1,-1
148,7,866.79,204.50,63.49,193.28,0.4450,-1,-1,-1
148,6,103.70,545.46,70.55,241.80,0.7138,-1,-1,-1
148,5,1357.81,575.43,83.68,216.05,0.5583,-1,-1,-1
148,4,1721.44,458.33,74.89,208.84,0.6468,-1,-1,-1
148,3,1055.16,919.40,62.73,157.28,0.7273,-1,-1,-1
148,1,413.93,252.86,78.32,219.24,0.6342,-1,-1,-1
149,28,168.46,614.71,72.42,214.49,0.6961,-1,-1,-1
149,26,586.31,256.24,54.85,190.06,0.4501,-1,-1,-1
149,25,624.26,751.45,59.12,167.19,0.3259,-1,-1,-1
149,23,1037.05,135.77,53.87,168.75,0.3611,-1,-1,-1
149,17,396.18,712.52,93.38,260.54,0.7881,-1,-1,-1
149,8,531.14,263.42,59.30,205.90,0.6299,-1,-1,-1
149,7,865.95,204.45,61.86,192.92,0.4432,-1,-1,-1
149,6,103.89,545.77,70.31,241.27,0.7150,-1,-1,-1
149,5,1357.90,575.41,84.76,215.26,0.5457,-1,-1,-1
149,4,1721.05,459.02,74.38,207.33,0.6214,-1,-1,-1
149,3,1054.26,918.09,62.45,159.05,0.7262,-1,-1,-1
149,1,416.30,257.49,76.98,212.95,0.6253,-1,-1,-1
150,28,175.97,613.83,65.25,213.33,0.6571,-1,-1,-1
150,26,586.92,256.93,55.38,190.71,0.4355,-1,-1,-1
150,25,625.68,751.65,56.71,166.96,0.3234,-1,-1,-1
150,23,1033.44,134.25,56.47,172.59,0.4896,-1,-1,-1
150,17,394.58,710.73,97.07,263.37,0.7859,-1,-1,-1
150,8,531.37,265.42,57.56,207.70,0.6154,-1,-1,-1
150,7,865.95,205.69,63.13,192.53,0.4053,-1,-1,-1
150,6,103.49,545.57,70.76,242.99,0.7133,-1,-1,-1
150,5,1356.88,574.84,85.71,217.48,0.5401,-1,-1,-1
150,4,1721.19,458.48,74.65,208.25,0.6384,-1,-1,-1
150,3,1052.17,916.20,61.39,161.83,0.7370,-1,-1,-1
150,1,416.49,256.85,76.93,213.25,0.6202,-1,-1,-1
151,28,181.03,611.75,68.88,215.13,0.6711,-1,-1,-1
151,26,587.93,260.23,55.07,190.62,0.4181,-1,-1,-1
151,25,625.37,751.17,57.19,167.20,0.3579,-1,-1,-1
151,23,1030.08,132.13,57.15,173.82,0.4881,-1,-1,-1
151,17,396.23,710.48,95.83,263.38,0.7811,-1,-1,-1
151,8,531.35,266.23,56.23,209.54,0.6119,-1,-1,-1
151,7,864.54,205.24,62.69,190.72,0.4593,-1,-1,-1
151,6,103.28,546.81,71.42,243.33,0.7215,-1,-1,-1
151,5,1367.22,573.95,75.90,225.01,0.4862,-1,-1,-1
151,4,1722.13,458.35,72.98,207.42,0.6250,-1,-1,-1
151,3,1051.39,913.37,60.95,164.09,0.7372,-1,-1,-1
151,1,417.11,255.84,75.32,214.60,0.6162,-1,-1,-1
152,28,182.66,610.33,67.43,216.46,0.6902,-1,-1,-1
152,26,588.58,260.88,55.53,191.12,0.4116,-1,-1,-1
152,25,624.68,751.80,56.58,166.31,0.4331,-1,-1,-1
152,23,1024.81,129.98,60.00,172.29,0.4073,-1,-1,-1
152,17,396.63,708.18,97.81,264.83,0.7670,-1,-1,-1
152,8,532.02,272.40,54.12,205.08,0.5927,-1,-1,-1
152,7,863.65,205.93,62.63,190.01,0.5191,-1,-1,-1
152,6,102.66,546.98,72.49,242.65,0.7176,-1,-1,-1
152,5,1360.19,577.01,81.65,212.69,0.5301,-1,-1,-1
152,4,1721.83,458.02,73.72,208.61,0.6152,-1,-1,-1
152,3,1049.57,913.45,60.39,164.57,0.7422,-1,-1,-1
152,1,417.46,255.08,75.41,215.45,0.6065,-1,-1,-1
153,28,184.77,610.72,69.50,215.19,0.7366,-1,-1,-1
153,26,591.80,268.41,52.90,181.88,0.3229,-1,-1,-1
153,25,625.96,751.17,54.54,166.92,0.4097,-1,-1,-1
153,23,1022.83,132.21,60.17,170.57,0.4118,-1,-1,-1
153,17,396.44,709.20,99.50,264.15,0.7589,-1,-1,-1
153,8,531.73,275.55,54.64,201.39,0.5869,-1,-1,-1
153,7,862.11,204.70,63.59,191.63,0.4967,-1,-1,-1
153,6,103.66,547.98,71.21,245.33,0.7270,-1,-1,-1
153,5,1360.38,575.36,80.71,215.71,0.5167,-1,-1,-1
153,4,1721.53,457.44,73.95,209.07,0.6097,-1,-1,-1
153,3,1047.64,912.17,60.44,166.76,0.7307,-1,-1,-1
153,1,417.45,254.16,74.39,215.80,0.5837,-1,-1,-1
154,28,187.76,611.01,68.87,213.55,0.7532,-1,-1,-1
154,26,592.69,271.07,55.44,183.02,0.2583,-1,-1,-1
154,25,624.82,751.94,57.94,167.55,0.3311,-1,-1,-1
154,23,1016.41,131.71,63.11,171.87,0.3514,-1,-1,-1
154,17,396.80,709.19,100.63,263.12,0.7636,-1,-1,-1
154,8,532.72,277.23,54.43,199.87,0.5631,-1,-1,-1
154,7,860.18,205.33,64.39,191.23,0.5086,-1,-1,-1
154,6,103.96,547.06,71.19,246.07,0.7200,-1,-1,-1
154,5,1359.86,576.56,81.88,215.44,0.5216,-1,-1,-1
154,4,1721.57,459.96,73.62,206.10,0.5874,-1,-1,-1
154,3,1046.85,911.68,59.38,167.56,0.7148,-1,-1,-1
154,1,415.01,253.02,75.70,216.95,0.6006,-1,-1,-1
155,28,192.86,610.96,67.02,213.05,0.7614,-1,-1,-1
155,25,625.92,751.42,55.47,166.48,0.3381,-1,-1,-1
155,23,999.70,133.02,76.64,172.86,0.3939,-1,-1,-1
155,17,397.88,705.97,101.97,266.12,0.7628,-1,-1,-1
155,8,532.65,278.86,55.80,197.81,0.5143,-1,-1,-1
155,7,857.34,205.24,66.28,189.03,0.5116,-1,-1,-1
155,6,102.92,545.58,71.59,247.78,0.6969,-1,-1,-1
155,5,1359.40,576.33,82.65,212.86,0.5696,-1,-1,-1
155,4,1722.67,459.13,72.68,206.73,0.5963,-1,-1,-1
155,3,1044.91,911.19,59.66,167.69,0.7282,-1,-1,-1
155,1,415.96,251.61,74.35,218.64,0.6032,-1,-1,-1
156,29,1260.44,173.18,107.19,151.55,0.3096,-1,-1,-1
156,28,194.85,608.94,67.42,214.00,0.7529,-1,-1,-1
156,25,625.58,749.42,57.44,170.14,0.2777,-1,-1,-1
156,23,992.13,133.92,80.61,171.49,0.4379,-1,-1,-1
156,17,398.46,702.53,100.66,267.00,0.7612,-1,-1,-1
156,8,532.54,274.14,56.97,201.65,0.4655,-1,-1,-1
156,7,855.82,204.16,67.30,187.60,0.5454,-1,-1,-1
156,6,102.55,545.42,72.12,247.21,0.6979,-1,-1,-1
156,5,1357.42,578.98,82.53,211.68,0.5202,-1,-1,-1
156,4,1722.34,459.69,73.16,205.68,0.5861,-1,-1,-1
156,3,1042.93,910.58,60.30,169.42,0.7076,-1,-1,-1
156,1,416.84,251.59,74.75,214.32,0.6177,-1,-1,-1
157,28,197.35,608.38,66.54,214.67,0.7419,-1,-1,-1
157,25,624.96,747.59,56.99,171.16,0.3370,-1,-1,-1
157,23,987.61,133.89,82.77,171.48,0.4663,-1,-1,-1
157,22,759.36,252.26,62.56,180.68,0.2980,-1,-1,-1
157,17,399.58,705.07,100.00,263.97,0.7721,-1,-1,-1
157,8,532.46,273.89,57.21,199.17,0.4366,-1,-1,-1
157,7,855.98,203.01,66.71,184.48,0.5669,-1,-1,-1
157,6,102.75,545.75,72.21,246.95,0.6960,-1,-1,-1
157,5,1356.88,578.72,83.29,210.53,0.5213,-1,-1,-1
157,4,1722.75,460.10,72.59,205.53,0.5927,-1,-1,-1
157,3,1041.85,910.07,59.68,169.36,0.7015,-1,-1,-1
157,1,416.61,251.86,74.29,212.84,0.6185,-1,-1,-1
158,28,198.12,606.88,65.58,212.73,0.7156,-1,-1,-1
158,25,625.58,749.76,56.90,170.19,0.2818,-1,-1,-1
158,23,987.90,132.39,81.67,172.35,0.3919,-1,-1,-1
158,17,398.88,704.64,98.37,261.61,0.7847,-1,-1,-1
158,8,529.95,271.96,60.88,200.49,0.4537,-1,-1,-1
158,7,853.19,201.19,68.57,184.43,0.5558,-1,-1,-1
158,6,102.47,546.34,72.19,246.10,0.6984,-1,-1,-1
158,5,1357.02,577.22,83.31,210.76,0.5370,-1,-1,-1
158,4,1722.04,459.88,73.70,206.67,0.6108,-1,-1,-1
158,3,1039.07,909.72,62.49,170.28,0.7160,-1,-1,-1
158,1,417.00,249.21,76.28,215.68,0.6447,-1,-1,-1
159,28,199.60,604.30,65.79,212.68,0.6954,-1,-1,-1
159,25,626.37,750.23,54.10,166.11,0.2667,-1,-1,-1
159,23,984.86,133.23,82.60,171.25,0.4135,-1,-1,-1
159,17,402.50,703.22,91.11,260.06,0.7615,-1,-1,-1
159,8,527.00,280.69,64.08,193.77,0.4322,-1,-1,-1
159,7,851.18,200.18,69.96,189.67,0.5478,-1,-1,-1
159,6,102.64,546.28,72.03,246.52,0.6951,-1,-1,-1
159,5,1356.51,578.45,84.71,212.82,0.5146,-1,-1,-1
159,4,1722.28,461.66,73.52,204.50,0.6008,-1,-1,-1
159,3,1037.59,908.63,61.69,170.51,0.6985,-1,-1,-1
159,1,417.99,250.11,75.80,211.89,0.6108,-1,-1,-1
160,28,201.10,602.31,65.51,215.74,0.7004,-1,-1,-1
160,25,626.53,749.81,54.29,166.43,0.2944,-1,-1,-1
160,23,981.52,132.48,83.98,169.83,0.4723,-1,-1,-1
160,17,401.83,697.52,92.22,256.70,0.7655,-1,-1,-1
160,8,526.41,286.36,65.09,189.55,0.4712,-1,-1,-1
160,7,851.51,198.56,68.90,192.74,0.5133,-1,-1,-1
160,6,102.51,546.86,71.78,246.21,0.6987,-1,-1,-1
160,5,1357.25,579.38,86.29,218.43,0.4780,-1,-1,-1
160,4,1721.42,461.25,73.75,204.77,0.5701,-1,-1,-1
160,3,1037.24,908.92,60.82,171.08,0.6804,-1,-1,-1
160,1,418.66,247.58,74.41,214.47,0.6444,-1,-1,-1
161,28,207.02,598.78,60.50,213.13,0.6674,-1,-1,-1
161,25,627.06,747.10,54.99,171.16,0.2819,-1,-1,-1
161,23,982.27,132.54,82.08,170.46,0.4901,-1,-1,-1
161,22,752.77,251.02,63.61,194.68,0.2514,-1,-1,-1
161,17,402.47,691.82,91.06,252.66,0.7746,-1,-1,-1
161,8,525.69,287.40,68.69,190.87,0.4172,-1,-1,-1
161,7,850.43,196.24,69.66,191.12,0.4850,-1,-1,-1
161,6,102.35,546.62,72.02,247.31,0.6868,-1,-1,-1
161,5,1357.23,579.85,84.81,216.43,0.5268,-1,-1,-1
161,4,1721.88,460.83,73.48,206.01,0.5776,-1,-1,-1
161,3,1033.61,908.19,63.07,171.81,0.6933,-1,-1,-1
161,1,417.73,246.86,76.70,211.55,0.6237,-1,-1,-1
162,28,211.20,598.28,61.46,206.85,0.6745,-1,-1,-1
162,25,626.05,750.66,54.81,168.64,0.2605,-1,-1,-1
162,23,982.21,133.91,79.47,169.65,0.3939,-1,-1,-1
162,22,753.71,255.96,65.82,189.95,0.2609,-1,-1,-1
162,17,403.19,687.53,91.41,253.74,0.7652,-1,-1,-1
162,7,849.78,195.80,69.16,190.85,0.4879,-1,-1,-1
162,6,102.04,546.26,71.74,247.90,0.6726,-1,-1,-1
162,5,1363.92,577.19,80.80,224.57,0.4900,-1,-1,-1
162,4,1721.97,461.76,73.36,205.60,0.5774,-1,-1,-1
162,3,1033.14,907.32,61.77,172.68,0.7117,-1,-1,-1
162,1,418.87,246.19,75.97,210.12,0.6238,-1,-1,-1
163,28,212.69,595.51,62.49,207.60,0.6716,-1,-1,-1
163,26,598.08,272.60,64.07,180.74,0.3022,-1,-1,-1
163,23,983.02,129.87,75.49,174.00,0.3595,-1,-1,-1
163,22,755.72,256.82,62.29,189.81,0.2928,-1,-1,-1
163,17,403.36,683.76,90.49,255.92,0.7712,-1,-1,-1
163,8,519.70,289.63,71.42,195.22,0.3767,-1,-1,-1
163,7,850.37,194.37,68.49,187.63,0.4673,-1,-1,-1
163,6,102.30,546.39,72.21,247.71,0.6634,-1,-1,-1
163,5,1356.93,579.86,88.88,225.27,0.5060,-1,-1,-1
163,4,1721.66,460.62,73.78,206.90,0.5794,-1,-1,-1
163,3,1031.43,906.35,62.59,173.65,0.6839,-1,-1,-1
163,1,418.60,244.75,77.76,209.58,0.6181,-1,-1,-1
164,28,214.98,593.94,63.27,209.56,0.7060,-1,-1,-1
164,26,598.67,274.20,62.71,178.67,0.2901,-1,-1,-1
164,23,984.09,128.46,69.35,172.58,0.3062,-1,-1,-1
164,22,755.75,256.37,59.59,190.21,0.2866,-1,-1,-1
164,17,402.34,682.26,91.84,254.78,0.7739,-1,-1,-1
164,8,519.27,290.84,72.95,194.86,0.3112,-1,-1,-1
164,7,852.81,191.90,68.82,195.34,0.4604,-1,-1,-1
164,6,102.06,546.59,71.80,246.77,0.6806,-1,-1,-1
164,5,1357.12,580.00,88.02,222.36,0.4793,-1,-1,-1
164,4,1721.62,460.57,73.99,206.74,0.5988,-1,-1,-1
164,3,1030.30,907.46,60.75,171.94,0.7307,-1,-1,-1
164,1,417.97,244.37,78.69,208.25,0.6264,-1,-1,-1
165,28,212.68,592.09,65.55,209.70,0.7327,-1,-1,-1
165,26,598.57,274.92,62.95,179.00,0.2503,-1,-1,-1
165,25,625.29,746.59,55.70,171.27,0.2769,-1,-1,-1
165,23,983.88,126.84,64.98,170.81,0.2756,-1,-1,-1
165,22,754.87,259.12,61.71,192.08,0.2712,-1,-1,-1
165,17,400.46,680.55,94.13,256.88,0.7916,-1,-1,-1
165,7,853.66,191.56,68.30,194.59,0.4854,-1,-1,-1
165,6,102.21,546.33,71.57,246.59,0.6768,-1,-1,-1
165,5,1357.69,581.08,85.96,217.86,0.5021,-1,-1,-1
165,4,1721.73,460.25,74.33,206.46,0.5946,-1,-1,-1
165,3,1028.57,908.01,60.99,171.48,0.7267,-1,-1,-1
165,1,418.46,242.25,79.13,210.43,0.6171,-1,-1,-1
166,28,214.93,590.49,71.16,212.05,0.7023,-1,-1,-1
166,26,601.49,274.69,55.97,181.36,0.3008,-1,-1,-1
166,25,625.27,749.87,56.48,169.51,0.2781,-1,-1,-1
166,23,984.13,126.10,58.46,170.55,0.2761,-1,-1,-1
166,17,399.43,679.00,94.61,259.62,0.7917,-1,-1,-1
166,7,853.03,191.17,69.21,190.95,0.4909,-1,-1,-1
166,6,102.03,546.14,71.45,246.79,0.6850,-1,-1,-1
166,5,1357.27,580.00,84.29,214.48,0.5034,-1,-1,-1
166,4,1722.18,460.76,73.18,207.16,0.6249,-1,-1,-1
166,3,1026.54,907.53,61.83,171.90,0.6858,-1,-1,-1
166,1,418.94,241.55,76.13,210.69,0.5912,-1,-1,-1
167,28,214.62,589.66,75.05,214.60,0.7070,-1,-1,-1
167,26,602.40,276.81,56.96,179.02,0.3136,-1,-1,-1
167,23,982.70,124.35,54.25,170.50,0.2758,-1,-1,-1
167,22,755.56,261.99,57.89,189.23,0.2952,-1,-1,-1
167,17,399.87,675.45,93.41,261.33,0.7965,-1,-1,-1
167,7,853.35,190.96,69.46,187.88,0.4853,-1,-1,-1
167,6,101.78,546.35,72.08,247.30,0.6873,-1,-1,-1
167,5,1356.69,579.36,84.87,218.23,0.4918,-1,-1,-1
167,4,1722.36,460.39,72.68,207.06,0.6085,-1,-1,-1
167,3,1023.45,906.60,64.53,173.10,0.6850,-1,-1,-1
167,1,418.60,240.45,76.17,212.70,0.5758,-1,-1,-1
168,28,217.74,589.74,79.16,212.07,0.7156,-1,-1,-1
168,26,601.86,276.63,59.38,177.82,0.3064,-1,-1,-1
168,23,979.05,123.19,55.94,170.09,0.3009,-1,-1,-1
168,17,398.46,675.87,94.64,261.13,0.7842,-1,-1,-1
168,7,853.45,191.17,70.05,190.51,0.5114,-1,-1,-1
168,6,101.81,546.62,72.29,246.83,0.6862,-1,-1,-1
168,5,1357.55,578.61,82.33,217.37,0.4975,-1,-1,-1
168,4,1721.64,458.63,73.75,209.59,0.6120,-1,-1,-1
168,3,1020.96,907.23,65.16,171.94,0.7039,-1,-1,-1
168,1,417.61,239.45,77.03,213.75,0.5945,-1,-1,-1
169,28,220.64,589.16,77.77,213.52,0.6902,-1,-1,-1
169,26,601.82,277.28,60.66,177.14,0.3115,-1,-1,-1
169,22,752.89,261.24,58.53,190.07,0.2647,-1,-1,-1
169,17,399.16,674.81,94.68,260.79,0.7769,-1,-1,-1
169,8,522.93,290.72,67.91,202.21,0.2617,-1,-1,-1
169,7,852.68,190.79,71.15,188.67,0.5296,-1,-1,-1
169,6,101.44,545.54,73.27,248.88,0.6516,-1,-1,-1
169,5,1357.22,578.81,85.67,218.17,0.4632,-1,-1,-1
169,4,1721.54,460.10,73.90,207.79,0.6102,-1,-1,-1
169,3,1020.50,908.55,64.96,170.46,0.7076,-1,-1,-1
169,1,418.22,238.68,78.32,214.21,0.6115,-1,-1,-1
170,29,1232.49,164.43,82.02,160.90,0.2650,-1,-1,-1
170,28,220.80,588.87,74.99,213.83,0.6629,-1,-1,-1
170,22,752.35,260.15,60.23,192.46,0.3278,-1,-1,-1
170,17,400.20,673.72,92.64,260.87,0.7747,-1,-1,-1
170,8,523.94,290.48,66.15,203.39,0.3576,-1,-1,-1
170,7,856.40,189.80,67.61,188.17,0.5096,-1,-1,-1
170,6,101.47,546.65,73.75,246.32,0.6539,-1,-1,-1
170,5,1368.71,577.29,74.57,221.69,0.4458,-1,-1,-1
170,4,1720.99,460.84,74.49,207.25,0.6201,-1,-1,-1
170,3,1018.67,908.81,62.60,171.01,0.7221,-1,-1,-1
170,1,417.97,237.91,78.52,215.52,0.6156,-1,-1,-1
171,29,1231.49,162.13,81.51,163.32,0.2508,-1,-1,-1
171,28,219.35,588.68,76.26,212.79,0.6915,-1,-1,-1
171,22,753.20,260.16,57.96,192.69,0.3134,-1,-1,-1
171,17,400.12,672.83,92.42,259.85,0.7748,-1,-1,-1
171,8,526.27,296.26,61.76,197.48,0.4481,-1,-1,-1
171,7,860.41,192.81,61.71,182.48,0.4111,-1,-1,-1
171,6,101.22,546.43,74.92,247.43,0.6600,-1,-1,-1
171,5,1365.93,577.00,76.51,222.56,0.4550,-1,-1,-1
171,4,1721.66,459.73,74.08,208.30,0.6027,-1,-1,-1
171,3,1017.96,909.27,61.30,170.73,0.7228,-1,-1,-1
171,1,417.57,238.17,78.70,215.13,0.6228,-1,-1,-1
172,28,218.57,586.90,77.58,213.87,0.6432,-1,-1,-1
172,27,799.45,284.61,52.67,175.13,0.2887,-1,-1,-1
172,22,752.36,261.96,57.67,193.81,0.2977,-1,-1,-1
172,17,400.86,670.51,91.39,259.32,0.7814,-1,-1,-1
172,8,526.14,291.00,61.41,202.94,0.4287,-1,-1,-1
172,7,860.32,190.01,65.67,185.69,0.5027,-1,-1,-1
172,6,100.44,546.72,74.26,245.86,0.6622,-1,-1,-1
172,5,1357.30,578.68,83.98,215.21,0.4745,-1,-1,-1
172,4,1721.88,460.45,73.81,207.25,0.5989,-1,-1,-1
172,3,1015.97,910.07,61.38,169.39,0.7436,-1,-1,-1
172,1,417.63,237.87,78.37,216.97,0.6276,-1,-1,-1
173,28,219.09,583.38,76.38,215.83,0.6589,-1,-1,-1
173,27,796.09,284.29,54.22,175.08,0.2753,-1,-1,-1
173,22,753.18,260.18,56.74,194.05,0.3903,-1,-1,-1
173,17,403.29,668.66,88.22,259.00,0.7747,-1,-1,-1
173,8,520.95,295.96,66.45,198.45,0.3292,-1,-1,-1
173,7,860.70,188.66,66.24,187.34,0.4490,-1,-1,-1
173,6,100.97,546.14,73.86,247.17,0.6574,-1,-1,-1
173,5,1357.37,578.80,83.12,214.10,0.5036,-1,-1,-1
173,4,1721.02,461.02,74.54,206.22,0.5930,-1,-1,-1
173,3,1012.55,910.21,62.73,169.43,0.7341,-1,-1,-1
173,1,417.77,237.30,78.16,216.53,0.6150,-1,-1,-1
174,28,222.72,583.13,75.12,213.33,0.6751,-1,-1,-1
174,27,796.21,289.12,53.49,170.36,0.2900,-1,-1,-1
174,22,752.80,261.93,55.68,191.92,0.3571,-1,-1,-1
174,17,405.95,666.61,85.56,259.90,0.7817,-1,-1,-1
174,8,522.66,293.55,66.81,201.23,0.4238,-1,-1,-1
174,7,861.76,185.93,65.23,186.73,0.4383,-1,-1,-1
174,6,100.32,546.89,74.14,246.50,0.6519,-1,-1,-1
174,5,1357.33,579.18,82.82,211.18,0.4983,-1,-1,-1
174,4,1721.20,459.40,74.34,208.20,0.5967,-1,-1,-1
174,3,1009.94,911.88,63.56,168.12,0.7399,-1,-1,-1
174,1,417.55,236.63,77.32,217.34,0.6203,-1,-1,-1
175,28,225.70,578.78,70.16,214.46,0.6875,-1,-1,-1
175,25,625.15,753.76,56.79,165.02,0.2669,-1,-1,-1
175,23,945.47,123.25,73.17,174.39,0.3176,-1,-1,-1
175,22,752.55,261.03,57.08,195.52,0.4062,-1,-1,-1
175,17,406.42,663.43,85.47,261.47,0.8045,-1,-1,-1
175,8,521.74,293.12,66.81,200.84,0.3842,-1,-1,-1
175,7,863.24,185.86,65.81,182.24,0.4606,-1,-1,-1
175,6,100.03,546.61,73.87,246.21,0.6574,-1,-1,-1
175,5,1357.49,578.77,83.38,208.54,0.5187,-1,-1,-1
175,4,1721.80,459.96,73.46,207.95,0.5932,-1,-1,-1
175,3,1006.64,913.38,64.05,166.62,0.7264,-1,-1,-1
175,1,416.83,235.69,77.12,216.36,0.6520,-1,-1,-1
176,28,227.32,576.65,67.94,213.08,0.6687,-1,-1,-1
176,27,797.58,284.08,55.41,180.12,0.2979,-1,-1,-1
176,23,939.32,123.09,77.39,175.20,0.3967,-1,-1,-1
176,22,753.18,262.06,55.76,196.33,0.4104,-1,-1,-1
176,17,407.24,658.38,83.53,258.90,0.7916,-1,-1,-1
176,8,510.42,231.26,81.33,264.21,0.3246,-1,-1,-1
176,7,863.09,184.07,66.37,185.95,0.5038,-1,-1,-1
176,6,100.28,546.86,73.05,246.47,0.6577,-1,-1,-1
176,5,1357.46,578.92,82.34,207.01,0.5150,-1,-1,-1
176,4,1721.41,459.56,73.41,208.35,0.5885,-1,-1,-1
176,3,1006.05,913.09,62.30,165.68,0.7293,-1,-1,-1
176,1,417.17,232.62,75.62,218.13,0.6334,-1,-1,-1
177,30,0.29,621.56,101.39,221.73,0.4414,-1,-1,-1
177,28,227.20,575.10,67.99,211.03,0.6767,-1,-1,-1
177,23,936.92,124.04,78.03,172.66,0.3625,-1,-1,-1
177,22,752.38,261.24,56.69,198.92,0.3571,-1,-1,-1
177,17,408.27,653.47,82.44,252.87,0.7857,-1,-1,-1
177,8,517.41,250.44,72.75,243.86,0.3788,-1,-1,-1
177,7,864.14,181.68,66.87,185.23,0.5224,-1,-1,-1
177,6,100.20,546.91,73.10,245.91,0.6566,-1,-1,-1
177,5,1357.15,578.95,83.22,210.59,0.4849,-1,-1,-1
177,4,1721.06,459.75,74.17,208.01,0.5823,-1,-1,-1
177,3,1004.88,913.03,63.19,164.68,0.7308,-1,-1,-1
177,1,416.82,232.91,74.96,217.82,0.6375,-1,-1,-1
178,30,0.00,614.25,88.54,230.32,0.3781,-1,-1,-1
178,28,227.68,573.37,67.45,206.39,0.6074,-1,-1,-1
178,27,794.78,290.37,57.55,180.53,0.2729,-1,-1,-1
178,26,607.22,273.52,57.91,187.73,0.2612,-1,-1,-1
178,23,936.00,127.48,75.02,168.29,0.2855,-1,-1,-1
178,22,751.94,268.11,57.19,194.55,0.4086,-1,-1,-1
178,17,406.52,650.12,84.96,250.43,0.7857,-1,-1,-1
178,8,522.73,291.74,65.15,202.75,0.4450,-1,-1,-1
178,7,864.99,180.83,66.90,184.71,0.4977,-1,-1,-1
178,6,100.20,547.09,71.73,244.57,0.6539,-1,-1,-1
178,5,1356.84,577.56,83.40,212.91,0.4807,-1,-1,-1
178,4,1721.40,460.33,73.77,207.50,0.5632,-1,-1,-1
178,3,1004.28,913.25,62.10,164.64,0.7208,-1,-1,-1
178,1,416.31,230.69,74.51,214.68,0.6170,-1,-1,-1
179,30,0.00,618.57,96.89,230.12,0.5218,-1,-1,-1
179,28,227.10,571.31,68.63,207.41,0.6185,-1,-1,-1
179,27,794.25,286.64,61.89,187.51,0.2538,-1,-1,-1
179,26,606.84,278.57,58.27,192.06,0.3478,-1,-1,-1
179,23,936.62,125.84,72.97,168.80,0.3148,-1,-1,-1
179,22,750.76,271.47,58.81,193.39,0.4046,-1,-1,-1
179,17,407.54,648.77,85.28,249.50,0.7861,-1,-1,-1
179,8,522.98,297.12,63.85,196.41,0.4354,-1,-1,-1
179,7,866.12,180.56,67.08,183.79,0.4840,-1,-1,-1
179,6,101.10,545.71,70.46,247.14,0.6510,-1,-1,-1
179,5,1357.19,577.41,84.00,219.99,0.5058,-1,-1,-1
179,4,1721.38,460.69,73.25,206.95,0.5467,-1,-1,-1
179,3,1003.01,913.52,59.93,164.87,0.7162,-1,-1,-1
179,1,415.66,227.78,73.31,215.89,0.5932,-1,-1,-1
180,30,0.76,617.89,81.43,221.15,0.5049,-1,-1,-1
180,28,228.99,570.10,68.08,207.12,0.5870,-1,-1,-1
180,27,796.45,292.47,59.43,187.03,0.2822,-1,-1,-1
180,26,607.07,278.36,57.62,194.33,0.3533,-1,-1,-1
180,23,942.41,123.23,63.63,170.20,0.2860,-1,-1,-1
180,22,750.46,273.23,59.32,192.40,0.4174,-1,-1,-1
180,17,409.30,648.48,86.15,248.66,0.7904,-1,-1,-1
180,8,526.14,294.94,60.71,202.37,0.5226,-1,-1,-1
180,7,867.22,181.53,67.75,184.55,0.5040,-1,-1,-1
180,6,100.94,545.90,69.87,246.22,0.6558,-1,-1,-1
180,5,1357.71,577.00,81.53,210.44,0.5130,-1,-1,-1
180,4,1721.92,460.08,73.14,208.27,0.5272,-1,-1,-1
180,3,1000.92,913.09,59.77,165.63,0.7208,-1,-1,-1
180,1,414.43,227.55,74.87,211.88,0.6236,-1,-1,-1
181,30,0.86,617.40,79.29,224.74,0.4739,-1,-1,-1
181,28,229.65,569.30,68.81,205.50,0.5738,-1,-1,-1
181,27,797.10,291.99,59.51,185.17,0.2971,-1,-1,-1
181,26,606.81,278.98,58.84,203.09,0.3081,-1,-1,-1
181,22,751.25,273.58,57.18,192.78,0.4252,-1,-1,-1
181,17,409.67,646.77,88.23,249.45,0.7886,-1,-1,-1
181,8,527.72,301.27,58.83,198.88,0.5465,-1,-1,-1
181,7,868.96,178.75,67.09,184.11,0.5015,-1,-1,-1
181,6,100.88,545.19,69.82,248.55,0.6548,-1,-1,-1
181,5,1357.39,577.51,84.00,216.09,0.4998,-1,-1,-1
181,4,1721.73,458.67,74.05,210.06,0.5129,-1,-1,-1
181,3,998.47,914.63,59.72,164.60,0.7212,-1,-1,-1
181,1,414.77,227.41,74.00,209.51,0.5967,-1,-1,-1
182,30,1.39,618.95,105.13,239.70,0.6077,-1,-1,-1
182,28,231.54,567.72,64.25,203.28,0.5872,-1,-1,-1
182,26,606.70,279.15,61.38,205.71,0.2998,-1,-1,-1
182,22,751.39,275.12,57.49,193.76,0.3602,-1,-1,-1
182,17,408.46,645.67,90.83,250.99,0.7844,-1,-1,-1
182,8,525.80,296.12,61.03,200.81,0.4860,-1,-1,-1
182,7,867.01,177.49,73.09,186.66,0.5388,-1,-1,-1
182,6,101.14,545.87,69.51,246.98,0.6712,-1,-1,-1
182,5,1357.41,576.38,84.38,226.29,0.4793,-1,-1,-1
182,4,1722.33,459.30,72.63,209.02,0.5287,-1,-1,-1
182,3,996.90,916.28,58.08,162.39,0.7358,-1,-1,-1
182,1,415.15,226.91,74.17,207.74,0.5810,-1,-1,-1
183,30,3.79,622.17,102.73,237.83,0.6553,-1,-1,-1
183,28,230.50,566.19,66.50,205.69,0.5519,-1,-1,-1
183,26,607.12,280.14,58.92,211.49,0.3247,-1,-1,-1
183,22,749.47,276.51,61.15,194.54,0.3654,-1,-1,-1
183,17,408.06,643.82,93.37,252.43,0.7981,-1,-1,-1
183,8,522.89,294.69,65.63,208.08,0.4063,-1,-1,-1
183,7,867.88,176.75,72.70,187.51,0.5562,-1,-1,-1
183,6,101.24,545.87,69.27,247.95,0.6819,-1,-1,-1
183,5,1357.39,577.03,84.76,223.22,0.4903,-1,-1,-1
183,4,1722.40,459.50,72.55,208.43,0.5239,-1,-1,-1
183,3,995.85,916.17,58.19,162.02,0.7286,-1,-1,-1
183,1,416.91,229.12,72.37,205.85,0.5796,-1,-1,-1
184,30,7.82,622.47,96.31,233.40,0.6216,-1,-1,-1
184,28,231.89,565.65,65.28,209.99,0.5349,-1,-1,-1
184,26,607.59,279.04,60.86,212.45,0.3341,-1,-1,-1
184,22,750.33,278.79,60.46,192.24,0.3491,-1,-1,-1
184,17,408.97,642.57,93.64,253.25,0.7734,-1,-1,-1
184,8,520.31,230.68,68.75,275.56,0.3986,-1,-1,-1
184,7,867.86,176.99,72.60,187.35,0.5425,-1,-1,-1
184,6,100.68,545.85,68.88,248.14,0.6703,-1,-1,-1
184,5,1357.63,576.45,84.82,224.89,0.4658,-1,-1,-1
184,4,1721.20,459.22,73.31,209.03,0.5334,-1,-1,-1
184,3,994.98,918.19,57.81,161.39,0.7231,-1,-1,-1
184,1,417.02,227.75,73.42,207.32,0.5795,-1,-1,-1
185,30,14.36,621.58,92.03,233.29,0.6224,-1,-1,-1
185,29,1196.88,150.82,56.97,177.79,0.3095,-1,-1,-1
185,28,231.83,565.56,66.39,210.18,0.5680,-1,-1,-1
185,26,607.22,288.96,59.27,205.00,0.3304,-1,-1,-1
185,22,750.77,280.37,62.55,191.46,0.3301,-1,-1,-1
185,17,408.29,643.35,95.32,252.50,0.7861,-1,-1,-1
185,8,521.52,293.09,65.72,212.85,0.4300,-1,-1,-1
185,7,867.55,178.23,75.03,188.85,0.5886,-1,-1,-1
185,6,100.08,546.24,68.67,246.88,0.6466,-1,-1,-1
185,5,1357.88,575.73,83.73,218.74,0.4805,-1,-1,-1
185,4,1721.70,459.48,72.79,208.34,0.5029,-1,-1,-1
185,3,993.30,918.36,58.69,159.59,0.7174,-1,-1,-1
185,1,415.70,227.34,74.21,207.59,0.5883,-1,-1,-1
186,30,16.58,618.89,93.85,236.12,0.6576,-1,-1,-1
186,29,1194.81,150.21,56.24,180.57,0.3238,-1,-1,-1
186,28,229.79,565.33,67.11,207.99,0.5831,-1,-1,-1
186,26,607.78,284.41,59.31,206.82,0.3591,-1,-1,-1
186,17,408.70,641.10,94.40,255.30,0.7943,-1,-1,-1
186,8,524.26,303.37,60.30,199.31,0.4270,-1,-1,-1
186,7,867.52,175.91,74.23,191.35,0.5613,-1,-1,-1
186,6,99.49,546.64,69.31,246.12,0.6454,-1,-1,-1
186,5,1357.24,574.33,84.21,225.47,0.4938,-1,-1,-1
186,4,1721.91,459.05,72.59,208.79,0.5031,-1,-1,-1
186,3,992.21,918.29,57.84,160.58,0.7343,-1,-1,-1
186,1,415.57,226.72,74.39,207.62,0.5965,-1,-1,-1
187,30,22.91,619.87,97.21,240.19,0.6872,-1,-1,-1
187,29,1192.38,149.31,58.04,181.48,0.3557,-1,-1,-1
187,28,228.87,564.15,67.55,209.72,0.6348,-1,-1,-1
187,26,607.22,287.64,60.10,200.60,0.3479,-1,-1,-1
187,22,752.48,280.12,64.78,192.79,0.2534,-1,-1,-1
187,17,408.54,639.13,94.53,256.39,0.7814,-1,-1,-1
187,8,526.02,301.85,59.28,205.35,0.5401,-1,-1,-1
187,7,867.22,176.58,74.95,191.51,0.5618,-1,-1,-1
187,6,97.71,546.52,71.16,243.00,0.6377,-1,-1,-1
187,5,1357.63,573.29,84.00,224.85,0.5049,-1,-1,-1
187,4,1721.80,459.76,72.50,207.83,0.4955,-1,-1,-1
187,3,989.44,918.88,60.43,159.50,0.7347,-1,-1,-1
187,1,416.03,224.95,74.34,210.24,0.6015,-1,-1,-1
188,30,23.06,618.51,104.77,240.63,0.7145,-1,-1,-1
188,29,1189.48,148.81,59.09,182.03,0.2940,-1,-1,-1
188,28,227.87,561.67,68.70,211.75,0.6179,-1,-1,-1
188,26,606.10,289.23,59.73,199.89,0.3352,-1,-1,-1
188,22,752.33,280.72,62.02,192.02,0.3159,-1,-1,-1
188,17,410.61,637.48,92.17,256.35,0.7685,-1,-1,-1
188,8,523.71,300.23,62.53,207.53,0.5391,-1,-1,-1
188,7,868.28,177.82,74.43,184.68,0.4319,-1,-1,-1
188,6,96.68,546.16,71.78,241.57,0.5923,-1,-1,-1
188,5,1357.81,572.42,83.95,226.15,0.4598,-1,-1,-1
188,4,1721.25,460.37,73.53,207.14,0.5074,-1,-1,-1
188,3,988.91,919.20,60.53,159.37,0.7220,-1,-1,-1
188,1,416.00,226.22,74.63,207.20,0.5949,-1,-1,-1
189,31,1074.52,146.34,58.48,158.86,0.2741,-1,-1,-1
189,30,23.79,619.79,110.21,242.04,0.6901,-1,-1,-1
189,29,1183.64,147.23,63.69,181.91,0.2863,-1,-1,-1
189,28,229.42,557.30,64.77,209.06,0.5548,-1,-1,-1
189,27,804.87,308.87,52.59,168.59,0.2706,-1,-1,-1
189,26,605.33,300.96,59.35,189.50,0.3505,-1,-1,-1
189,22,753.37,280.99,63.55,189.96,0.2518,-1,-1,-1
189,17,409.64,633.71,92.26,259.02,0.7986,-1,-1,-1
189,8,523.09,304.96,63.13,206.32,0.5647,-1,-1,-1
189,7,866.75,177.34,79.15,186.15,0.4622,-1,-1,-1
189,6,94.90,546.63,70.61,237.63,0.5355,-1,-1,-1
189,5,1357.99,572.80,81.68,217.83,0.4583,-1,-1,-1
189,4,1720.86,460.77,73.79,207.34,0.4809,-1,-1,-1
189,3,987.65,919.83,59.63,158.95,0.7123,-1,-1,-1
189,1,416.02,224.42,74.26,207.83,0.5823,-1,-1,-1
190,30,27.36,621.92,112.93,245.85,0.6739,-1,-1,-1
190,28,229.59,554.82,64.33,206.93,0.5732,-1,-1,-1
190,27,807.01,307.49,53.18,170.40,0.2615,-1,-1,-1
190,26,605.05,296.50,60.18,195.67,0.3470,-1,-1,-1
190,22,753.23,280.98,60.63,190.74,0.2647,-1,-1,-1
190,17,412.03,634.02,87.67,255.75,0.7852,-1,-1,-1
190,8,522.13,302.82,65.49,209.97,0.5939,-1,-1,-1
190,7,867.23,179.21,82.17,184.33,0.5125,-1,-1,-1
190,6,93.58,546.49,71.55,230.44,0.4932,-1,-1,-1
190,5,1357.77,572.28,81.59,218.04,0.4497,-1,-1,-1
190,4,1721.50,458.57,73.37,209.25,0.4640,-1,-1,-1
190,3,986.58,920.91,59.34,157.31,0.7264,-1,-1,-1
190,1,417.07,224.44,73.59,207.54,0.5690,-1,-1,-1
191,30,29.53,622.66,121.12,250.23,0.6090,-1,-1,-1
191,28,229.38,551.37,63.21,205.61,0.5922,-1,-1,-1
191,26,604.35,304.49,60.36,188.53,0.3196,-1,-1,-1
191,17,411.94,630.31,86.20,255.17,0.7836,-1,-1,-1
191,8,522.07,303.08,66.45,210.68,0.5484,-1,-1,-1
191,7,870.25,174.44,78.22,185.76,0.4828,-1,-1,-1
191,6,96.13,545.54,68.06,183.99,0.5733,-1,-1,-1
191,5,1357.93,571.48,87.17,232.33,0.4824,-1,-1,-1
191,4,1720.26,459.70,74.69,208.32,0.4924,-1,-1,-1
191,3,985.48,922.01,59.23,155.22,0.7428,-1,-1,-1
191,1,417.64,222.88,73.75,207.78,0.5662,-1,-1,-1
192,30,33.02,626.03,120.90,251.51,0.5945,-1,-1,-1
192,28,227.95,550.37,65.62,204.42,0.6326,-1,-1,-1
192,27,805.88,308.71,55.89,170.28,0.3037,-1,-1,-1
192,26,603.47,306.14,60.15,186.38,0.3873,-1,-1,-1
192,22,753.26,282.84,58.81,191.76,0.2883,-1,-1,-1
192,17,412.35,624.90,84.87,251.67,0.7720,-1,-1,-1
192,8,522.53,305.18,66.34,208.27,0.5987,-1,-1,-1
192,7,872.25,172.49,76.93,185.96,0.5074,-1,-1,-1
192,6,95.68,544.99,68.81,182.92,0.5977,-1,-1,-1
192,5,1357.33,570.91,85.60,223.38,0.4983,-1,-1,-1
192,4,1720.45,459.99,74.36,207.46,0.5381,-1,-1,-1
192,3,984.80,922.69,58.28,154.54,0.7448,-1,-1,-1
192,1,418.64,223.01,73.69,207.89,0.5442,-1,-1,-1
193,30,37.72,629.88,112.79,245.23,0.5102,-1,-1,-1
193,28,228.40,546.73,64.88,207.24,0.6397,-1,-1,-1
193,26,602.38,307.74,60.83,185.87,0.3522,-1,-1,-1
193,17,412.46,621.83,83.64,247.94,0.7897,-1,-1,-1
193,8,521.11,308.86,67.77,204.55,0.5524,-1,-1,-1
193,7,875.32,172.94,74.01,184.60,0.4302,-1,-1,-1
193,6,94.75,545.10,68.72,180.11,0.5866,-1,-1,-1
193,5,1357.55,570.76,85.64,229.68,0.4933,-1,-1,-1
193,4,1720.77,459.41,73.87,207.50,0.5204,-1,-1,-1
193,3,984.33,921.98,57.27,155.88,0.7168,-1,-1,-1
193,1,417.74,220.84,74.79,208.85,0.5241,-1,-1,-1
194,30,41.15,632.18,111.10,240.94,0.5884,-1,-1,-1
194,28,228.13,545.87,64.77,205.58,0.6430,-1,-1,-1
194,27,810.53,307.80,55.62,179.62,0.2715,-1,-1,-1
194,26,601.71,307.90,60.15,186.83,0.3644,-1,-1,-1
194,22,752.71,290.52,58.02,190.83,0.2543,-1,-1,-1
194,17,413.52,618.65,79.63,247.91,0.7742,-1,-1,-1
194,8,519.62,308.94,68.76,205.19,0.5765,-1,-1,-1
194,7,875.67,173.12,74.31,181.65,0.3925,-1,-1,-1
194,6,93.06,544.76,70.59,176.36,0.6224,-1,-1,-1
194,5,1356.78,570.59,85.40,230.96,0.4719,-1,-1,-1
194,4,1720.81,459.99,73.92,207.59,0.5017,-1,-1,-1
194,3,981.71,921.60,60.26,156.75,0.7387,-1,-1,-1
194,1,417.93,222.03,75.67,206.44,0.5103,-1,-1,-1
195,30,42.63,633.86,109.98,233.75,0.6656,-1,-1,-1
195,29,1168.68,147.79,58.85,178.34,0.2815,-1,-1,-1
195,28,228.43,544.59,63.23,208.15,0.6472,-1,-1,-1
195,26,601.10,308.88,60.71,184.62,0.4297,-1,-1,-1
195,22,752.46,289.65,62.05,192.30,0.2797,-1,-1,-1
195,17,412.85,617.58,80.62,247.14,0.7847,-1,-1,-1
195,8,516.74,308.40,72.09,207.33,0.6705,-1,-1,-1
195,7,878.33,169.71,72.04,178.11,0.3670,-1,-1,-1
195,6,93.15,544.49,70.06,176.58,0.6019,-1,-1,-1
195,5,1356.89,570.22,84.00,217.97,0.5594,-1,-1,-1
195,4,1721.10,459.40,73.68,208.39,0.5217,-1,-1,-1
195,3,982.39,922.15,58.59,155.90,0.7298,-1,-1,-1
195,1,418.77,218.85,75.08,211.04,0.5587,-1,-1,-1
196,32,791.13,150.57,60.26,163.59,0.2572,-1,-1,-1
196,30,46.48,636.37,107.00,244.14,0.6672,-1,-1,-1
196,29,1167.15,145.05,57.65,181.99,0.2506,-1,-1,-1
196,28,226.75,544.54,63.83,207.24,0.6477,-1,-1,-1
196,27,812.21,300.81,57.24,191.36,0.2547,-1,-1,-1
196,26,601.50,311.10,61.02,182.26,0.4009,-1,-1,-1
196,22,752.80,291.30,62.73,190.76,0.3693,-1,-1,-1
196,17,408.34,613.90,85.02,248.93,0.7516,-1,-1,-1
196,8,517.95,310.86,71.35,207.11,0.6012,-1,-1,-1
196,7,881.63,169.18,67.59,176.07,0.4264,-1,-1,-1
196,6,93.44,544.21,68.85,177.38,0.5411,-1,-1,-1
196,5,1356.47,571.98,84.31,219.27,0.5213,-1,-1,-1
196,4,1720.71,458.29,73.25,210.18,0.5036,-1,-1,-1
196,3,980.11,921.50,61.53,157.07,0.7315,-1,-1,-1
196,1,420.00,217.54,73.19,209.82,0.5386,-1,-1,-1
197,32,791.25,150.24,59.67,165.29,0.2766,-1,-1,-1
197,30,51.50,639.78,108.20,249.02,0.6743,-1,-1,-1
197,29,1163.23,143.77,57.62,181.56,0.3173,-1,-1,-1
197,28,226.16,543.81,64.24,209.64,0.6862,-1,-1,-1
197,26,601.05,311.26,61.01,182.74,0.4317,-1,-1,-1
197,22,753.44,293.62,60.77,187.93,0.3262,-1,-1,-1
197,17,404.33,610.90,88.00,250.18,0.7413,-1,-1,-1
197,8,514.96,306.81,74.49,212.67,0.6749,-1,-1,-1
197,7,882.43,168.29,66.22,176.45,0.4547,-1,-1,-1
197,6,94.48,544.04,66.76,171.38,0.5282,-1,-1,-1
197,5,1356.52,571.57,84.05,218.00,0.5403,-1,-1,-1
197,4,1721.45,458.86,73.36,209.39,0.5004,-1,-1,-1
197,3,977.34,921.90,63.77,156.66,0.7376,-1,-1,-1
197,1,419.20,216.27,76.49,209.22,0.5742,-1,-1,-1
198,33,524.87,141.63,63.28,160.84,0.3432,-1,-1,-1
198,32,791.05,151.62,59.91,164.14,0.2676,-1,-1,-1
198,30,55.14,642.32,107.24,247.43,0.6955,-1,-1,-1
198,29,1161.22,143.28,58.26,182.93,0.2948,-1,-1,-1
198,28,225.95,542.81,64.94,210.05,0.6942,-1,-1,-1
198,26,600.86,312.41,60.60,182.59,0.4360,-1,-1,-1
198,22,754.49,294.70,63.34,189.97,0.3059,-1,-1,-1
198,17,400.45,611.48,90.80,251.66,0.7494,-1,-1,-1
198,8,515.63,312.90,72.93,210.23,0.6258,-1,-1,-1
198,7,885.73,158.50,63.61,186.36,0.4299,-1,-1,-1
198,6,96.27,543.97,64.32,171.10,0.5192,-1,-1,-1
198,5,1356.54,571.94,85.00,219.33,0.5588,-1,-1,-1
198,4,1720.92,459.10,73.58,208.41,0.4967,-1,-1,-1
198,3,976.37,921.07,61.91,157.80,0.7015,-1,-1,-1
198,1,420.68,215.30,75.71,208.36,0.5658,-1,-1,-1
199,33,522.47,143.04,64.79,156.84,0.3079,-1,-1,-1
199,30,57.06,644.28,106.93,247.75,0.7224,-1,-1,-1
199,29,1159.88,141.93,57.91,182.80,0.3184,-1,-1,-1
199,28,226.38,543.28,64.44,208.87,0.7029,-1,-1,-1
199,26,601.51,313.50,59.77,179.63,0.4472,-1,-1,-1
199,22,751.13,295.43,63.50,194.35,0.2807,-1,-1,-1
199,17,398.12,610.70,93.18,253.50,0.7423,-1,-1,-1
199,8,516.42,315.32,71.70,209.79,0.6014,-1,-1,-1
199,7,885.38,156.95,66.41,187.87,0.3959,-1,-1,-1
199,6,95.77,544.45,64.49,171.61,0.5176,-1,-1,-1
199,5,1354.93,570.82,86.17,223.08,0.5201,-1,-1,-1
199,4,1720.77,458.70,73.14,209.14,0.5285,-1,-1,-1
199,3,973.45,921.18,64.57,157.64,0.7291,-1,-1,-1
199,1,418.98,214.15,77.27,205.27,0.5657,-1,-1,-1
200,33,519.81,131.10,67.22,171.80,0.2776,-1,-1,-1
200,32,791.29,151.17,60.23,164.43,0.2782,-1,-1,-1
200,30,60.28,649.12,102.27,243.04,0.7123,-1,-1,-1
200,29,1157.66,141.24,58.75,182.14,0.3479,-1,-1,-1
200,28,225.99,542.28,63.29,208.39,0.7168,-1,-1,-1
200,26,601.77,315.17,59.85,178.42,0.4229,-1,-1,-1
200,22,751.56,295.61,63.43,195.21,0.3101,-1,-1,-1
200,17,397.59,610.15,92.25,252.12,0.7473,-1,-1,-1
200,8,518.27,318.92,67.86,208.99,0.5843,-1,-1,-1
200,7,884.49,159.98,68.89,187.09,0.4006,-1,-1,-1
200,6,95.71,543.67,64.35,166.60,0.5370,-1,-1,-1
200,5,1356.10,571.44,81.95,216.63,0.5403,-1,-1,-1
200,4,1720.99,458.74,72.64,208.57,0.5335,-1,-1,-1
200,3,972.51,920.07,63.61,157.86,0.7149,-1,-1,-1
200,1,418.92,212.14,77.66,205.45,0.5742,-1,-1,-1
201,32,790.79,151.50,61.04,165.12,0.2673,-1,-1,-1
201,30,64.93,654.70,97.11,238.08,0.7344,-1,-1,-1
201,29,1156.74,139.77,57.64,181.90,0.3178,-1,-1,-1
201,28,226.17,541.39,62.76,209.20,0.7043,-1,-1,-1
201,26,602.07,318.79,58.09,171.95,0.4306,-1,-1,-1
201,22,752.61,296.50,63.84,195.73,0.2940,-1,-1,-1
201,17,395.46,609.66,93.51,252.16,0.7430,-1,-1,-1
201,8,516.13,318.72,70.65,213.28,0.5939,-1,-1,-1
201,7,886.04,158.86,70.50,187.18,0.4222,-1,-1,-1
201,6,94.49,543.99,64.75,166.90,0.4989,-1,-1,-1
201,5,1355.74,571.01,81.74,219.96,0.5454,-1,-1,-1
201,4,1720.95,458.13,72.67,209.15,0.5537,-1,-1,-1
201,3,971.99,919.76,62.77,158.23,0.7215,-1,-1,-1
201,1,419.31,211.34,79.14,206.34,0.5669,-1,-1,-1
202,32,791.19,151.28,60.24,165.09,0.2640,-1,-1,-1
202,30,66.76,656.20,95.16,236.33,0.7429,-1,-1,-1
202,29,1155.20,139.31,57.68,182.69,0.3835,-1,-1,-1
202,28,225.20,539.93,63.98,210.90,0.7060,-1,-1,-1
202,26,602.06,322.98,57.41,167.32,0.4480,-1,-1,-1
202,22,755.98,298.30,58.39,196.40,0.2846,-1,-1,-1
202,17,396.61,608.90,92.07,250.12,0.7353,-1,-1,-1
202,8,516.22,317.52,72.33,215.94,0.6122,-1,-1,-1
202,7,888.15,158.06,70.86,185.19,0.4324,-1,-1,-1
202,6,97.28,542.73,62.26,154.05,0.4450,-1,-1,-1
202,5,1355.16,571.12,81.21,215.37,0.5175,-1,-1,-1
202,4,1721.50,458.42,72.64,209.67,0.5815,-1,-1,-1
202,3,971.25,919.20,61.86,159.09,0.7281,-1,-1,-1
202,1,419.56,210.17,79.91,205.40,0.5608,-1,-1,-1
203,30,68.66,657.17,95.09,234.44,0.6967,-1,-1,-1
203,29,1154.07,138.24,55.90,183.87,0.3758,-1,-1,-1
203,28,223.02,537.16,65.60,212.23,0.6997,-1,-1,-1
203,26,602.10,322.25,57.37,167.52,0.4456,-1,-1,-1
203,22,755.78,298.90,58.90,194.67,0.2686,-1,-1,-1
203,17,395.03,607.02,91.74,248.43,0.7339,-1,-1,-1
203,8,515.92,317.81,72.28,216.23,0.5681,-1,-1,-1
203,7,887.13,156.66,71.00,186.38,0.4735,-1,-1,-1
203,6,97.32,542.90,60.87,151.82,0.3299,-1,-1,-1
203,5,1356.59,572.44,81.23,210.58,0.5464,-1,-1,-1
203,4,1720.83,458.40,73.18,209.57,0.5912,-1,-1,-1
203,3,970.57,918.71,63.09,159.17,0.7358,-1,-1,-1
203,1,421.44,208.76,78.15,207.06,0.4907,-1,-1,-1
204,34,0.36,605.25,59.03,234.49,0.3081,-1,-1,-1
204,32,790.59,150.45,60.92,168.77,0.2633,-1,-1,-1
204,30,69.83,658.07,95.66,232.87,0.6854,-1,-1,-1
204,29,1153.25,141.21,54.05,179.14,0.3813,-1,-1,-1
204,28,222.88,534.98,64.60,210.95,0.6731,-1,-1,-1
204,26,602.72,324.52,56.88,167.47,0.3989,-1,-1,-1
204,22,756.23,298.86,58.49,196.31,0.2734,-1,-1,-1
204,17,397.32,602.15,88.89,250.45,0.7217,-1,-1,-1
204,8,512.44,317.63,74.50,218.63,0.5870,-1,-1,-1
204,7,887.11,157.15,71.88,186.03,0.5042,-1,-1,-1
204,6,97.40,543.32,60.52,149.58,0.3508,-1,-1,-1
204,5,1356.82,571.43,83.04,214.45,0.5611,-1,-1,-1
204,4,1721.01,459.12,73.22,208.96,0.5782,-1,-1,-1
204,3,968.13,915.73,63.11,162.08,0.7306,-1,-1,-1
204,1,423.83,208.71,76.72,206.91,0.4484,-1,-1,-1
205,34,0.37,598.73,65.62,241.25,0.3519,-1,-1,-1
205,32,790.91,150.96,60.55,167.40,0.2696,-1,-1,-1
205,30,70.60,656.21,99.05,235.19,0.7378,-1,-1,-1
205,29,1151.61,138.97,55.28,181.65,0.3930,-1,-1,-1
205,28,219.99,530.69,66.41,209.85,0.6650,-1,-1,-1
205,26,604.05,324.31,55.90,167.99,0.3884,-1,-1,-1
205,22,756.35,299.40,59.47,195.79,0.3385,-1,-1,-1
205,17,394.28,599.59,91.07,251.92,0.7195,-1,-1,-1
205,8,514.62,317.95,73.70,218.09,0.5049,-1,-1,-1
205,7,888.85,155.33,68.86,187.64,0.4670,-1,-1,-1
205,6,97.18,542.60,60.30,146.62,0.3397,-1,-1,-1
205,5,1356.20,571.65,82.74,215.07,0.5325,-1,-1,-1
205,4,1720.18,458.74,74.21,210.05,0.5663,-1,-1,-1
205,3,967.20,915.29,62.20,162.92,0.7311,-1,-1,-1
205,1,424.28,208.51,77.37,207.16,0.4667,-1,-1,-1
206,34,0.45,601.58,79.50,237.10,0.4629,-1,-1,-1
206,32,790.75,152.21,60.04,163.59,0.2708,-1,-1,-1
206,30,75.48,656.30,98.28,234.84,0.7630,-1,-1,-1
206,29,1149.90,137.82,55.35,182.67,0.4036,-1,-1,-1
206,28,221.29,528.79,63.45,202.17,0.6695,-1,-1,-1
206,26,604.14,324.51,55.89,167.26,0.4112,-1,-1,-1
206,22,758.55,299.16,57.99,195.75,0.3775,-1,-1,-1
206,17,396.02,597.74,88.16,252.40,0.7337,-1,-1,-1
206,8,512.73,319.69,75.07,217.58,0.5085,-1,-1,-1
206,7,890.66,156.35,68.32,183.84,0.5190,-1,-1,-1
206,6,97.22,542.99,61.56,146.96,0.3888,-1,-1,-1
206,5,1355.35,571.34,82.11,215.93,0.5386,-1,-1,-1
206,4,1720.32,459.09,74.62,209.52,0.5681,-1,-1,-1
206,3,965.28,914.83,62.99,163.05,0.7458,-1,-1,-1
206,1,422.85,205.19,79.31,208.58,0.5118,-1,-1,-1
207,34,0.32,609.58,83.50,229.88,0.2662,-1,-1,-1
207,32,790.52,151.15,60.27,169.27,0.2852,-1,-1,-1
207,30,80.78,659.05,104.47,236.24,0.7234,-1,-1,-1
207,29,1147.03,137.41,55.47,183.57,0.3706,-1,-1,-1
207,28,221.94,526.61,62.50,201.54,0.6496,-1,-1,-1
207,27,813.37,315.12,60.19,180.36,0.2742,-1,-1,-1
207,26,604.01,324.97,56.17,168.12,0.4117,-1,-1,-1
207,22,759.12,298.28,58.17,195.28,0.3297,-1,-1,-1
207,17,396.50,596.53,86.92,246.56,0.7458,-1,-1,-1
207,8,510.90,319.61,75.59,216.74,0.5338,-1,-1,-1
207,7,890.74,154.39,71.74,190.48,0.5107,-1,-1,-1
207,6,98.12,543.45,61.05,148.07,0.4420,-1,-1,-1
207,5,1357.51,570.67,79.98,213.37,0.4983,-1,-1,-1
207,4,1720.76,458.90,73.64,208.67,0.5738,-1,-1,-1
207,3,964.27,913.14,62.32,165.00,0.7477,-1,-1,-1
207,1,422.97,205.25,79.72,207.09,0.4886,-1,-1,-1
208,34,0.93,605.78,85.88,234.50,0.3640,-1,-1,-1
208,32,791.56,151.48,58.79,168.86,0.2770,-1,-1,-1
208,30,84.75,660.14,108.87,241.60,0.7349,-1,-1,-1
208,29,1144.45,136.86,56.22,183.95,0.3937,-1,-1,-1
208,28,220.03,524.73,64.60,202.69,0.6131,-1,-1,-1
208,27,816.68,316.90,55.85,181.43,0.2890,-1,-1,-1
208,26,602.97,323.89,57.14,167.50,0.4064,-1,-1,-1
208,22,758.27,298.43,59.17,195.86,0.3507,-1,-1,-1
208,17,398.50,593.26,84.36,244.25,0.7481,-1,-1,-1
208,8,508.31,323.72,76.08,211.78,0.5141,-1,-1,-1
208,7,892.98,152.64,68.28,191.64,0.4739,-1,-1,-1
208,6,98.25,543.58,61.51,148.22,0.3911,-1,-1,-1
208,5,1357.45,570.41,79.98,214.29,0.5159,-1,-1,-1
208,4,1721.50,458.80,73.10,209.88,0.5812,-1,-1,-1
208,3,961.43,912.60,63.80,165.92,0.7410,-1,-1,-1
208,1,424.46,206.42,77.78,207.86,0.4773,-1,-1,-1
209,34,0.91,606.18,84.20,236.30,0.5763,-1,-1,-1
209,30,86.31,665.50,115.08,239.93,0.7620,-1,-1,-1
209,29,1142.10,137.95,57.07,181.73,0.3428,-1,-1,-1
209,28,220.46,523.21,63.51,202.53,0.6258,-1,-1,-1
209,27,814.86,314.45,63.55,185.00,0.2686,-1,-1,-1
209,26,601.71,323.69,57.35,168.98,0.3727,-1,-1,-1
209,22,758.65,301.56,59.47,194.80,0.3530,-1,-1,-1
209,17,399.36,590.90,82.01,240.18,0.7523,-1,-1,-1
209,8,508.58,323.39,74.55,212.61,0.5572,-1,-1,-1
209,7,893.75,151.55,68.48,189.47,0.4538,-1,-1,-1
209,6,98.91,545.46,61.57,150.26,0.3751,-1,-1,-1
209,5,1357.35,570.87,77.42,215.62,0.4962,-1,-1,-1
209,4,1721.61,457.48,72.86,210.61,0.5544,-1,-1,-1
209,3,961.09,912.51,61.52,166.13,0.7307,-1,-1,-1
209,1,425.43,206.25,77.10,209.11,0.4399,-1,-1,-1
210,34,1.48,607.21,86.22,233.83,0.5914,-1,-1,-1
210,30,84.92,666.97,120.61,240.56,0.7543,-1,-1,-1
210,29,1141.24,137.78,56.29,181.54,0.3408,-1,-1,-1
210,28,219.00,522.48,65.36,203.89,0.6207,-1,-1,-1
210,27,817.67,318.77,58.53,184.78,0.3467,-1,-1,-1
210,26,602.00,322.79,57.58,179.37,0.3333,-1,-1,-1
210,22,759.84,304.74,61.14,196.16,0.3199,-1,-1,-1
210,17,400.80,590.12,80.48,237.59,0.7551,-1,-1,-1
210,8,508.44,323.68,73.41,213.33,0.5966,-1,-1,-1
210,7,894.21,151.15,67.48,189.30,0.4768,-1,-1,-1
210,6,99.98,543.05,61.02,152.28,0.3845,-1,-1,-1
210,5,1356.95,571.00,78.55,215.16,0.5193,-1,-1,-1
210,4,1721.14,458.29,73.31,210.36,0.5699,-1,-1,-1
210,3,957.86,912.14,63.40,167.07,0.7295,-1,-1,-1
210,1,425.36,205.46,76.37,210.25,0.4215,-1,-1,-1
211,34,0.66,612.49,89.05,228.59,0.5872,-1,-1,-1
211,32,791.48,150.56,59.61,169.06,0.2645,-1,-1,-1
211,30,92.23,668.89,113.70,241.41,0.7521,-1,-1,-1
211,29,1138.74,137.73,56.63,182.73,0.3337,-1,-1,-1
211,28,217.59,520.98,65.78,205.22,0.5996,-1,-1,-1
211,27,817.81,320.28,57.92,185.32,0.2792,-1,-1,-1
211,26,600.78,325.21,59.86,181.22,0.2910,-1,-1,-1
211,22,758.46,305.87,64.78,198.28,0.3099,-1,-1,-1
211,17,401.08,586.98,79.73,238.56,0.7517,-1,-1,-1
211,8,508.39,323.84,72.68,211.36,0.5999,-1,-1,-1
211,7,894.87,150.51,69.20,185.36,0.4977,-1,-1,-1
211,6,100.13,543.65,63.07,153.49,0.3774,-1,-1,-1
211,5,1356.19,570.22,78.42,219.99,0.5128,-1,-1,-1
211,4,1720.83,459.29,73.62,207.62,0.5501,-1,-1,-1
211,3,955.63,912.41,64.45,166.19,0.7377,-1,-1,-1
211,1,427.00,205.06,76.05,209.61,0.4368,-1,-1,-1
212,34,17.64,609.59,83.11,234.66,0.5600,-1,-1,-1
212,32,790.53,150.40,61.77,175.20,0.2680,-1,-1,-1
212,30,98.08,669.86,108.26,244.83,0.7422,-1,-1,-1
212,29,1137.52,137.77,57.20,182.43,0.2963,-1,-1,-1
212,28,216.48,519.66,66.06,206.15,0.6214,-1,-1,-1
212,27,813.94,321.83,63.61,186.20,0.3806,-1,-1,-1
212,26,599.91,327.36,61.78,178.12,0.2729,-1,-1,-1
212,22,756.97,304.68,66.86,195.78,0.2970,-1,-1,-1
212,17,399.91,585.21,81.74,239.40,0.7137,-1,-1,-1
212,8,507.54,325.57,72.29,210.35,0.5918,-1,-1,-1
212,7,898.29,147.50,67.74,183.28,0.4892,-1,-1,-1
212,6,101.42,543.85,63.27,158.70,0.4589,-1,-1,-1
212,5,1356.42,571.11,78.21,219.70,0.5013,-1,-1,-1
212,4,1720.58,459.50,74.22,209.81,0.5757,-1,-1,-1
212,3,953.98,910.83,64.76,169.17,0.7332,-1,-1,-1
212,1,425.91,203.16,77.40,210.14,0.4024,-1,-1,-1
213,34,25.71,609.99,76.52,234.38,0.5295,-1,-1,-1
213,32,790.62,149.06,61.62,175.38,0.2600,-1,-1,-1
213,30,100.60,668.91,106.38,250.13,0.7478,-1,-1,-1
213,29,1132.50,136.99,60.81,182.50,0.2760,-1,-1,-1
213,28,215.82,519.35,65.64,204.32,0.6151,-1,-1,-1
213,27,808.35,321.09,71.98,188.38,0.3333,-1,-1,-1
213,26,600.61,327.77,60.31,187.27,0.3032,-1,-1,-1
213,22,758.24,310.65,67.38,194.09,0.2900,-1,-1,-1
213,17,400.14,582.69,82.30,242.74,0.7106,-1,-1,-1
213,8,507.78,325.90,70.85,211.52,0.6296,-1,-1,-1
213,7,899.26,144.84,67.20,183.78,0.5012,-1,-1,-1
213,6,101.66,544.04,63.84,173.71,0.4892,-1,-1,-1
213,5,1355.86,570.52,78.81,221.47,0.5402,-1,-1,-1
213,4,1720.57,459.00,74.69,209.93,0.5668,-1,-1,-1
213,3,951.71,909.87,65.13,170.13,0.7466,-1,-1,-1
213,1,425.69,201.79,77.34,210.16,0.4076,-1,-1,-1
214,34,35.79,613.83,66.89,232.49,0.5567,-1,-1,-1
214,32,791.11,150.23,59.73,173.65,0.2630,-1,-1,-1
214,30,106.10,665.64,101.91,254.70,0.7560,-1,-1,-1
214,29,1131.00,135.79,58.59,180.99,0.2831,-1,-1,-1
214,28,215.91,518.95,65.89,203.15,0.5919,-1,-1,-1
214,27,819.44,325.12,61.80,186.91,0.3317,-1,-1,-1
214,26,600.80,331.45,59.04,195.35,0.3600,-1,-1,-1
214,22,753.93,310.17,74.11,193.74,0.2893,-1,-1,-1
214,17,398.88,579.96,85.73,245.09,0.6939,-1,-1,-1
214,8,508.81,324.33,71.69,211.37,0.7048,-1,-1,-1
214,7,901.02,141.68,66.14,185.98,0.4663,-1,-1,-1
214,6,101.33,547.01,66.25,174.04,0.4915,-1,-1,-1
214,5,1355.22,571.36,78.68,217.51,0.5277,-1,-1,-1
214,4,1721.58,459.54,73.48,207.04,0.5647,-1,-1,-1
214,3,951.31,908.93,64.35,171.07,0.7357,-1,-1,-1
214,1,425.54,201.30,75.90,210.44,0.3953,-1,-1,-1
215,34,42.33,612.35,71.33,235.89,0.5213,-1,-1,-1
215,32,791.88,150.65,61.81,173.37,0.2768,-1,-1,-1
215,30,111.31,664.46,96.18,257.54,0.7662,-1,-1,-1
215,29,1129.91,134.84,57.63,183.14,0.2967,-1,-1,-1
215,28,216.15,517.83,65.15,203.87,0.5842,-1,-1,-1
215,27,811.38,323.29,71.36,187.66,0.3432,-1,-1,-1
215,26,600.75,332.99,61.58,199.88,0.3786,-1,-1,-1
215,22,759.18,312.47,70.45,191.62,0.3764,-1,-1,-1
215,17,398.40,578.94,87.66,245.77,0.7155,-1,-1,-1
215,8,509.17,325.15,70.82,214.25,0.6745,-1,-1,-1
215,7,901.62,142.20,66.33,185.73,0.4445,-1,-1,-1
215,6,101.84,548.19,68.51,170.91,0.4498,-1,-1,-1
215,5,1356.38,571.72,78.42,214.72,0.5403,-1,-1,-1
215,4,1721.44,459.71,73.64,207.58,0.5780,-1,-1,-1
215,3,949.94,909.15,63.04,170.85,0.7452,-1,-1,-1
215,1,427.12,200.64,74.76,209.18,0.3777,-1,-1,-1
216,34,45.08,610.71,71.41,240.93,0.6187,-1,-1,-1
216,32,792.81,150.08,60.85,174.40,0.2974,-1,-1,-1
216,30,114.98,662.66,92.20,259.75,0.7808,-1,-1,-1
216,29,1128.77,132.58,56.83,185.22,0.3455,-1,-1,-1
216,28,214.84,516.95,65.16,201.23,0.5840,-1,-1,-1
216,27,811.83,322.27,75.88,190.67,0.3306,-1,-1,-1
216,26,599.39,333.05,63.54,200.18,0.3835,-1,-1,-1
216,22,755.78,313.64,73.50,192.16,0.3827,-1,-1,-1
216,17,399.43,578.70,87.66,246.46,0.7190,-1,-1,-1
216,8,508.26,327.34,70.51,216.76,0.6222,-1,-1,-1
216,7,901.41,140.99,66.35,186.59,0.5109,-1,-1,-1
216,6,102.19,547.88,70.24,173.03,0.4646,-1,-1,-1
216,5,1355.79,571.02,79.92,218.31,0.5405,-1,-1,-1
216,4,1721.70,458.76,72.92,209.13,0.5417,-1,-1,-1
216,3,949.89,909.22,62.20,170.78,0.7376,-1,-1,-1
216,1,426.77,201.74,73.95,203.15,0.3516,-1,-1,-1
217,34,49.25,613.84,74.36,239.54,0.6286,-1,-1,-1
217,32,792.89,149.79,65.22,176.50,0.3050,-1,-1,-1
217,30,114.16,662.71,94.17,259.46,0.7909,-1,-1,-1
217,29,1128.57,130.41,54.89,188.23,0.2885,-1,-1,-1
217,28,218.70,515.91,60.28,204.40,0.5799,-1,-1,-1
217,27,811.14,322.22,78.78,190.52,0.2714,-1,-1,-1
217,26,601.07,337.06,58.50,199.92,0.3867,-1,-1,-1
217,22,756.31,315.38,75.57,189.94,0.3671,-1,-1,-1
217,17,398.85,577.12,89.31,246.91,0.7101,-1,-1,-1
217,8,509.11,329.66,69.57,217.94,0.5993,-1,-1,-1
217,7,901.03,141.12,67.79,185.10,0.4601,-1,-1,-1
217,6,101.93,549.14,67.87,171.17,0.3984,-1,-1,-1
217,5,1354.88,571.71,82.13,218.64,0.5260,-1,-1,-1
217,4,1721.07,459.05,73.64,209.00,0.5314,-1,-1,-1
217,3,949.79,908.84,60.84,171.16,0.7374,-1,-1,-1
217,1,426.86,199.27,72.92,202.99,0.3483,-1,-1,-1
218,34,52.99,618.20,84.03,236.57,0.4972,-1,-1,-1
218,32,791.67,149.65,66.92,174.74,0.2811,-1,-1,-1
218,30,118.53,664.11,92.46,257.66,0.7804,-1,-1,-1
218,29,1125.97,129.24,56.61,188.32,0.2834,-1,-1,-1
218,28,219.51,514.06,57.63,206.40,0.5483,-1,-1,-1
218,26,598.78,340.16,60.04,197.45,0.4304,-1,-1,-1
218,22,761.28,314.57,69.07,192.92,0.3131,-1,-1,-1
218,17,398.25,576.83,90.30,246.35,0.7192,-1,-1,-1
218,8,510.20,330.28,67.52,220.39,0.6174,-1,-1,-1
218,7,901.47,141.49,67.07,183.11,0.3773,-1,-1,-1
218,6,102.72,548.26,68.40,136.10,0.3213,-1,-1,-1
218,5,1354.92,571.29,80.95,218.94,0.4939,-1,-1,-1
218,4,1721.50,459.37,73.09,209.58,0.5225,-1,-1,-1
218,3,946.45,908.31,63.98,171.69,0.7345,-1,-1,-1
218,1,426.45,198.65,74.89,201.02,0.3752,-1,-1,-1
219,34,56.10,626.41,82.88,223.59,0.5834,-1,-1,-1
219,32,791.95,148.33,63.65,175.66,0.2952,-1,-1,-1
219,30,121.81,662.58,90.81,257.68,0.7716,-1,-1,-1
219,29,1125.26,128.10,56.29,189.69,0.3212,-1,-1,-1
219,28,216.67,511.55,58.55,202.54,0.5350,-1,-1,-1
219,26,597.82,341.73,59.60,198.94,0.4979,-1,-1,-1
219,22,758.32,315.51,72.81,190.59,0.2992,-1,-1,-1
219,17,399.70,575.45,88.04,245.35,0.6949,-1,-1,-1
219,8,510.77,331.99,66.49,220.03,0.6283,-1,-1,-1
219,7,899.77,140.76,70.12,187.87,0.4732,-1,-1,-1
219,6,100.27,549.21,72.15,132.65,0.3706,-1,-1,-1
219,5,1354.95,571.99,81.41,216.75,0.5038,-1,-1,-1
219,4,1721.27,458.78,73.23,210.09,0.5482,-1,-1,-1
219,3,942.72,907.38,66.79,172.62,0.7539,-1,-1,-1
219,1,427.90,196.79,73.32,198.75,0.3549,-1,-1,-1
220,34,57.74,631.23,87.04,220.92,0.6051,-1,-1,-1
220,32,790.49,148.54,62.99,178.70,0.2906,-1,-1,-1
220,30,122.77,666.15,96.51,249.68,0.7424,-1,-1,-1
220,29,1124.05,126.71,56.23,188.54,0.2866,-1,-1,-1
220,28,214.13,507.10,59.06,201.73,0.5507,-1,-1,-1
220,26,598.22,341.93,58.21,200.16,0.5147,-1,-1,-1
220,22,758.47,317.51,75.64,188.99,0.3104,-1,-1,-1
220,17,398.09,571.96,88.44,247.49,0.7160,-1,-1,-1
220,8,510.50,334.64,65.27,217.22,0.6367,-1,-1,-1
220,7,898.47,141.55,72.83,187.89,0.5143,-1,-1,-1
220,6,94.24,549.78,78.36,134.66,0.3994,-1,-1,-1
220,5,1354.50,570.73,83.28,218.77,0.5131,-1,-1,-1
220,4,1721.30,459.05,73.54,209.11,0.5641,-1,-1,-1
220,3,941.13,905.05,68.04,174.95,0.7484,-1,-1,-1
220,1,428.23,196.65,71.97,198.57,0.3743,-1,-1,-1
221,34,62.01,634.94,88.12,219.16,0.6304,-1,-1,-1
221,30,126.71,667.73,98.09,251.57,0.7299,-1,-1,-1
221,29,1122.42,126.73,56.92,185.73,0.3118,-1,-1,-1
221,28,212.52,504.05,60.67,201.28,0.5993,-1,-1,-1
221,26,597.73,344.21,57.96,199.90,0.5797,-1,-1,-1
221,22,762.03,314.08,70.80,192.56,0.3331,-1,-1,-1
221,17,399.69,569.08,85.60,248.53,0.6926,-1,-1,-1
221,8,510.47,336.73,67.03,218.58,0.6035,-1,-1,-1
221,7,901.14,141.63,69.86,188.19,0.5413,-1,-1,-1
221,6,89.46,550.78,84.76,138.08,0.4767,-1,-1,-1
221,5,1354.48,571.53,82.87,218.03,0.5160,-1,-1,-1
221,4,1720.86,458.42,73.53,209.27,0.5860,-1,-1,-1
221,3,937.73,904.80,69.38,175.20,0.7480,-1,-1,-1
221,1,429.01,195.08,71.63,199.76,0.3789,-1,-1,-1
222,34,65.53,630.75,94.24,226.75,0.5132,-1,-1,-1
222,30,130.11,669.25,108.67,251.43,0.7161,-1,-1,-1
222,29,1122.18,129.18,52.17,176.42,0.2886,-1,-1,-1
222,28,208.36,503.58,65.80,200.69,0.5617,-1,-1,-1
222,26,596.51,345.45,59.11,198.99,0.5701,-1,-1,-1
222,22,771.76,316.24,61.82,191.90,0.2696,-1,-1,-1
222,17,399.34,565.10,84.55,250.80,0.7095,-1,-1,-1
222,8,511.69,336.54,65.14,218.89,0.5871,-1,-1,-1
222,7,901.75,140.82,68.21,186.69,0.4974,-1,-1,-1
222,6,94.00,550.97,80.54,157.85,0.3797,-1,-1,-1
222,5,1354.64,571.64,84.09,220.23,0.4864,-1,-1,-1
222,4,1721.49,458.54,73.67,208.74,0.5635,-1,-1,-1
222,3,935.68,905.12,72.26,174.88,0.7532,-1,-1,-1
222,1,429.48,193.79,71.46,200.38,0.3581,-1,-1,-1
223,35,1184.13,129.77,60.13,167.47,0.2627,-1,-1,-1
223,34,68.51,633.70,89.24,225.67,0.5793,-1,-1,-1
223,30,131.52,670.80,113.87,257.94,0.6905,-1,-1,-1
223,29,1119.39,128.61,54.17,178.55,0.3354,-1,-1,-1
223,28,208.73,502.65,65.39,200.21,0.5642,-1,-1,-1
223,26,595.44,346.19,59.30,198.21,0.5597,-1,-1,-1
223,22,770.88,315.24,66.31,194.69,0.3004,-1,-1,-1
223,17,399.07,564.17,83.74,244.95,0.7262,-1,-1,-1
223,8,511.20,337.16,66.66,218.32,0.5836,-1,-1,-1
223,7,900.25,140.84,68.88,185.17,0.4491,-1,-1,-1
223,6,94.82,552.20,80.15,140.05,0.4594,-1,-1,-1
223,5,1354.76,571.69,84.75,221.52,0.4530,-1,-1,-1
223,4,1722.34,457.77,72.04,209.34,0.5427,-1,-1,-1
223,3,935.08,904.76,72.24,175.24,0.7458,-1,-1,-1
223,1,431.76,193.96,69.79,202.24,0.3380,-1,-1,-1
224,35,1184.47,127.81,59.19,167.76,0.2737,-1,-1,-1
224,34,72.92,634.96,83.52,222.44,0.5424,-1,-1,-1
224,30,133.74,676.00,119.06,259.77,0.7255,-1,-1,-1
224,29,1117.96,127.95,53.71,179.32,0.3191,-1,-1,-1
224,28,212.93,500.89,58.15,202.13,0.5534,-1,-1,-1
224,27,835.19,328.20,59.44,185.63,0.2878,-1,-1,-1
224,26,594.67,346.46,59.72,197.93,0.5601,-1,-1,-1
224,22,771.86,316.31,66.13,193.19,0.2948,-1,-1,-1
224,17,398.54,560.41,82.18,239.03,0.7174,-1,-1,-1
224,8,511.61,338.00,67.98,218.07,0.5859,-1,-1,-1
224,7,902.51,137.21,70.98,186.52,0.4201,-1,-1,-1
224,6,96.32,552.58,78.73,142.86,0.3628,-1,-1,-1
224,5,1354.74,571.59,88.78,229.44,0.4352,-1,-1,-1
224,4,1721.47,459.14,73.47,208.81,0.5487,-1,-1,-1
224,3,935.29,904.46,71.09,175.54,0.7163,-1,-1,-1
224,1,432.67,193.61,70.01,202.58,0.3578,-1,-1,-1
225,35,1183.66,123.55,60.24,171.08,0.2571,-1,-1,-1
225,34,80.02,638.91,76.95,227.39,0.5938,-1,-1,-1
225,30,135.97,678.79,117.31,264.48,0.7730,-1,-1,-1
225,29,1115.13,127.25,55.49,179.43,0.3686,-1,-1,-1
225,28,212.14,499.62,59.25,200.84,0.6087,-1,-1,-1
225,26,594.08,347.98,59.30,195.60,0.5703,-1,-1,-1
225,22,772.19,316.68,71.91,195.68,0.3963,-1,-1,-1
225,17,397.57,557.58,80.61,236.48,0.7171,-1,-1,-1
225,8,511.94,338.54,69.56,217.37,0.5867,-1,-1,-1
225,7,903.76,137.21,71.66,185.38,0.3902,-1,-1,-1
225,6,97.63,553.15,77.13,149.85,0.3706,-1,-1,-1
225,5,1354.97,572.30,89.57,232.17,0.4106,-1,-1,-1
225,4,1721.05,458.76,74.18,209.65,0.5843,-1,-1,-1
225,3,934.95,903.21,71.28,176.71,0.7279,-1,-1,-1
225,1,430.30,191.84,72.15,204.79,0.3693,-1,-1,-1
226,35,1182.80,120.74,60.51,171.00,0.2637,-1,-1,-1
226,34,84.67,640.12,77.67,227.70,0.6080,-1,-1,-1
226,30,138.56,680.84,116.50,265.07,0.7539,-1,-1,-1
226,29,1113.44,126.80,55.54,175.41,0.3613,-1,-1,-1
226,28,205.89,499.71,67.27,201.91,0.6061,-1,-1,-1
226,27,842.46,327.52,55.54,186.09,0.3174,-1,-1,-1
226,26,592.00,347.38,60.80,196.22,0.5807,-1,-1,-1
226,22,776.47,316.07,67.44,198.12,0.3801,-1,-1,-1
226,17,392.41,555.41,85.91,238.35,0.7252,-1,-1,-1
226,8,508.96,339.49,73.35,216.98,0.6161,-1,-1,-1
226,7,906.80,135.24,66.11,184.56,0.3659,-1,-1,-1
226,6,99.04,554.43,78.28,154.30,0.4255,-1,-1,-1
226,5,1354.88,574.07,91.37,224.59,0.4496,-1,-1,-1
226,4,1721.25,458.04,74.36,210.68,0.5768,-1,-1,-1
226,3,932.42,902.07,73.90,177.93,0.7229,-1,-1,-1
226,1,431.24,190.22,72.00,205.52,0.3924,-1,-1,-1
227,35,1182.64,119.23,60.86,170.70,0.2814,-1,-1,-1
227,34,92.62,638.22,75.46,228.71,0.5924,-1,-1,-1
227,30,143.53,683.08,113.48,269.27,0.7641,-1,-1,-1
227,29,1112.35,125.32,55.36,178.72,0.3724,-1,-1,-1
227,28,207.64,498.27,66.02,204.20,0.6047,-1,-1,-1
227,27,842.10,332.01,56.57,186.04,0.2922,-1,-1,-1
227,26,589.72,347.33,63.06,197.56,0.5905,-1,-1,-1
227,22,777.10,317.96,76.46,201.32,0.3034,-1,-1,-1
227,17,390.92,553.09,85.90,239.52,0.7346,-1,-1,-1
227,8,509.20,343.31,73.49,212.10,0.6186,-1,-1,-1
227,7,909.47,133.61,62.98,187.55,0.3493,-1,-1,-1
227,6,100.46,554.47,78.82,157.01,0.4693,-1,-1,-1
227,5,1354.92,574.02,89.77,225.56,0.4636,-1,-1,-1
227,4,1721.49,458.27,73.44,209.84,0.5956,-1,-1,-1
227,3,932.67,902.07,72.69,177.93,0.7081,-1,-1,-1
227,1,432.14,188.35,72.18,208.26,0.4144,-1,-1,-1
228,35,1182.00,120.02,60.33,170.04,0.2630,-1,-1,-1
228,34,96.13,639.49,78.00,231.98,0.6014,-1,-1,-1
228,30,148.31,687.77,103.70,265.54,0.7349,-1,-1,-1
228,29,1108.68,125.34,57.52,180.10,0.3308,-1,-1,-1
228,28,208.17,497.07,66.17,203.93,0.6215,-1,-1,-1
228,27,841.42,330.34,57.93,191.92,0.2656,-1,-1,-1
228,26,588.81,349.02,63.28,195.18,0.5721,-1,-1,-1
228,22,777.60,318.93,74.34,205.05,0.3928,-1,-1,-1
228,17,386.42,552.29,89.97,240.06,0.7356,-1,-1,-1
228,8,509.43,341.30,71.28,213.96,0.6390,-1,-1,-1
228,7,910.10,132.79,66.19,180.10,0.3558,-1,-1,-1
228,6,101.37,554.95,78.97,145.10,0.4605,-1,-1,-1
228,5,1354.47,575.81,95.92,230.65,0.4483,-1,-1,-1
228,4,1721.53,459.68,73.77,207.86,0.5954,-1,-1,-1
228,3,932.84,901.01,72.33,178.96,0.6959,-1,-1,-1
228,1,433.04,188.44,71.91,207.63,0.4359,-1,-1,-1
229,35,1179.51,125.01,56.89,167.19,0.2774,-1,-1,-1
229,34,103.52,643.26,75.18,224.17,0.5915,-1,-1,-1
229,32,791.05,109.00,73.86,217.66,0.3256,-1,-1,-1
229,30,148.82,690.39,100.80,264.72,0.7291,-1,-1,-1
229,29,1103.83,125.07,61.31,180.51,0.3414,-1,-1,-1
229,28,206.87,496.00,67.00,205.51,0.5915,-1,-1,-1
229,26,588.49,349.65,63.15,194.47,0.5611,-1,-1,-1
229,22,776.32,317.74,71.38,210.76,0.3437,-1,-1,-1
229,17,383.88,549.60,92.40,243.09,0.7259,-1,-1,-1
229,8,509.16,343.97,72.84,211.92,0.6498,-1,-1,-1
229,7,913.11,132.07,65.91,176.84,0.3885,-1,-1,-1
229,6,102.40,556.14,80.13,140.14,0.4676,-1,-1,-1
229,5,1354.35,576.16,91.94,220.53,0.4912,-1,-1,-1
229,4,1720.64,459.39,74.38,208.98,0.6029,-1,-1,-1
229,3,931.91,900.28,73.01,179.72,0.7157,-1,-1,-1
229,1,434.15,188.11,70.30,208.91,0.4229,-1,-1,-1
230,35,1178.29,125.06,57.43,163.44,0.2935,-1,-1,-1
230,34,108.32,645.34,73.20,215.00,0.5596,-1,-1,-1
230,32,791.86,110.30,69.48,216.70,0.3010,-1,-1,-1
230,30,147.28,693.64,107.35,263.64,0.7489,-1,-1,-1
230,29,1094.14,126.23,70.50,179.06,0.3484,-1,-1,-1
230,28,205.58,494.67,68.33,204.58,0.5887,-1,-1,-1
230,26,587.56,351.38,64.26,193.36,0.5280,-1,-1,-1
230,22,779.64,319.04,73.16,211.83,0.3199,-1,-1,-1
230,17,382.15,546.28,94.12,247.98,0.7327,-1,-1,-1
230,8,509.81,344.27,72.38,213.78,0.6394,-1,-1,-1
230,7,916.33,130.42,65.45,173.99,0.3403,-1,-1,-1
230,6,102.39,556.46,82.79,128.85,0.4541,-1,-1,-1
230,5,1354.39,574.95,96.63,229.57,0.4603,-1,-1,-1
230,4,1720.94,459.64,74.16,208.31,0.5846,-1,-1,-1
230,3,932.62,899.68,72.16,180.32,0.7130,-1,-1,-1
230,1,435.53,187.68,69.93,205.50,0.4570,-1,-1,-1
231,35,1177.67,123.89,58.38,164.56,0.3108,-1,-1,-1
231,34,112.95,643.56,70.76,147.46,0.4764,-1,-1,-1
231,32,792.46,111.23,67.06,214.82,0.2654,-1,-1,-1
231,30,153.18,695.44,101.26,262.12,0.7689,-1,-1,-1
231,29,1093.42,126.34,69.67,178.45,0.3574,-1,-1,-1
231,28,211.46,493.35,64.12,204.28,0.5616,-1,-1,-1
231,27,844.80,335.08,56.82,191.54,0.3372,-1,-1,-1
231,26,586.30,349.85,66.22,193.54,0.5488,-1,-1,-1
231,22,780.44,329.12,58.18,199.87,0.3281,-1,-1,-1
231,17,380.05,545.51,95.39,248.63,0.7378,-1,-1,-1
231,8,508.03,345.39,73.79,213.07,0.6585,-1,-1,-1
231,7,917.76,129.55,67.57,178.68,0.3074,-1,-1,-1
231,6,102.21,556.68,82.60,127.62,0.4818,-1,-1,-1
231,5,1354.91,578.10,95.63,222.79,0.4709,-1,-1,-1
231,4,1721.35,458.41,74.03,210.04,0.6109,-1,-1,-1
231,3,931.60,899.41,73.23,180.51,0.7279,-1,-1,-1
231,1,436.09,187.04,70.78,203.78,0.4378,-1,-1,-1
232,35,1176.38,125.86,59.10,161.67,0.3465,-1,-1,-1
232,34,117.86,647.79,67.37,229.89,0.5338,-1,-1,-1
232,30,162.87,697.75,93.34,258.83,0.7634,-1,-1,-1
232,29,1094.98,125.85,65.91,178.19,0.4099,-1,-1,-1
232,28,216.87,492.36,59.57,202.94,0.5233,-1,-1,-1
232,27,844.36,335.54,59.74,190.72,0.3280,-1,-1,-1
232,26,587.71,352.14,63.95,190.33,0.5234,-1,-1,-1
232,22,779.57,322.89,68.65,207.25,0.2934,-1,-1,-1
232,17,376.43,545.40,97.97,248.33,0.7136,-1,-1,-1
232,8,508.29,345.69,71.25,216.23,0.6665,-1,-1,-1
232,7,918.83,126.51,68.50,181.32,0.3079,-1,-1,-1
232,6,103.08,557.10,81.47,129.60,0.4503,-1,-1,-1
232,5,1356.08,578.62,96.50,229.93,0.4684,-1,-1,-1
232,4,1721.93,457.73,73.17,210.52,0.6172,-1,-1,-1
232,3,931.79,899.55,73.21,180.45,0.7216,-1,-1,-1
232,1,437.55,186.66,69.99,205.60,0.4461,-1,-1,-1
233,35,1173.80,123.79,59.84,162.81,0.3514,-1,-1,-1
233,34,117.56,648.14,67.22,226.87,0.5443,-1,-1,-1
233,32,790.68,120.53,65.55,205.49,0.2519,-1,-1,-1
233,30,166.59,699.86,91.60,256.67,0.7785,-1,-1,-1
233,29,1094.47,126.03,64.71,175.80,0.4655,-1,-1,-1
233,28,211.94,490.55,66.03,203.63,0.5893,-1,-1,-1
233,27,844.14,337.60,63.04,189.51,0.3762,-1,-1,-1
233,26,587.53,353.83,63.77,190.98,0.5167,-1,-1,-1
233,22,783.50,333.60,61.10,198.77,0.2979,-1,-1,-1
233,17,375.19,545.04,97.74,246.29,0.6920,-1,-1,-1
233,8,507.73,346.81,71.60,219.79,0.6780,-1,-1,-1
233,7,920.34,126.26,66.93,178.55,0.2872,-1,-1,-1
233,6,104.25,557.91,81.80,133.85,0.4183,-1,-1,-1
233,5,1355.68,577.23,99.00,236.10,0.4542,-1,-1,-1
233,4,1721.68,458.53,73.67,209.11,0.5953,-1,-1,-1
233,3,933.01,899.10,71.52,180.90,0.7089,-1,-1,-1
233,1,439.16,184.28,69.30,207.99,0.4114,-1,-1,-1
234,35,1171.57,123.95,61.13,160.84,0.3478,-1,-1,-1
234,34,115.49,650.59,71.09,224.14,0.4360,-1,-1,-1
234,32,789.56,117.71,66.68,209.73,0.2553,-1,-1,-1
234,30,167.72,700.84,92.00,256.72,0.7940,-1,-1,-1
234,29,1092.95,127.07,65.24,176.99,0.4583,-1,-1,-1
234,28,215.34,488.36,63.11,198.72,0.5978,-1,-1,-1
234,27,844.52,339.43,62.69,188.40,0.3161,-1,-1,-1
234,26,587.24,354.41,63.90,194.35,0.5440,-1,-1,-1
234,22,781.59,335.60,62.62,200.21,0.2863,-1,-1,-1
234,17,373.96,542.92,98.19,244.09,0.7137,-1,-1,-1
234,8,507.11,347.76,70.48,221.24,0.6877,-1,-1,-1
234,7,921.01,123.59,68.30,181.72,0.3613,-1,-1,-1
234,6,108.51,559.01,74.26,232.06,0.3866,-1,-1,-1
234,5,1354.64,575.30,101.90,240.04,0.5116,-1,-1,-1
234,4,1722.27,458.24,73.44,209.73,0.6140,-1,-1,-1
234,3,935.55,900.50,68.10,179.50,0.6984,-1,-1,-1
234,1,440.34,183.44,69.87,208.76,0.4270,-1,-1,-1
235,35,1170.02,122.85,61.76,162.47,0.3518,-1,-1,-1
235,34,118.66,653.37,69.15,219.71,0.5007,-1,-1,-1
235,30,172.65,702.27,86.98,253.26,0.7768,-1,-1,-1
235,29,1092.87,126.66,63.52,176.23,0.4528,-1,-1,-1
235,28,216.75,485.66,61.43,197.71,0.5967,-1,-1,-1
235,27,844.70,345.67,54.98,185.02,0.3317,-1,-1,-1
235,26,588.30,356.94,62.75,192.41,0.5306,-1,-1,-1
235,22,781.29,338.39,64.86,198.93,0.3727,-1,-1,-1
235,17,373.50,541.84,96.22,245.31,0.7202,-1,-1,-1
235,8,506.51,350.77,70.17,220.83,0.6856,-1,-1,-1
235,7,922.61,123.26,66.69,186.67,0.3722,-1,-1,-1
235,6,105.98,559.37,80.91,135.69,0.4366,-1,-1,-1
235,5,1356.50,576.44,103.08,237.78,0.4410,-1,-1,-1
235,4,1722.33,458.95,72.73,209.14,0.5926,-1,-1,-1
235,3,935.23,900.84,67.06,179.16,0.6795,-1,-1,-1
235,1,442.54,182.26,68.82,207.11,0.4527,-1,-1,-1
236,35,1167.45,123.04,62.16,160.75,0.3314,-1,-1,-1
236,34,122.45,657.59,69.48,218.91,0.5672,-1,-1,-1
236,30,176.02,702.40,85.57,253.85,0.7783,-1,-1,-1
236,29,1091.69,125.76,65.13,176.62,0.4151,-1,-1,-1
236,28,216.46,483.63,63.20,196.57,0.5820,-1,-1,-1
236,27,843.25,348.29,58.15,183.80,0.3303,-1,-1,-1
236,26,587.68,359.02,61.21,186.96,0.5087,-1,-1,-1
236,22,782.56,339.48,62.16,197.19,0.4099,-1,-1,-1
236,17,373.61,541.29,94.94,243.67,0.7207,-1,-1,-1
236,8,506.29,353.54,68.78,217.81,0.6843,-1,-1,-1
236,7,923.04,122.15,68.44,187.25,0.3631,-1,-1,-1
236,6,106.58,560.23,82.78,141.98,0.5190,-1,-1,-1
236,5,1358.26,576.58,102.99,238.27,0.4506,-1,-1,-1
236,4,1722.28,459.34,72.37,208.90,0.6043,-1,-1,-1
236,3,936.05,900.52,66.07,179.48,0.6707,-1,-1,-1
236,1,444.03,182.82,67.91,202.16,0.4484,-1,-1,-1
237,34,126.94,653.79,68.99,222.38,0.6009,-1,-1,-1
237,30,178.20,703.19,85.79,250.90,0.7907,-1,-1,-1
237,29,1091.10,124.35,63.27,178.17,0.3748,-1,-1,-1
237,28,218.02,482.49,62.68,196.41,0.5577,-1,-1,-1
237,26,587.53,361.19,61.49,188.99,0.5131,-1,-1,-1
237,22,783.41,338.17,62.86,198.84,0.4105,-1,-1,-1
237,17,374.91,537.42,92.46,245.21,0.7041,-1,-1,-1
237,8,503.94,356.11,70.16,216.36,0.6779,-1,-1,-1
237,7,925.74,123.45,65.93,186.56,0.3096,-1,-1,-1
237,6,107.43,560.12,81.91,143.12,0.5158,-1,-1,-1
237,5,1361.79,577.75,101.88,238.33,0.4270,-1,-1,-1
237,4,1721.69,458.21,73.11,209.75,0.5919,-1,-1,-1
237,3,936.64,900.50,64.76,179.50,0.6758,-1,-1,-1
237,1,443.12,181.50,69.85,200.25,0.3802,-1,-1,-1
238,35,1164.64,122.18,61.71,163.56,0.2766,-1,-1,-1
238,34,136.28,658.93,63.98,213.88,0.4656,-1,-1,-1
238,30,182.28,703.19,85.77,253.36,0.7747,-1,-1,-1
238,29,1090.74,124.38,57.94,181.74,0.4178,-1,-1,-1
238,28,217.42,480.10,63.19,197.57,0.5443,-1,-1,-1
238,27,848.05,342.58,66.24,174.13,0.2894,-1,-1,-1
238,26,587.40,362.11,62.01,187.97,0.5445,-1,-1,-1
238,22,784.23,339.53,63.88,198.28,0.4492,-1,-1,-1
238,17,377.07,535.28,90.01,243.34,0.7081,-1,-1,-1
238,8,502.92,357.02,70.40,218.43,0.6983,-1,-1,-1
238,7,925.89,120.11,67.95,188.42,0.3606,-1,-1,-1
238,6,110.80,561.01,81.86,230.95,0.4707,-1,-1,-1
238,5,1365.48,579.03,102.47,239.59,0.4173,-1,-1,-1
238,4,1721.39,460.07,73.11,207.70,0.6049,-1,-1,-1
238,3,936.29,900.48,63.68,179.52,0.6803,-1,-1,-1
238,1,442.96,180.37,70.66,200.38,0.3880,-1,-1,-1
239,35,1161.23,118.22,64.48,166.61,0.3049,-1,-1,-1
239,34,138.50,656.68,66.61,219.19,0.5324,-1,-1,-1
239,30,185.35,705.65,86.31,251.07,0.7565,-1,-1,-1
239,29,1089.76,122.26,57.53,182.71,0.4253,-1,-1,-1
239,28,218.34,479.97,62.95,197.97,0.5839,-1,-1,-1
239,26,587.77,362.20,63.02,187.78,0.5601,-1,-1,-1
239,22,783.19,339.59,64.68,198.53,0.4080,-1,-1,-1
239,17,381.22,530.48,85.28,239.20,0.7625,-1,-1,-1
239,8,501.32,357.77,70.96,215.85,0.6807,-1,-1,-1
239,7,925.86,120.74,67.31,182.25,0.4366,-1,-1,-1
239,6,110.97,561.73,81.60,239.23,0.4800,-1,-1,-1
239,5,1357.59,576.47,111.70,240.50,0.4688,-1,-1,-1
239,4,1722.05,458.51,72.93,209.58,0.6244,-1,-1,-1
239,3,936.53,900.16,62.51,179.84,0.7093,-1,-1,-1
239,1,443.73,178.92,71.65,200.50,0.4009,-1,-1,-1
240,35,1157.65,120.90,67.58,165.57,0.2530,-1,-1,-1
240,34,142.79,654.09,69.58,222.06,0.5607,-1,-1,-1
240,32,780.64,147.17,74.10,175.81,0.3151,-1,-1,-1
240,30,186.74,707.02,95.20,255.39,0.7576,-1,-1,-1
240,29,1088.30,122.18,57.21,180.18,0.3914,-1,-1,-1
240,28,217.94,478.39,63.52,200.09,0.5941,-1,-1,-1
240,27,852.48,347.31,59.53,184.91,0.2940,-1,-1,-1
240,26,589.38,364.00,57.80,184.64,0.5473,-1,-1,-1
240,22,783.78,340.06,65.75,197.37,0.4282,-1,-1,-1
240,17,385.60,528.17,80.63,235.11,0.7471,-1,-1,-1
240,8,498.79,358.29,73.68,218.59,0.6520,-1,-1,-1
240,7,924.74,118.80,66.33,185.45,0.4100,-1,-1,-1
240,6,108.86,562.24,85.38,147.17,0.4948,-1,-1,-1
240,5,1357.43,576.16,113.36,239.82,0.4580,-1,-1,-1
240,4,1721.04,459.25,74.58,208.86,0.5957,-1,-1,-1
240,3,937.00,900.44,61.51,178.95,0.7058,-1,-1,-1
240,1,443.17,177.29,74.05,201.79,0.3616,-1,-1,-1
241,35,1155.65,119.84,63.77,163.12,0.2881,-1,-1,-1
241,34,149.45,651.51,67.00,140.01,0.4026,-1,-1,-1
241,32,783.91,147.03,70.93,176.59,0.3239,-1,-1,-1
241,30,188.95,709.78,100.59,257.61,0.7771,-1,-1,-1
241,29,1086.04,121.40,57.70,177.37,0.4312,-1,-1,-1
241,28,217.77,476.64,63.84,202.72,0.6215,-1,-1,-1
241,27,851.97,345.91,65.75,171.09,0.2513,-1,-1,-1
241,26,588.98,365.81,59.08,182.12,0.5620,-1,-1,-1
241,22,784.24,340.34,69.07,197.23,0.4425,-1,-1,-1
241,17,388.08,525.82,78.35,233.56,0.7307,-1,-1,-1
241,8,497.21,358.72,73.80,219.23,0.6608,-1,-1,-1
241,7,923.96,118.49,67.34,182.62,0.4465,-1,-1,-1
241,6,110.53,562.86,83.06,149.55,0.5319,-1,-1,-1
241,5,1356.22,571.97,120.49,242.31,0.5078,-1,-1,-1
241,4,1721.94,458.63,72.72,208.85,0.6291,-1,-1,-1
241,3,936.43,900.31,61.16,179.69,0.7165,-1,-1,-1
241,1,444.46,178.76,74.38,200.66,0.3661,-1,-1,-1
242,35,1155.96,119.36,62.21,159.84,0.3189,-1,-1,-1
242,34,153.44,649.72,68.64,170.47,0.4306,-1,-1,-1
242,32,783.09,151.69,72.01,170.88,0.3255,-1,-1,-1
242,30,194.42,712.24,98.15,256.52,0.7484,-1,-1,-1
242,29,1083.70,118.43,59.58,179.07,0.4117,-1,-1,-1
242,28,217.89,475.16,63.82,201.95,0.5971,-1,-1,-1
242,27,853.77,346.20,64.09,189.27,0.3633,-1,-1,-1
242,26,587.42,364.95,61.45,189.18,0.5495,-1,-1,-1
242,22,785.29,342.46,68.04,196.55,0.4307,-1,-1,-1
242,17,387.38,522.72,79.64,234.01,0.6998,-1,-1,-1
242,8,495.46,361.03,74.14,217.37,0.6507,-1,-1,-1
242,7,930.80,121.62,60.92,180.10,0.4577,-1,-1,-1
242,6,110.63,563.00,84.34,180.47,0.4398,-1,-1,-1
242,5,1356.53,569.84,121.32,243.92,0.5360,-1,-1,-1
242,4,1721.59,459.49,72.60,208.30,0.6147,-1,-1,-1
242,3,936.35,900.87,62.06,179.13,0.7261,-1,-1,-1
242,1,446.26,177.13,72.39,203.81,0.3636,-1,-1,-1
243,35,1155.43,118.15,63.77,158.24,0.3099,-1,-1,-1
243,34,155.61,651.01,73.99,163.11,0.4762,-1,-1,-1
243,32,787.89,152.08,65.46,168.88,0.3727,-1,-1,-1
243,30,197.59,717.86,99.89,255.57,0.6953,-1,-1,-1
243,29,1082.17,118.08,59.64,179.79,0.4662,-1,-1,-1
243,28,217.45,474.72,64.68,202.66,0.6048,-1,-1,-1
243,27,855.51,348.23,63.19,186.17,0.2701,-1,-1,-1
243,26,587.10,365.13,62.25,195.14,0.5773,-1,-1,-1
243,22,786.14,341.08,67.91,198.29,0.4231,-1,-1,-1
243,17,389.07,519.91,77.80,236.45,0.6888,-1,-1,-1
243,8,493.90,360.50,73.39,218.49,0.6476,-1,-1,-1
243,7,931.62,119.96,60.90,178.91,0.5041,-1,-1,-1
243,6,112.79,560.24,82.07,233.31,0.5388,-1,-1,-1
243,5,1356.85,567.86,119.08,246.65,0.5386,-1,-1,-1
243,4,1721.17,458.80,73.78,207.40,0.6317,-1,-1,-1
243,3,935.74,900.40,61.37,179.60,0.7110,-1,-1,-1
243,1,448.12,176.29,70.53,204.92,0.3480,-1,-1,-1
244,35,1155.15,113.97,57.14,159.68,0.3158,-1,-1,-1
244,34,158.60,653.85,84.22,158.33,0.5563,-1,-1,-1
244,32,786.73,152.08,69.22,170.51,0.3414,-1,-1,-1
244,30,199.47,728.93,98.79,248.38,0.7042,-1,-1,-1
244,29,1080.62,118.13,60.31,179.75,0.4475,-1,-1,-1
244,28,216.99,472.58,64.16,198.73,0.5753,-1,-1,-1
244,27,852.61,353.04,66.82,182.24,0.3913,-1,-1,-1
244,26,585.80,366.94,60.98,198.38,0.5807,-1,-1,-1
244,22,789.80,342.48,62.84,196.48,0.3875,-1,-1,-1
244,17,389.19,518.08,78.46,237.67,0.6922,-1,-1,-1
244,8,492.11,361.54,72.85,215.15,0.6435,-1,-1,-1
244,7,932.81,117.97,60.02,179.12,0.4400,-1,-1,-1
244,6,113.67,562.35,83.39,245.98,0.5664,-1,-1,-1
244,5,1356.84,570.37,117.68,243.49,0.5080,-1,-1,-1
244,4,1720.96,458.86,73.37,207.77,0.6064,-1,-1,-1
244,3,935.43,901.37,62.60,178.63,0.7835,-1,-1,-1
244,1,446.65,175.93,75.72,204.48,0.3521,-1,-1,-1
245,35,1155.16,112.45,56.30,160.26,0.2876,-1,-1,-1
245,34,163.94,655.44,78.58,151.47,0.5936,-1,-1,-1
245,32,786.98,152.55,69.14,169.96,0.3183,-1,-1,-1
245,30,197.26,729.52,99.98,250.78,0.7024,-1,-1,-1
245,29,1080.47,117.49,58.35,179.17,0.4500,-1,-1,-1
245,28,216.87,471.39,64.23,201.32,0.5675,-1,-1,-1
245,27,855.18,353.10,66.49,185.84,0.3909,-1,-1,-1
245,26,586.02,369.59,59.84,199.54,0.5898,-1,-1,-1
245,22,790.09,343.47,63.94,196.71,0.3802,-1,-1,-1
245,17,388.83,518.62,79.71,238.07,0.6790,-1,-1,-1
245,8,491.80,361.66,72.54,219.59,0.6683,-1,-1,-1
245,7,934.60,116.10,58.81,178.98,0.4541,-1,-1,-1
245,6,116.62,566.33,81.60,245.85,0.6238,-1,-1,-1
245,5,1360.36,570.22,114.85,244.12,0.4327,-1,-1,-1
245,4,1720.68,459.03,73.65,208.11,0.5892,-1,-1,-1
245,3,934.93,902.89,63.68,177.11,0.7907,-1,-1,-1
245,1,447.50,176.02,74.15,203.61,0.3197,-1,-1,-1
246,35,1153.18,111.57,57.40,162.46,0.2676,-1,-1,-1
246,34,171.73,655.09,75.32,152.78,0.6022,-1,-1,-1
246,32,784.19,152.67,72.33,170.26,0.3270,-1,-1,-1
246,30,202.50,730.75,94.83,256.96,0.6852,-1,-1,-1
246,29,1079.73,117.92,58.98,178.34,0.4119,-1,-1,-1
246,28,220.10,470.50,62.39,204.82,0.5841,-1,-1,-1
246,27,861.26,351.86,63.46,187.81,0.3861,-1,-1,-1
246,26,584.84,371.00,60.98,200.54,0.6292,-1,-1,-1
246,22,791.24,345.11,63.33,195.74,0.3970,-1,-1,-1
246,17,388.89,517.88,80.81,239.84,0.6974,-1,-1,-1
246,8,488.54,363.56,73.93,214.30,0.6926,-1,-1,-1
246,7,936.33,115.79,57.01,179.80,0.4117,-1,-1,-1
246,6,119.06,564.05,80.51,247.84,0.6373,-1,-1,-1
246,5,1369.84,572.22,104.94,241.61,0.4672,-1,-1,-1
246,4,1720.88,458.27,74.10,210.16,0.6066,-1,-1,-1
246,3,935.38,903.67,64.17,176.33,0.7804,-1,-1,-1
246,1,447.85,176.61,74.58,204.37,0.3247,-1,-1,-1
247,35,1150.70,113.05,56.40,162.90,0.3184,-1,-1,-1
247,34,175.47,656.67,81.13,145.20,0.4373,-1,-1,-1
247,32,787.77,152.88,68.66,168.70,0.3064,-1,-1,-1
247,30,204.17,732.90,95.73,256.84,0.6713,-1,-1,-1
247,29,1078.03,116.35,58.02,179.48,0.4377,-1,-1,-1
247,28,219.28,468.99,62.42,206.11,0.5815,-1,-1,-1
247,27,863.44,352.40,58.53,188.36,0.3752,-1,-1,-1
247,26,584.28,372.49,62.02,204.59,0.6804,-1,-1,-1
247,22,788.74,345.31,65.69,195.82,0.4093,-1,-1,-1
247,17,389.29,517.65,81.06,240.93,0.7041,-1,-1,-1
247,8,487.46,364.42,73.93,214.83,0.7436,-1,-1,-1
247,7,936.54,114.28,57.48,177.01,0.4341,-1,-1,-1
247,6,119.85,563.22,84.28,251.52,0.6226,-1,-1,-1
247,5,1371.22,567.47,105.96,249.16,0.5721,-1,-1,-1
247,4,1719.97,458.45,74.70,208.66,0.6206,-1,-1,-1
247,3,935.94,903.89,63.61,176.11,0.7682,-1,-1,-1
247,1,447.82,175.64,76.84,204.90,0.3374,-1,-1,-1
248,35,1149.90,113.54,56.60,164.71,0.3310,-1,-1,-1
248,34,179.37,663.51,81.45,146.60,0.3691,-1,-1,-1
248,32,792.68,153.79,61.32,167.84,0.2698,-1,-1,-1
248,30,203.05,734.55,94.44,257.97,0.5896,-1,-1,-1
248,29,1077.18,116.46,57.32,181.15,0.4958,-1,-1,-1
248,28,220.83,467.65,59.84,202.92,0.5750,-1,-1,-1
248,27,862.76,353.12,64.55,190.42,0.4166,-1,-1,-1
248,26,584.38,374.82,60.22,206.77,0.6458,-1,-1,-1
248,22,791.47,345.50,65.33,200.58,0.4239,-1,-1,-1
248,17,389.31,517.18,81.16,240.72,0.6929,-1,-1,-1
248,8,487.43,366.04,72.07,214.93,0.7419,-1,-1,-1
248,7,938.39,113.63,56.98,175.68,0.4611,-1,-1,-1
248,6,123.56,563.38,82.67,247.89,0.6804,-1,-1,-1
248,5,1375.30,570.10,102.54,245.38,0.5477,-1,-1,-1
248,4,1718.99,459.63,75.63,208.23,0.6287,-1,-1,-1
248,3,936.16,905.30,64.75,174.58,0.7523,-1,-1,-1
248,1,448.25,173.30,77.32,210.82,0.3518,-1,-1,-1
249,35,1148.84,111.20,56.46,166.64,0.3426,-1,-1,-1
249,34,180.78,666.33,88.47,239.49,0.4987,-1,-1,-1
249,32,792.20,154.34,61.43,167.32,0.2717,-1,-1,-1
249,30,205.76,741.99,88.75,250.52,0.4888,-1,-1,-1
249,29,1075.90,116.14,57.24,183.09,0.4613,-1,-1,-1
249,28,220.77,467.10,59.28,193.88,0.5552,-1,-1,-1
249,27,860.97,352.81,68.65,190.26,0.3785,-1,-1,-1
249,26,583.60,378.90,59.79,204.38,0.6024,-1,-1,-1
249,22,790.73,346.00,64.08,193.82,0.3839,-1,-1,-1
249,17,388.21,516.19,83.56,240.23,0.6855,-1,-1,-1
249,8,486.83,367.35,72.05,216.13,0.7131,-1,-1,-1
249,7,939.24,110.84,58.50,179.64,0.5152,-1,-1,-1
249,6,125.80,564.16,80.42,250.21,0.6688,-1,-1,-1
249,5,1382.35,570.35,92.79,247.48,0.5263,-1,-1,-1
249,4,1720.47,459.66,73.52,207.48,0.5906,-1,-1,-1
249,3,936.34,905.36,65.68,174.64,0.7496,-1,-1,-1
249,1,449.24,171.64,77.13,210.87,0.3882,-1,-1,-1
250,35,1147.53,110.79,56.97,166.07,0.3425,-1,-1,-1
250,34,182.62,669.94,90.54,148.24,0.4674,-1,-1,-1
250,30,211.28,746.77,89.85,243.22,0.4584,-1,-1,-1
250,29,1073.89,115.29,57.86,183.43,0.4141,-1,-1,-1
250,28,222.25,464.83,59.31,195.33,0.5543,-1,-1,-1
250,27,854.36,355.80,72.67,191.11,0.3946,-1,-1,-1
250,26,582.24,381.47,60.51,202.14,0.6331,-1,-1,-1
250,22,792.17,348.49,66.28,194.56,0.3417,-1,-1,-1
250,17,388.51,516.17,84.51,238.75,0.6798,-1,-1,-1
250,8,486.79,369.20,72.21,218.97,0.6863,-1,-1,-1
250,7,937.19,109.61,60.79,180.91,0.4962,-1,-1,-1
250,6,128.48,566.28,81.02,245.91,0.6770,-1,-1,-1
250,5,1386.27,569.69,88.50,246.21,0.5923,-1,-1,-1
250,4,1721.09,458.13,73.59,209.18,0.5972,-1,-1,-1
250,3,936.47,905.77,66.91,174.23,0.7305,-1,-1,-1
250,1,449.59,170.04,76.43,211.44,0.3729,-1,-1,-1
251,35,1146.59,109.16,58.91,167.61,0.2884,-1,-1,-1
251,34,184.96,674.27,91.29,139.32,0.5090,-1,-1,-1
251,30,211.18,743.89,89.09,248.48,0.5585,-1,-1,-1
251,29,1073.07,114.94,57.75,183.85,0.3957,-1,-1,-1
251,28,222.17,461.04,59.54,197.41,0.5624,-1,-1,-1
251,27,861.27,355.60,67.85,193.55,0.3475,-1,-1,-1
251,26,581.70,383.21,60.27,203.07,0.6526,-1,-1,-1
251,22,791.72,351.47,65.90,191.31,0.3653,-1,-1,-1
251,17,388.18,512.49,85.27,239.86,0.6659,-1,-1,-1
251,8,490.50,369.01,68.32,226.66,0.6536,-1,-1,-1
251,7,935.28,110.42,65.13,180.92,0.4687,-1,-1,-1
251,6,132.00,565.12,80.77,249.54,0.6998,-1,-1,-1
251,5,1387.17,569.49,89.38,246.66,0.6262,-1,-1,-1
251,4,1719.78,459.33,75.48,207.69,0.6044,-1,-1,-1
251,3,938.21,907.73,66.28,172.27,0.7401,-1,-1,-1
251,1,450.28,168.11,74.13,211.30,0.3779,-1,-1,-1
252,35,1145.81,108.84,57.49,172.03,0.3293,-1,-1,-1
252,34,185.88,676.16,91.16,140.12,0.4686,-1,-1,-1
252,30,209.49,740.70,97.73,250.45,0.6637,-1,-1,-1
252,29,1072.16,114.30,57.84,184.12,0.3636,-1,-1,-1
252,28,221.19,455.68,59.66,202.53,0.5740,-1,-1,-1
252,27,863.85,360.00,60.64,188.89,0.3575,-1,-1,-1
252,26,580.63,383.56,61.53,205.19,0.6670,-1,-1,-1
252,22,793.60,350.85,65.71,193.30,0.2977,-1,-1,-1
252,17,389.87,509.72,83.30,241.16,0.6644,-1,-1,-1
252,8,489.90,372.53,68.50,227.32,0.6552,-1,-1,-1
252,7,936.27,106.80,64.70,182.84,0.4819,-1,-1,-1
252,6,133.94,566.18,82.98,246.94,0.7027,-1,-1,-1
252,5,1387.08,570.05,88.61,242.56,0.5683,-1,-1,-1
252,4,1720.59,459.70,74.03,207.14,0.5848,-1,-1,-1
252,3,938.48,908.09,66.94,171.91,0.7128,-1,-1,-1
252,1,450.03,167.31,74.23,207.64,0.3794,-1,-1,-1
253,35,1145.20,108.30,55.98,170.80,0.3583,-1,-1,-1
253,34,194.59,677.20,80.07,135.55,0.4557,-1,-1,-1
253,32,796.60,153.83,59.77,166.75,0.2513,-1,-1,-1
253,30,217.25,737.47,91.54,251.90,0.7349,-1,-1,-1
253,29,1069.58,114.67,59.30,182.32,0.3574,-1,-1,-1
253,28,221.18,457.23,62.05,198.36,0.6018,-1,-1,-1
253,27,869.17,362.44,56.42,189.29,0.2890,-1,-1,-1
253,26,578.76,383.38,62.19,208.12,0.6808,-1,-1,-1
253,22,795.85,351.59,65.22,196.41,0.2708,-1,-1,-1
253,17,389.20,507.07,83.41,239.73,0.6695,-1,-1,-1
253,8,489.18,374.59,69.59,225.70,0.6621,-1,-1,-1
253,7,934.81,109.32,66.71,181.34,0.4962,-1,-1,-1
253,6,136.17,565.85,84.43,245.40,0.6960,-1,-1,-1
253,5,1388.36,570.64,88.12,246.90,0.6160,-1,-1,-1
253,4,1721.33,457.92,73.62,209.38,0.5707,-1,-1,-1
253,3,938.65,908.16,68.44,171.84,0.7335,-1,-1,-1
253,1,452.30,166.80,71.16,207.66,0.3853,-1,-1,-1
254,35,1144.26,108.16,54.63,169.19,0.3487,-1,-1,-1
254,34,193.87,677.89,82.45,137.26,0.4660,-1,-1,-1
254,32,797.37,153.73,59.17,167.43,0.2560,-1,-1,-1
254,30,222.16,736.56,87.78,254.48,0.7767,-1,-1,-1
254,29,1069.33,114.17,56.38,183.17,0.3863,-1,-1,-1
254,28,220.89,456.23,62.29,198.71,0.5807,-1,-1,-1
254,27,866.67,361.67,59.53,190.28,0.3534,-1,-1,-1
254,26,577.56,385.91,62.75,207.14,0.6925,-1,-1,-1
254,22,795.05,350.49,68.57,193.62,0.3481,-1,-1,-1
254,17,390.50,504.51,80.23,238.11,0.6370,-1,-1,-1
254,8,488.90,373.58,69.11,230.69,0.6532,-1,-1,-1
254,7,934.87,109.24,68.50,181.70,0.4881,-1,-1,-1
254,6,137.40,565.67,85.37,243.50,0.6681,-1,-1,-1
254,5,1389.57,570.04,87.51,245.67,0.6191,-1,-1,-1
254,4,1720.65,458.83,73.68,208.65,0.5815,-1,-1,-1
254,3,939.78,909.63,68.25,170.37,0.7322,-1,-1,-1
254,1,452.59,166.13,70.64,203.96,0.3662,-1,-1,-1
255,35,1142.14,106.93,55.41,171.67,0.3296,-1,-1,-1
255,34,198.30,680.17,81.87,136.68,0.4726,-1,-1,-1
255,30,221.16,735.18,92.15,262.11,0.7280,-1,-1,-1
255,29,1066.98,113.27,57.03,183.43,0.4083,-1,-1,-1
255,28,220.69,455.81,63.21,197.75,0.6192,-1,-1,-1
255,27,865.37,359.71,71.01,194.28,0.3664,-1,-1,-1
255,26,576.63,385.74,62.46,207.81,0.7300,-1,-1,-1
255,22,797.88,351.04,69.51,201.48,0.3314,-1,-1,-1
255,17,391.53,502.04,80.53,232.23,0.6719,-1,-1,-1
255,8,488.34,374.65,69.64,230.52,0.6681,-1,-1,-1
255,7,933.64,108.92,70.48,180.09,0.4829,-1,-1,-1
255,6,139.70,563.61,84.72,243.70,0.6902,-1,-1,-1
255,5,1390.44,569.40,87.26,249.22,0.6548,-1,-1,-1
255,4,1721.22,459.37,72.67,207.33,0.6052,-1,-1,-1
255,3,939.30,909.59,70.46,169.57,0.7319,-1,-1,-1
255,1,455.65,165.53,64.79,200.62,0.3487,-1,-1,-1
256,35,1140.16,106.11,56.16,171.47,0.3388,-1,-1,-1
256,34,202.72,677.45,89.43,148.26,0.5373,-1,-1,-1
256,32,797.47,152.16,57.60,167.43,0.2969,-1,-1,-1
256,30,228.06,736.30,87.80,267.85,0.7177,-1,-1,-1
256,29,1066.30,113.21,56.34,183.07,0.3985,-1,-1,-1
256,28,220.95,455.08,62.83,196.30,0.5989,-1,-1,-1
256,27,870.13,362.60,64.31,191.97,0.3308,-1,-1,-1
256,26,576.00,386.80,62.44,207.11,0.7455,-1,-1,-1
256,22,796.94,350.69,71.96,202.30,0.2884,-1,-1,-1
256,17,391.74,498.27,79.36,230.83,0.6535,-1,-1,-1
256,8,490.04,375.37,67.67,229.72,0.6657,-1,-1,-1
256,7,934.60,107.77,69.96,180.55,0.4856,-1,-1,-1
256,6,140.68,564.61,85.49,242.67,0.6532,-1,-1,-1
256,5,1392.18,568.57,87.91,245.89,0.6371,-1,-1,-1
256,4,1720.00,459.02,74.34,208.74,0.5661,-1,-1,-1
256,3,939.18,909.82,71.70,170.18,0.7428,-1,-1,-1
256,1,454.62,164.54,67.37,198.53,0.3205,-1,-1,-1
257,35,1138.45,105.99,57.98,169.93,0.3214,-1,-1,-1
257,34,203.64,678.26,88.64,153.74,0.5771,-1,-1,-1
257,30,234.32,746.24,85.13,267.32,0.7337,-1,-1,-1
257,29,1063.86,112.56,57.15,184.36,0.3661,-1,-1,-1
257,28,220.28,454.31,64.91,198.03,0.5733,-1,-1,-1
257,27,870.29,363.86,56.66,185.52,0.3796,-1,-1,-1
257,26,575.13,387.05,62.33,205.73,0.7587,-1,-1,-1
257,22,799.18,350.82,74.77,201.42,0.3212,-1,-1,-1
257,17,392.15,494.13,80.17,232.51,0.6821,-1,-1,-1
257,8,487.96,378.83,70.04,226.89,0.6778,-1,-1,-1
257,7,934.97,106.91,69.23,181.43,0.4310,-1,-1,-1
257,6,140.68,564.44,89.60,242.99,0.6209,-1,-1,-1
257,5,1394.28,567.37,86.70,244.45,0.6270,-1,-1,-1
257,4,1719.99,460.04,73.78,207.11,0.5786,-1,-1,-1
257,3,938.95,911.21,73.76,168.51,0.7510,-1,-1,-1
257,1,455.40,163.24,67.02,196.39,0.3059,-1,-1,-1
258,35,1137.09,103.92,58.98,170.73,0.2793,-1,-1,-1
258,34,212.31,679.72,81.56,156.83,0.5355,-1,-1,-1
258,30,233.35,749.07,86.75,270.03,0.7665,-1,-1,-1
258,29,1064.58,112.99,58.57,181.70,0.3177,-1,-1,-1
258,28,221.55,453.16,64.28,197.62,0.5342,-1,-1,-1
258,27,871.91,363.09,55.19,185.13,0.3486,-1,-1,-1
258,26,575.44,387.77,61.40,204.20,0.7467,-1,-1,-1
258,22,802.09,352.46,74.57,202.51,0.3330,-1,-1,-1
258,17,390.17,492.61,80.83,233.95,0.6807,-1,-1,-1
258,8,489.63,376.73,68.00,228.88,0.6610,-1,-1,-1
258,7,937.50,105.49,68.11,179.52,0.4239,-1,-1,-1
258,6,142.69,564.40,90.84,246.42,0.5903,-1,-1,-1
258,5,1395.57,566.54,85.99,240.37,0.6223,-1,-1,-1
258,4,1720.52,459.39,73.83,207.67,0.5670,-1,-1,-1
258,3,938.75,912.86,74.21,165.81,0.7499,-1,-1,-1
258,1,455.85,163.35,68.13,196.11,0.3238,-1,-1,-1
259,35,1136.26,103.00,59.90,167.07,0.2672,-1,-1,-1
259,34,211.15,681.78,87.64,125.74,0.4738,-1,-1,-1
259,30,234.22,754.88,87.25,263.38,0.7465,-1,-1,-1
259,29,1062.69,112.09,58.33,181.42,0.3250,-1,-1,-1
259,28,222.93,452.41,62.29,196.43,0.5072,-1,-1,-1
259,27,872.32,368.12,51.42,179.78,0.3351,-1,-1,-1
259,26,574.25,389.71,62.91,201.88,0.7490,-1,-1,-1
259,22,803.55,353.05,71.48,202.44,0.4113,-1,-1,-1
259,17,387.95,491.91,83.05,233.95,0.6568,-1,-1,-1
259,8,486.87,381.85,70.17,223.37,0.6667,-1,-1,-1
259,7,939.74,103.21,64.68,179.05,0.4182,-1,-1,-1
259,6,144.27,565.93,93.26,243.92,0.6285,-1,-1,-1
259,5,1400.81,566.59,81.58,236.77,0.5875,-1,-1,-1
259,4,1719.84,459.30,74.99,208.67,0.5633,-1,-1,-1
259,3,938.64,914.23,76.42,164.36,0.7308,-1,-1,-1
259,1,459.23,162.47,67.65,197.83,0.3509,-1,-1,-1
260,35,1133.61,102.78,58.38,169.76,0.2825,-1,-1,-1
260,34,215.77,682.51,86.20,123.70,0.5329,-1,-1,-1
260,30,237.21,757.77,85.49,266.90,0.7301,-1,-1,-1
260,29,1061.09,110.59,56.13,184.41,0.3462,-1,-1,-1
260,28,222.43,451.54,62.98,194.53,0.5082,-1,-1,-1
260,27,869.17,366.08,64.57,184.21,0.3001,-1,-1,-1
260,26,573.67,390.90,62.12,199.37,0.7531,-1,-1,-1
260,22,806.55,355.09,66.00,199.44,0.3902,-1,-1,-1
260,17,383.11,490.68,87.71,235.69,0.6635,-1,-1,-1
260,8,490.23,380.01,67.69,226.17,0.6628,-1,-1,-1
260,7,939.50,100.98,65.48,174.02,0.4324,-1,-1,-1
260,6,151.72,564.68,87.61,245.71,0.6319,-1,-1,-1
260,5,1403.45,565.75,79.09,240.01,0.5577,-1,-1,-1
260,4,1719.63,459.34,74.54,208.52,0.5880,-1,-1,-1
260,3,939.55,914.87,78.55,162.26,0.7219,-1,-1,-1
260,1,457.72,162.50,69.56,198.18,0.3747,-1,-1,-1
261,34,217.55,684.51,86.26,126.91,0.6278,-1,-1,-1
261,30,239.60,763.92,83.01,256.44,0.6979,-1,-1,-1
261,29,1060.34,109.21,57.42,183.36,0.2975,-1,-1,-1
261,28,222.24,450.18,62.97,193.74,0.4817,-1,-1,-1
261,27,873.25,370.64,50.08,181.84,0.2625,-1,-1,-1
261,26,573.76,392.83,61.50,196.72,0.7490,-1,-1,-1
261,22,803.84,353.92,72.00,202.68,0.3716,-1,-1,-1
261,17,377.64,488.32,92.58,238.14,0.6511,-1,-1,-1
261,8,487.03,384.23,69.76,220.43,0.6895,-1,-1,-1
261,7,938.92,98.81,65.50,173.58,0.4458,-1,-1,-1
261,6,159.53,564.98,79.91,247.68,0.6513,-1,-1,-1
261,5,1409.60,565.76,74.25,240.03,0.5528,-1,-1,-1
261,4,1720.76,459.62,73.58,208.83,0.5985,-1,-1,-1
261,3,939.38,914.96,80.75,163.67,0.7264,-1,-1,-1
261,1,451.66,160.88,77.53,202.64,0.3851,-1,-1,-1
262,35,1131.40,100.81,59.43,168.36,0.2921,-1,-1,-1
262,34,222.57,687.48,81.75,125.87,0.5635,-1,-1,-1
262,30,241.22,764.31,86.04,264.68,0.6921,-1,-1,-1
262,29,1058.31,107.98,57.24,184.18,0.3763,-1,-1,-1
262,28,222.18,448.95,63.23,193.08,0.5123,-1,-1,-1
262,26,573.27,395.41,61.41,196.34,0.7371,-1,-1,-1
262,22,806.36,355.40,67.80,201.63,0.4086,-1,-1,-1
262,17,376.24,487.36,93.63,237.81,0.6313,-1,-1,-1
262,8,488.05,384.74,68.61,220.11,0.7152,-1,-1,-1
262,7,937.53,98.11,66.57,171.14,0.4974,-1,-1,-1
262,6,162.59,565.40,83.01,250.45,0.6475,-1,-1,-1
262,5,1410.11,563.60,77.89,240.44,0.5662,-1,-1,-1
262,4,1720.26,460.06,74.29,208.18,0.5949,-1,-1,-1
262,3,937.50,917.47,82.94,159.52,0.7270,-1,-1,-1
262,1,458.93,162.30,68.94,198.49,0.3846,-1,-1,-1
263,35,1129.48,97.39,57.03,168.25,0.2719,-1,-1,-1
263,34,224.27,688.80,84.01,124.62,0.4592,-1,-1,-1
263,30,242.82,768.37,86.11,262.60,0.6711,-1,-1,-1
263,29,1056.75,106.79,57.99,184.55,0.3890,-1,-1,-1
263,28,224.00,446.07,62.07,190.98,0.5249,-1,-1,-1
263,27,875.48,373.02,48.75,184.41,0.2615,-1,-1,-1
263,26,572.47,396.62,62.51,199.15,0.7088,-1,-1,-1
263,22,803.77,355.15,74.58,205.99,0.4039,-1,-1,-1
263,17,375.74,485.82,93.30,238.97,0.6101,-1,-1,-1
263,8,487.63,384.82,68.97,219.85,0.6999,-1,-1,-1
263,7,938.70,96.03,65.39,175.50,0.4810,-1,-1,-1
263,6,166.52,565.36,79.14,251.04,0.6836,-1,-1,-1
263,5,1410.42,565.44,76.69,236.35,0.5937,-1,-1,-1
263,4,1719.80,460.04,74.99,208.09,0.5724,-1,-1,-1
263,3,936.37,918.34,85.24,158.43,0.7394,-1,-1,-1
263,1,454.76,160.20,70.44,202.61,0.3651,-1,-1,-1
264,35,1127.84,97.22,57.11,168.40,0.2777,-1,-1,-1
264,34,233.77,692.31,75.12,119.61,0.6098,-1,-1,-1
264,30,245.94,772.05,86.86,260.30,0.7472,-1,-1,-1
264,29,1054.62,107.10,57.58,176.61,0.3533,-1,-1,-1
264,28,226.07,448.09,60.74,186.74,0.5594,-1,-1,-1
264,27,873.51,369.90,64.73,189.51,0.2870,-1,-1,-1
264,26,570.72,397.26,62.67,200.40,0.6842,-1,-1,-1
264,22,802.19,358.29,69.56,204.71,0.3898,-1,-1,-1
264,17,374.26,485.33,94.07,238.31,0.6068,-1,-1,-1
264,8,486.14,385.02,70.56,218.03,0.6891,-1,-1,-1
264,7,937.61,94.22,66.66,178.12,0.4405,-1,-1,-1
264,6,169.74,564.30,77.69,252.58,0.6902,-1,-1,-1
264,5,1410.54,565.45,80.63,237.02,0.6160,-1,-1,-1
264,4,1720.86,459.70,74.05,208.61,0.5841,-1,-1,-1
264,3,937.26,919.75,84.69,156.23,0.7568,-1,-1,-1
264,1,459.49,160.66,66.24,199.61,0.3313,-1,-1,-1
265,35,1126.92,96.37,56.02,163.21,0.3310,-1,-1,-1
265,34,239.20,695.35,70.07,120.33,0.5713,-1,-1,-1
265,30,246.76,771.48,86.12,261.33,0.7683,-1,-1,-1
265,29,1054.26,106.09,56.24,175.60,0.3836,-1,-1,-1
265,28,227.13,443.95,60.63,189.08,0.5300,-1,-1,-1
265,26,569.95,399.01,63.31,198.77,0.7248,-1,-1,-1
265,22,802.49,358.27,73.90,208.53,0.3668,-1,-1,-1
265,17,373.63,484.51,94.13,238.51,0.6555,-1,-1,-1
265,8,486.04,385.23,69.58,218.46,0.6721,-1,-1,-1
265,7,939.34,93.10,64.17,180.11,0.4709,-1,-1,-1
265,6,173.38,565.63,75.49,254.10,0.6911,-1,-1,-1
265,5,1410.86,565.75,79.58,240.31,0.5875,-1,-1,-1
265,4,1720.67,460.08,73.93,208.27,0.6009,-1,-1,-1
265,3,938.46,919.86,84.77,156.65,0.7552,-1,-1,-1
265,1,460.13,161.64,63.71,199.20,0.3726,-1,-1,-1
266,35,1126.36,96.35,55.12,165.47,0.3530,-1,-1,-1
266,34,246.95,698.88,64.73,117.79,0.5291,-1,-1,-1
266,32,786.63,149.56,69.11,171.07,0.2569,-1,-1,-1
266,30,249.99,774.15,92.59,258.46,0.7713,-1,-1,-1
266,29,1053.65,104.95,56.39,178.51,0.4408,-1,-1,-1
266,28,225.31,444.29,62.00,182.60,0.4922,-1,-1,-1
266,26,567.74,401.06,64.63,202.87,0.6708,-1,-1,-1
266,22,801.47,359.81,78.14,209.93,0.3998,-1,-1,-1
266,17,373.85,484.10,93.94,237.19,0.6410,-1,-1,-1
266,8,484.50,384.80,69.23,220.83,0.6290,-1,-1,-1
266,7,939.70,92.72,64.98,178.89,0.4587,-1,-1,-1
266,6,176.02,566.35,77.93,255.88,0.6937,-1,-1,-1
266,5,1411.28,565.63,79.90,245.06,0.5713,-1,-1,-1
266,4,1720.35,460.43,74.14,208.03,0.5899,-1,-1,-1
266,3,938.09,920.37,85.90,156.25,0.7623,-1,-1,-1
266,1,460.80,160.09,63.98,201.95,0.3286,-1,-1,-1
267,35,1124.06,96.25,57.22,167.37,0.3902,-1,-1,-1
267,34,248.92,701.94,67.01,114.19,0.5138,-1,-1,-1
267,32,787.03,150.20,69.81,170.28,0.2776,-1,-1,-1
267,30,248.21,771.72,94.26,261.82,0.7583,-1,-1,-1
267,29,1050.99,104.23,58.54,179.42,0.4618,-1,-1,-1
267,28,223.64,441.01,64.42,185.68,0.4865,-1,-1,-1
267,26,567.00,402.27,64.94,205.38,0.6509,-1,-1,-1
267,22,802.36,362.05,72.47,212.23,0.3829,-1,-1,-1
267,17,373.52,481.08,93.02,238.49,0.6064,-1,-1,-1
267,8,481.24,385.85,70.80,222.11,0.6255,-1,-1,-1
267,7,939.84,91.79,65.44,180.02,0.4566,-1,-1,-1
267,6,178.83,567.42,77.91,260.57,0.6878,-1,-1,-1
267,5,1412.02,565.28,78.87,244.93,0.5653,-1,-1,-1
267,4,1720.18,459.94,75.22,208.16,0.5667,-1,-1,-1
267,3,939.29,920.11,85.22,156.81,0.7635,-1,-1,-1
267,1,461.56,159.64,64.51,201.30,0.3728,-1,-1,-1
268,35,1122.59,96.65,57.63,167.69,0.4119,-1,-1,-1
268,34,253.75,704.28,65.67,112.61,0.5487,-1,-1,-1
268,32,785.19,149.52,72.08,171.01,0.2645,-1,-1,-1
268,30,251.21,768.81,88.29,264.66,0.7427,-1,-1,-1
268,29,1049.87,105.23,59.19,177.82,0.4545,-1,-1,-1
268,28,223.75,439.56,64.02,187.39,0.5367,-1,-1,-1
268,26,565.64,403.11,66.29,206.14,0.6217,-1,-1,-1
268,22,803.82,362.60,70.85,215.75,0.3779,-1,-1,-1
268,17,373.77,479.45,91.01,239.04,0.6352,-1,-1,-1
268,8,478.90,388.50,72.96,223.69,0.6270,-1,-1,-1
268,7,942.41,92.60,64.83,178.64,0.4521,-1,-1,-1
268,6,182.17,569.22,76.03,258.18,0.7073,-1,-1,-1
268,5,1412.58,564.55,78.20,245.29,0.5941,-1,-1,-1
268,4,1720.45,460.01,73.80,208.11,0.5801,-1,-1,-1
268,3,941.51,919.91,83.16,157.14,0.7584,-1,-1,-1
268,1,461.91,156.91,65.29,203.64,0.3737,-1,-1,-1
269,35,1121.60,96.01,57.74,167.73,0.3740,-1,-1,-1
269,34,256.67,705.62,67.25,113.63,0.5751,-1,-1,-1
269,30,251.88,773.86,90.22,259.82,0.7193,-1,-1,-1
269,29,1048.66,104.77,59.07,175.62,0.4451,-1,-1,-1
269,28,224.77,437.26,64.02,190.35,0.5014,-1,-1,-1
269,27,872.03,377.22,75.33,191.31,0.2840,-1,-1,-1
269,26,565.58,399.57,67.17,209.66,0.6021,-1,-1,-1
269,22,806.36,366.41,64.13,211.80,0.4111,-1,-1,-1
269,17,374.91,477.73,90.00,239.28,0.6513,-1,-1,-1
269,8,475.61,389.75,75.42,221.67,0.6338,-1,-1,-1
269,7,942.57,92.36,64.58,178.33,0.4963,-1,-1,-1
269,6,183.52,571.80,79.88,251.84,0.7134,-1,-1,-1
269,5,1413.77,566.79,78.82,243.46,0.5823,-1,-1,-1
269,4,1720.75,460.71,73.83,206.73,0.5950,-1,-1,-1
269,3,943.68,920.27,82.14,157.17,0.7533,-1,-1,-1
269,1,461.85,159.47,65.71,198.23,0.4039,-1,-1,-1
270,35,1120.50,96.17,57.66,168.00,0.3588,-1,-1,-1
270,34,259.08,706.12,70.10,108.41,0.5494,-1,-1,-1
270,30,257.05,768.50,86.15,264.19,0.7720,-1,-1,-1
270,29,1046.88,104.23,59.10,177.12,0.4337,-1,-1,-1
270,28,225.50,436.66,62.99,190.93,0.4791,-1,-1,-1
270,27,874.32,378.13,65.49,191.82,0.2705,-1,-1,-1
270,26,564.37,401.37,68.44,212.62,0.6108,-1,-1,-1
270,22,806.11,367.74,64.75,210.80,0.3779,-1,-1,-1
270,17,375.72,475.33,88.60,235.32,0.6331,-1,-1,-1
270,8,474.73,392.64,75.34,221.29,0.6351,-1,-1,-1
270,7,941.40,91.93,67.16,178.68,0.4807,-1,-1,-1
270,6,185.00,572.50,83.32,246.24,0.6872,-1,-1,-1
270,5,1416.57,570.64,80.55,240.03,0.5702,-1,-1,-1
270,4,1720.61,461.16,73.97,206.47,0.5594,-1,-1,-1
270,3,944.60,920.72,81.49,157.74,0.7540,-1,-1,-1
270,1,462.56,154.22,61.85,202.68,0.3787,-1,-1,-1
271,36,719.52,334.55,54.98,184.46,0.2654,-1,-1,-1
271,35,1117.92,95.60,58.43,167.54,0.3165,-1,-1,-1
271,34,261.75,707.68,72.31,114.79,0.4871,-1,-1,-1
271,32,786.67,149.71,70.42,170.73,0.2632,-1,-1,-1
271,30,259.23,771.93,85.27,260.87,0.7425,-1,-1,-1
271,29,1044.86,103.85,59.95,178.76,0.4223,-1,-1,-1
271,28,226.77,435.60,61.33,185.64,0.4748,-1,-1,-1
271,27,879.35,379.20,53.24,186.96,0.3125,-1,-1,-1
271,26,565.14,402.35,66.13,208.79,0.6059,-1,-1,-1
271,22,811.64,370.69,60.33,213.33,0.4085,-1,-1,-1
271,17,379.72,471.87,84.39,228.64,0.6258,-1,-1,-1
271,8,473.51,393.85,76.06,219.42,0.6236,-1,-1,-1
271,7,942.14,91.11,66.57,177.45,0.5081,-1,-1,-1
271,6,186.73,574.65,85.41,245.07,0.6550,-1,-1,-1
271,5,1420.25,574.08,79.78,238.14,0.5328,-1,-1,-1
271,4,1719.69,460.11,75.17,208.63,0.5715,-1,-1,-1
271,3,945.75,921.55,80.93,156.67,0.7322,-1,-1,-1
271,1,462.74,156.41,64.33,200.67,0.3590,-1,-1,-1
272,35,1116.30,96.74,55.52,165.29,0.3193,-1,-1,-1
272,34,268.10,707.66,72.08,119.48,0.5237,-1,-1,-1
272,32,788.09,149.40,67.96,171.46,0.2526,-1,-1,-1
272,30,259.20,781.60,88.63,257.35,0.7312,-1,-1,-1
272,29,1041.98,103.62,61.01,179.04,0.3880,-1,-1,-1
272,28,228.33,433.61,59.65,186.79,0.4510,-1,-1,-1
272,27,877.52,380.10,60.33,186.07,0.3475,-1,-1,-1
272,26,564.55,402.67,65.88,213.22,0.5548,-1,-1,-1
272,22,810.09,371.80,61.76,214.76,0.3820,-1,-1,-1
272,17,386.51,468.17,79.78,226.12,0.5990,-1,-1,-1
272,8,472.06,395.29,76.38,219.41,0.5959,-1,-1,-1
272,7,941.34,90.51,68.67,178.72,0.4846,-1,-1,-1
272,6,188.60,574.28,87.30,246.06,0.6725,-1,-1,-1
272,5,1422.18,575.51,80.10,241.23,0.5210,-1,-1,-1
272,4,1720.04,460.19,74.32,206.97,0.5513,-1,-1,-1
272,3,945.89,921.63,80.84,156.57,0.7200,-1,-1,-1
272,1,463.10,154.07,66.18,201.18,0.3687,-1,-1,-1
273,35,1113.74,95.04,63.58,167.04,0.3033,-1,-1,-1
273,34,273.27,707.85,74.05,127.94,0.5730,-1,-1,-1
273,32,787.56,149.62,68.07,170.68,0.2531,-1,-1,-1
273,30,257.12,781.60,93.22,262.36,0.7242,-1,-1,-1
273,29,1039.45,102.49,63.17,177.94,0.3626,-1,-1,-1
273,28,229.43,432.87,58.46,183.61,0.4706,-1,-1,-1
273,27,882.53,378.69,55.93,190.76,0.3396,-1,-1,-1
273,26,562.21,404.28,67.33,212.19,0.5507,-1,-1,-1
273,22,808.43,373.01,64.17,210.17,0.3559,-1,-1,-1
273,17,388.49,464.89,77.43,226.19,0.5869,-1,-1,-1
273,8,471.34,396.34,74.84,218.53,0.6028,-1,-1,-1
273,7,942.18,89.18,66.09,178.84,0.4870,-1,-1,-1
273,6,190.19,575.35,90.75,245.62,0.6837,-1,-1,-1
273,5,1423.91,580.93,77.62,235.37,0.4948,-1,-1,-1
273,4,1719.99,460.58,73.88,207.36,0.5615,-1,-1,-1
273,3,945.50,921.97,81.54,156.46,0.7231,-1,-1,-1
273,1,463.63,152.46,64.27,199.37,0.4014,-1,-1,-1
274,35,1112.68,94.63,64.18,165.80,0.3422,-1,-1,-1
274,34,276.23,708.17,75.70,142.56,0.6443,-1,-1,-1
274,30,262.25,786.41,94.13,262.71,0.7131,-1,-1,-1
274,29,1034.88,102.19,68.33,178.65,0.3905,-1,-1,-1
274,28,228.83,431.87,58.67,183.06,0.4639,-1,-1,-1
274,27,884.37,382.53,54.71,188.55,0.3508,-1,-1,-1
274,26,560.01,404.94,66.87,211.07,0.5341,-1,-1,-1
274,22,806.19,373.44,63.46,212.26,0.3457,-1,-1,-1
274,17,387.29,461.66,78.88,228.75,0.6230,-1,-1,-1
274,8,470.71,397.30,74.03,218.78,0.6238,-1,-1,-1
274,7,942.49,88.17,65.27,179.91,0.5135,-1,-1,-1
274,6,192.83,576.42,91.39,247.55,0.6955,-1,-1,-1
274,5,1425.09,578.90,78.70,240.46,0.5279,-1,-1,-1
274,4,1720.59,460.27,73.55,207.63,0.5945,-1,-1,-1
274,3,945.79,922.16,81.19,156.65,0.7053,-1,-1,-1
274,1,463.08,152.12,63.54,195.21,0.4004,-1,-1,-1
275,35,1111.02,94.45,64.33,169.15,0.3067,-1,-1,-1
275,34,276.37,711.88,84.15,141.72,0.4186,-1,-1,-1
275,30,267.05,781.22,91.85,269.41,0.7036,-1,-1,-1
275,29,1031.82,102.76,70.07,179.29,0.3359,-1,-1,-1
275,28,228.17,430.58,60.48,190.80,0.3369,-1,-1,-1
275,27,886.24,379.99,54.46,192.16,0.3577,-1,-1,-1
275,26,559.40,405.73,66.20,207.91,0.5955,-1,-1,-1
275,22,812.32,374.17,60.74,210.14,0.3949,-1,-1,-1
275,17,386.55,461.81,79.70,226.62,0.6144,-1,-1,-1
275,8,470.15,397.32,72.70,216.25,0.6624,-1,-1,-1
275,7,942.23,85.72,65.38,181.51,0.4999,-1,-1,-1
275,6,194.34,578.32,94.87,250.53,0.6727,-1,-1,-1
275,5,1428.37,579.89,77.29,239.95,0.5103,-1,-1,-1
275,4,1720.46,460.03,73.60,207.59,0.5893,-1,-1,-1
275,3,944.42,922.16,83.10,156.70,0.7234,-1,-1,-1
275,1,463.18,151.00,64.09,194.08,0.4032,-1,-1,-1
276,35,1108.49,94.55,65.64,167.85,0.2945,-1,-1,-1
276,34,279.34,715.51,86.12,141.82,0.3161,-1,-1,-1
276,32,790.72,153.81,58.84,166.91,0.2721,-1,-1,-1
276,30,271.50,782.86,91.12,272.60,0.6299,-1,-1,-1
276,29,1031.62,102.79,68.40,180.04,0.3322,-1,-1,-1
276,28,228.01,428.37,59.76,193.15,0.3360,-1,-1,-1
276,27,886.12,382.23,56.61,190.57,0.3093,-1,-1,-1
276,26,557.59,407.41,67.41,205.54,0.6344,-1,-1,-1
276,22,808.80,373.85,64.49,210.86,0.4049,-1,-1,-1
276,17,387.52,460.11,78.70,227.48,0.6325,-1,-1,-1
276,8,468.35,398.71,73.28,216.87,0.6652,-1,-1,-1
276,7,943.51,84.27,62.83,180.46,0.4540,-1,-1,-1
276,6,195.23,577.50,94.63,248.92,0.6741,-1,-1,-1
276,5,1432.06,578.66,74.86,242.50,0.5313,-1,-1,-1
276,4,1719.45,460.57,74.61,206.67,0.5903,-1,-1,-1
276,3,943.67,922.83,83.96,156.11,0.7483,-1,-1,-1
276,1,462.32,149.64,66.15,194.29,0.4030,-1,-1,-1
277,35,1107.77,94.86,62.39,164.55,0.2784,-1,-1,-1
277,34,281.80,719.01,90.55,142.54,0.5258,-1,-1,-1
277,32,789.55,150.34,66.58,171.16,0.2582,-1,-1,-1
277,30,272.84,783.52,87.65,278.62,0.6523,-1,-1,-1
277,29,1030.56,102.92,68.52,179.65,0.3402,-1,-1,-1
277,28,228.89,426.32,58.28,183.85,0.3894,-1,-1,-1
277,27,883.89,388.16,64.10,181.86,0.3405,-1,-1,-1
277,26,557.26,410.02,66.11,203.30,0.6597,-1,-1,-1
277,22,809.11,375.01,65.37,209.85,0.3813,-1,-1,-1
277,17,388.62,459.53,78.75,228.32,0.6093,-1,-1,-1
277,8,466.60,401.23,72.15,216.33,0.6847,-1,-1,-1
277,7,943.97,83.90,59.15,174.04,0.4627,-1,-1,-1
277,6,196.19,576.62,89.84,249.79,0.6511,-1,-1,-1
277,5,1434.71,579.80,73.84,243.00,0.4953,-1,-1,-1
277,4,1719.01,459.63,75.13,208.78,0.5910,-1,-1,-1
277,3,943.50,923.53,84.31,154.78,0.7530,-1,-1,-1
277,1,463.34,147.05,66.22,196.13,0.3743,-1,-1,-1
278,36,742.82,334.72,56.71,182.15,0.4222,-1,-1,-1
278,35,1106.05,94.92,63.03,167.14,0.2811,-1,-1,-1
278,34,283.30,721.79,98.88,144.21,0.6426,-1,-1,-1
278,30,275.03,789.79,81.84,273.18,0.6251,-1,-1,-1
278,29,1032.24,101.83,62.68,177.73,0.3741,-1,-1,-1
278,28,228.52,424.53,59.07,176.86,0.4276,-1,-1,-1
278,27,884.24,388.30,63.85,183.45,0.3886,-1,-1,-1
278,26,555.19,411.34,67.32,204.54,0.6524,-1,-1,-1
278,22,813.68,376.52,61.81,208.13,0.3486,-1,-1,-1
278,17,388.57,459.55,79.94,226.75,0.6000,-1,-1,-1
278,8,465.91,401.17,70.23,217.15,0.6674,-1,-1,-1
278,7,942.13,81.65,62.88,176.29,0.4514,-1,-1,-1
278,6,197.81,575.74,84.92,251.39,0.6519,-1,-1,-1
278,5,1436.04,582.72,74.46,242.04,0.4400,-1,-1,-1
278,4,1719.36,459.35,75.31,209.38,0.5597,-1,-1,-1
278,3,943.44,923.61,84.41,154.08,0.7644,-1,-1,-1
278,1,464.24,146.84,64.48,196.44,0.3470,-1,-1,-1
279,36,748.34,333.20,55.00,189.09,0.4052,-1,-1,-1
279,35,1103.89,93.35,58.36,160.93,0.2997,-1,-1,-1
279,34,285.85,726.28,105.17,141.74,0.6493,-1,-1,-1
279,32,790.19,153.55,59.64,167.24,0.2624,-1,-1,-1
279,30,276.65,794.11,83.34,278.90,0.6417,-1,-1,-1
279,29,1031.26,101.55,62.11,176.63,0.3992,-1,-1,-1
279,28,229.32,423.07,58.79,175.80,0.4419,-1,-1,-1
279,27,884.26,390.54,61.73,186.29,0.3323,-1,-1,-1
279,26,554.74,413.02,66.56,204.27,0.6607,-1,-1,-1
279,22,816.88,378.50,58.54,207.02,0.3972,-1,-1,-1
279,17,387.53,458.76,81.97,229.38,0.5903,-1,-1,-1
279,8,465.65,404.26,69.19,211.81,0.6850,-1,-1,-1
279,7,941.98,78.75,61.02,178.25,0.4326,-1,-1,-1
279,6,202.15,577.30,77.25,250.36,0.5902,-1,-1,-1
279,5,1436.49,590.90,72.84,234.55,0.2924,-1,-1,-1
279,4,1720.97,459.36,73.25,209.42,0.5668,-1,-1,-1
279,3,942.64,923.90,85.17,154.13,0.7571,-1,-1,-1
279,1,463.78,146.96,64.99,196.97,0.3523,-1,-1,-1
280,36,748.82,338.90,60.88,187.52,0.4457,-1,-1,-1
280,35,1102.70,94.53,63.03,160.18,0.2878,-1,-1,-1
280,34,289.24,726.57,107.74,143.03,0.6612,-1,-1,-1
280,30,276.89,797.24,83.23,278.43,0.6427,-1,-1,-1
280,29,1027.81,100.02,69.81,180.79,0.4263,-1,-1,-1
280,28,229.42,420.92,58.60,179.44,0.4716,-1,-1,-1
280,27,882.98,391.88,63.91,189.27,0.3277,-1,-1,-1
280,26,554.19,415.28,66.19,207.29,0.6503,-1,-1,-1
280,22,818.23,379.69,56.94,204.53,0.3634,-1,-1,-1
280,17,388.58,457.73,80.62,231.04,0.6094,-1,-1,-1
280,8,466.08,405.02,66.73,212.90,0.7119,-1,-1,-1
280,7,941.86,78.55,61.27,178.32,0.4327,-1,-1,-1
280,6,209.48,583.34,65.31,242.37,0.5349,-1,-1,-1
280,5,1437.14,588.37,72.80,238.20,0.3344,-1,-1,-1
280,4,1720.75,459.01,72.96,209.47,0.5723,-1,-1,-1
280,3,941.74,924.42,86.58,153.23,0.7600,-1,-1,-1
280,1,463.34,144.55,66.81,199.95,0.3232,-1,-1,-1
281,36,752.97,340.81,56.53,181.61,0.3430,-1,-1,-1
281,35,1102.42,93.35,57.38,158.53,0.3385,-1,-1,-1
281,34,293.26,730.17,106.45,140.95,0.6480,-1,-1,-1
281,30,280.04,798.33,83.80,277.25,0.6531,-1,-1,-1
281,29,1028.21,100.69,62.03,175.36,0.4625,-1,-1,-1
281,28,228.49,419.01,61.36,187.34,0.4031,-1,-1,-1
281,27,886.59,395.32,63.03,184.65,0.3186,-1,-1,-1
281,26,553.65,418.00,65.01,206.74,0.6401,-1,-1,-1
281,22,818.90,380.46,57.32,199.52,0.3220,-1,-1,-1
281,17,390.66,457.03,77.81,230.07,0.6389,-1,-1,-1
281,8,465.16,405.30,66.40,213.21,0.6514,-1,-1,-1
281,7,941.30,77.53,60.62,178.39,0.4340,-1,-1,-1
281,6,208.93,580.61,70.87,250.65,0.5732,-1,-1,-1
281,5,1438.49,586.57,75.61,239.71,0.4655,-1,-1,-1
281,4,1719.71,459.87,74.43,208.75,0.5693,-1,-1,-1
281,3,941.23,923.54,86.69,154.67,0.7632,-1,-1,-1
281,1,463.58,143.96,66.96,200.29,0.3409,-1,-1,-1
282,36,756.03,341.93,56.89,177.49,0.4134,-1,-1,-1
282,35,1101.68,92.34,56.20,161.28,0.3532,-1,-1,-1
282,34,298.59,733.85,106.52,145.22,0.6510,-1,-1,-1
282,32,790.08,153.51,58.96,166.13,0.2602,-1,-1,-1
282,30,281.72,800.19,84.08,276.08,0.7259,-1,-1,-1
282,29,1025.86,99.62,62.52,174.78,0.4272,-1,-1,-1
282,28,228.18,416.19,61.84,191.25,0.4561,-1,-1,-1
282,26,552.44,419.33,64.56,204.26,0.6608,-1,-1,-1
282,22,819.98,382.44,58.02,184.57,0.3033,-1,-1,-1
282,17,390.41,455.47,76.26,228.66,0.6575,-1,-1,-1
282,8,465.74,406.06,64.36,210.99,0.6620,-1,-1,-1
282,7,940.07,77.73,61.73,177.71,0.4613,-1,-1,-1
282,6,216.56,585.39,63.47,243.07,0.6072,-1,-1,-1
282,5,1438.76,584.86,76.25,240.76,0.4956,-1,-1,-1
282,4,1719.76,460.53,73.67,209.02,0.6173,-1,-1,-1
282,3,940.58,923.87,87.33,153.83,0.7611,-1,-1,-1
282,1,463.80,143.26,67.67,201.02,0.3180,-1,-1,-1
283,36,759.80,343.91,56.93,175.23,0.3832,-1,-1,-1
283,35,1100.45,92.13,57.33,162.39,0.3747,-1,-1,-1
283,34,303.06,736.65,105.18,137.33,0.5671,-1,-1,-1
283,30,282.93,799.15,85.16,277.24,0.7059,-1,-1,-1
283,29,1023.37,98.48,63.08,175.36,0.4524,-1,-1,-1
283,28,228.57,414.91,61.87,183.15,0.4088,-1,-1,-1
283,26,553.21,421.08,61.54,206.06,0.6500,-1,-1,-1
283,22,819.53,382.94,58.92,197.61,0.3063,-1,-1,-1
283,17,388.68,451.23,78.61,231.95,0.6528,-1,-1,-1
283,8,465.98,407.53,64.48,212.68,0.6538,-1,-1,-1
283,7,940.71,79.59,58.34,170.61,0.4836,-1,-1,-1
283,6,219.20,583.98,64.64,245.20,0.5966,-1,-1,-1
283,5,1439.86,583.24,76.85,242.51,0.4689,-1,-1,-1
283,4,1720.71,459.43,73.38,209.49,0.6043,-1,-1,-1
283,3,940.73,923.66,87.51,153.93,0.7738,-1,-1,-1
283,1,464.04,144.53,67.97,199.44,0.3090,-1,-1,-1
284,36,763.57,345.79,57.46,174.93,0.3531,-1,-1,-1
284,35,1098.57,92.30,57.19,163.43,0.3397,-1,-1,-1
284,34,307.67,738.61,102.04,137.31,0.5650,-1,-1,-1
284,32,788.96,152.69,60.96,168.32,0.2858,-1,-1,-1
284,30,282.70,800.78,86.95,276.48,0.7168,-1,-1,-1
284,29,1021.09,96.93,63.23,178.05,0.4286,-1,-1,-1
284,28,228.85,412.50,59.92,176.17,0.3736,-1,-1,-1
284,26,552.22,423.51,63.26,210.04,0.6626,-1,-1,-1
284,22,819.71,384.39,60.73,196.11,0.2614,-1,-1,-1
284,17,391.85,449.25,74.77,232.61,0.6487,-1,-1,-1
284,8,464.54,409.32,67.02,216.56,0.6220,-1,-1,-1
284,7,940.85,79.05,59.04,171.86,0.4619,-1,-1,-1
284,6,223.46,579.03,63.93,255.71,0.5659,-1,-1,-1
284,5,1440.58,580.82,77.42,245.24,0.4537,-1,-1,-1
284,4,1720.19,460.20,74.11,208.80,0.5969,-1,-1,-1
284,3,938.67,922.76,89.45,155.14,0.7678,-1,-1,-1
284,1,462.80,143.07,67.56,200.13,0.3433,-1,-1,-1
285,36,766.10,350.28,59.85,188.71,0.3536,-1,-1,-1
285,35,1095.92,91.04,57.10,162.50,0.3308,-1,-1,-1
285,34,306.89,740.78,104.14,137.79,0.5571,-1,-1,-1
285,32,788.73,150.89,66.47,170.08,0.2789,-1,-1,-1
285,30,283.65,801.93,88.04,275.47,0.6995,-1,-1,-1
285,29,1019.67,97.19,66.71,176.37,0.4524,-1,-1,-1
285,28,227.29,413.24,63.34,186.36,0.3831,-1,-1,-1
285,27,890.84,398.96,56.65,194.68,0.2581,-1,-1,-1
285,26,551.24,423.88,61.13,211.61,0.6518,-1,-1,-1
285,22,824.38,383.98,57.60,204.99,0.3095,-1,-1,-1
285,17,392.08,448.23,74.00,232.10,0.6459,-1,-1,-1
285,8,464.71,409.86,66.55,218.69,0.6057,-1,-1,-1
285,7,940.50,79.35,60.96,174.47,0.4671,-1,-1,-1
285,6,227.28,579.08,63.87,255.03,0.5494,-1,-1,-1
285,5,1444.72,579.05,78.94,246.35,0.5658,-1,-1,-1
285,4,1720.52,460.39,74.23,208.10,0.5916,-1,-1,-1
285,3,937.92,922.21,89.54,155.23,0.7722,-1,-1,-1
285,1,463.03,143.28,65.23,200.03,0.3237,-1,-1,-1
286,36,770.23,352.07,58.87,197.46,0.2723,-1,-1,-1
286,35,1095.24,89.74,52.68,165.97,0.3441,-1,-1,-1
286,34,307.25,742.60,103.51,137.46,0.5546,-1,-1,-1
286,32,790.05,152.29,65.53,168.92,0.2593,-1,-1,-1
286,30,283.88,804.25,91.83,272.25,0.7233,-1,-1,-1
286,29,1018.51,97.30,59.14,178.69,0.4910,-1,-1,-1
286,28,229.17,411.49,62.20,202.37,0.3318,-1,-1,-1
286,27,893.92,398.37,65.80,196.62,0.3620,-1,-1,-1
286,26,548.33,425.18,63.50,211.65,0.6244,-1,-1,-1
286,22,825.68,386.19,57.19,204.85,0.3709,-1,-1,-1
286,17,392.11,445.69,73.46,230.88,0.6350,-1,-1,-1
286,8,464.10,411.04,66.72,224.38,0.6060,-1,-1,-1
286,7,940.41,78.72,60.91,175.11,0.4633,-1,-1,-1
286,6,231.42,577.60,63.48,256.91,0.5470,-1,-1,-1
286,5,1447.07,579.73,78.75,247.99,0.4805,-1,-1,-1
286,4,1721.02,459.95,72.84,208.54,0.6186,-1,-1,-1
286,3,939.91,921.94,86.28,155.82,0.7623,-1,-1,-1
286,1,463.07,144.74,62.70,197.07,0.3005,-1,-1,-1
287,35,1092.81,90.82,56.03,164.19,0.3667,-1,-1,-1
287,34,309.55,741.55,101.71,139.60,0.5581,-1,-1,-1
287,32,789.32,152.16,65.74,169.81,0.2799,-1,-1,-1
287,30,285.26,809.00,93.90,266.36,0.7517,-1,-1,-1
287,29,1018.06,96.91,59.82,178.04,0.4818,-1,-1,-1
287,28,229.62,412.19,62.72,213.41,0.3083,-1,-1,-1
287,27,893.16,399.15,63.28,195.73,0.3734,-1,-1,-1
287,26,544.48,425.60,65.81,211.00,0.6322,-1,-1,-1
287,22,822.31,392.25,71.74,204.66,0.3712,-1,-1,-1
287,17,392.24,443.88,73.91,223.25,0.6050,-1,-1,-1
287,8,464.15,412.24,65.75,224.80,0.5960,-1,-1,-1
287,7,939.92,78.06,61.46,177.16,0.4511,-1,-1,-1
287,6,232.85,580.16,64.31,254.42,0.5450,-1,-1,-1
287,5,1449.87,579.60,79.82,247.08,0.5477,-1,-1,-1
287,4,1720.45,459.64,73.29,209.13,0.6072,-1,-1,-1
287,3,939.48,922.16,86.04,155.83,0.7799,-1,-1,-1
287,1,461.55,143.64,64.66,198.19,0.3318,-1,-1,-1
288,36,780.63,350.79,56.56,204.06,0.2586,-1,-1,-1
288,35,1091.73,90.27,56.60,164.56,0.4103,-1,-1,-1
288,34,309.65,742.66,96.60,138.54,0.5782,-1,-1,-1
288,32,787.76,151.71,67.52,169.84,0.2953,-1,-1,-1
288,30,286.23,812.18,94.83,266.74,0.7661,-1,-1,-1
288,29,1017.72,95.87,59.64,176.32,0.5125,-1,-1,-1
288,28,230.48,410.91,62.64,199.57,0.3252,-1,-1,-1
288,27,893.87,400.11,63.75,195.58,0.3714,-1,-1,-1
288,26,542.21,426.23,67.21,210.29,0.6148,-1,-1,-1
288,22,824.40,394.64,72.17,202.80,0.4155,-1,-1,-1
288,17,393.29,441.27,72.35,221.48,0.6235,-1,-1,-1
288,8,461.68,407.62,66.49,228.88,0.5782,-1,-1,-1
288,7,938.50,74.40,58.80,176.22,0.5020,-1,-1,-1
288,6,233.07,579.24,67.36,255.49,0.5793,-1,-1,-1
288,5,1450.77,583.80,81.38,239.27,0.5280,-1,-1,-1
288,4,1720.59,460.15,73.02,208.36,0.6027,-1,-1,-1
288,3,940.59,921.65,83.88,156.04,0.7601,-1,-1,-1
288,1,462.63,144.38,66.65,196.87,0.3232,-1,-1,-1
289,36,782.77,351.32,55.97,193.04,0.3088,-1,-1,-1
289,35,1091.49,91.45,56.23,163.84,0.3941,-1,-1,-1
289,34,309.32,742.85,97.90,143.59,0.5946,-1,-1,-1
289,32,789.05,153.79,66.03,168.96,0.2866,-1,-1,-1
289,30,289.21,812.22,95.68,266.77,0.7543,-1,-1,-1
289,29,1016.29,94.76,62.43,177.73,0.4766,-1,-1,-1
289,28,232.24,409.26,60.68,183.61,0.4107,-1,-1,-1
289,27,896.07,400.26,64.87,194.23,0.3242,-1,-1,-1
289,26,540.37,427.11,68.24,210.00,0.6189,-1,-1,-1
289,22,825.58,394.35,70.52,202.86,0.3782,-1,-1,-1
289,17,393.35,439.20,72.63,221.08,0.6239,-1,-1,-1
289,8,461.89,411.97,65.20,227.49,0.6397,-1,-1,-1
289,7,938.11,73.62,57.61,175.25,0.5159,-1,-1,-1
289,6,234.68,580.38,69.24,253.18,0.5511,-1,-1,-1
289,5,1451.87,581.85,83.48,239.61,0.4927,-1,-1,-1
289,4,1719.76,458.95,74.37,210.95,0.5917,-1,-1,-1
289,3,941.20,921.01,80.86,156.50,0.7491,-1,-1,-1
289,1,462.86,143.66,64.32,198.26,0.3105,-1,-1,-1
290,36,787.16,353.11,52.62,189.66,0.3683,-1,-1,-1
290,35,1088.74,90.46,57.81,164.82,0.4091,-1,-1,-1
290,34,312.32,744.04,90.99,144.81,0.6313,-1,-1,-1
290,32,789.65,151.99,65.45,169.40,0.2925,-1,-1,-1
290,30,290.67,816.15,97.17,263.85,0.7199,-1,-1,-1
290,29,1015.54,93.78,61.31,178.00,0.4982,-1,-1,-1
290,28,234.13,409.00,59.19,181.60,0.4548,-1,-1,-1
290,27,897.42,402.10,63.13,193.75,0.3323,-1,-1,-1
290,26,539.36,427.07,68.19,209.73,0.6302,-1,-1,-1
290,22,825.44,394.90,75.07,203.70,0.4383,-1,-1,-1
290,17,388.82,437.36,77.10,225.24,0.6009,-1,-1,-1
290,8,460.09,411.61,66.57,231.32,0.6796,-1,-1,-1
290,7,938.19,72.26,55.98,175.61,0.5209,-1,-1,-1
290,6,236.27,581.91,67.64,252.73,0.5763,-1,-1,-1
290,5,1452.10,590.30,86.83,227.77,0.4024,-1,-1,-1
290,4,1720.26,459.51,73.96,209.21,0.5995,-1,-1,-1
290,3,941.83,920.09,78.37,156.82,0.7537,-1,-1,-1
290,1,464.11,140.68,60.62,198.07,0.2708,-1,-1,-1
291,36,790.16,353.39,56.69,195.03,0.4366,-1,-1,-1
291,35,1087.01,88.97,57.10,165.81,0.3652,-1,-1,-1
291,34,312.59,746.25,90.10,143.69,0.6179,-1,-1,-1
291,32,788.05,152.12,67.55,169.83,0.2766,-1,-1,-1
291,30,293.10,820.70,95.58,259.30,0.7041,-1,-1,-1
291,29,1014.93,92.89,61.07,177.85,0.4533,-1,-1,-1
291,28,233.01,408.44,61.01,181.82,0.4336,-1,-1,-1
291,27,896.40,402.32,63.12,192.74,0.3258,-1,-1,-1
291,26,536.56,427.90,69.03,209.22,0.6359,-1,-1,-1
291,22,830.57,398.72,67.03,203.18,0.3209,-1,-1,-1
291,17,384.63,435.41,81.57,227.57,0.5973,-1,-1,-1
291,8,460.44,412.74,66.50,230.77,0.6567,-1,-1,-1
291,7,938.11,70.85,56.01,178.75,0.5076,-1,-1,-1
291,6,238.59,580.79,67.94,254.25,0.5585,-1,-1,-1
291,5,1453.19,594.74,87.24,220.26,0.3749,-1,-1,-1
291,4,1721.64,459.95,73.14,208.72,0.5851,-1,-1,-1
291,3,942.06,919.71,77.40,157.02,0.7536,-1,-1,-1
291,1,459.34,139.96,59.85,195.89,0.2968,-1,-1,-1
292,36,790.34,350.77,57.95,204.66,0.3081,-1,-1,-1
292,35,1085.42,88.80,57.89,164.26,0.3724,-1,-1,-1
292,34,315.78,749.45,86.42,140.95,0.5273,-1,-1,-1
292,32,790.60,151.13,64.86,170.41,0.3172,-1,-1,-1
292,30,295.43,827.91,99.93,250.48,0.6385,-1,-1,-1
292,29,1013.87,92.83,61.44,177.41,0.4206,-1,-1,-1
292,28,232.42,407.63,60.63,184.14,0.4538,-1,-1,-1
292,27,897.63,408.77,59.65,184.81,0.3531,-1,-1,-1
292,26,537.71,429.90,68.41,207.17,0.6524,-1,-1,-1
292,22,832.04,398.13,64.12,206.97,0.4407,-1,-1,-1
292,17,383.72,435.47,81.47,227.98,0.5707,-1,-1,-1
292,8,460.61,414.39,66.32,229.89,0.5969,-1,-1,-1
292,7,937.87,69.84,56.70,175.00,0.5260,-1,-1,-1
292,6,240.76,581.23,73.39,252.87,0.5472,-1,-1,-1
292,5,1464.04,599.80,79.08,223.25,0.4212,-1,-1,-1
292,4,1719.87,460.72,74.66,208.40,0.5778,-1,-1,-1
292,3,942.23,919.72,75.73,157.55,0.7398,-1,-1,-1
292,1,457.57,139.69,61.30,195.07,0.3081,-1,-1,-1
293,36,792.86,352.84,59.26,176.60,0.2607,-1,-1,-1
293,35,1084.63,88.09,56.65,164.75,0.3252,-1,-1,-1
293,34,315.30,752.07,86.32,136.07,0.4062,-1,-1,-1
293,32,791.45,151.44,63.61,169.88,0.2811,-1,-1,-1
293,30,296.05,832.34,92.83,245.14,0.6652,-1,-1,-1
293,29,1012.64,92.06,61.86,178.99,0.3505,-1,-1,-1
293,28,231.88,406.09,60.97,183.91,0.5319,-1,-1,-1
293,27,896.49,412.96,62.35,181.87,0.3424,-1,-1,-1
293,26,535.50,432.67,69.02,206.23,0.6786,-1,-1,-1
293,22,832.29,398.45,64.62,205.71,0.3868,-1,-1,-1
293,17,381.29,433.28,83.40,228.95,0.5398,-1,-1,-1
293,8,460.07,415.15,67.87,226.76,0.5787,-1,-1,-1
293,7,938.24,68.64,56.10,172.05,0.4577,-1,-1,-1
293,6,242.23,582.04,82.73,253.71,0.5525,-1,-1,-1
293,5,1463.07,597.86,85.04,226.82,0.4397,-1,-1,-1
293,4,1720.87,460.87,73.29,207.71,0.5617,-1,-1,-1
293,3,942.62,918.43,71.25,159.41,0.7357,-1,-1,-1
293,1,456.42,138.42,61.92,194.01,0.2876,-1,-1,-1
294,38,326.34,753.79,82.47,260.44,0.3943,-1,-1,-1
294,36,794.86,355.75,62.03,214.77,0.3099,-1,-1,-1
294,35,1083.00,87.83,57.80,164.41,0.4095,-1,-1,-1
294,34,326.27,755.72,75.66,135.83,0.4969,-1,-1,-1
294,32,789.42,150.58,65.63,170.68,0.2943,-1,-1,-1
294,30,298.11,836.91,91.51,241.30,0.7194,-1,-1,-1
294,29,1012.00,91.53,59.10,177.31,0.3572,-1,-1,-1
294,28,232.14,404.72,60.97,180.25,0.5101,-1,-1,-1
294,27,896.77,413.55,62.33,181.57,0.3596,-1,-1,-1
294,26,535.56,434.58,69.11,209.45,0.6737,-1,-1,-1
294,22,834.16,400.85,63.03,204.04,0.3704,-1,-1,-1
294,17,379.01,433.24,84.65,230.27,0.5561,-1,-1,-1
294,8,459.07,415.50,69.22,226.44,0.6214,-1,-1,-1
294,7,938.74,67.34,54.19,170.70,0.4330,-1,-1,-1
294,6,242.75,582.73,87.92,253.35,0.6083,-1,-1,-1
294,5,1455.60,593.44,94.75,231.21,0.5259,-1,-1,-1
294,4,1720.10,459.47,74.55,210.18,0.5841,-1,-1,-1
294,3,942.50,917.77,67.55,160.44,0.7536,-1,-1,-1
294,1,457.64,137.63,61.54,191.99,0.3337,-1,-1,-1
295,38,328.18,757.91,84.42,253.85,0.4061,-1,-1,-1
295,36,797.70,357.80,63.43,210.04,0.2618,-1,-1,-1
295,35,1081.62,86.65,56.63,166.15,0.4022,-1,-1,-1
295,34,328.59,760.03,75.48,138.53,0.5067,-1,-1,-1
295,32,787.03,150.82,68.15,170.91,0.3034,-1,-1,-1
295,30,300.66,840.01,89.72,239.37,0.7002,-1,-1,-1
295,29,1011.07,91.82,58.27,178.68,0.3920,-1,-1,-1
295,28,231.47,401.40,60.63,184.22,0.4389,-1,-1,-1
295,27,896.48,411.20,62.28,186.01,0.3727,-1,-1,-1
295,26,534.15,436.38,68.71,210.60,0.6698,-1,-1,-1
295,22,833.29,401.62,63.99,202.99,0.3744,-1,-1,-1
295,17,376.01,433.70,87.72,230.80,0.5367,-1,-1,-1
295,8,459.54,416.02,68.37,224.35,0.6011,-1,-1,-1
295,7,937.60,67.14,54.50,173.20,0.4050,-1,-1,-1
295,6,242.91,582.91,92.44,252.18,0.6485,-1,-1,-1
295,5,1457.54,595.42,93.89,228.45,0.4857,-1,-1,-1
295,4,1719.75,460.34,74.65,209.20,0.5889,-1,-1,-1
295,3,941.40,916.46,66.37,162.26,0.7397,-1,-1,-1
295,1,458.45,137.97,60.30,191.19,0.3084,-1,-1,-1
296,38,328.36,760.05,82.34,266.79,0.2532,-1,-1,-1
296,35,1080.33,86.54,56.69,165.21,0.4101,-1,-1,-1
296,34,329.05,761.92,78.08,139.22,0.4916,-1,-1,-1
296,32,786.95,151.69,68.74,171.10,0.3208,-1,-1,-1
296,30,301.96,842.76,91.11,236.35,0.7256,-1,-1,-1
296,29,1010.34,90.90,57.28,179.46,0.4058,-1,-1,-1
296,28,231.69,400.67,62.44,181.45,0.5075,-1,-1,-1
296,27,896.37,411.68,62.80,192.00,0.4583,-1,-1,-1
296,26,535.15,439.03,67.31,205.35,0.6737,-1,-1,-1
296,22,832.65,401.49,63.40,203.75,0.4096,-1,-1,-1
296,17,376.45,431.19,85.71,232.82,0.5346,-1,-1,-1
296,8,458.05,419.19,71.33,222.79,0.6248,-1,-1,-1
296,7,937.58,65.99,54.06,172.21,0.4516,-1,-1,-1
296,6,243.47,583.44,91.16,251.51,0.6714,-1,-1,-1
296,5,1459.97,598.66,95.99,226.73,0.4944,-1,-1,-1
296,4,1720.28,460.04,73.68,209.10,0.5959,-1,-1,-1
296,3,941.28,915.65,63.35,162.73,0.7563,-1,-1,-1
296,1,459.81,134.76,57.87,195.53,0.2857,-1,-1,-1
297,35,1079.11,87.29,56.76,163.76,0.3430,-1,-1,-1
297,34,331.63,765.48,77.38,139.88,0.5163,-1,-1,-1
297,32,789.34,151.03,67.11,170.85,0.3284,-1,-1,-1
297,30,303.25,842.70,91.54,236.98,0.7409,-1,-1,-1
297,29,1009.27,90.41,57.69,179.91,0.3719,-1,-1,-1
297,28,233.43,400.10,61.06,183.23,0.5718,-1,-1,-1
297,27,894.96,412.70,64.50,196.15,0.4665,-1,-1,-1
297,26,535.04,441.18,65.05,205.45,0.6664,-1,-1,-1
297,22,833.27,400.48,62.69,208.43,0.3727,-1,-1,-1
297,17,376.90,430.02,84.59,233.51,0.5019,-1,-1,-1
297,8,457.47,419.58,69.01,221.55,0.6301,-1,-1,-1
297,7,936.77,64.80,54.47,174.26,0.4154,-1,-1,-1
297,6,244.95,585.36,90.89,250.29,0.6618,-1,-1,-1
297,5,1461.10,596.02,100.78,230.35,0.5447,-1,-1,-1
297,4,1719.64,460.45,73.77,208.84,0.5756,-1,-1,-1
297,3,941.27,914.95,62.41,164.28,0.7561,-1,-1,-1
297,1,458.65,134.62,60.31,194.99,0.2790,-1,-1,-1
298,35,1077.63,85.84,57.72,165.54,0.3691,-1,-1,-1
298,34,333.90,767.54,79.07,144.62,0.5773,-1,-1,-1
298,32,790.27,151.19,66.01,171.14,0.2978,-1,-1,-1
298,30,304.58,844.56,93.11,235.44,0.7522,-1,-1,-1
298,29,1010.46,92.58,57.52,173.42,0.3671,-1,-1,-1
298,28,234.48,398.57,61.09,185.00,0.5576,-1,-1,-1
298,27,894.81,414.53,65.20,197.88,0.4881,-1,-1,-1
298,26,535.05,442.99,64.90,201.50,0.6479,-1,-1,-1
298,22,830.55,400.04,66.60,210.59,0.3245,-1,-1,-1
298,17,376.28,429.87,84.67,229.01,0.5247,-1,-1,-1
298,8,456.90,419.85,68.83,221.50,0.6304,-1,-1,-1
298,7,936.56,64.28,55.77,171.85,0.4248,-1,-1,-1
298,6,245.70,584.70,90.27,249.80,0.6283,-1,-1,-1
298,5,1462.85,598.73,103.65,229.75,0.5542,-1,-1,-1
298,4,1721.18,461.03,73.15,207.93,0.6005,-1,-1,-1
298,3,940.69,914.58,63.09,165.20,0.7688,-1,-1,-1
298,1,458.20,133.93,60.24,196.74,0.2910,-1,-1,-1
299,35,1074.43,83.61,57.46,170.27,0.3211,-1,-1,-1
299,34,339.51,770.77,77.71,144.69,0.6280,-1,-1,-1
299,32,790.39,153.09,64.68,169.42,0.2775,-1,-1,-1
299,30,305.41,845.75,93.53,234.25,0.7641,-1,-1,-1
299,29,1009.61,88.14,56.98,184.24,0.3996,-1,-1,-1
299,28,233.56,397.70,61.77,183.90,0.5951,-1,-1,-1
299,27,894.78,415.64,64.70,197.02,0.5027,-1,-1,-1
299,26,535.54,444.35,63.82,203.62,0.6515,-1,-1,-1
299,17,378.00,428.41,82.38,227.84,0.5598,-1,-1,-1
299,8,456.82,421.11,68.34,224.03,0.6467,-1,-1,-1
299,7,936.46,63.95,56.56,170.92,0.4303,-1,-1,-1
299,6,248.91,583.42,87.74,250.64,0.6829,-1,-1,-1
299,5,1462.57,591.72,104.36,237.46,0.5897,-1,-1,-1
299,4,1720.51,461.63,73.41,207.43,0.5961,-1,-1,-1
299,3,940.01,913.59,61.83,165.43,0.7750,-1,-1,-1
299,1,459.81,133.67,59.90,196.30,0.2942,-1,-1,-1
300,34,344.56,772.56,75.63,146.68,0.6380,-1,-1,-1
300,30,307.02,846.42,94.69,233.58,0.7497,-1,-1,-1
300,29,1008.63,86.14,56.56,185.65,0.4007,-1,-1,-1
300,28,233.98,397.86,60.24,183.95,0.5747,-1,-1,-1
300,27,895.87,416.43,62.86,198.03,0.4489,-1,-1,-1
300,26,534.88,445.61,64.33,204.76,0.6560,-1,-1,-1
300,17,380.36,425.68,79.98,223.42,0.5442,-1,-1,-1
300,8,456.38,423.74,68.43,224.13,0.6619,-1,-1,-1
300,7,935.53,63.20,56.84,173.31,0.4552,-1,-1,-1
300,6,249.79,583.31,89.47,249.46,0.6896,-1,-1,-1
300,5,1464.27,589.40,104.40,240.18,0.5966,-1,-1,-1
300,4,1721.91,460.60,72.05,208.52,0.5810,-1,-1,-1
300,3,940.27,914.17,60.38,164.82,0.7704,-1,-1,-1
300,1,458.65,133.17,62.63,199.12,0.2971,-1,-1,-1
301,36,824.20,404.24,76.75,204.60,0.3051,-1,-1,-1
301,35,1073.34,81.94,55.61,169.30,0.2813,-1,-1,-1
301,34,346.87,774.51,77.41,142.97,0.5978,-1,-1,-1
301,30,307.35,847.20,95.61,232.80,0.7492,-1,-1,-1
301,29,1008.20,85.03,57.45,184.52,0.4186,-1,-1,-1
301,28,234.49,397.08,59.32,184.49,0.5642,-1,-1,-1
301,27,895.66,416.95,62.64,196.22,0.4675,-1,-1,-1
301,26,535.25,445.94,63.81,206.98,0.6671,-1,-1,-1
301,17,383.08,422.33,76.68,224.44,0.5516,-1,-1,-1
301,8,456.50,427.76,67.94,221.35,0.6714,-1,-1,-1
301,7,934.72,63.15,57.40,174.34,0.4822,-1,-1,-1
301,6,251.52,581.11,89.45,250.91,0.6659,-1,-1,-1
301,5,1465.91,586.78,104.06,244.71,0.6015,-1,-1,-1
301,4,1721.12,460.91,72.64,207.81,0.5920,-1,-1,-1
301,3,941.79,914.28,57.53,165.03,0.7693,-1,-1,-1
301,1,458.25,132.83,61.58,198.20,0.2812,-1,-1,-1
302,36,830.95,407.49,73.12,213.65,0.4361,-1,-1,-1
302,34,348.38,775.47,82.07,148.32,0.6332,-1,-1,-1
302,30,309.29,847.17,97.98,232.83,0.7381,-1,-1,-1
302,29,1006.26,85.31,58.91,178.38,0.4277,-1,-1,-1
302,28,233.37,396.66,59.77,185.52,0.5496,-1,-1,-1
302,27,895.16,419.06,62.75,198.67,0.5525,-1,-1,-1
302,26,535.02,446.70,63.73,204.71,0.6403,-1,-1,-1
302,17,386.79,422.21,72.23,218.14,0.5319,-1,-1,-1
302,8,456.30,429.32,67.76,221.75,0.6201,-1,-1,-1
302,7,934.23,62.23,57.18,174.18,0.4794,-1,-1,-1
302,6,254.16,580.31,88.96,252.38,0.6769,-1,-1,-1
302,5,1469.14,589.87,101.13,241.06,0.5669,-1,-1,-1
302,4,1721.66,459.83,72.34,209.79,0.5720,-1,-1,-1
302,3,941.78,912.20,56.47,167.80,0.7523,-1,-1,-1
302,1,458.19,130.26,63.67,194.04,0.2543,-1,-1,-1
303,36,836.63,409.59,64.59,215.37,0.4762,-1,-1,-1
303,35,1070.79,80.69,55.72,171.02,0.3437,-1,-1,-1
303,34,350.52,776.30,87.09,150.46,0.6875,-1,-1,-1
303,30,311.59,847.91,97.84,232.09,0.7381,-1,-1,-1
303,29,1006.26,85.52,58.60,173.84,0.4676,-1,-1,-1
303,28,233.82,395.35,59.10,187.38,0.5513,-1,-1,-1
303,27,895.45,421.46,60.76,194.58,0.5205,-1,-1,-1
303,26,534.80,447.22,64.63,208.95,0.6544,-1,-1,-1
303,17,387.94,415.22,70.22,218.00,0.5977,-1,-1,-1
303,8,456.29,430.63,65.82,221.27,0.6297,-1,-1,-1
303,7,933.80,62.95,57.20,169.21,0.4932,-1,-1,-1
303,6,258.45,579.19,88.15,253.91,0.6390,-1,-1,-1
303,5,1472.36,585.17,100.58,245.98,0.4855,-1,-1,-1
303,4,1721.27,460.07,72.54,209.40,0.5833,-1,-1,-1
303,3,940.48,913.03,56.70,166.97,0.7247,-1,-1,-1
304,36,830.24,403.43,80.70,218.01,0.4788,-1,-1,-1
304,35,1068.55,81.27,56.62,169.22,0.3093,-1,-1,-1
304,34,354.72,777.42,88.30,152.91,0.6166,-1,-1,-1
304,30,312.54,849.55,98.60,230.45,0.7475,-1,-1,-1
304,29,1006.28,85.32,57.79,174.58,0.4763,-1,-1,-1
304,28,234.89,393.85,58.89,188.67,0.5436,-1,-1,-1
304,27,898.13,420.73,57.62,196.04,0.4859,-1,-1,-1
304,26,534.34,448.02,65.16,206.98,0.6430,-1,-1,-1
304,17,388.75,411.78,69.39,221.81,0.5729,-1,-1,-1
304,8,455.28,432.52,65.25,219.56,0.6326,-1,-1,-1
304,7,935.40,62.44,55.10,174.33,0.5339,-1,-1,-1
304,6,265.18,580.03,84.30,251.09,0.6162,-1,-1,-1
304,5,1474.51,581.03,99.85,250.90,0.5032,-1,-1,-1
304,4,1721.54,459.99,72.61,210.39,0.5907,-1,-1,-1
304,3,939.11,911.85,58.72,168.15,0.7402,-1,-1,-1
305,35,1067.65,81.36,56.73,166.46,0.2632,-1,-1,-1
305,34,354.78,778.65,93.96,158.41,0.6139,-1,-1,-1
305,32,795.38,150.14,61.90,172.42,0.2506,-1,-1,-1
305,30,316.13,851.55,97.19,228.45,0.7612,-1,-1,-1
305,29,1005.43,85.55,59.33,170.89,0.4898,-1,-1,-1
305,28,233.44,390.58,59.06,192.69,0.5353,-1,-1,-1
305,27,899.73,419.55,55.51,196.22,0.4626,-1,-1,-1
305,26,534.19,448.50,65.32,208.32,0.6387,-1,-1,-1
305,22,835.97,404.09,73.56,223.12,0.5177,-1,-1,-1
305,17,389.64,408.84,69.14,223.59,0.5625,-1,-1,-1
305,8,454.32,435.24,65.37,219.04,0.6628,-1,-1,-1
305,7,934.84,62.12,55.39,173.37,0.4926,-1,-1,-1
305,6,275.09,581.41,77.38,248.36,0.5997,-1,-1,-1
305,5,1476.05,587.90,98.88,245.44,0.4542,-1,-1,-1
305,4,1720.73,460.45,72.59,209.23,0.5765,-1,-1,-1
305,3,936.95,909.72,60.87,170.28,0.7406,-1,-1,-1
306,36,832.44,403.87,77.89,220.17,0.5010,-1,-1,-1
306,35,1069.03,83.25,53.12,157.98,0.2696,-1,-1,-1
306,34,356.95,780.27,95.45,152.05,0.6553,-1,-1,-1
306,32,794.14,108.51,67.83,214.65,0.2707,-1,-1,-1
306,30,319.56,858.96,91.84,221.04,0.7688,-1,-1,-1
306,29,1003.86,84.86,60.81,170.00,0.5226,-1,-1,-1
306,28,232.18,389.29,60.62,194.30,0.5640,-1,-1,-1
306,27,897.87,423.16,57.79,191.56,0.4349,-1,-1,-1
306,26,533.05,449.08,65.71,203.58,0.6223,-1,-1,-1
306,17,389.54,408.04,68.61,222.66,0.5313,-1,-1,-1
306,8,453.17,436.40,64.53,219.22,0.6819,-1,-1,-1
306,7,934.56,59.30,57.67,175.67,0.4715,-1,-1,-1
306,6,286.86,581.97,70.57,247.43,0.5440,-1,-1,-1
306,5,1480.31,589.10,97.92,245.18,0.5173,-1,-1,-1
306,4,1720.97,460.72,72.70,208.85,0.5694,-1,-1,-1
306,3,935.24,909.15,64.56,170.81,0.7183,-1,-1,-1
306,1,461.34,131.79,64.20,191.68,0.2562,-1,-1,-1
307,36,833.85,407.13,76.93,217.09,0.3530,-1,-1,-1
307,35,1065.96,81.99,53.94,163.79,0.2923,-1,-1,-1
307,34,358.56,781.71,100.09,155.12,0.6473,-1,-1,-1
307,32,794.71,104.01,73.87,218.58,0.3709,-1,-1,-1
307,30,319.73,862.04,94.61,217.96,0.7755,-1,-1,-1
307,29,1003.48,83.32,59.92,169.94,0.5639,-1,-1,-1
307,28,232.52,387.57,59.63,193.02,0.5268,-1,-1,-1
307,27,898.61,425.77,57.00,189.94,0.3654,-1,-1,-1
307,26,532.28,449.42,65.52,205.43,0.6415,-1,-1,-1
307,17,391.39,408.03,67.88,222.34,0.5572,-1,-1,-1
307,8,450.92,438.76,65.53,217.31,0.6758,-1,-1,-1
307,7,934.73,59.52,56.74,173.94,0.4963,-1,-1,-1
307,6,296.55,580.75,69.65,245.20,0.5699,-1,-1,-1
307,5,1482.75,589.08,95.97,245.16,0.5474,-1,-1,-1
307,4,1720.88,459.57,73.07,210.12,0.5599,-1,-1,-1
307,3,933.99,908.01,66.44,171.84,0.7122,-1,-1,-1
308,36,833.56,413.97,78.47,211.55,0.3543,-1,-1,-1
308,35,1064.52,82.43,55.80,166.24,0.3178,-1,-1,-1
308,34,360.62,784.95,103.95,155.88,0.6934,-1,-1,-1
308,32,793.73,104.22,73.44,218.57,0.3291,-1,-1,-1
308,30,322.05,867.59,95.23,212.41,0.7754,-1,-1,-1
308,29,1002.21,82.88,61.22,172.52,0.6041,-1,-1,-1
308,28,229.87,385.83,62.41,190.53,0.5577,-1,-1,-1
308,27,894.70,428.11,57.79,187.40,0.3310,-1,-1,-1
308,26,529.79,451.64,67.89,204.13,0.6570,-1,-1,-1
308,17,390.67,406.68,70.13,224.34,0.5705,-1,-1,-1
308,8,449.81,440.69,64.32,215.27,0.6793,-1,-1,-1
308,7,935.50,55.89,55.54,169.01,0.5061,-1,-1,-1
308,6,304.37,580.23,70.33,244.11,0.6444,-1,-1,-1
308,5,1484.08,593.62,95.14,241.07,0.6309,-1,-1,-1
308,4,1721.19,459.05,72.56,210.44,0.5812,-1,-1,-1
308,3,931.72,908.06,69.38,171.94,0.7209,-1,-1,-1
308,1,462.31,130.47,60.04,192.60,0.2792,-1,-1,-1
309,36,837.33,417.64,68.42,211.21,0.3842,-1,-1,-1
309,35,1064.93,82.08,53.30,163.10,0.2919,-1,-1,-1
309,34,364.74,790.54,105.76,151.78,0.6761,-1,-1,-1
309,32,793.51,104.20,73.50,218.91,0.3718,-1,-1,-1
309,30,324.37,872.09,93.35,207.91,0.7802,-1,-1,-1
309,29,1002.34,81.32,61.12,176.09,0.6231,-1,-1,-1
309,28,230.36,383.54,62.00,188.89,0.5282,-1,-1,-1
309,26,528.73,455.16,68.07,207.98,0.6705,-1,-1,-1
309,17,390.29,407.47,71.28,221.92,0.5209,-1,-1,-1
309,8,447.72,441.80,64.64,216.54,0.6595,-1,-1,-1
309,7,935.34,52.74,54.36,170.18,0.4847,-1,-1,-1
309,6,308.29,579.67,76.81,248.40,0.6490,-1,-1,-1
309,5,1486.12,589.14,95.37,245.31,0.5933,-1,-1,-1
309,4,1720.72,458.39,72.73,211.63,0.5732,-1,-1,-1
309,3,930.04,907.29,71.35,172.64,0.7369,-1,-1,-1
309,1,464.62,130.72,57.61,190.79,0.2679,-1,-1,-1
310,35,1064.23,83.10,55.67,164.26,0.3327,-1,-1,-1
310,34,366.32,794.73,106.42,149.57,0.6769,-1,-1,-1
310,32,794.10,104.27,71.94,219.21,0.3232,-1,-1,-1
310,30,327.41,873.45,93.34,206.55,0.7567,-1,-1,-1
310,29,1001.09,80.00,62.12,176.43,0.6476,-1,-1,-1
310,28,231.37,380.43,58.79,185.79,0.5564,-1,-1,-1
310,26,528.00,456.19,67.91,210.69,0.6984,-1,-1,-1
310,17,392.11,406.24,68.68,226.74,0.5017,-1,-1,-1
310,8,447.71,438.13,63.28,223.11,0.6513,-1,-1,-1
310,7,934.40,50.48,55.78,171.36,0.5418,-1,-1,-1
310,6,311.91,579.44,79.48,249.85,0.6944,-1,-1,-1
310,5,1487.36,587.92,96.21,245.24,0.5563,-1,-1,-1
310,4,1720.78,458.36,72.43,210.60,0.5750,-1,-1,-1
310,3,928.17,907.94,74.17,172.06,0.7484,-1,-1,-1
310,1,464.86,128.88,56.41,190.26,0.3101,-1,-1,-1
311,36,834.62,422.96,69.75,192.86,0.3117,-1,-1,-1
311,35,1062.08,81.57,54.55,163.26,0.2976,-1,-1,-1
311,34,367.82,799.02,108.08,146.33,0.6623,-1,-1,-1
311,32,794.46,103.27,71.00,220.06,0.3390,-1,-1,-1
311,30,330.15,876.28,95.31,203.72,0.7342,-1,-1,-1
311,29,1000.40,79.98,62.53,175.13,0.6272,-1,-1,-1
311,28,232.11,378.93,57.34,186.41,0.5300,-1,-1,-1
311,26,527.64,457.50,67.03,212.78,0.6757,-1,-1,-1
311,17,391.51,408.03,70.20,223.32,0.4727,-1,-1,-1
311,8,445.56,439.70,64.40,222.22,0.6841,-1,-1,-1
311,7,933.72,49.37,55.92,171.57,0.5085,-1,-1,-1
311,6,315.16,579.82,82.89,247.39,0.7416,-1,-1,-1
311,5,1488.17,589.39,102.66,243.95,0.5837,-1,-1,-1
311,4,1720.76,458.30,72.78,210.60,0.5785,-1,-1,-1
311,3,927.64,907.15,74.77,172.85,0.7627,-1,-1,-1
311,1,465.34,128.96,57.56,189.37,0.2963,-1,-1,-1
312,36,832.83,424.09,73.62,195.69,0.2848,-1,-1,-1
312,35,1062.96,81.27,52.61,163.89,0.2624,-1,-1,-1
312,34,367.14,801.61,108.53,148.30,0.6512,-1,-1,-1
312,32,792.51,103.74,70.32,218.92,0.3416,-1,-1,-1
312,30,333.28,879.13,97.05,200.87,0.7441,-1,-1,-1
312,29,1000.33,80.20,63.35,174.38,0.6064,-1,-1,-1
312,28,231.24,375.96,58.30,188.29,0.5372,-1,-1,-1
312,26,527.30,461.13,66.97,216.18,0.6740,-1,-1,-1
312,17,392.35,408.14,68.95,220.86,0.4325,-1,-1,-1
312,8,444.17,442.15,64.59,221.53,0.6670,-1,-1,-1
312,7,933.75,48.89,56.62,172.34,0.5140,-1,-1,-1
312,6,316.97,581.71,90.06,243.65,0.7535,-1,-1,-1
312,5,1489.51,593.41,101.80,238.69,0.6268,-1,-1,-1
312,4,1721.46,458.92,72.38,209.49,0.5818,-1,-1,-1
312,3,927.78,905.91,74.78,174.09,0.7519,-1,-1,-1
312,1,462.76,127.60,60.63,188.56,0.3064,-1,-1,-1
313,36,834.70,426.25,67.93,200.35,0.2615,-1,-1,-1
313,35,1061.66,82.56,54.60,164.20,0.2687,-1,-1,-1
313,34,368.19,805.19,108.70,146.78,0.6925,-1,-1,-1
313,32,789.15,104.32,71.75,218.24,0.2669,-1,-1,-1
313,30,336.87,882.80,99.62,197.20,0.7360,-1,-1,-1
313,29,1000.61,80.68,62.21,172.89,0.5999,-1,-1,-1
313,28,231.06,374.67,58.29,189.45,0.5229,-1,-1,-1
313,26,527.62,463.67,66.16,214.60,0.6591,-1,-1,-1
313,17,393.24,406.07,68.24,224.64,0.4086,-1,-1,-1
313,8,441.87,447.67,65.15,221.92,0.6862,-1,-1,-1
313,7,933.68,48.11,55.80,172.92,0.5201,-1,-1,-1
313,6,316.63,584.52,96.83,240.60,0.7640,-1,-1,-1
313,5,1491.49,598.75,103.64,234.00,0.6183,-1,-1,-1
313,4,1722.31,457.70,71.84,210.46,0.5771,-1,-1,-1
313,3,927.40,905.46,75.63,174.54,0.7552,-1,-1,-1
313,1,463.64,123.49,60.47,191.16,0.3261,-1,-1,-1
314,36,831.34,425.91,71.22,202.00,0.3169,-1,-1,-1
314,34,369.35,808.42,110.55,148.11,0.6972,-1,-1,-1
314,30,341.10,886.81,96.31,193.19,0.7246,-1,-1,-1
314,29,1000.32,80.04,59.12,173.06,0.5510,-1,-1,-1
314,28,230.40,374.29,59.05,189.45,0.5529,-1,-1,-1
314,26,527.19,464.74,65.82,215.50,0.6576,-1,-1,-1
314,17,393.25,404.10,65.91,224.29,0.3840,-1,-1,-1
314,8,440.42,447.32,65.87,221.80,0.6997,-1,-1,-1
314,7,932.18,47.37,57.57,173.04,0.5235,-1,-1,-1
314,6,316.51,585.02,99.95,240.27,0.7643,-1,-1,-1
314,5,1494.78,599.88,101.33,233.50,0.5494,-1,-1,-1
314,4,1722.88,457.91,71.06,211.24,0.5737,-1,-1,-1
314,3,927.56,905.29,76.72,174.71,0.7555,-1,-1,-1
314,1,458.74,126.07,64.97,186.64,0.3022,-1,-1,-1
315,34,370.84,808.18,109.38,148.55,0.6404,-1,-1,-1
315,30,343.08,889.23,97.01,190.77,0.7273,-1,-1,-1
315,29,999.53,79.62,58.22,174.13,0.5355,-1,-1,-1
315,28,229.79,374.10,61.26,189.38,0.5634,-1,-1,-1
315,27,883.23,371.87,71.26,154.58,0.4121,-1,-1,-1
315,26,527.66,466.53,62.41,215.88,0.6697,-1,-1,-1
315,17,392.94,403.56,63.30,222.40,0.2657,-1,-1,-1
315,8,437.81,447.81,67.94,221.75,0.7306,-1,-1,-1
315,7,931.86,46.82,57.37,173.49,0.5312,-1,-1,-1
315,6,316.27,585.43,108.34,240.50,0.7695,-1,-1,-1
315,5,1498.13,602.36,96.13,231.09,0.5586,-1,-1,-1
315,4,1722.29,457.71,71.46,211.54,0.5546,-1,-1,-1
315,3,926.15,905.01,77.50,174.99,0.7592,-1,-1,-1
315,1,463.76,122.31,61.79,188.65,0.2681,-1,-1,-1
316,35,1053.59,78.32,52.85,164.39,0.2568,-1,-1,-1
316,34,372.74,809.02,107.18,153.16,0.6641,-1,-1,-1
316,30,345.18,892.21,95.14,187.79,0.7155,-1,-1,-1
316,29,999.44,80.60,57.67,174.05,0.5941,-1,-1,-1
316,28,230.24,373.11,62.07,188.94,0.5839,-1,-1,-1
316,27,887.21,374.02,65.12,161.89,0.3393,-1,-1,-1
316,26,526.62,469.53,62.06,219.50,0.6476,-1,-1,-1
316,17,396.94,397.60,59.53,224.24,0.2786,-1,-1,-1
316,8,436.08,449.22,68.67,222.60,0.7147,-1,-1,-1
316,7,931.56,46.50,58.68,171.77,0.5314,-1,-1,-1
316,6,317.37,585.24,112.54,239.76,0.7699,-1,-1,-1
316,5,1502.48,601.94,92.40,233.17,0.6164,-1,-1,-1
316,4,1721.65,458.47,72.45,211.83,0.5328,-1,-1,-1
316,3,926.49,905.47,77.14,174.53,0.7545,-1,-1,-1
316,1,458.79,122.07,66.40,189.63,0.2719,-1,-1,-1
317,35,1050.87,82.38,59.57,163.48,0.3000,-1,-1,-1
317,34,375.07,813.21,102.99,150.83,0.5631,-1,-1,-1
317,30,346.45,887.56,94.08,192.44,0.7238,-1,-1,-1
317,29,996.97,79.49,58.46,173.75,0.5709,-1,-1,-1
317,28,230.19,372.47,61.63,187.76,0.5715,-1,-1,-1
317,27,893.59,440.81,65.12,191.90,0.3056,-1,-1,-1
317,26,523.40,472.32,63.76,219.10,0.6927,-1,-1,-1
317,17,396.67,393.79,61.69,221.16,0.3274,-1,-1,-1
317,8,433.86,449.51,68.82,218.62,0.7118,-1,-1,-1
317,7,931.03,45.85,59.11,172.93,0.5146,-1,-1,-1
317,6,317.34,584.52,115.76,242.19,0.7702,-1,-1,-1
317,5,1507.96,612.10,85.24,223.54,0.5593,-1,-1,-1
317,4,1721.73,458.18,72.44,211.91,0.5639,-1,-1,-1
317,3,926.61,906.03,77.87,173.97,0.7526,-1,-1,-1
317,1,457.85,121.10,66.82,190.63,0.3005,-1,-1,-1
318,36,833.85,434.97,67.66,194.18,0.2959,-1,-1,-1
318,35,1050.59,81.99,58.39,161.18,0.2896,-1,-1,-1
318,34,376.91,812.01,99.31,154.56,0.6270,-1,-1,-1
318,30,349.50,889.16,95.73,190.84,0.7070,-1,-1,-1
318,29,994.27,78.14,60.73,174.61,0.5956,-1,-1,-1
318,28,231.05,371.93,59.76,186.12,0.5605,-1,-1,-1
318,27,891.56,377.78,67.89,252.13,0.2898,-1,-1,-1
318,26,521.50,471.37,64.77,217.73,0.6658,-1,-1,-1
318,17,397.16,393.09,62.56,212.59,0.2584,-1,-1,-1
318,8,433.93,451.46,68.45,218.76,0.7244,-1,-1,-1
318,7,931.10,45.27,60.06,173.94,0.5129,-1,-1,-1
318,6,319.50,585.17,111.37,240.83,0.7562,-1,-1,-1
318,5,1511.93,600.44,85.03,237.47,0.5674,-1,-1,-1
318,4,1721.86,458.58,72.36,210.92,0.5713,-1,-1,-1
318,3,926.36,905.64,77.92,174.36,0.7459,-1,-1,-1
318,1,461.45,117.69,64.30,193.01,0.2958,-1,-1,-1
319,36,836.03,431.31,65.70,204.89,0.4227,-1,-1,-1
319,35,1049.16,83.88,59.10,159.30,0.3014,-1,-1,-1
319,34,378.47,812.16,96.74,156.30,0.6724,-1,-1,-1
319,30,350.85,890.91,96.54,189.09,0.7013,-1,-1,-1
319,29,993.73,77.05,60.29,174.90,0.5779,-1,-1,-1
319,28,231.72,370.89,59.22,189.16,0.5896,-1,-1,-1
319,27,896.50,377.96,64.24,255.85,0.3383,-1,-1,-1
319,26,516.40,468.67,70.37,217.77,0.6755,-1,-1,-1
319,8,433.32,455.40,68.94,218.70,0.7252,-1,-1,-1
319,7,930.17,43.57,59.69,173.06,0.4960,-1,-1,-1
319,6,319.80,583.76,112.74,242.14,0.7532,-1,-1,-1
319,5,1515.71,601.48,81.61,238.12,0.5148,-1,-1,-1
319,4,1723.19,459.20,70.36,210.48,0.5788,-1,-1,-1
319,3,927.94,905.82,76.21,174.18,0.7318,-1,-1,-1
320,38,352.54,895.66,99.39,184.34,0.7055,-1,-1,-1
320,36,834.77,432.92,69.24,201.10,0.5108,-1,-1,-1
320,35,1048.47,84.73,57.33,158.50,0.2661,-1,-1,-1
320,34,379.94,813.54,93.32,151.26,0.6429,-1,-1,-1
320,29,992.61,78.24,60.11,173.90,0.5752,-1,-1,-1
320,28,232.69,370.72,58.55,188.64,0.5848,-1,-1,-1
320,27,897.18,433.71,58.87,203.24,0.2802,-1,-1,-1
320,26,514.10,470.31,70.47,218.75,0.6948,-1,-1,-1
320,8,433.28,461.13,69.04,215.61,0.7185,-1,-1,-1
320,7,929.14,41.69,60.78,176.21,0.5037,-1,-1,-1
320,6,323.69,583.38,112.13,240.62,0.7205,-1,-1,-1
320,5,1517.55,603.44,80.59,232.86,0.3644,-1,-1,-1
320,4,1722.57,458.54,71.48,210.44,0.6020,-1,-1,-1
320,3,930.60,906.28,74.12,173.72,0.7358,-1,-1,-1
321,36,833.32,432.17,78.39,206.94,0.4899,-1,-1,-1
321,35,1048.66,80.56,52.02,159.03,0.2753,-1,-1,-1
321,34,384.22,816.39,87.44,148.79,0.6006,-1,-1,-1
321,32,783.53,98.63,71.00,221.52,0.2581,-1,-1,-1
321,30,355.20,898.58,102.26,181.42,0.7179,-1,-1,-1
321,29,991.37,77.41,62.65,175.25,0.5975,-1,-1,-1
321,28,233.97,370.36,56.82,188.04,0.5607,-1,-1,-1
321,26,512.60,470.60,70.19,220.54,0.6685,-1,-1,-1
321,8,429.45,458.41,71.28,227.99,0.6421,-1,-1,-1
321,7,929.01,39.14,64.64,180.03,0.4815,-1,-1,-1
321,6,326.13,582.19,106.05,241.83,0.6805,-1,-1,-1
321,5,1525.44,605.34,80.69,234.14,0.2600,-1,-1,-1
321,4,1721.99,458.76,71.76,210.86,0.5721,-1,-1,-1
321,3,930.09,907.46,74.30,172.25,0.7302,-1,-1,-1
321,1,455.25,119.64,68.27,190.30,0.2581,-1,-1,-1
322,36,832.26,432.29,83.56,209.69,0.5749,-1,-1,-1
322,35,1047.67,78.91,50.15,157.75,0.3319,-1,-1,-1
322,34,389.54,817.13,82.13,149.70,0.5603,-1,-1,-1
322,30,357.19,904.02,99.13,175.98,0.7087,-1,-1,-1
322,29,990.44,76.03,60.59,174.70,0.6151,-1,-1,-1
322,28,235.08,367.96,55.96,189.57,0.5619,-1,-1,-1
322,27,908.41,376.26,54.07,164.14,0.3715,-1,-1,-1
322,26,511.39,470.23,70.38,218.61,0.7142,-1,-1,-1
322,17,394.66,385.25,88.34,130.81,0.2740,-1,-1,-1
322,8,428.38,459.89,72.48,225.25,0.6780,-1,-1,-1
322,7,927.71,36.58,66.83,183.54,0.4805,-1,-1,-1
322,6,331.20,579.71,96.97,244.91,0.7097,-1,-1,-1
322,4,1721.38,459.52,72.22,209.09,0.6000,-1,-1,-1
322,3,933.01,907.03,71.08,172.97,0.7240,-1,-1,-1
322,1,455.21,119.03,67.09,189.87,0.2524,-1,-1,-1
323,36,832.38,432.51,83.60,211.34,0.5690,-1,-1,-1
323,35,1047.19,76.83,50.26,160.10,0.3355,-1,-1,-1
323,34,392.09,820.74,79.03,149.36,0.5610,-1,-1,-1
323,32,778.89,97.26,75.13,223.40,0.2761,-1,-1,-1
323,30,359.75,906.29,96.07,173.30,0.7787,-1,-1,-1
323,29,990.13,75.07,61.51,172.81,0.6174,-1,-1,-1
323,28,233.76,363.70,57.98,192.69,0.5719,-1,-1,-1
323,27,912.81,379.42,52.71,162.74,0.3915,-1,-1,-1
323,26,511.60,470.56,70.75,219.63,0.7254,-1,-1,-1
323,8,428.61,462.51,72.00,225.52,0.6871,-1,-1,-1
323,7,927.69,35.60,66.66,178.42,0.4683,-1,-1,-1
323,6,341.03,579.12,87.31,244.47,0.6239,-1,-1,-1
323,5,1533.57,606.28,67.65,233.45,0.2543,-1,-1,-1
323,4,1721.76,458.77,72.44,210.37,0.6015,-1,-1,-1
323,3,935.98,906.50,66.71,173.27,0.6963,-1,-1,-1
323,1,454.28,117.18,67.97,193.81,0.2946,-1,-1,-1
324,39,913.39,379.49,55.88,170.76,0.2861,-1,-1,-1
324,36,832.40,435.56,86.87,208.73,0.4802,-1,-1,-1
324,35,1047.25,75.52,48.12,158.93,0.2791,-1,-1,-1
324,34,396.70,824.93,76.55,147.64,0.5876,-1,-1,-1
324,30,360.72,910.24,96.29,168.75,0.7841,-1,-1,-1
324,29,989.18,73.17,61.62,173.25,0.5740,-1,-1,-1
324,28,233.39,361.72,58.27,191.88,0.5174,-1,-1,-1
324,26,509.51,471.13,72.40,219.28,0.7516,-1,-1,-1
324,8,425.95,463.21,75.31,227.26,0.7026,-1,-1,-1
324,7,926.63,33.44,69.82,178.86,0.4032,-1,-1,-1
324,6,349.04,580.91,80.99,242.13,0.6273,-1,-1,-1
324,4,1721.66,459.06,71.93,209.60,0.6022,-1,-1,-1
324,3,936.61,905.35,64.21,174.65,0.7039,-1,-1,-1
324,1,453.30,118.24,68.20,190.67,0.3105,-1,-1,-1
325,39,916.56,383.84,60.31,186.77,0.3291,-1,-1,-1
325,36,833.97,433.89,85.07,210.19,0.5022,-1,-1,-1
325,35,1046.42,74.09,48.91,161.10,0.2732,-1,-1,-1
325,34,401.29,830.84,72.26,139.49,0.5959,-1,-1,-1
325,30,364.65,915.30,96.44,163.77,0.7716,-1,-1,-1
325,29,988.44,71.97,62.50,172.54,0.5540,-1,-1,-1
325,28,233.03,359.97,58.80,188.45,0.4481,-1,-1,-1
325,26,509.06,474.57,71.73,216.92,0.7631,-1,-1,-1
325,8,426.64,462.21,75.18,229.02,0.7080,-1,-1,-1
325,7,925.67,35.88,66.71,169.56,0.4006,-1,-1,-1
325,6,356.56,580.43,74.59,240.61,0.6585,-1,-1,-1
325,4,1721.64,459.37,72.43,208.18,0.6109,-1,-1,-1
325,3,937.19,908.17,64.75,171.33,0.7034,-1,-1,-1
325,1,454.02,119.08,68.17,187.80,0.3097,-1,-1,-1
326,39,921.64,384.68,59.13,193.73,0.2759,-1,-1,-1
326,36,835.82,433.73,87.35,210.02,0.5796,-1,-1,-1
326,35,1046.03,76.63,47.68,155.26,0.2839,-1,-1,-1
326,34,403.00,833.51,72.87,142.29,0.5908,-1,-1,-1
326,30,366.12,917.15,95.34,162.81,0.7178,-1,-1,-1
326,29,986.43,71.16,62.07,172.64,0.5741,-1,-1,-1
326,28,233.82,358.47,57.82,188.75,0.5020,-1,-1,-1
326,27,909.76,447.75,53.84,189.37,0.2615,-1,-1,-1
326,26,508.76,476.53,72.09,216.85,0.7604,-1,-1,-1
326,8,427.63,466.89,72.98,225.85,0.7037,-1,-1,-1
326,7,926.46,34.31,65.94,170.11,0.4104,-1,-1,-1
326,6,370.43,578.15,71.42,242.54,0.6434,-1,-1,-1
326,5,1529.31,607.46,83.84,232.33,0.3953,-1,-1,-1
326,4,1721.38,459.56,73.12,208.49,0.6200,-1,-1,-1
326,3,939.12,908.26,60.24,171.74,0.6774,-1,-1,-1
326,1,454.72,117.95,67.39,187.69,0.2954,-1,-1,-1
327,39,923.42,385.34,59.84,179.56,0.2576,-1,-1,-1
327,36,836.74,434.75,86.39,207.74,0.5367,-1,-1,-1
327,35,1044.85,76.10,47.83,154.92,0.2841,-1,-1,-1
327,34,405.64,837.36,73.19,141.66,0.5760,-1,-1,-1
327,30,367.57,917.37,99.14,162.63,0.7021,-1,-1,-1
327,29,986.89,70.12,62.07,170.99,0.5282,-1,-1,-1
327,28,233.61,356.99,59.07,189.00,0.5187,-1,-1,-1
327,27,908.93,448.07,53.23,189.95,0.2883,-1,-1,-1
327,26,509.97,477.90,71.81,219.59,0.7047,-1,-1,-1
327,8,426.48,466.75,73.45,226.06,0.7145,-1,-1,-1
327,7,927.29,32.28,65.62,173.28,0.4311,-1,-1,-1
327,6,376.10,575.89,69.35,244.46,0.5869,-1,-1,-1
327,5,1532.26,611.28,83.10,229.98,0.4222,-1,-1,-1
327,4,1721.75,459.73,72.34,207.33,0.6307,-1,-1,-1
327,3,941.71,909.74,56.69,170.14,0.6695,-1,-1,-1
327,1,452.46,114.61,68.74,191.89,0.3654,-1,-1,-1
328,39,929.75,388.05,54.96,181.73,0.3274,-1,-1,-1
328,36,839.75,435.10,88.19,209.62,0.4730,-1,-1,-1
328,35,1043.13,75.88,47.90,155.35,0.2944,-1,-1,-1
328,34,410.30,839.80,73.26,148.75,0.5483,-1,-1,-1
328,30,368.86,921.13,96.07,158.87,0.6851,-1,-1,-1
328,29,985.35,67.79,62.12,173.28,0.4952,-1,-1,-1
328,28,231.38,356.35,60.51,186.87,0.5478,-1,-1,-1
328,26,509.58,479.11,70.59,222.07,0.7043,-1,-1,-1
328,8,422.81,467.48,77.99,220.49,0.7040,-1,-1,-1
328,7,928.38,31.57,63.39,171.56,0.4205,-1,-1,-1
328,6,384.54,574.46,67.71,247.24,0.5862,-1,-1,-1
328,5,1536.01,610.70,81.18,230.39,0.5013,-1,-1,-1
328,4,1722.06,460.75,72.20,207.15,0.6379,-1,-1,-1
328,3,940.78,910.01,56.90,169.24,0.6788,-1,-1,-1
328,1,451.32,112.81,68.39,194.85,0.4529,-1,-1,-1
329,39,936.63,386.96,62.56,193.08,0.4204,-1,-1,-1
329,36,839.57,435.56,84.64,206.55,0.4010,-1,-1,-1
329,35,1041.22,75.82,49.46,153.05,0.2547,-1,-1,-1
329,34,413.10,843.52,76.96,148.23,0.5568,-1,-1,-1
329,30,370.28,923.20,97.27,156.80,0.6867,-1,-1,-1
329,29,986.59,68.70,59.05,169.95,0.4620,-1,-1,-1
329,28,232.09,356.05,59.82,185.85,0.5482,-1,-1,-1
329,27,909.46,452.00,50.40,186.40,0.2720,-1,-1,-1
329,26,509.19,483.39,69.62,220.96,0.7129,-1,-1,-1
329,8,419.04,469.32,81.31,217.82,0.6914,-1,-1,-1
329,7,929.11,30.98,63.88,171.64,0.3876,-1,-1,-1
329,6,388.09,578.72,69.01,246.82,0.5803,-1,-1,-1
329,5,1536.25,609.86,87.00,231.59,0.3992,-1,-1,-1
329,4,1722.24,458.46,71.95,209.37,0.6112,-1,-1,-1
329,3,943.05,912.71,57.40,166.25,0.6981,-1,-1,-1
329,1,449.11,111.46,72.48,193.78,0.3793,-1,-1,-1
330,39,939.89,388.37,59.61,193.50,0.4188,-1,-1,-1
330,36,842.78,436.14,80.94,206.38,0.3681,-1,-1,-1
330,35,1039.16,75.63,51.24,158.39,0.3091,-1,-1,-1
330,34,416.89,844.90,77.44,232.84,0.5933,-1,-1,-1
330,30,372.61,923.97,94.63,154.60,0.6377,-1,-1,-1
330,29,984.63,67.57,59.97,173.03,0.4708,-1,-1,-1
330,28,232.34,354.98,58.15,184.66,0.5657,-1,-1,-1
330,26,509.42,485.84,68.72,219.49,0.7323,-1,-1,-1
330,17,398.60,376.06,84.34,125.91,0.2933,-1,-1,-1
330,8,411.73,469.59,89.42,224.61,0.6677,-1,-1,-1
330,7,928.70,30.42,64.22,172.14,0.4273,-1,-1,-1
330,6,389.88,599.44,71.82,227.31,0.3997,-1,-1,-1
330,5,1537.30,610.35,85.08,230.61,0.4157,-1,-1,-1
330,4,1722.17,460.14,72.25,207.68,0.6316,-1,-1,-1
330,3,941.75,914.55,60.38,164.06,0.6934,-1,-1,-1
330,1,448.54,110.73,74.74,192.24,0.3655,-1,-1,-1
331,39,942.37,388.79,56.85,194.14,0.3409,-1,-1,-1
331,36,845.78,439.41,80.53,205.89,0.4885,-1,-1,-1
331,35,1037.24,73.41,54.33,161.66,0.3593,-1,-1,-1
331,34,420.56,847.35,78.26,231.25,0.6610,-1,-1,-1
331,30,374.04,923.61,93.88,149.04,0.6461,-1,-1,-1
331,29,983.00,67.29,61.54,174.91,0.5004,-1,-1,-1
331,28,231.24,354.28,58.80,189.12,0.5212,-1,-1,-1
331,26,508.80,488.21,67.46,219.53,0.7409,-1,-1,-1
331,17,404.43,374.35,78.94,123.34,0.4199,-1,-1,-1
331,8,395.34,471.81,103.76,353.42,0.5992,-1,-1,-1
331,7,927.58,30.92,63.11,173.25,0.4040,-1,-1,-1
331,5,1538.45,613.39,79.38,229.19,0.5357,-1,-1,-1
331,4,1722.21,457.15,73.02,211.09,0.6500,-1,-1,-1
331,3,940.69,913.17,62.09,165.80,0.7368,-1,-1,-1
331,1,447.97,110.11,73.80,186.88,0.3814,-1,-1,-1
332,39,944.50,391.31,58.34,191.79,0.4160,-1,-1,-1
332,38,376.56,924.68,91.07,145.35,0.6351,-1,-1,-1
332,36,842.17,436.99,86.50,212.22,0.3814,-1,-1,-1
332,35,1039.08,73.75,51.87,162.75,0.4007,-1,-1,-1
332,34,423.90,848.97,79.44,228.71,0.6643,-1,-1,-1
332,32,794.71,155.32,57.83,164.95,0.2764,-1,-1,-1
332,29,982.61,67.82,61.51,175.56,0.5245,-1,-1,-1
332,28,229.77,352.65,60.94,190.36,0.5022,-1,-1,-1
332,26,508.12,490.10,69.11,220.45,0.7423,-1,-1,-1
332,17,406.21,371.67,76.44,122.67,0.3854,-1,-1,-1
332,8,393.79,473.32,105.01,353.95,0.6046,-1,-1,-1
332,7,926.94,30.40,64.04,173.07,0.4118,-1,-1,-1
332,5,1539.00,612.04,88.20,231.01,0.4490,-1,-1,-1
332,4,1722.76,458.98,72.85,210.30,0.6397,-1,-1,-1
332,3,942.06,915.00,61.38,162.84,0.7209,-1,-1,-1
332,1,447.88,109.25,73.46,185.33,0.3414,-1,-1,-1
333,39,949.45,390.73,56.37,191.05,0.4174,-1,-1,-1
333,38,378.58,924.60,95.60,148.04,0.6699,-1,-1,-1
333,36,844.21,438.44,86.78,215.80,0.4339,-1,-1,-1
333,35,1038.00,73.03,51.84,163.32,0.4111,-1,-1,-1
333,34,422.30,849.97,88.82,154.81,0.5860,-1,-1,-1
333,32,795.51,156.91,57.08,164.04,0.2730,-1,-1,-1
333,29,984.89,66.42,56.74,177.76,0.5048,-1,-1,-1
333,28,229.86,352.47,59.42,191.03,0.5165,-1,-1,-1
333,26,507.29,491.37,69.46,221.49,0.7450,-1,-1,-1
333,22,909.59,448.74,53.24,195.73,0.3130,-1,-1,-1
333,17,410.56,366.30,73.74,127.39,0.3255,-1,-1,-1
333,8,393.45,474.97,107.15,353.06,0.6431,-1,-1,-1
333,7,928.38,30.67,61.62,171.37,0.4198,-1,-1,-1
333,5,1539.68,612.50,89.04,234.09,0.4474,-1,-1,-1
333,4,1723.59,459.10,71.81,209.75,0.6226,-1,-1,-1
333,3,943.67,915.05,60.19,162.75,0.7336,-1,-1,-1
333,1,446.75,107.74,77.41,187.71,0.3282,-1,-1,-1
334,39,953.19,392.18,55.80,192.74,0.4498,-1,-1,-1
334,38,380.31,928.19,96.30,143.97,0.6549,-1,-1,-1
334,36,845.54,438.50,85.54,218.29,0.4893,-1,-1,-1
334,35,1037.29,72.34,52.10,163.94,0.3884,-1,-1,-1
334,34,422.52,851.29,92.76,154.03,0.5498,-1,-1,-1
334,32,795.06,158.27,57.36,162.63,0.2505,-1,-1,-1
334,29,983.75,67.06,56.85,176.16,0.4841,-1,-1,-1
334,28,229.83,352.29,59.21,187.35,0.4720,-1,-1,-1
334,26,507.28,491.78,68.60,222.99,0.7316,-1,-1,-1
334,22,911.82,454.01,53.01,193.15,0.3356,-1,-1,-1
334,8,394.53,474.95,110.90,354.23,0.6312,-1,-1,-1
334,7,928.35,29.51,61.65,173.08,0.3807,-1,-1,-1
334,5,1539.90,616.35,84.44,231.03,0.5672,-1,-1,-1
334,4,1722.00,460.02,72.56,209.28,0.6197,-1,-1,-1
334,3,944.40,916.59,60.60,160.80,0.7182,-1,-1,-1
334,1,446.75,109.32,72.84,185.45,0.3164,-1,-1,-1
335,39,956.94,393.81,55.62,188.56,0.4985,-1,-1,-1
335,38,383.16,931.44,97.68,141.56,0.6630,-1,-1,-1
335,36,847.93,439.95,80.83,217.84,0.4989,-1,-1,-1
335,35,1037.46,72.44,51.58,163.46,0.3747,-1,-1,-1
335,34,425.36,850.09,98.03,160.69,0.5656,-1,-1,-1
335,29,982.68,66.81,57.78,174.92,0.4755,-1,-1,-1
335,28,227.67,350.27,62.42,191.97,0.4949,-1,-1,-1
335,26,505.81,492.63,68.90,222.61,0.7260,-1,-1,-1
335,22,910.95,452.10,54.66,198.69,0.3362,-1,-1,-1
335,17,414.03,360.66,73.87,134.49,0.2998,-1,-1,-1
335,8,390.31,477.63,119.32,352.54,0.6718,-1,-1,-1
335,7,928.95,27.48,61.69,172.07,0.3662,-1,-1,-1
335,5,1540.48,613.68,85.12,241.58,0.5479,-1,-1,-1
335,4,1722.65,459.83,71.84,208.37,0.6215,-1,-1,-1
335,3,945.07,918.46,61.09,159.76,0.7190,-1,-1,-1
335,1,442.92,105.13,77.71,189.92,0.2736,-1,-1,-1
336,39,958.74,392.32,57.08,190.59,0.4323,-1,-1,-1
336,38,386.34,937.05,94.42,133.48,0.6731,-1,-1,-1
336,36,844.38,440.65,81.84,218.73,0.4431,-1,-1,-1
336,35,1036.83,71.64,52.32,164.10,0.3422,-1,-1,-1
336,34,424.94,852.33,104.90,164.73,0.5340,-1,-1,-1
336,32,795.02,164.28,59.06,156.78,0.2507,-1,-1,-1
336,29,982.06,66.23,56.90,176.18,0.4608,-1,-1,-1
336,28,227.07,349.01,62.81,194.28,0.5097,-1,-1,-1
336,26,504.74,492.78,69.65,221.61,0.7203,-1,-1,-1
336,22,908.87,454.92,58.85,195.25,0.3790,-1,-1,-1
336,17,414.50,359.14,75.85,138.82,0.3207,-1,-1,-1
336,8,398.58,482.25,117.41,345.52,0.7021,-1,-1,-1
336,7,927.13,27.44,63.75,175.92,0.3709,-1,-1,-1
336,5,1541.38,615.45,83.26,242.24,0.5860,-1,-1,-1
336,4,1721.47,459.25,73.17,208.91,0.6383,-1,-1,-1
336,3,945.55,918.51,61.97,159.32,0.7165,-1,-1,-1
337,39,962.84,391.36,57.93,190.82,0.5608,-1,-1,-1
337,38,387.14,942.25,97.29,132.23,0.6907,-1,-1,-1
337,36,846.85,443.16,74.84,221.32,0.4085,-1,-1,-1
337,35,1036.39,71.25,52.75,165.83,0.4166,-1,-1,-1
337,34,427.52,856.65,110.24,165.88,0.4663,-1,-1,-1
337,29,981.20,64.64,57.25,176.96,0.4471,-1,-1,-1
337,28,225.68,348.16,63.26,188.66,0.4996,-1,-1,-1
337,26,504.54,492.94,69.38,221.45,0.7002,-1,-1,-1
337,22,909.47,456.73,56.43,199.11,0.3675,-1,-1,-1
337,17,416.60,358.68,76.34,138.93,0.3255,-1,-1,-1
337,8,400.41,486.32,124.85,340.86,0.7104,-1,-1,-1
337,7,929.03,24.48,64.38,175.12,0.3794,-1,-1,-1
337,5,1541.64,616.11,81.31,238.70,0.6451,-1,-1,-1
337,4,1722.36,459.27,72.38,207.74,0.6125,-1,-1,-1
337,3,948.65,919.50,59.65,158.92,0.6831,-1,-1,-1
338,39,965.43,392.20,58.79,193.71,0.5279,-1,-1,-1
338,38,389.35,944.99,97.01,130.37,0.7155,-1,-1,-1
338,36,848.80,445.10,76.14,219.99,0.4254,-1,-1,-1
338,35,1035.83,70.87,53.24,165.83,0.3915,-1,-1,-1
338,34,433.35,861.13,110.49,158.67,0.6327,-1,-1,-1
338,29,980.76,64.12,57.15,176.83,0.4424,-1,-1,-1
338,28,225.29,347.12,63.35,187.52,0.5267,-1,-1,-1
338,26,503.86,492.97,69.74,220.69,0.6971,-1,-1,-1
338,22,911.03,458.22,51.98,198.74,0.3368,-1,-1,-1
338,17,415.80,358.78,77.97,142.19,0.3295,-1,-1,-1
338,8,402.10,487.20,124.70,339.59,0.7127,-1,-1,-1
338,7,929.43,22.43,62.00,174.20,0.3624,-1,-1,-1
338,5,1542.96,615.76,79.81,241.85,0.6087,-1,-1,-1
338,4,1721.97,458.79,73.06,208.36,0.5862,-1,-1,-1
338,3,948.57,921.72,61.48,156.52,0.7044,-1,-1,-1
339,39,968.19,394.95,60.02,194.37,0.5968,-1,-1,-1
339,38,392.10,948.96,97.40,127.46,0.7275,-1,-1,-1
339,36,846.10,447.36,76.68,216.71,0.4262,-1,-1,-1
339,35,1036.78,70.40,51.40,166.29,0.4358,-1,-1,-1
339,34,438.84,866.96,108.30,157.62,0.6152,-1,-1,-1
339,29,979.56,61.23,58.36,178.93,0.4543,-1,-1,-1
339,28,223.71,346.12,64.04,183.60,0.5270,-1,-1,-1
339,26,503.40,493.97,68.19,221.05,0.6890,-1,-1,-1
339,22,911.97,459.67,50.68,198.53,0.3266,-1,-1,-1
339,17,416.70,358.44,80.36,143.33,0.3316,-1,-1,-1
339,8,403.00,487.15,122.07,338.22,0.7395,-1,-1,-1
339,7,929.27,22.42,61.60,166.97,0.3565,-1,-1,-1
339,5,1543.41,616.45,80.51,243.12,0.6254,-1,-1,-1
339,4,1721.54,459.95,73.86,207.22,0.6074,-1,-1,-1
339,3,950.25,922.38,62.79,154.79,0.7040,-1,-1,-1
340,39,970.12,397.23,61.35,194.70,0.5864,-1,-1,-1
340,38,395.49,950.74,96.37,127.98,0.7117,-1,-1,-1
340,36,846.72,449.69,75.16,221.96,0.4343,-1,-1,-1
340,35,1035.13,69.68,53.14,167.90,0.4184,-1,-1,-1
340,34,439.96,872.29,113.38,150.57,0.6902,-1,-1,-1
340,29,979.10,60.83,57.38,179.35,0.4924,-1,-1,-1
340,28,222.25,343.97,64.06,182.58,0.5191,-1,-1,-1
340,26,500.48,497.01,71.30,216.59,0.6595,-1,-1,-1
340,22,911.36,459.06,51.96,199.80,0.3373,-1,-1,-1
340,17,417.73,356.69,82.38,149.42,0.3236,-1,-1,-1
340,8,403.98,488.02,123.27,337.86,0.6980,-1,-1,-1
340,7,928.99,20.72,62.75,167.75,0.3428,-1,-1,-1
340,5,1545.11,615.47,79.79,244.38,0.6005,-1,-1,-1
340,4,1721.62,457.81,73.19,210.13,0.6070,-1,-1,-1
340,3,950.97,923.01,62.93,154.16,0.6995,-1,-1,-1
340,1,441.75,99.08,77.73,194.63,0.2601,-1,-1,-1
341,39,974.59,398.26,61.06,195.25,0.5532,-1,-1,-1
341,38,399.23,955.14,96.29,123.73,0.6938,-1,-1,-1
341,36,845.86,451.08,75.98,221.49,0.4580,-1,-1,-1
341,35,1036.12,68.85,51.60,170.64,0.4612,-1,-1,-1
341,34,440.99,875.90,115.25,146.72,0.6957,-1,-1,-1
341,29,979.20,58.78,55.40,180.27,0.4663,-1,-1,-1
341,28,221.93,342.23,64.71,183.20,0.5237,-1,-1,-1
341,26,498.63,498.77,70.48,215.07,0.6819,-1,-1,-1
341,22,911.04,460.08,52.18,201.41,0.3400,-1,-1,-1
341,17,418.08,356.88,85.23,152.72,0.3038,-1,-1,-1
341,8,407.07,488.50,118.58,337.56,0.3964,-1,-1,-1
341,7,928.14,19.60,62.91,165.64,0.3548,-1,-1,-1
341,5,1544.81,616.21,81.76,243.23,0.6548,-1,-1,-1
341,4,1721.62,458.85,73.11,208.97,0.6058,-1,-1,-1
341,3,951.05,924.07,63.34,153.13,0.7041,-1,-1,-1
341,1,441.14,98.92,78.80,192.80,0.3033,-1,-1,-1
342,40,400.84,487.16,84.42,242.21,0.5928,-1,-1,-1
342,39,975.48,400.63,62.94,195.81,0.6035,-1,-1,-1
342,38,402.43,961.02,97.43,118.26,0.7164,-1,-1,-1
342,36,844.92,452.29,68.24,220.28,0.3882,-1,-1,-1
342,35,1035.95,68.27,51.90,169.40,0.4113,-1,-1,-1
342,34,441.65,878.83,117.69,144.92,0.6866,-1,-1,-1
342,32,792.50,155.86,60.81,164.29,0.2661,-1,-1,-1
342,29,978.34,57.84,56.10,180.71,0.3980,-1,-1,-1
342,28,219.58,340.92,66.37,185.70,0.5140,-1,-1,-1
342,26,497.35,501.00,71.75,212.71,0.6920,-1,-1,-1
342,22,909.30,461.41,55.03,200.82,0.3551,-1,-1,-1
342,17,418.59,355.46,86.55,190.39,0.3207,-1,-1,-1
342,7,927.36,18.54,62.80,164.04,0.3293,-1,-1,-1
342,6,423.42,596.19,101.94,228.71,0.2596,-1,-1,-1
342,5,1545.16,618.10,82.25,239.56,0.6396,-1,-1,-1
342,4,1723.16,457.10,72.88,211.73,0.6241,-1,-1,-1
342,3,951.15,924.12,65.80,153.13,0.6963,-1,-1,-1
342,1,440.31,100.48,79.80,191.94,0.3136,-1,-1,-1
343,40,399.91,485.89,80.79,243.11,0.5735,-1,-1,-1
343,39,979.89,401.85,61.83,192.82,0.6357,-1,-1,-1
343,38,404.29,962.97,98.50,116.41,0.7210,-1,-1,-1
343,36,844.20,453.41,65.37,219.68,0.3296,-1,-1,-1
343,35,1035.11,67.39,51.94,171.53,0.3737,-1,-1,-1
343,34,440.37,881.75,120.69,143.96,0.6738,-1,-1,-1
343,32,794.49,156.89,60.43,162.99,0.2598,-1,-1,-1
343,29,976.67,58.14,56.06,176.28,0.3672,-1,-1,-1
343,28,218.40,339.94,68.67,185.38,0.5047,-1,-1,-1
343,26,494.76,502.24,73.79,213.49,0.6725,-1,-1,-1
343,22,908.95,462.50,56.04,199.84,0.3309,-1,-1,-1
343,17,418.43,354.66,88.49,197.68,0.3028,-1,-1,-1
343,7,925.01,16.65,65.59,162.33,0.3082,-1,-1,-1
343,5,1545.22,617.68,83.99,240.59,0.5997,-1,-1,-1
343,4,1722.34,458.10,72.22,208.93,0.5946,-1,-1,-1
343,3,951.48,924.98,65.82,151.62,0.7069,-1,-1,-1
343,1,440.52,102.49,77.55,189.91,0.3004,-1,-1,-1
344,40,399.43,486.55,77.28,241.60,0.6260,-1,-1,-1
344,39,982.33,406.32,63.63,191.31,0.5800,-1,-1,-1
344,38,407.97,964.34,95.76,113.65,0.7270,-1,-1,-1
344,36,842.98,454.85,68.55,202.30,0.3311,-1,-1,-1
344,35,1035.47,66.13,51.66,171.67,0.3338,-1,-1,-1
344,34,446.09,883.14,117.08,145.56,0.6798,-1,-1,-1
344,32,794.85,157.74,59.72,161.99,0.2959,-1,-1,-1
344,29,977.64,55.96,55.78,176.28,0.3817,-1,-1,-1
344,28,220.08,339.37,65.53,186.25,0.5436,-1,-1,-1
344,26,496.31,503.35,70.45,211.01,0.6453,-1,-1,-1
344,22,908.28,462.42,57.67,194.19,0.3879,-1,-1,-1
344,17,419.77,353.56,86.78,204.34,0.3325,-1,-1,-1
344,7,922.52,15.26,69.15,168.12,0.3475,-1,-1,-1
344,6,439.64,588.49,82.05,233.45,0.2500,-1,-1,-1
344,5,1546.16,617.55,85.10,237.92,0.5909,-1,-1,-1
344,4,1721.25,459.47,73.23,206.89,0.6047,-1,-1,-1
344,3,951.48,924.89,67.68,151.16,0.6953,-1,-1,-1
344,1,438.35,102.35,80.55,188.41,0.3215,-1,-1,-1
345,40,399.12,487.64,78.07,237.05,0.6671,-1,-1,-1
345,39,984.09,407.22,64.35,193.91,0.5292,-1,-1,-1
345,38,410.64,964.06,97.89,113.55,0.7053,-1,-1,-1
345,36,842.11,454.13,67.51,217.69,0.3403,-1,-1,-1
345,35,1035.35,66.40,52.09,167.87,0.3407,-1,-1,-1
345,34,448.81,884.54,116.59,151.57,0.6598,-1,-1,-1
345,32,795.94,157.58,58.09,161.74,0.2648,-1,-1,-1
345,29,977.26,53.65,55.22,171.96,0.4168,-1,-1,-1
345,28,219.56,338.78,64.75,185.51,0.5140,-1,-1,-1
345,26,497.69,505.77,67.00,210.82,0.5652,-1,-1,-1
345,22,908.72,462.99,59.15,194.10,0.3923,-1,-1,-1
345,17,422.28,352.23,83.13,191.44,0.3756,-1,-1,-1
345,7,923.44,16.26,68.34,165.78,0.3681,-1,-1,-1
345,6,448.59,584.87,80.42,234.31,0.2927,-1,-1,-1
345,5,1546.89,618.81,84.93,240.18,0.5666,-1,-1,-1
345,4,1720.83,458.57,73.69,206.82,0.6117,-1,-1,-1
345,3,952.21,925.68,68.25,149.97,0.6992,-1,-1,-1
345,1,438.98,102.35,80.26,187.04,0.2926,-1,-1,-1
346,40,396.54,487.04,80.35,234.44,0.7009,-1,-1,-1
346,39,985.03,407.86,65.98,195.27,0.4629,-1,-1,-1
346,38,411.64,964.65,106.64,114.32,0.7045,-1,-1,-1
346,36,840.95,453.41,67.50,199.43,0.3791,-1,-1,-1
346,35,1034.40,65.28,53.40,168.60,0.2640,-1,-1,-1
346,34,453.64,885.05,111.60,154.23,0.6693,-1,-1,-1
346,32,794.60,155.19,58.24,164.41,0.2658,-1,-1,-1
346,29,975.33,54.80,57.35,175.11,0.3626,-1,-1,-1
346,28,218.97,337.63,67.29,187.35,0.5126,-1,-1,-1
346,26,484.79,507.96,77.85,206.09,0.5517,-1,-1,-1
346,22,903.75,463.79,65.48,198.18,0.4638,-1,-1,-1
346,17,425.97,349.40,77.22,203.01,0.3215,-1,-1,-1
346,7,922.76,14.52,69.22,171.89,0.3313,-1,-1,-1
346,6,459.26,585.95,73.64,229.53,0.3696,-1,-1,-1
346,5,1555.28,620.69,77.17,235.73,0.5689,-1,-1,-1
346,4,1721.99,457.68,73.20,208.09,0.6134,-1,-1,-1
346,3,952.36,926.36,69.45,149.56,0.7131,-1,-1,-1
346,1,439.93,98.30,77.30,192.45,0.2848,-1,-1,-1
347,40,396.16,489.02,81.14,232.52,0.7114,-1,-1,-1
347,39,989.37,409.53,64.35,192.98,0.5312,-1,-1,-1
347,38,413.60,965.30,102.72,113.88,0.6975,-1,-1,-1
347,36,841.76,455.07,67.37,201.37,0.3361,-1,-1,-1
347,35,1032.98,65.07,54.40,168.73,0.2716,-1,-1,-1
347,34,455.57,887.17,108.38,154.90,0.6734,-1,-1,-1
347,29,975.09,54.31,57.55,174.32,0.3636,-1,-1,-1
347,28,218.27,336.91,67.22,187.45,0.4525,-1,-1,-1
347,26,482.40,511.11,78.80,200.57,0.5342,-1,-1,-1
347,22,907.45,465.65,64.80,196.61,0.4586,-1,-1,-1
347,17,427.98,348.38,73.34,207.90,0.3361,-1,-1,-1
347,7,922.55,14.95,68.49,171.26,0.2929,-1,-1,-1
347,6,468.73,583.07,71.74,233.62,0.3941,-1,-1,-1
347,5,1550.32,621.49,84.34,235.04,0.5577,-1,-1,-1
347,4,1723.19,458.30,72.13,209.27,0.6251,-1,-1,-1
347,3,951.71,927.38,71.84,148.43,0.7035,-1,-1,-1
347,1,439.21,95.34,78.78,195.11,0.2778,-1,-1,-1
348,40,394.04,489.72,81.72,232.91,0.7214,-1,-1,-1
348,39,994.72,410.14,61.51,192.75,0.5837,-1,-1,-1
348,38,415.70,966.98,101.73,111.88,0.7085,-1,-1,-1
348,36,842.92,454.67,65.83,198.07,0.2772,-1,-1,-1
348,34,454.89,890.27,104.78,163.09,0.6439,-1,-1,-1
348,29,975.16,51.93,54.88,171.81,0.3426,-1,-1,-1
348,28,217.53,336.42,67.12,185.80,0.4061,-1,-1,-1
348,26,486.06,512.67,73.97,192.82,0.4443,-1,-1,-1
348,22,907.27,466.20,64.91,197.48,0.5212,-1,-1,-1
348,17,430.91,347.43,70.86,188.09,0.3940,-1,-1,-1
348,7,922.81,14.86,65.37,164.84,0.2693,-1,-1,-1
348,6,470.42,570.27,79.58,249.88,0.5979,-1,-1,-1
348,5,1553.22,621.81,83.51,232.66,0.5380,-1,-1,-1
348,4,1722.26,457.84,73.41,208.99,0.6153,-1,-1,-1
348,3,951.61,927.33,71.76,149.10,0.7290,-1,-1,-1
348,1,439.41,95.62,77.66,193.86,0.2767,-1,-1,-1
349,40,393.67,489.27,79.44,233.54,0.7189,-1,-1,-1
349,39,996.14,411.29,63.38,193.17,0.6046,-1,-1,-1
349,38,417.34,969.36,101.28,110.06,0.7046,-1,-1,-1
349,34,458.12,892.23,99.25,164.71,0.6408,-1,-1,-1
349,29,974.22,51.80,55.01,173.90,0.4559,-1,-1,-1
349,28,217.63,333.74,67.03,188.70,0.4356,-1,-1,-1
349,22,908.45,469.97,59.47,197.09,0.4723,-1,-1,-1
349,17,429.35,344.93,73.07,202.62,0.4494,-1,-1,-1
349,7,922.04,14.38,68.71,163.62,0.2739,-1,-1,-1
349,6,474.62,578.70,75.56,240.89,0.6649,-1,-1,-1
349,5,1552.24,622.10,86.70,237.87,0.5483,-1,-1,-1
349,4,1722.74,457.87,72.52,208.32,0.6026,-1,-1,-1
349,3,951.54,927.78,74.96,147.78,0.7384,-1,-1,-1
349,1,439.75,91.86,74.24,194.52,0.2633,-1,-1,-1
350,40,391.58,491.50,79.67,232.57,0.6657,-1,-1,-1
350,39,1000.43,410.41,63.59,194.43,0.6154,-1,-1,-1
350,38,418.20,972.39,103.63,107.51,0.6935,-1,-1,-1
350,34,462.88,894.54,90.78,158.43,0.6175,-1,-1,-1
350,29,974.21,49.77,54.48,177.08,0.3870,-1,-1,-1
350,28,215.51,333.23,67.46,186.76,0.3942,-1,-1,-1
350,22,907.84,468.06,65.37,202.82,0.4106,-1,-1,-1
350,17,429.82,342.26,72.39,204.59,0.4447,-1,-1,-1
350,7,922.29,13.77,65.70,166.95,0.2579,-1,-1,-1
350,6,478.64,578.84,77.43,240.70,0.5704,-1,-1,-1
350,5,1554.11,623.39,87.57,240.76,0.5350,-1,-1,-1
350,4,1721.90,457.72,73.61,207.30,0.6069,-1,-1,-1
350,3,950.97,928.72,76.70,146.82,0.7284,-1,-1,-1
351,40,392.62,494.14,76.64,233.65,0.6820,-1,-1,-1
351,39,1001.76,408.33,63.67,195.29,0.5940,-1,-1,-1
351,38,419.72,976.17,103.27,103.50,0.6975,-1,-1,-1
351,35,1030.02,65.29,55.99,158.94,0.2848,-1,-1,-1
351,34,466.57,898.33,85.76,154.13,0.5869,-1,-1,-1
351,32,795.62,155.09,57.16,164.91,0.2688,-1,-1,-1
351,29,973.53,49.53,54.52,177.57,0.4680,-1,-1,-1
351,28,213.28,329.65,67.67,187.13,0.3094,-1,-1,-1
351,22,908.55,469.43,66.29,204.48,0.3732,-1,-1,-1
351,17,429.65,338.92,73.10,205.19,0.4666,-1,-1,-1
351,7,922.00,14.14,66.75,166.80,0.2501,-1,-1,-1
351,6,480.24,522.73,90.67,294.65,0.6592,-1,-1,-1
351,5,1550.73,623.88,94.73,236.52,0.5597,-1,-1,-1
351,4,1722.44,458.06,72.67,208.92,0.5800,-1,-1,-1
351,3,950.81,929.89,79.22,146.88,0.7364,-1,-1,-1
351,1,438.27,92.74,77.33,190.18,0.2909,-1,-1,-1
352,40,391.77,495.43,76.51,234.74,0.7087,-1,-1,-1
352,39,1007.59,410.09,61.79,193.87,0.5954,-1,-1,-1
352,38,421.68,980.21,107.85,99.67,0.6900,-1,-1,-1
352,36,845.32,457.97,70.24,215.65,0.2770,-1,-1,-1
352,35,1029.58,64.96,56.44,158.31,0.2968,-1,-1,-1
352,34,468.59,900.03,83.52,150.23,0.5724,-1,-1,-1
352,32,797.00,159.24,57.51,160.81,0.2547,-1,-1,-1
352,29,971.87,47.71,55.12,178.94,0.4316,-1,-1,-1
352,28,211.17,327.61,68.07,189.05,0.3163,-1,-1,-1
352,22,909.91,472.65,65.23,202.72,0.4377,-1,-1,-1
352,17,429.22,337.55,71.02,212.19,0.3826,-1,-1,-1
352,7,923.30,11.46,64.94,169.14,0.2676,-1,-1,-1
352,6,481.22,563.01,103.25,253.26,0.6576,-1,-1,-1
352,5,1550.44,626.07,94.33,239.06,0.5545,-1,-1,-1
352,4,1722.92,456.98,73.00,209.56,0.5957,-1,-1,-1
352,3,950.54,929.84,80.19,147.65,0.7258,-1,-1,-1
352,1,438.09,91.58,76.53,191.09,0.2746,-1,-1,-1
353,40,391.28,497.05,75.86,235.86,0.7024,-1,-1,-1
353,39,1008.70,410.99,64.90,194.31,0.6481,-1,-1,-1
353,38,422.16,983.87,108.35,96.13,0.6866,-1,-1,-1
353,36,846.12,459.08,70.17,220.37,0.3701,-1,-1,-1
353,35,1029.42,65.11,56.93,158.31,0.2574,-1,-1,-1
353,34,466.87,902.29,86.58,151.30,0.4820,-1,-1,-1
353,32,799.14,159.73,55.83,160.48,0.2667,-1,-1,-1
353,29,968.67,47.36,58.14,179.59,0.3706,-1,-1,-1
353,28,212.40,325.03,66.12,188.11,0.3042,-1,-1,-1
353,22,910.02,473.93,65.26,201.81,0.4827,-1,-1,-1
353,17,430.38,334.35,74.12,199.91,0.4524,-1,-1,-1
353,7,922.45,9.74,65.08,167.76,0.2696,-1,-1,-1
353,6,480.91,575.60,111.89,240.11,0.7218,-1,-1,-1
353,5,1565.15,624.48,82.05,240.53,0.5151,-1,-1,-1
353,4,1721.93,458.27,73.30,209.80,0.6059,-1,-1,-1
353,3,950.77,930.24,81.61,147.69,0.7475,-1,-1,-1
353,1,440.16,90.05,71.69,192.54,0.2796,-1,-1,-1
354,40,389.19,498.63,79.13,235.45,0.6844,-1,-1,-1
354,39,1011.79,413.96,66.55,193.79,0.5961,-1,-1,-1
354,38,425.67,990.27,104.79,89.73,0.6515,-1,-1,-1
354,36,845.25,461.04,68.92,222.14,0.3669,-1,-1,-1
354,35,1029.39,65.04,56.64,161.68,0.2765,-1,-1,-1
354,34,471.21,908.30,81.16,148.54,0.5200,-1,-1,-1
354,32,798.21,158.36,55.83,161.54,0.2894,-1,-1,-1
354,29,965.45,47.28,61.15,178.69,0.3169,-1,-1,-1
354,28,214.50,324.22,63.13,186.14,0.3000,-1,-1,-1
354,22,908.89,477.68,68.54,200.49,0.4628,-1,-1,-1
354,17,428.15,335.04,76.92,202.26,0.4276,-1,-1,-1
354,7,922.53,8.22,63.67,166.72,0.2630,-1,-1,-1
354,6,480.62,577.57,114.23,238.10,0.7362,-1,-1,-1
354,5,1566.65,626.13,83.67,246.41,0.5247,-1,-1,-1
354,4,1722.37,458.14,72.49,209.93,0.5897,-1,-1,-1
354,3,951.31,930.74,81.26,147.17,0.7474,-1,-1,-1
354,1,440.89,89.38,71.76,193.14,0.2750,-1,-1,-1
355,40,388.08,501.18,80.70,236.65,0.6948,-1,-1,-1
355,39,1014.45,417.37,66.52,190.89,0.5713,-1,-1,-1
355,38,432.13,994.80,98.37,84.01,0.6170,-1,-1,-1
355,36,845.05,463.72,69.13,221.89,0.3730,-1,-1,-1
355,35,1029.18,64.26,57.08,160.98,0.2630,-1,-1,-1
355,34,472.26,910.48,82.89,161.90,0.5776,-1,-1,-1
355,32,797.97,157.99,56.35,161.49,0.2691,-1,-1,-1
355,29,966.12,62.52,61.53,163.26,0.2863,-1,-1,-1
355,28,211.86,323.05,63.89,185.84,0.2830,-1,-1,-1
355,22,909.02,481.08,67.04,197.89,0.4031,-1,-1,-1
355,17,426.03,333.61,79.29,209.48,0.4530,-1,-1,-1
355,6,480.39,580.05,115.03,236.52,0.7571,-1,-1,-1
355,5,1568.69,628.55,84.17,245.88,0.5550,-1,-1,-1
355,4,1723.15,458.28,71.03,208.43,0.6059,-1,-1,-1
355,3,950.92,929.48,82.92,148.19,0.7464,-1,-1,-1
356,40,386.36,503.72,79.70,236.36,0.6989,-1,-1,-1
356,39,1015.47,418.87,68.92,190.42,0.5042,-1,-1,-1
356,38,435.66,998.39,95.21,80.63,0.6163,-1,-1,-1
356,36,846.40,464.63,68.62,219.03,0.4245,-1,-1,-1
356,35,1028.40,63.25,57.05,161.15,0.3000,-1,-1,-1
356,34,473.22,915.74,84.46,157.41,0.5489,-1,-1,-1
356,32,797.10,156.83,57.41,162.68,0.2828,-1,-1,-1
356,29,962.12,51.64,62.82,172.89,0.3359,-1,-1,-1
356,28,217.73,321.68,58.10,182.36,0.2859,-1,-1,-1
356,22,910.31,482.11,65.44,203.78,0.4213,-1,-1,-1
356,17,425.18,332.57,81.01,210.61,0.4722,-1,-1,-1
356,7,925.06,4.99,60.61,166.65,0.2830,-1,-1,-1
356,6,481.04,575.55,116.11,240.59,0.7306,-1,-1,-1
356,5,1568.92,627.43,85.60,246.45,0.5847,-1,-1,-1
356,4,1722.60,458.28,71.58,208.61,0.6064,-1,-1,-1
356,3,951.80,928.70,81.14,147.75,0.7435,-1,-1,-1
356,1,443.16,87.59,69.98,193.88,0.2992,-1,-1,-1
357,40,384.86,505.16,79.60,236.94,0.6879,-1,-1,-1
357,39,1017.69,421.00,76.81,194.31,0.4395,-1,-1,-1
357,38,439.90,1003.67,92.78,75.32,0.5528,-1,-1,-1
357,36,846.71,467.48,69.51,213.35,0.4768,-1,-1,-1
357,35,1027.33,62.80,57.49,161.61,0.2648,-1,-1,-1
357,34,478.96,919.99,81.88,156.66,0.5158,-1,-1,-1
357,32,798.20,155.03,55.89,164.04,0.3056,-1,-1,-1
357,29,963.96,54.20,60.27,168.72,0.2976,-1,-1,-1
357,28,217.07,320.50,57.81,180.53,0.2922,-1,-1,-1
357,26,477.94,520.82,59.08,216.85,0.4187,-1,-1,-1
357,22,911.10,485.36,64.30,198.01,0.4851,-1,-1,-1
357,17,423.83,330.57,83.19,213.95,0.4449,-1,-1,-1
357,7,925.29,2.91,60.82,170.37,0.2869,-1,-1,-1
357,6,483.02,573.47,117.46,242.86,0.7090,-1,-1,-1
357,5,1570.68,630.70,85.28,243.54,0.5878,-1,-1,-1
357,4,1722.78,458.32,71.46,207.70,0.5892,-1,-1,-1
357,3,952.76,927.57,80.98,149.31,0.7292,-1,-1,-1
358,40,383.68,506.22,79.93,241.68,0.6982,-1,-1,-1
358,39,1016.88,423.16,78.87,193.93,0.5056,-1,-1,-1
358,38,440.72,1006.77,89.01,72.47,0.5574,-1,-1,-1
358,36,847.72,468.26,69.34,215.21,0.4896,-1,-1,-1
358,35,1026.58,61.86,57.91,161.01,0.2774,-1,-1,-1
358,34,483.52,921.30,85.59,154.48,0.5997,-1,-1,-1
358,32,798.65,155.03,55.78,164.75,0.2822,-1,-1,-1
358,29,964.35,56.05,58.32,167.09,0.3170,-1,-1,-1
358,28,215.89,318.52,59.07,183.18,0.3549,-1,-1,-1
358,26,475.99,521.52,66.64,218.53,0.5419,-1,-1,-1
358,22,912.64,486.83,64.16,199.27,0.4790,-1,-1,-1
358,17,423.20,331.56,83.41,209.59,0.4530,-1,-1,-1
358,6,485.79,579.13,116.24,236.69,0.7537,-1,-1,-1
358,5,1570.74,632.95,84.76,241.95,0.5368,-1,-1,-1
358,4,1723.23,458.02,71.42,208.19,0.5798,-1,-1,-1
358,3,954.73,927.24,78.56,152.74,0.7240,-1,-1,-1
359,40,382.43,507.08,80.17,242.68,0.6909,-1,-1,-1
359,39,1019.75,426.16,78.24,192.32,0.5008,-1,-1,-1
359,38,443.06,1011.23,92.77,68.62,0.5404,-1,-1,-1
359,36,846.78,475.21,72.86,217.18,0.5530,-1,-1,-1
359,35,1026.19,61.93,57.77,164.15,0.3322,-1,-1,-1
359,34,483.09,922.45,87.04,153.25,0.5682,-1,-1,-1
359,32,797.30,154.07,57.24,165.70,0.2876,-1,-1,-1
359,29,964.16,56.41,55.28,169.36,0.3714,-1,-1,-1
359,28,209.29,317.47,65.22,185.65,0.3743,-1,-1,-1
359,26,475.68,524.28,65.98,216.77,0.5345,-1,-1,-1
359,22,914.05,487.97,64.16,198.32,0.4444,-1,-1,-1
359,17,423.96,330.35,82.13,210.33,0.4783,-1,-1,-1
359,6,487.55,579.58,112.69,235.87,0.7392,-1,-1,-1
359,5,1569.89,635.36,86.45,242.30,0.5842,-1,-1,-1
359,4,1722.28,457.00,72.54,209.41,0.5837,-1,-1,-1
359,3,954.39,927.17,79.76,149.63,0.7145,-1,-1,-1
359,1,443.75,85.66,68.63,194.70,0.2744,-1,-1,-1
360,40,379.95,508.02,82.09,242.41,0.7216,-1,-1,-1
360,39,1023.91,425.38,77.78,198.74,0.5181,-1,-1,-1
360,38,445.37,1011.84,89.95,68.09,0.5186,-1,-1,-1
360,36,847.92,476.06,74.47,219.84,0.5623,-1,-1,-1
360,35,1025.65,62.15,57.07,161.42,0.3437,-1,-1,-1
360,34,489.11,923.81,85.30,153.74,0.6048,-1,-1,-1
360,32,797.76,154.05,56.59,165.70,0.2965,-1,-1,-1
360,29,962.64,54.75,56.70,170.49,0.3680,-1,-1,-1
360,28,209.43,317.80,64.23,185.29,0.3821,-1,-1,-1
360,26,476.89,528.49,61.28,219.38,0.6206,-1,-1,-1
360,22,915.88,487.53,63.49,199.10,0.4704,-1,-1,-1
360,17,426.60,329.33,78.88,208.52,0.5087,-1,-1,-1
360,6,491.20,581.19,109.72,234.88,0.6958,-1,-1,-1
360,5,1570.23,635.28,82.57,244.64,0.5806,-1,-1,-1
360,4,1722.60,457.71,72.01,207.83,0.6178,-1,-1,-1
360,3,955.51,926.60,78.36,150.80,0.7149,-1,-1,-1
360,1,442.99,85.85,69.13,193.19,0.2526,-1,-1,-1
361,40,379.88,508.75,79.17,242.33,0.7082,-1,-1,-1
361,39,1027.76,428.66,75.72,195.90,0.4514,-1,-1,-1
361,38,445.67,1014.77,93.81,64.38,0.4415,-1,-1,-1
361,36,850.21,477.50,72.11,219.32,0.6198,-1,-1,-1
361,35,1025.32,60.47,55.57,161.55,0.3843,-1,-1,-1
361,34,493.65,923.95,85.25,156.05,0.6526,-1,-1,-1
361,32,797.11,153.34,57.00,167.40,0.3204,-1,-1,-1
361,29,957.51,51.98,60.38,172.42,0.4073,-1,-1,-1
361,28,213.69,316.10,57.37,184.36,0.2890,-1,-1,-1
361,26,474.51,528.99,67.14,230.32,0.6369,-1,-1,-1
361,22,915.79,487.13,66.55,201.46,0.4871,-1,-1,-1
361,17,428.09,328.59,77.21,207.46,0.5145,-1,-1,-1
361,6,499.90,577.10,100.86,238.66,0.6567,-1,-1,-1
361,5,1568.26,635.78,83.78,243.25,0.6143,-1,-1,-1
361,4,1722.98,457.81,72.10,208.84,0.6121,-1,-1,-1
361,3,956.57,926.22,77.88,151.42,0.7190,-1,-1,-1
362,40,377.74,509.86,78.50,240.21,0.6910,-1,-1,-1
362,39,1029.86,429.44,75.49,195.02,0.4735,-1,-1,-1
362,38,448.38,1017.53,83.27,61.02,0.4474,-1,-1,-1
362,36,850.36,477.69,71.28,218.45,0.5486,-1,-1,-1
362,35,1025.31,59.76,55.06,163.10,0.3824,-1,-1,-1
362,34,494.62,926.72,93.43,153.28,0.6728,-1,-1,-1
362,32,797.31,153.98,58.03,166.33,0.3047,-1,-1,-1
362,29,955.42,49.44,61.76,174.83,0.4184,-1,-1,-1
362,26,472.36,525.82,67.03,236.04,0.6948,-1,-1,-1
362,22,914.95,489.75,66.89,199.55,0.3968,-1,-1,-1
362,17,432.49,325.11,73.91,204.81,0.4857,-1,-1,-1
362,6,512.80,577.36,90.27,235.08,0.6015,-1,-1,-1
362,5,1571.36,634.54,82.45,245.41,0.5545,-1,-1,-1
362,4,1722.61,457.98,73.07,208.72,0.5889,-1,-1,-1
362,3,959.03,926.19,74.78,151.52,0.6826,-1,-1,-1
363,40,376.09,509.73,79.22,239.98,0.7082,-1,-1,-1
363,39,1035.19,429.48,71.27,195.68,0.5353,-1,-1,-1
363,38,449.18,1017.79,91.17,61.65,0.5111,-1,-1,-1
363,36,852.81,478.84,68.35,216.57,0.5927,-1,-1,-1
363,35,1024.21,59.46,56.86,161.42,0.4397,-1,-1,-1
363,34,496.11,928.58,98.90,151.42,0.6548,-1,-1,-1
363,32,795.28,153.97,55.14,166.43,0.3133,-1,-1,-1
363,29,956.19,47.98,59.79,173.18,0.3440,-1,-1,-1
363,28,206.49,316.19,63.59,181.76,0.2521,-1,-1,-1
363,26,472.21,536.01,67.45,225.80,0.7131,-1,-1,-1
363,22,915.52,491.89,66.11,197.92,0.4518,-1,-1,-1
363,17,435.86,324.01,70.51,207.79,0.4897,-1,-1,-1
363,6,517.23,576.63,91.51,233.31,0.6185,-1,-1,-1
363,5,1572.47,634.72,82.83,244.21,0.5809,-1,-1,-1
363,4,1722.86,458.23,72.64,208.30,0.5978,-1,-1,-1
363,3,960.65,926.00,73.38,151.51,0.6454,-1,-1,-1
363,1,441.75,83.62,69.51,193.35,0.2630,-1,-1,-1
364,40,374.02,511.38,79.13,239.42,0.6914,-1,-1,-1
364,39,1040.37,429.89,69.71,193.99,0.6053,-1,-1,-1
364,38,452.35,1017.88,88.57,62.12,0.4985,-1,-1,-1
364,36,852.29,477.87,71.65,217.63,0.5563,-1,-1,-1
364,35,1022.70,58.24,58.24,162.86,0.3818,-1,-1,-1
364,34,500.13,932.23,100.90,147.77,0.6704,-1,-1,-1
364,32,795.04,154.07,54.61,166.03,0.3251,-1,-1,-1
364,29,957.41,47.28,58.18,172.73,0.3100,-1,-1,-1
364,26,470.91,539.72,66.33,223.37,0.7208,-1,-1,-1
364,22,917.02,492.23,64.56,197.68,0.4154,-1,-1,-1
364,17,436.10,322.70,69.84,206.50,0.4873,-1,-1,-1
364,6,526.18,576.01,86.38,236.42,0.6586,-1,-1,-1
364,5,1573.61,633.46,80.06,246.52,0.5532,-1,-1,-1
364,4,1721.58,457.99,73.67,208.24,0.5894,-1,-1,-1
364,3,962.53,925.16,72.62,152.94,0.6628,-1,-1,-1
364,1,442.18,82.55,68.42,193.41,0.2584,-1,-1,-1
365,40,370.22,512.53,80.05,237.68,0.6929,-1,-1,-1
365,39,1044.10,430.72,68.91,193.64,0.6234,-1,-1,-1
365,38,454.85,1016.01,85.86,63.99,0.4655,-1,-1,-1
365,36,850.89,479.10,72.55,215.64,0.5345,-1,-1,-1
365,35,1021.49,58.27,58.90,161.74,0.3881,-1,-1,-1
365,34,503.57,934.03,103.45,145.97,0.6750,-1,-1,-1
365,32,794.85,154.36,55.31,165.77,0.3121,-1,-1,-1
365,28,205.76,314.47,63.36,185.47,0.2663,-1,-1,-1
365,26,470.26,537.59,66.27,227.57,0.7148,-1,-1,-1
365,22,916.42,489.69,66.10,200.46,0.4055,-1,-1,-1
365,17,437.59,317.21,67.61,209.37,0.5330,-1,-1,-1
365,6,538.59,573.28,78.76,238.06,0.6437,-1,-1,-1
365,5,1574.69,635.45,79.19,242.64,0.6052,-1,-1,-1
365,4,1722.77,456.77,72.35,209.68,0.5715,-1,-1,-1
365,3,963.29,923.33,71.84,155.16,0.6770,-1,-1,-1
365,1,442.75,80.73,67.57,193.96,0.2978,-1,-1,-1
366,40,366.19,512.14,81.42,237.20,0.7387,-1,-1,-1
366,39,1047.12,430.09,68.46,195.72,0.6341,-1,-1,-1
366,38,456.67,1017.05,78.07,62.95,0.3916,-1,-1,-1
366,36,850.57,479.79,72.43,215.26,0.5814,-1,-1,-1
366,35,1021.05,59.68,55.61,156.06,0.4134,-1,-1,-1
366,34,508.13,936.80,104.39,143.20,0.6743,-1,-1,-1
366,32,794.68,153.70,54.82,167.32,0.3457,-1,-1,-1
366,29,957.74,50.14,58.95,165.84,0.3239,-1,-1,-1
366,26,469.52,539.17,64.94,231.89,0.7375,-1,-1,-1
366,22,915.76,489.78,67.36,201.36,0.4542,-1,-1,-1
366,17,438.91,316.23,68.61,209.03,0.5355,-1,-1,-1
366,6,544.87,572.58,73.83,239.85,0.7076,-1,-1,-1
366,5,1574.60,633.06,82.87,247.05,0.5608,-1,-1,-1
366,4,1722.11,457.43,72.48,209.09,0.5809,-1,-1,-1
366,3,965.26,922.77,71.24,156.00,0.7053,-1,-1,-1
366,1,444.00,80.68,65.88,192.54,0.3172,-1,-1,-1
367,40,362.13,514.64,84.89,235.17,0.7547,-1,-1,-1
367,39,1050.58,430.63,67.64,194.30,0.6270,-1,-1,-1
367,38,463.17,1021.63,70.41,58.37,0.3441,-1,-1,-1
367,36,851.35,479.74,73.07,218.01,0.5991,-1,-1,-1
367,35,1020.88,58.66,55.34,155.08,0.4287,-1,-1,-1
367,34,506.30,941.23,107.68,138.77,0.6848,-1,-1,-1
367,32,795.16,153.67,54.06,167.48,0.3321,-1,-1,-1
367,29,956.94,47.24,59.29,167.98,0.3202,-1,-1,-1
367,26,467.78,540.06,65.27,233.29,0.7384,-1,-1,-1
367,22,915.55,490.95,66.68,202.65,0.4412,-1,-1,-1
367,17,440.07,312.17,67.50,211.18,0.5610,-1,-1,-1
367,6,546.55,572.03,74.02,243.13,0.6913,-1,-1,-1
367,5,1574.83,641.78,89.17,239.43,0.5785,-1,-1,-1
367,4,1722.00,457.70,71.83,209.56,0.5754,-1,-1,-1
367,3,966.23,921.28,70.90,156.59,0.7099,-1,-1,-1
367,1,444.53,79.46,65.07,192.26,0.2824,-1,-1,-1
368,50,1756.49,85.16,55.66,165.50,0.2615,-1,-1,-1
368,40,359.29,515.15,87.20,234.93,0.7697,-1,-1,-1
368,39,1054.61,432.05,67.47,197.87,0.6639,-1,-1,-1
368,38,468.97,1023.96,56.46,56.04,0.2916,-1,-1,-1
368,36,851.93,480.87,69.77,217.52,0.6341,-1,-1,-1
368,35,1020.51,57.88,55.21,154.05,0.4457,-1,-1,-1
368,34,509.90,943.28,108.59,136.72,0.6927,-1,-1,-1
368,32,794.46,151.58,58.46,169.14,0.3292,-1,-1,-1
368,29,955.42,47.82,59.54,168.36,0.2673,-1,-1,-1
368,26,465.53,540.62,66.97,233.13,0.7520,-1,-1,-1
368,22,914.87,492.06,68.13,202.27,0.4878,-1,-1,-1
368,17,439.47,312.76,69.59,207.97,0.5702,-1,-1,-1
368,6,547.78,571.84,77.07,241.09,0.6905,-1,-1,-1
368,5,1574.84,645.17,90.69,234.11,0.5195,-1,-1,-1
368,4,1722.02,458.05,73.80,207.39,0.5793,-1,-1,-1
368,3,967.79,921.27,70.95,157.22,0.6916,-1,-1,-1
369,50,1760.01,90.31,54.05,161.13,0.2711,-1,-1,-1
369,40,355.98,516.03,90.19,239.75,0.7543,-1,-1,-1
369,39,1057.20,432.85,68.88,194.10,0.6217,-1,-1,-1
369,38,475.70,1029.48,44.78,50.52,0.2593,-1,-1,-1
369,36,851.95,482.33,66.83,219.71,0.5739,-1,-1,-1
369,35,1019.57,57.03,54.56,156.10,0.4409,-1,-1,-1
369,34,513.20,946.25,111.16,133.75,0.6974,-1,-1,-1
369,32,794.97,152.00,57.64,169.24,0.3324,-1,-1,-1
369,29,959.07,47.77,55.20,168.04,0.3063,-1,-1,-1
369,26,464.73,540.88,66.34,232.45,0.7329,-1,-1,-1
369,22,913.16,493.85,69.18,204.48,0.3979,-1,-1,-1
369,17,441.06,310.46,67.38,210.17,0.5339,-1,-1,-1
369,6,547.39,572.62,80.34,240.93,0.6852,-1,-1,-1
369,5,1575.52,645.25,88.43,236.69,0.5153,-1,-1,-1
369,4,1722.12,458.27,75.23,206.29,0.5701,-1,-1,-1
369,3,968.79,920.99,71.51,158.03,0.7153,-1,-1,-1
370,40,352.61,519.07,90.99,243.02,0.7172,-1,-1,-1
370,39,1059.94,434.97,67.67,199.19,0.6183,-1,-1,-1
370,38,479.46,1037.81,55.11,42.06,0.2520,-1,-1,-1
370,36,852.58,482.24,66.12,216.61,0.4651,-1,-1,-1
370,35,1016.05,55.40,58.41,159.71,0.4009,-1,-1,-1
370,34,515.28,951.72,115.08,128.28,0.6847,-1,-1,-1
370,32,793.89,152.77,60.39,167.51,0.3144,-1,-1,-1
370,29,957.13,46.66,56.37,169.97,0.2799,-1,-1,-1
370,28,204.05,309.55,61.83,178.11,0.2963,-1,-1,-1
370,26,462.82,541.25,67.48,232.13,0.7270,-1,-1,-1
370,22,915.86,498.48,67.29,202.82,0.3758,-1,-1,-1
370,17,441.81,309.31,67.98,213.29,0.5441,-1,-1,-1
370,6,547.08,572.71,84.00,240.74,0.6625,-1,-1,-1
370,5,1574.84,644.35,90.47,235.51,0.4655,-1,-1,-1
370,4,1722.41,457.54,73.60,208.37,0.5862,-1,-1,-1
370,3,968.63,919.50,73.55,158.70,0.7280,-1,-1,-1
371,50,1761.55,93.30,55.61,159.14,0.3381,-1,-1,-1
371,40,348.61,522.51,92.96,242.22,0.6991,-1,-1,-1
371,39,1062.50,435.99,69.72,199.36,0.6662,-1,-1,-1
371,36,851.32,482.55,68.54,225.93,0.4592,-1,-1,-1
371,35,1015.11,53.84,59.89,161.48,0.3369,-1,-1,-1
371,34,516.52,954.93,116.99,125.07,0.6954,-1,-1,-1
371,32,794.19,153.28,60.83,167.91,0.3027,-1,-1,-1
371,26,461.36,541.66,67.55,232.03,0.7149,-1,-1,-1
371,22,914.74,503.74,69.35,203.48,0.4729,-1,-1,-1
371,17,441.36,310.53,69.86,209.36,0.5042,-1,-1,-1
371,6,547.64,572.26,95.68,241.61,0.6374,-1,-1,-1
371,5,1575.57,637.16,93.89,241.75,0.3976,-1,-1,-1
371,4,1722.31,457.76,74.52,207.47,0.5573,-1,-1,-1
371,3,970.16,917.41,73.94,160.88,0.7226,-1,-1,-1
372,50,1762.46,96.45,57.19,156.69,0.3657,-1,-1,-1
372,40,348.16,524.99,93.45,242.97,0.7197,-1,-1,-1
372,39,1064.33,439.16,70.37,203.70,0.6602,-1,-1,-1
372,36,850.79,484.22,69.12,224.11,0.4068,-1,-1,-1
372,35,1015.23,53.37,58.78,164.22,0.3710,-1,-1,-1
372,34,519.12,959.20,115.55,120.80,0.6824,-1,-1,-1
372,32,793.44,152.31,60.99,168.01,0.2950,-1,-1,-1
372,26,459.80,542.13,68.30,229.98,0.7111,-1,-1,-1
372,22,912.55,505.54,71.53,203.55,0.4710,-1,-1,-1
372,17,442.62,310.87,69.26,209.28,0.5501,-1,-1,-1
372,6,549.03,571.10,108.51,243.06,0.6560,-1,-1,-1
372,5,1573.53,646.83,92.93,232.45,0.4454,-1,-1,-1
372,4,1721.29,458.90,76.66,206.66,0.5367,-1,-1,-1
372,3,970.62,917.12,77.20,161.27,0.7408,-1,-1,-1
373,50,1765.94,97.08,53.76,158.47,0.2822,-1,-1,-1
373,40,346.98,527.00,92.52,239.38,0.6990,-1,-1,-1
373,39,1067.05,441.32,70.89,203.08,0.6473,-1,-1,-1
373,36,850.71,485.89,67.41,222.14,0.3839,-1,-1,-1
373,35,1015.42,52.93,57.59,161.54,0.3820,-1,-1,-1
373,34,518.98,962.56,117.21,117.44,0.6655,-1,-1,-1
373,32,793.25,154.99,56.29,165.16,0.2881,-1,-1,-1
373,26,459.15,543.43,67.01,229.10,0.7051,-1,-1,-1
373,22,914.19,505.48,70.41,205.55,0.4779,-1,-1,-1
373,17,443.11,309.63,68.89,210.05,0.5554,-1,-1,-1
373,6,550.05,571.07,110.64,243.01,0.6644,-1,-1,-1
373,5,1573.91,645.40,91.85,231.76,0.4219,-1,-1,-1
373,4,1720.65,457.95,78.40,208.12,0.5362,-1,-1,-1
373,3,971.99,915.60,78.02,162.31,0.7327,-1,-1,-1
374,40,345.44,527.58,91.03,237.95,0.7002,-1,-1,-1
374,39,1073.37,443.11,66.50,201.53,0.6231,-1,-1,-1
374,36,851.69,488.46,67.05,217.68,0.4427,-1,-1,-1
374,35,1014.70,52.44,56.89,161.65,0.3984,-1,-1,-1
374,34,521.98,964.40,114.20,115.60,0.6548,-1,-1,-1
374,32,792.45,152.65,62.33,166.57,0.3120,-1,-1,-1
374,26,457.06,545.46,67.71,225.36,0.7053,-1,-1,-1
374,22,913.73,506.29,69.95,205.73,0.5511,-1,-1,-1
374,17,443.85,308.92,69.03,208.61,0.5970,-1,-1,-1
374,6,555.17,569.47,107.78,244.20,0.6564,-1,-1,-1
374,5,1572.68,645.77,94.02,233.10,0.4287,-1,-1,-1
374,4,1719.63,456.78,78.90,208.00,0.5484,-1,-1,-1
374,3,972.46,915.51,78.38,162.81,0.7310,-1,-1,-1
375,40,344.00,528.59,91.71,237.84,0.6905,-1,-1,-1
375,39,1077.03,444.07,67.67,203.16,0.5908,-1,-1,-1
375,36,853.85,490.76,64.55,216.06,0.4052,-1,-1,-1
375,35,1014.56,52.09,56.62,159.99,0.4210,-1,-1,-1
375,34,524.83,966.33,111.07,113.67,0.6391,-1,-1,-1
375,32,790.51,151.12,62.44,168.30,0.3377,-1,-1,-1
375,26,455.21,547.04,70.31,222.26,0.7348,-1,-1,-1
375,22,914.15,506.97,69.06,205.68,0.5556,-1,-1,-1
375,17,445.61,307.31,69.15,209.29,0.6046,-1,-1,-1
375,6,560.80,567.83,107.91,245.51,0.6331,-1,-1,-1
375,5,1571.40,639.90,96.54,238.15,0.2738,-1,-1,-1
375,4,1718.62,457.06,78.54,208.66,0.5778,-1,-1,-1
375,3,972.95,914.23,78.99,164.80,0.7218,-1,-1,-1
376,50,1767.77,95.81,55.31,163.24,0.2870,-1,-1,-1
376,40,341.41,531.90,91.63,235.80,0.6841,-1,-1,-1
376,39,1079.35,444.74,68.50,200.88,0.5833,-1,-1,-1
376,36,853.24,494.95,65.31,215.90,0.5091,-1,-1,-1
376,35,1014.07,52.98,56.49,163.00,0.3717,-1,-1,-1
376,34,529.43,969.11,105.81,110.89,0.6365,-1,-1,-1
376,32,791.31,154.05,58.26,167.35,0.3242,-1,-1,-1
376,26,454.48,549.48,68.40,223.71,0.7418,-1,-1,-1
376,22,914.58,506.96,67.77,206.50,0.5751,-1,-1,-1
376,17,447.00,306.41,69.40,208.98,0.5915,-1,-1,-1
376,6,565.46,564.33,105.71,250.64,0.5847,-1,-1,-1
376,5,1573.12,647.56,96.59,233.44,0.3195,-1,-1,-1
376,4,1720.35,456.78,74.75,209.80,0.6119,-1,-1,-1
376,3,974.64,912.54,78.36,166.72,0.7173,-1,-1,-1
377,51,1798.19,454.79,69.18,202.44,0.2933,-1,-1,-1
377,50,1768.95,100.04,55.42,160.93,0.2819,-1,-1,-1
377,40,338.74,534.13,91.62,231.38,0.6856,-1,-1,-1
377,39,1080.55,447.29,68.66,200.64,0.5981,-1,-1,-1
377,36,852.44,495.56,66.05,214.04,0.5071,-1,-1,-1
377,35,1013.30,51.58,56.74,161.12,0.3947,-1,-1,-1
377,34,530.25,969.16,104.25,110.84,0.6484,-1,-1,-1
377,32,789.22,153.17,64.22,166.93,0.3008,-1,-1,-1
377,29,950.42,44.22,61.56,171.06,0.2876,-1,-1,-1
377,26,453.62,550.86,68.42,228.32,0.7337,-1,-1,-1
377,22,914.08,508.22,67.64,204.85,0.5762,-1,-1,-1
377,17,447.60,303.73,69.31,211.03,0.6384,-1,-1,-1
377,6,568.72,564.59,104.66,249.39,0.5907,-1,-1,-1
377,4,1720.65,456.74,74.09,208.81,0.6234,-1,-1,-1
377,3,972.42,911.55,82.74,167.64,0.7057,-1,-1,-1
378,50,1770.77,102.57,55.69,158.65,0.2566,-1,-1,-1
378,40,338.22,534.64,89.49,230.72,0.6968,-1,-1,-1
378,39,1084.80,449.40,67.43,197.38,0.6364,-1,-1,-1
378,36,851.65,491.52,66.86,225.32,0.5073,-1,-1,-1
378,35,1013.60,52.13,55.30,161.92,0.3790,-1,-1,-1
378,34,532.98,971.21,101.35,108.79,0.6426,-1,-1,-1
378,32,789.20,152.85,63.89,167.29,0.2707,-1,-1,-1
378,26,452.37,553.25,68.90,230.30,0.7248,-1,-1,-1
378,22,915.60,509.20,65.99,204.05,0.5569,-1,-1,-1
378,17,447.73,302.79,71.52,209.77,0.6325,-1,-1,-1
378,6,572.98,563.16,98.06,248.48,0.5012,-1,-1,-1
378,4,1720.16,456.47,75.50,209.44,0.6189,-1,-1,-1
378,3,974.16,910.06,82.33,169.94,0.7160,-1,-1,-1
379,50,1770.89,99.67,57.89,162.16,0.2675,-1,-1,-1
379,40,338.02,535.94,88.06,227.59,0.6949,-1,-1,-1
379,39,1091.71,448.31,63.75,200.42,0.6343,-1,-1,-1
379,36,850.69,492.39,68.48,226.50,0.5176,-1,-1,-1
379,35,1013.20,50.92,54.88,165.41,0.3874,-1,-1,-1
379,34,535.47,972.68,98.26,107.32,0.6107,-1,-1,-1
379,32,791.46,154.43,58.79,167.56,0.2882,-1,-1,-1
379,29,955.13,39.63,56.80,172.03,0.2638,-1,-1,-1
379,26,450.98,555.19,70.19,233.57,0.7145,-1,-1,-1
379,22,915.96,508.46,66.12,205.00,0.5606,-1,-1,-1
379,17,447.17,301.01,72.47,208.21,0.6431,-1,-1,-1
379,6,579.89,562.10,89.85,248.60,0.4040,-1,-1,-1
379,4,1719.82,457.16,76.73,208.32,0.6207,-1,-1,-1
379,3,974.26,909.78,84.23,169.83,0.7200,-1,-1,-1
380,50,1771.03,99.66,56.02,160.61,0.2678,-1,-1,-1
380,40,336.86,536.97,88.23,227.09,0.7029,-1,-1,-1
380,39,1092.04,449.03,65.78,199.05,0.6034,-1,-1,-1
380,36,848.17,492.33,71.69,216.83,0.4436,-1,-1,-1
380,35,1012.83,49.98,54.38,165.44,0.4296,-1,-1,-1
380,34,537.58,974.06,96.57,105.94,0.6082,-1,-1,-1
380,32,789.71,152.77,64.83,167.72,0.2768,-1,-1,-1
380,29,958.30,34.47,54.00,177.28,0.3062,-1,-1,-1
380,26,449.36,558.90,69.39,230.26,0.7314,-1,-1,-1
380,22,915.58,506.44,67.22,205.18,0.4815,-1,-1,-1
380,17,447.09,298.96,73.05,205.14,0.5920,-1,-1,-1
380,4,1720.03,456.42,75.79,209.65,0.6111,-1,-1,-1
380,3,975.13,908.84,84.29,170.40,0.7105,-1,-1,-1
381,50,1771.27,100.10,57.87,161.85,0.2687,-1,-1,-1
381,40,336.64,537.48,85.99,235.75,0.7550,-1,-1,-1
381,39,1093.29,449.13,66.83,198.17,0.6689,-1,-1,-1
381,36,847.69,492.52,69.88,219.82,0.3924,-1,-1,-1
381,35,1012.71,49.41,53.92,165.94,0.4504,-1,-1,-1
381,34,540.75,977.50,93.78,102.50,0.6085,-1,-1,-1
381,32,788.50,151.65,64.91,169.62,0.3089,-1,-1,-1
381,29,958.20,32.99,54.12,176.34,0.3203,-1,-1,-1
381,26,449.28,561.56,68.34,234.29,0.7349,-1,-1,-1
381,22,917.32,506.55,66.01,204.54,0.4844,-1,-1,-1
381,17,447.35,297.62,72.34,202.75,0.6316,-1,-1,-1
381,6,601.35,562.77,72.60,237.89,0.3210,-1,-1,-1
381,4,1720.20,456.33,74.31,209.51,0.6325,-1,-1,-1
381,3,975.97,907.88,83.96,171.46,0.7048,-1,-1,-1
382,50,1771.92,100.67,57.59,160.35,0.2744,-1,-1,-1
382,40,336.60,539.18,84.14,236.23,0.7805,-1,-1,-1
382,39,1095.07,448.49,67.11,200.11,0.6674,-1,-1,-1
382,36,849.66,494.31,69.26,216.86,0.2511,-1,-1,-1
382,35,1012.80,47.92,53.40,170.18,0.4642,-1,-1,-1
382,34,544.27,980.84,90.68,99.16,0.5991,-1,-1,-1
382,32,789.45,151.67,63.91,169.65,0.3055,-1,-1,-1
382,29,958.89,32.96,54.49,174.14,0.3697,-1,-1,-1
382,26,448.19,562.02,68.92,235.35,0.7432,-1,-1,-1
382,22,916.31,509.89,68.18,203.19,0.4703,-1,-1,-1
382,17,447.66,294.33,73.39,203.66,0.6233,-1,-1,-1
382,5,1612.76,654.25,51.69,224.35,0.2683,-1,-1,-1
382,4,1719.29,456.97,74.50,207.79,0.6009,-1,-1,-1
382,3,976.14,907.24,84.55,171.50,0.7196,-1,-1,-1
383,50,1772.79,95.28,58.98,166.36,0.3188,-1,-1,-1
383,40,335.34,539.92,84.44,235.42,0.7796,-1,-1,-1
383,39,1097.62,449.00,67.50,198.04,0.6583,-1,-1,-1
383,36,850.27,497.50,68.60,212.45,0.3745,-1,-1,-1
383,35,1013.25,47.51,52.72,169.69,0.4480,-1,-1,-1
383,34,547.02,989.95,88.06,90.05,0.5859,-1,-1,-1
383,32,789.01,151.40,64.13,170.36,0.3289,-1,-1,-1
383,29,960.59,31.74,53.13,171.73,0.3902,-1,-1,-1
383,26,446.58,561.04,71.69,237.09,0.7658,-1,-1,-1
383,22,915.41,510.79,69.18,202.72,0.4887,-1,-1,-1
383,17,447.83,291.63,74.51,204.42,0.5807,-1,-1,-1
383,5,1611.48,648.64,53.85,229.92,0.2939,-1,-1,-1
383,4,1719.82,456.48,73.76,209.56,0.6006,-1,-1,-1
383,3,978.46,906.31,82.48,172.06,0.6952,-1,-1,-1
383,1,451.81,75.48,64.85,186.76,0.2649,-1,-1,-1
384,50,1771.74,98.90,59.82,162.45,0.3733,-1,-1,-1
384,40,335.58,540.45,82.27,237.76,0.7749,-1,-1,-1
384,39,1099.44,454.24,71.14,197.25,0.6486,-1,-1,-1
384,36,850.51,497.20,69.85,210.91,0.4246,-1,-1,-1
384,35,1012.79,45.94,52.75,168.99,0.4225,-1,-1,-1
384,34,550.95,993.55,86.97,86.45,0.5774,-1,-1,-1
384,32,788.12,151.19,65.29,170.40,0.3411,-1,-1,-1
384,29,958.60,30.52,55.16,173.61,0.3274,-1,-1,-1
384,26,443.89,564.42,72.93,234.52,0.7714,-1,-1,-1
384,22,916.22,512.99,69.12,201.65,0.5734,-1,-1,-1
384,17,448.04,289.91,74.34,206.23,0.6013,-1,-1,-1
384,6,610.97,558.37,66.56,232.49,0.2864,-1,-1,-1
384,5,1612.15,651.06,53.44,226.48,0.3162,-1,-1,-1
384,4,1720.16,456.90,71.40,208.17,0.5858,-1,-1,-1
384,3,979.18,906.40,82.86,172.32,0.6987,-1,-1,-1
384,1,452.82,75.19,66.03,185.93,0.3063,-1,-1,-1
385,50,1771.90,98.48,60.83,164.17,0.3693,-1,-1,-1
385,40,334.26,541.26,83.87,239.45,0.7687,-1,-1,-1
385,39,1101.87,454.31,73.00,200.70,0.5829,-1,-1,-1
385,36,850.89,499.66,70.17,207.61,0.4458,-1,-1,-1
385,35,1013.05,45.92,52.22,170.79,0.3892,-1,-1,-1
385,34,553.22,997.78,86.59,82.22,0.5672,-1,-1,-1
385,32,788.49,150.88,65.21,170.76,0.3644,-1,-1,-1
385,29,956.92,31.01,57.22,171.80,0.3542,-1,-1,-1
385,26,444.12,563.87,72.46,235.88,0.7675,-1,-1,-1
385,22,920.58,515.01,66.53,204.04,0.5246,-1,-1,-1
385,17,445.03,289.16,77.48,208.03,0.5652,-1,-1,-1
385,4,1718.91,457.01,72.45,208.04,0.6490,-1,-1,-1
385,3,980.58,905.89,81.10,172.72,0.7092,-1,-1,-1
385,1,453.53,73.89,67.29,185.75,0.3206,-1,-1,-1
386,50,1771.55,98.30,64.47,164.75,0.3667,-1,-1,-1
386,40,332.45,544.37,86.27,239.04,0.7444,-1,-1,-1
386,39,1107.72,456.19,72.20,200.19,0.5343,-1,-1,-1
386,36,850.31,499.99,69.98,209.01,0.4784,-1,-1,-1
386,35,1012.01,45.99,52.15,162.70,0.3486,-1,-1,-1
386,34,557.68,1002.44,85.32,77.56,0.5119,-1,-1,-1
386,32,786.50,151.02,67.18,170.52,0.3581,-1,-1,-1
386,29,953.58,29.49,59.79,172.13,0.3369,-1,-1,-1
386,26,442.34,565.19,72.24,235.27,0.7522,-1,-1,-1
386,22,918.19,515.61,69.18,205.48,0.4942,-1,-1,-1
386,17,443.74,288.08,80.66,208.82,0.5697,-1,-1,-1
386,4,1719.75,457.48,72.52,207.32,0.5986,-1,-1,-1
386,3,982.68,905.09,78.74,173.17,0.6761,-1,-1,-1
386,1,452.93,73.68,69.22,185.77,0.3307,-1,-1,-1
387,50,1772.30,95.12,62.46,170.69,0.3668,-1,-1,-1
387,40,331.66,545.60,86.91,244.25,0.7476,-1,-1,-1
387,39,1108.15,458.63,79.87,199.15,0.5183,-1,-1,-1
387,36,850.79,499.72,69.64,211.99,0.4377,-1,-1,-1
387,35,1011.90,45.20,52.17,161.37,0.3190,-1,-1,-1
387,34,559.84,1005.55,85.49,74.45,0.5012,-1,-1,-1
387,32,787.23,150.32,66.23,171.72,0.3466,-1,-1,-1
387,29,954.23,30.07,59.58,171.16,0.3240,-1,-1,-1
387,26,440.80,565.09,70.64,235.68,0.7455,-1,-1,-1
387,22,923.20,518.29,65.30,210.51,0.4461,-1,-1,-1
387,17,443.47,288.39,82.20,208.25,0.5794,-1,-1,-1
387,4,1719.41,458.47,72.91,206.31,0.5508,-1,-1,-1
387,3,984.29,904.64,77.24,173.04,0.6611,-1,-1,-1
387,1,453.03,72.18,73.20,186.84,0.2851,-1,-1,-1
388,50,1771.97,92.84,64.43,173.69,0.3621,-1,-1,-1
388,40,327.98,550.38,89.92,247.77,0.7586,-1,-1,-1
388,39,1108.58,462.92,83.53,198.17,0.5459,-1,-1,-1
388,36,850.40,502.06,69.67,209.75,0.4326,-1,-1,-1
388,35,1011.89,45.12,52.34,157.68,0.3210,-1,-1,-1
388,34,562.36,1010.52,84.24,69.48,0.4464,-1,-1,-1
388,32,789.68,150.84,63.38,170.56,0.3478,-1,-1,-1
388,29,955.44,29.66,57.53,172.05,0.3446,-1,-1,-1
388,26,439.42,567.37,70.66,234.02,0.7461,-1,-1,-1
388,22,921.81,519.70,67.31,208.26,0.4742,-1,-1,-1
388,17,443.12,287.73,82.74,208.65,0.5932,-1,-1,-1
388,4,1719.51,457.13,72.08,207.35,0.5459,-1,-1,-1
388,3,984.04,904.50,79.00,173.65,0.6207,-1,-1,-1
389,50,1772.18,82.73,63.25,183.66,0.3485,-1,-1,-1
389,40,326.15,552.20,91.45,245.61,0.7755,-1,-1,-1
389,39,1111.10,463.53,87.55,201.31,0.4809,-1,-1,-1
389,36,850.95,500.73,70.28,192.07,0.4289,-1,-1,-1
389,35,1010.87,43.84,53.02,162.48,0.3579,-1,-1,-1
389,34,563.73,1012.81,84.25,67.19,0.4309,-1,-1,-1
389,32,789.36,151.06,64.04,170.33,0.3570,-1,-1,-1
389,29,953.43,29.31,58.69,172.14,0.3471,-1,-1,-1
389,26,437.47,568.01,72.84,232.57,0.7648,-1,-1,-1
389,22,921.52,525.13,70.58,202.43,0.5323,-1,-1,-1
389,17,441.56,287.17,84.00,209.16,0.6116,-1,-1,-1
389,4,1720.27,457.45,72.32,208.69,0.5554,-1,-1,-1
389,3,984.11,904.83,80.48,173.41,0.6543,-1,-1,-1
389,1,455.34,71.37,76.50,188.58,0.2928,-1,-1,-1
390,50,1772.03,90.38,60.55,176.87,0.3540,-1,-1,-1
390,40,324.10,553.67,90.62,245.17,0.7912,-1,-1,-1
390,39,1118.92,464.39,80.20,201.79,0.4764,-1,-1,-1
390,36,851.66,503.93,70.18,215.52,0.5212,-1,-1,-1
390,35,1011.04,43.08,53.41,164.39,0.3867,-1,-1,-1
390,34,566.97,1015.39,83.40,64.61,0.3863,-1,-1,-1
390,32,790.90,151.41,62.33,169.83,0.3923,-1,-1,-1
390,29,955.93,28.41,55.70,173.46,0.3588,-1,-1,-1
390,26,436.19,569.13,73.09,231.66,0.7765,-1,-1,-1
390,22,922.81,526.28,70.37,200.78,0.5944,-1,-1,-1
390,17,441.85,287.14,83.22,209.13,0.6386,-1,-1,-1
390,4,1720.11,456.58,71.58,209.07,0.5492,-1,-1,-1
390,3,983.45,904.54,81.58,173.49,0.6176,-1,-1,-1
390,1,455.37,70.86,76.36,190.21,0.3297,-1,-1,-1
391,50,1770.95,104.72,60.66,162.89,0.3897,-1,-1,-1
391,40,322.42,556.44,91.55,245.43,0.7923,-1,-1,-1
391,39,1121.62,465.74,78.38,202.15,0.4460,-1,-1,-1
391,36,850.93,507.29,72.13,212.78,0.5874,-1,-1,-1
391,35,1010.10,42.33,54.59,164.92,0.3627,-1,-1,-1
391,34,569.33,1016.54,84.93,63.14,0.3888,-1,-1,-1
391,32,790.66,153.39,60.18,168.25,0.3698,-1,-1,-1
391,29,953.14,28.57,58.83,172.30,0.4092,-1,-1,-1
391,26,434.26,572.56,74.24,228.98,0.8018,-1,-1,-1
391,22,922.94,527.68,71.86,209.15,0.6196,-1,-1,-1
391,17,442.73,284.72,82.14,209.32,0.6382,-1,-1,-1
391,4,1719.71,456.81,73.18,210.69,0.5624,-1,-1,-1
391,3,981.83,904.92,82.57,174.53,0.6172,-1,-1,-1
391,1,456.37,70.98,76.30,188.72,0.3364,-1,-1,-1
392,50,1772.15,108.27,60.36,161.37,0.3530,-1,-1,-1
392,40,320.45,557.03,93.36,248.16,0.8023,-1,-1,-1
392,39,1128.04,467.75,73.92,198.41,0.5130,-1,-1,-1
392,36,851.40,508.57,70.89,228.74,0.5651,-1,-1,-1
392,35,1010.38,41.93,54.94,160.66,0.3317,-1,-1,-1
392,34,570.27,1016.26,85.91,63.74,0.4022,-1,-1,-1
392,32,791.38,153.21,58.64,168.03,0.3891,-1,-1,-1
392,29,954.45,28.27,57.53,172.39,0.3947,-1,-1,-1
392,26,433.48,574.06,74.87,229.88,0.8103,-1,-1,-1
392,22,921.61,528.58,74.08,209.27,0.6076,-1,-1,-1
392,17,444.26,282.70,79.71,210.98,0.6674,-1,-1,-1
392,4,1721.78,456.84,71.28,208.95,0.5864,-1,-1,-1
392,3,980.54,905.11,84.65,173.22,0.6712,-1,-1,-1
392,1,457.15,72.32,75.93,187.72,0.3390,-1,-1,-1
393,50,1770.35,110.65,62.77,161.86,0.3668,-1,-1,-1
393,40,319.41,559.61,94.44,247.57,0.7959,-1,-1,-1
393,39,1132.91,466.10,71.55,202.11,0.5171,-1,-1,-1
393,36,850.24,510.83,71.89,221.86,0.5595,-1,-1,-1
393,35,1010.21,41.33,55.58,161.15,0.3198,-1,-1,-1
393,34,572.85,1017.02,85.48,62.98,0.4243,-1,-1,-1
393,32,791.67,153.04,58.03,168.03,0.3825,-1,-1,-1
393,29,953.68,29.01,58.09,172.49,0.3863,-1,-1,-1
393,26,432.53,577.02,73.88,231.02,0.8169,-1,-1,-1
393,22,924.63,529.42,72.90,210.92,0.6584,-1,-1,-1
393,17,446.68,279.19,76.98,212.09,0.6623,-1,-1,-1
393,4,1721.89,456.61,71.18,209.85,0.5861,-1,-1,-1
393,3,980.35,905.98,84.53,172.19,0.6837,-1,-1,-1
393,1,458.51,71.95,74.88,186.64,0.3358,-1,-1,-1
394,50,1768.27,111.98,65.87,161.76,0.3442,-1,-1,-1
394,40,319.41,560.20,93.39,248.50,0.7912,-1,-1,-1
394,39,1139.17,466.95,68.60,201.82,0.5352,-1,-1,-1
394,36,851.16,511.94,71.92,229.98,0.5175,-1,-1,-1
394,35,1008.24,40.75,57.68,164.37,0.3468,-1,-1,-1
394,34,574.01,1017.60,87.41,62.40,0.4429,-1,-1,-1
394,32,790.95,150.95,61.42,169.79,0.3719,-1,-1,-1
394,29,955.02,30.24,56.92,171.31,0.3832,-1,-1,-1
394,26,432.35,579.80,71.76,230.41,0.7999,-1,-1,-1
394,22,926.85,523.89,70.34,213.60,0.6620,-1,-1,-1
394,17,448.67,277.30,74.88,212.12,0.6729,-1,-1,-1
394,5,1619.27,633.25,49.90,146.23,0.2770,-1,-1,-1
394,4,1720.19,456.15,71.81,210.97,0.5811,-1,-1,-1
394,3,981.35,906.99,83.45,171.02,0.6817,-1,-1,-1
394,1,459.86,71.34,74.62,187.20,0.3028,-1,-1,-1
395,50,1770.19,112.06,62.02,162.59,0.3434,-1,-1,-1
395,40,318.33,560.45,91.57,248.89,0.7876,-1,-1,-1
395,39,1140.56,468.94,70.64,200.51,0.4442,-1,-1,-1
395,36,853.28,516.04,71.06,219.88,0.5653,-1,-1,-1
395,35,1007.96,39.91,58.81,165.53,0.3473,-1,-1,-1
395,34,575.03,1019.59,87.44,60.41,0.4029,-1,-1,-1
395,32,789.67,150.48,63.51,170.36,0.3984,-1,-1,-1
395,29,954.39,28.22,56.22,173.10,0.4050,-1,-1,-1
395,26,431.79,583.36,70.64,232.13,0.7921,-1,-1,-1
395,22,927.44,525.16,72.77,211.87,0.6763,-1,-1,-1
395,17,450.12,275.52,73.42,209.56,0.6576,-1,-1,-1
395,4,1720.75,456.02,71.25,211.70,0.5828,-1,-1,-1
395,3,981.84,906.91,84.17,171.15,0.6676,-1,-1,-1
395,1,459.91,72.04,74.86,185.50,0.2660,-1,-1,-1
396,50,1769.97,111.17,61.05,163.51,0.3206,-1,-1,-1
396,40,317.04,562.11,87.62,248.66,0.7876,-1,-1,-1
396,39,1146.60,468.66,68.90,199.25,0.4862,-1,-1,-1
396,36,854.91,518.08,70.44,225.53,0.6072,-1,-1,-1
396,35,1008.63,39.75,58.06,163.52,0.3835,-1,-1,-1
396,34,577.56,1024.07,84.95,55.93,0.2680,-1,-1,-1
396,32,788.94,150.18,64.21,171.47,0.4023,-1,-1,-1
396,29,953.28,29.00,57.51,171.63,0.4376,-1,-1,-1
396,26,430.74,585.47,71.02,231.01,0.7761,-1,-1,-1
396,22,928.68,526.24,71.76,211.94,0.6935,-1,-1,-1
396,17,450.97,274.01,71.78,205.61,0.6757,-1,-1,-1
396,4,1720.78,457.87,71.77,208.75,0.6232,-1,-1,-1
396,3,981.22,907.89,84.70,170.30,0.6857,-1,-1,-1
396,1,460.77,70.77,73.74,186.76,0.2656,-1,-1,-1
397,50,1769.65,114.14,60.14,160.23,0.3343,-1,-1,-1
397,40,315.96,561.99,86.00,249.40,0.7928,-1,-1,-1
397,39,1148.08,472.04,70.68,196.86,0.4766,-1,-1,-1
397,36,853.26,519.82,73.72,205.48,0.6177,-1,-1,-1
397,35,1007.48,39.76,59.98,166.29,0.3288,-1,-1,-1
397,32,789.02,150.21,63.77,170.99,0.4062,-1,-1,-1
397,29,952.95,28.80,56.86,170.07,0.4219,-1,-1,-1
397,26,430.21,587.61,69.69,231.53,0.7711,-1,-1,-1
397,22,929.08,528.09,72.41,208.78,0.6876,-1,-1,-1
397,17,452.19,271.93,70.48,201.60,0.6860,-1,-1,-1
397,5,1619.75,624.95,53.85,153.98,0.2878,-1,-1,-1
397,4,1720.39,457.80,72.74,209.14,0.6304,-1,-1,-1
397,3,981.03,908.34,85.05,170.24,0.7021,-1,-1,-1
397,1,461.61,70.88,74.44,186.70,0.2908,-1,-1,-1
398,50,1771.02,113.56,56.95,161.35,0.2882,-1,-1,-1
398,40,313.80,562.89,85.31,248.44,0.7894,-1,-1,-1
398,39,1151.27,469.03,74.37,200.60,0.5306,-1,-1,-1
398,36,856.44,519.20,71.51,225.76,0.6073,-1,-1,-1
398,35,1006.51,41.99,58.95,158.38,0.3553,-1,-1,-1
398,32,788.90,150.43,63.69,170.38,0.4150,-1,-1,-1
398,29,953.91,29.58,55.89,169.24,0.4320,-1,-1,-1
398,26,430.03,588.93,66.05,236.69,0.7512,-1,-1,-1
398,22,932.05,531.10,68.16,205.76,0.6516,-1,-1,-1
398,17,451.28,270.31,72.75,200.32,0.6640,-1,-1,-1
398,4,1720.17,458.87,72.70,208.09,0.5916,-1,-1,-1
398,3,982.42,908.23,82.31,170.32,0.7216,-1,-1,-1
398,1,462.14,70.93,76.94,185.80,0.3608,-1,-1,-1
399,50,1770.92,113.31,56.88,161.58,0.2705,-1,-1,-1
399,40,312.68,563.27,84.92,246.36,0.7838,-1,-1,-1
399,39,1154.73,466.56,75.44,206.54,0.5760,-1,-1,-1
399,36,856.27,520.19,72.52,222.26,0.6088,-1,-1,-1
399,35,1007.91,40.75,57.05,157.80,0.3583,-1,-1,-1
399,32,789.11,150.10,63.01,169.81,0.4053,-1,-1,-1
399,29,952.97,29.11,55.44,167.56,0.4409,-1,-1,-1
399,26,429.23,591.05,66.65,236.91,0.7537,-1,-1,-1
399,22,933.15,531.63,69.51,206.06,0.6660,-1,-1,-1
399,17,452.65,266.79,73.08,203.05,0.6449,-1,-1,-1
399,4,1720.65,458.58,72.16,208.13,0.5770,-1,-1,-1
399,3,983.53,908.66,81.44,171.34,0.7313,-1,-1,-1
399,1,463.57,70.91,76.42,186.94,0.3724,-1,-1,-1
400,50,1769.67,112.21,57.99,163.97,0.2695,-1,-1,-1
400,40,312.30,565.20,84.05,242.44,0.7863,-1,-1,-1
400,39,1157.86,470.58,73.12,205.75,0.5759,-1,-1,-1
400,36,857.18,521.20,72.39,224.26,0.6058,-1,-1,-1
400,35,1006.89,40.46,58.75,158.71,0.3669,-1,-1,-1
400,32,788.27,149.90,64.92,170.82,0.4445,-1,-1,-1
400,29,951.46,26.76,56.77,168.95,0.4431,-1,-1,-1
400,26,428.64,592.47,65.78,237.16,0.7664,-1,-1,-1
400,22,930.61,533.44,72.15,206.34,0.6488,-1,-1,-1
400,17,452.07,266.56,73.93,203.50,0.6446,-1,-1,-1
400,4,1720.49,457.58,72.14,208.42,0.5436,-1,-1,-1
400,3,984.42,909.54,80.55,169.97,0.7250,-1,-1,-1
400,1,465.77,70.97,74.09,188.34,0.4266,-1,-1,-1
401,40,310.04,566.75,85.69,238.47,0.7850,-1,-1,-1
401,39,1163.61,471.45,71.84,207.42,0.6034,-1,-1,-1
401,36,856.93,520.65,73.49,228.38,0.6114,-1,-1,-1
401,35,1006.48,39.33,58.96,160.36,0.4221,-1,-1,-1
401,32,788.77,150.72,63.92,169.56,0.4212,-1,-1,-1
401,29,950.99,24.18,57.28,169.96,0.4788,-1,-1,-1
401,26,428.02,593.56,66.82,237.23,0.7536,-1,-1,-1
401,22,935.34,535.22,68.94,206.47,0.6577,-1,-1,-1
401,17,451.15,266.22,75.72,203.11,0.6436,-1,-1,-1
401,4,1721.28,456.18,70.36,210.67,0.5083,-1,-1,-1
401,3,983.90,911.15,78.65,168.31,0.7079,-1,-1,-1
401,1,465.78,70.90,74.45,187.74,0.4777,-1,-1,-1
402,50,1767.87,113.33,64.30,167.78,0.2955,-1,-1,-1
402,40,308.29,568.63,87.40,241.00,0.7816,-1,-1,-1
402,39,1165.48,475.63,76.29,199.23,0.5435,-1,-1,-1
402,36,856.14,522.23,74.79,227.71,0.6061,-1,-1,-1
402,35,1005.71,38.66,58.17,159.64,0.4430,-1,-1,-1
402,32,788.99,150.66,64.26,169.73,0.4295,-1,-1,-1
402,29,949.93,21.36,58.32,170.69,0.4367,-1,-1,-1
402,26,427.92,594.75,65.58,236.32,0.7496,-1,-1,-1
402,22,934.50,536.26,71.42,209.49,0.6376,-1,-1,-1
402,17,451.96,265.37,75.81,204.77,0.6370,-1,-1,-1
402,4,1721.07,455.49,71.62,211.41,0.5197,-1,-1,-1
402,3,985.30,912.62,76.65,167.22,0.7042,-1,-1,-1
402,1,466.41,70.85,73.63,189.12,0.4641,-1,-1,-1
403,50,1768.32,111.52,67.80,172.14,0.2886,-1,-1,-1
403,40,307.62,571.44,85.23,245.22,0.7804,-1,-1,-1
403,39,1169.75,479.77,75.45,197.74,0.3757,-1,-1,-1
403,36,856.87,522.82,75.44,227.01,0.6419,-1,-1,-1
403,35,1005.08,38.69,58.79,158.65,0.4416,-1,-1,-1
403,32,790.72,150.69,63.12,169.92,0.4408,-1,-1,-1
403,29,950.54,21.77,56.56,162.92,0.4125,-1,-1,-1
403,26,426.66,596.08,65.05,235.89,0.7421,-1,-1,-1
403,22,933.27,538.21,72.85,206.70,0.6352,-1,-1,-1
403,17,452.39,265.25,76.01,204.95,0.6440,-1,-1,-1
403,4,1721.62,459.86,71.47,207.62,0.5072,-1,-1,-1
403,3,984.97,913.95,75.56,165.22,0.7162,-1,-1,-1
403,1,465.92,71.11,72.98,189.31,0.4489,-1,-1,-1
404,50,1768.54,88.05,71.41,197.00,0.2751,-1,-1,-1
404,40,307.12,574.47,84.35,246.79,0.7800,-1,-1,-1
404,39,1171.32,482.97,78.89,200.07,0.4745,-1,-1,-1
404,36,857.07,522.86,75.69,226.53,0.6510,-1,-1,-1
404,35,1003.24,37.31,59.98,157.62,0.4413,-1,-1,-1
404,32,791.38,150.39,62.15,169.71,0.4134,-1,-1,-1
404,29,950.64,20.63,55.00,163.48,0.3859,-1,-1,-1
404,26,425.31,596.72,66.49,234.99,0.7301,-1,-1,-1
404,22,932.69,540.07,72.64,213.12,0.6124,-1,-1,-1
404,17,453.35,264.05,74.72,207.16,0.6611,-1,-1,-1
404,5,1614.60,614.82,65.41,248.71,0.2524,-1,-1,-1
404,4,1721.29,460.20,70.83,206.86,0.4494,-1,-1,-1
404,3,985.50,916.05,74.08,163.29,0.6959,-1,-1,-1
404,1,466.88,70.89,71.44,187.85,0.4283,-1,-1,-1
405,52,1648.33,48.75,58.98,168.71,0.2688,-1,-1,-1
405,40,306.21,575.70,82.83,249.49,0.7706,-1,-1,-1
405,39,1172.42,483.93,81.05,201.41,0.5433,-1,-1,-1
405,36,858.61,523.84,78.38,227.21,0.6713,-1,-1,-1
405,35,1002.52,37.01,59.64,155.71,0.4034,-1,-1,-1
405,32,790.31,149.77,63.39,170.39,0.4122,-1,-1,-1
405,29,950.70,20.26,53.18,159.52,0.3820,-1,-1,-1
405,26,422.23,598.33,68.51,233.90,0.7476,-1,-1,-1
405,22,935.71,541.29,70.31,214.18,0.6424,-1,-1,-1
405,17,452.95,263.93,75.52,206.05,0.6717,-1,-1,-1
405,5,1614.69,614.77,66.04,246.82,0.3401,-1,-1,-1
405,4,1721.66,456.27,73.41,209.49,0.4625,-1,-1,-1
405,3,985.19,918.44,73.55,160.74,0.6979,-1,-1,-1
405,1,466.78,70.79,71.39,187.46,0.4071,-1,-1,-1
406,52,1647.74,47.15,61.85,169.80,0.3001,-1,-1,-1
406,50,1771.14,120.12,68.46,169.36,0.2785,-1,-1,-1
406,40,305.75,577.77,82.23,249.88,0.7538,-1,-1,-1
406,39,1177.67,486.01,79.99,204.31,0.4518,-1,-1,-1
406,36,859.69,526.20,78.37,226.88,0.6868,-1,-1,-1
406,35,1002.32,36.34,58.24,155.81,0.3739,-1,-1,-1
406,32,791.48,151.25,58.05,169.65,0.4451,-1,-1,-1
406,29,951.59,19.08,52.54,160.36,0.3909,-1,-1,-1
406,26,420.01,600.23,68.97,231.65,0.7349,-1,-1,-1
406,22,933.32,543.65,73.64,215.48,0.6620,-1,-1,-1
406,17,452.32,263.19,77.98,203.83,0.6603,-1,-1,-1
406,5,1611.69,604.30,73.92,252.33,0.4264,-1,-1,-1
406,4,1721.96,456.98,74.12,209.34,0.4904,-1,-1,-1
406,3,983.67,918.93,75.79,160.28,0.7106,-1,-1,-1
406,1,466.65,70.25,71.36,186.77,0.3905,-1,-1,-1
407,52,1649.22,47.56,63.75,169.97,0.3451,-1,-1,-1
407,40,305.21,580.14,81.44,248.24,0.7591,-1,-1,-1
407,39,1181.83,486.79,77.64,202.25,0.3585,-1,-1,-1
407,36,857.27,526.18,80.00,237.11,0.6440,-1,-1,-1
407,35,1002.23,35.38,58.60,156.40,0.4414,-1,-1,-1
407,32,789.65,149.54,62.82,170.70,0.4514,-1,-1,-1
407,29,949.56,18.10,54.52,160.99,0.3665,-1,-1,-1
407,26,418.14,600.14,66.78,231.47,0.7571,-1,-1,-1
407,22,933.35,545.94,72.25,217.16,0.6858,-1,-1,-1
407,17,453.69,263.03,76.44,203.74,0.6779,-1,-1,-1
407,5,1611.90,604.76,73.59,250.95,0.2985,-1,-1,-1
407,4,1721.81,459.14,74.65,206.85,0.4470,-1,-1,-1
407,3,982.75,920.69,75.52,158.10,0.6983,-1,-1,-1
407,1,467.57,69.49,71.14,185.50,0.3875,-1,-1,-1
408,52,1649.70,49.00,65.92,168.32,0.3176,-1,-1,-1
408,40,303.30,583.36,81.72,250.34,0.7559,-1,-1,-1
408,39,1187.57,486.34,74.01,205.37,0.4299,-1,-1,-1
408,36,859.40,527.19,78.18,239.26,0.6629,-1,-1,-1
408,35,1003.14,36.19,57.06,155.57,0.4346,-1,-1,-1
408,32,789.36,149.90,62.62,170.37,0.4602,-1,-1,-1
408,29,949.63,20.53,54.45,160.64,0.3600,-1,-1,-1
408,26,417.05,604.13,70.37,230.49,0.7638,-1,-1,-1
408,22,931.02,547.50,74.45,214.05,0.6940,-1,-1,-1
408,17,454.05,261.13,76.44,205.53,0.6794,-1,-1,-1
408,6,700.37,559.38,59.90,231.51,0.3164,-1,-1,-1
408,5,1613.72,618.79,68.04,237.96,0.2539,-1,-1,-1
408,4,1721.30,455.11,72.56,212.54,0.4579,-1,-1,-1
408,3,981.86,922.99,75.89,154.65,0.7117,-1,-1,-1
408,1,467.55,69.63,70.55,185.26,0.3253,-1,-1,-1
409,52,1651.03,50.47,66.58,168.29,0.3008,-1,-1,-1
409,40,301.83,585.49,81.35,250.18,0.7669,-1,-1,-1
409,39,1197.81,487.02,68.12,203.88,0.4711,-1,-1,-1
409,36,860.12,530.65,78.81,240.62,0.6326,-1,-1,-1
409,35,1003.39,35.74,57.12,156.58,0.4255,-1,-1,-1
409,32,789.51,149.85,63.59,170.34,0.4265,-1,-1,-1
409,29,951.46,19.24,52.16,161.37,0.3857,-1,-1,-1
409,26,415.42,608.72,70.31,231.44,0.7628,-1,-1,-1
409,22,933.06,548.89,72.79,212.09,0.6872,-1,-1,-1
409,17,456.76,260.05,74.00,202.71,0.6625,-1,-1,-1
409,5,1600.27,621.13,82.37,233.02,0.2593,-1,-1,-1
409,4,1721.62,452.81,71.96,213.75,0.5256,-1,-1,-1
409,3,981.30,924.23,76.68,153.68,0.6884,-1,-1,-1
409,1,466.98,69.48,70.78,182.83,0.3415,-1,-1,-1
410,52,1650.15,46.59,71.36,177.40,0.3170,-1,-1,-1
410,40,297.60,586.23,85.06,251.61,0.7944,-1,-1,-1
410,39,1207.23,488.11,60.97,202.18,0.4735,-1,-1,-1
410,36,860.35,532.98,75.68,243.34,0.6347,-1,-1,-1
410,35,1003.32,35.74,57.04,156.51,0.4374,-1,-1,-1
410,32,789.88,150.00,63.54,169.97,0.4287,-1,-1,-1
410,29,949.12,19.50,54.88,161.98,0.4017,-1,-1,-1
410,26,414.06,609.88,69.37,234.90,0.7296,-1,-1,-1
410,22,934.40,550.79,70.95,211.95,0.7036,-1,-1,-1
410,17,458.20,259.34,72.68,199.12,0.6668,-1,-1,-1
410,6,702.23,557.54,90.74,237.26,0.3419,-1,-1,-1
410,5,1576.72,619.58,105.71,235.64,0.3305,-1,-1,-1
410,4,1722.17,449.50,71.57,217.69,0.5465,-1,-1,-1
410,3,981.13,925.21,76.29,152.60,0.6908,-1,-1,-1
410,1,465.29,66.23,72.43,188.74,0.3195,-1,-1,-1
411,52,1651.40,47.63,71.95,178.56,0.3085,-1,-1,-1
411,40,297.08,587.56,83.00,249.29,0.7972,-1,-1,-1
411,39,1209.05,486.38,64.49,205.98,0.4248,-1,-1,-1
411,36,862.84,535.83,72.34,243.38,0.6578,-1,-1,-1
411,35,1002.88,34.63,55.94,156.24,0.4044,-1,-1,-1
411,32,788.41,149.97,64.61,169.94,0.4350,-1,-1,-1
411,29,949.91,18.37,52.88,161.74,0.3557,-1,-1,-1
411,26,412.07,612.81,69.16,233.97,0.7070,-1,-1,-1
411,22,934.26,551.25,70.47,210.46,0.6879,-1,-1,-1
411,17,457.88,257.11,72.40,196.47,0.6787,-1,-1,-1
411,6,702.91,559.33,91.80,236.28,0.3319,-1,-1,-1
411,5,1577.43,618.97,104.43,236.58,0.3728,-1,-1,-1
411,4,1721.85,448.91,72.15,219.55,0.5377,-1,-1,-1
411,3,979.22,925.52,78.97,151.95,0.6897,-1,-1,-1
411,1,462.43,68.45,71.89,189.70,0.2619,-1,-1,-1
412,52,1653.34,50.65,70.14,175.83,0.2876,-1,-1,-1
412,40,295.53,587.93,82.12,248.82,0.7994,-1,-1,-1
412,39,1211.51,486.19,65.01,205.89,0.5115,-1,-1,-1
412,36,862.77,538.59,73.20,234.64,0.6556,-1,-1,-1
412,35,1003.02,34.91,55.42,158.39,0.4111,-1,-1,-1
412,32,789.92,151.46,60.08,168.72,0.4166,-1,-1,-1
412,29,950.99,19.36,54.13,165.56,0.3702,-1,-1,-1
412,26,406.28,614.36,72.37,236.38,0.7283,-1,-1,-1
412,22,936.83,553.00,68.05,209.35,0.6725,-1,-1,-1
412,17,456.42,253.82,73.70,197.86,0.6567,-1,-1,-1
412,6,704.48,559.03,95.65,238.64,0.3805,-1,-1,-1
412,5,1576.62,617.49,103.79,237.80,0.3914,-1,-1,-1
412,4,1722.02,448.23,72.10,219.62,0.5737,-1,-1,-1
412,3,978.36,925.44,81.53,152.80,0.7057,-1,-1,-1
412,1,465.42,65.90,71.19,192.23,0.2695,-1,-1,-1
413,40,292.30,589.73,84.51,246.79,0.7897,-1,-1,-1
413,39,1216.58,495.97,62.63,196.82,0.5871,-1,-1,-1
413,36,864.26,539.69,71.48,239.86,0.6429,-1,-1,-1
413,35,1003.00,34.84,54.69,156.73,0.4347,-1,-1,-1
413,32,788.32,150.85,61.97,169.87,0.4329,-1,-1,-1
413,29,948.97,18.81,56.29,167.07,0.3724,-1,-1,-1
413,26,406.49,616.44,71.24,235.16,0.7392,-1,-1,-1
413,22,938.59,552.93,67.56,209.47,0.6485,-1,-1,-1
413,17,455.76,251.18,74.00,199.22,0.6542,-1,-1,-1
413,6,704.83,558.85,95.21,239.16,0.4026,-1,-1,-1
413,5,1577.50,614.76,103.67,239.57,0.4384,-1,-1,-1
413,4,1722.86,451.57,71.76,216.63,0.5500,-1,-1,-1
413,3,977.28,926.91,83.07,150.54,0.6956,-1,-1,-1
413,1,465.85,65.97,69.55,190.01,0.2925,-1,-1,-1
414,52,1655.58,58.10,74.79,177.17,0.3451,-1,-1,-1
414,40,291.60,589.89,84.40,247.16,0.7821,-1,-1,-1
414,39,1220.96,485.24,67.25,207.34,0.5265,-1,-1,-1
414,36,865.50,540.54,69.89,243.41,0.6482,-1,-1,-1
414,35,1002.90,34.83,54.99,156.02,0.4126,-1,-1,-1
414,32,787.87,149.81,65.41,169.80,0.4162,-1,-1,-1
414,29,949.41,15.84,53.56,166.03,0.3829,-1,-1,-1
414,26,406.20,618.36,70.78,236.47,0.7252,-1,-1,-1
414,22,930.64,556.09,77.31,205.10,0.6708,-1,-1,-1
414,17,453.02,248.97,76.09,201.73,0.6633,-1,-1,-1
414,6,705.62,559.50,95.56,238.74,0.4072,-1,-1,-1
414,5,1576.04,612.81,110.44,244.76,0.5778,-1,-1,-1
414,4,1721.89,459.13,71.51,209.27,0.4778,-1,-1,-1
414,3,976.76,927.14,84.61,150.36,0.7040,-1,-1,-1
415,52,1658.82,64.19,72.63,172.90,0.3693,-1,-1,-1
415,40,290.39,591.98,84.57,245.07,0.7819,-1,-1,-1
415,39,1221.34,494.84,71.81,201.03,0.5827,-1,-1,-1
415,36,866.28,542.20,69.62,243.95,0.6312,-1,-1,-1
415,35,1002.93,34.34,55.22,156.27,0.4044,-1,-1,-1
415,32,787.44,150.14,66.51,169.49,0.3855,-1,-1,-1
415,29,950.83,13.34,51.67,168.13,0.3411,-1,-1,-1
415,26,403.72,619.81,70.94,238.32,0.7214,-1,-1,-1
415,22,932.62,557.20,77.82,205.46,0.6427,-1,-1,-1
415,17,450.61,249.47,79.17,198.88,0.6198,-1,-1,-1
415,6,706.71,559.65,94.07,240.24,0.3910,-1,-1,-1
415,5,1573.84,614.82,111.19,241.54,0.5371,-1,-1,-1
415,4,1722.33,451.30,72.84,216.45,0.4953,-1,-1,-1
415,3,977.09,928.59,86.83,148.87,0.7250,-1,-1,-1
415,1,464.38,66.21,71.14,192.68,0.2594,-1,-1,-1
416,52,1659.08,64.56,71.51,177.05,0.4689,-1,-1,-1
416,40,290.79,592.91,83.63,242.19,0.7909,-1,-1,-1
416,39,1226.23,487.75,79.05,208.73,0.4223,-1,-1,-1
416,36,866.50,543.00,69.02,242.48,0.6038,-1,-1,-1
416,35,1003.07,33.64,55.22,157.80,0.4391,-1,-1,-1
416,32,788.72,150.73,61.43,170.36,0.3916,-1,-1,-1
416,29,950.87,13.92,50.61,167.52,0.2931,-1,-1,-1
416,26,401.34,620.96,72.56,238.17,0.7397,-1,-1,-1
416,22,934.01,558.73,76.49,206.90,0.6438,-1,-1,-1
416,17,448.62,249.28,80.80,198.93,0.6016,-1,-1,-1
416,6,708.11,559.78,93.33,239.70,0.3878,-1,-1,-1
416,5,1575.37,613.42,109.09,243.67,0.5611,-1,-1,-1
416,4,1721.30,452.30,74.30,215.08,0.4786,-1,-1,-1
416,3,975.98,928.67,88.36,148.82,0.7305,-1,-1,-1
416,1,459.43,65.66,74.40,194.60,0.3091,-1,-1,-1
417,52,1659.70,66.47,72.69,173.57,0.3263,-1,-1,-1
417,40,289.50,596.00,85.39,240.08,0.7695,-1,-1,-1
417,39,1229.13,490.99,85.46,208.37,0.5262,-1,-1,-1
417,36,867.03,544.28,66.38,226.13,0.5607,-1,-1,-1
417,35,1003.04,33.63,55.08,157.64,0.4518,-1,-1,-1
417,32,785.93,149.80,67.39,170.26,0.3536,-1,-1,-1
417,29,949.81,12.65,52.39,169.66,0.3025,-1,-1,-1
417,26,398.47,623.77,73.74,234.03,0.7414,-1,-1,-1
417,22,934.37,561.16,77.35,203.79,0.6169,-1,-1,-1
417,17,446.41,250.46,82.54,197.63,0.5983,-1,-1,-1
417,6,713.97,558.58,86.54,239.00,0.3779,-1,-1,-1
417,5,1573.63,609.94,108.41,247.00,0.5620,-1,-1,-1
417,4,1721.20,455.40,72.23,212.57,0.4833,-1,-1,-1
417,3,976.14,929.95,88.75,147.35,0.7105,-1,-1,-1
417,1,461.33,64.46,73.70,195.29,0.3050,-1,-1,-1
418,52,1660.99,67.22,72.83,173.86,0.4216,-1,-1,-1
418,40,288.64,597.31,85.76,242.04,0.7828,-1,-1,-1
418,39,1228.90,490.66,92.92,212.00,0.5425,-1,-1,-1
418,36,867.03,545.84,67.87,215.82,0.5157,-1,-1,-1
418,35,1003.97,32.77,54.30,156.32,0.4389,-1,-1,-1
418,32,787.47,149.36,65.87,170.67,0.3385,-1,-1,-1
418,29,948.47,11.58,53.49,169.38,0.3284,-1,-1,-1
418,26,395.47,623.25,74.01,235.59,0.7810,-1,-1,-1
418,22,936.82,562.36,75.73,205.49,0.6011,-1,-1,-1
418,17,445.26,249.80,83.69,198.82,0.5506,-1,-1,-1
418,6,718.57,557.97,80.65,239.51,0.3828,-1,-1,-1
418,5,1574.94,614.88,104.10,241.47,0.5855,-1,-1,-1
418,4,1720.34,453.64,73.63,214.84,0.4696,-1,-1,-1
418,3,974.92,930.44,91.10,147.34,0.7074,-1,-1,-1
419,52,1662.37,64.37,71.94,179.16,0.3889,-1,-1,-1
419,40,287.89,599.43,86.62,246.07,0.7871,-1,-1,-1
419,39,1229.90,493.35,92.60,211.45,0.4794,-1,-1,-1
419,36,867.62,546.42,68.35,213.70,0.5416,-1,-1,-1
419,35,1004.44,31.88,54.48,157.29,0.4798,-1,-1,-1
419,32,789.07,149.56,64.82,170.38,0.3510,-1,-1,-1
419,29,948.48,8.42,55.39,174.60,0.3667,-1,-1,-1
419,26,393.85,623.07,73.38,236.40,0.7940,-1,-1,-1
419,22,943.91,564.06,69.32,214.56,0.5495,-1,-1,-1
419,17,446.00,249.49,83.24,199.43,0.5472,-1,-1,-1
419,6,724.32,558.43,72.63,237.85,0.4194,-1,-1,-1
419,5,1574.35,615.34,106.31,240.99,0.5879,-1,-1,-1
419,4,1720.77,447.50,73.38,220.49,0.5308,-1,-1,-1
419,3,973.98,931.22,93.18,146.36,0.7163,-1,-1,-1
420,40,287.49,601.10,86.47,249.71,0.7783,-1,-1,-1
420,39,1230.87,490.66,90.15,217.64,0.4173,-1,-1,-1
420,36,867.75,545.08,69.93,218.92,0.5598,-1,-1,-1
420,35,1005.15,30.44,54.02,158.40,0.4894,-1,-1,-1
420,32,789.22,148.92,65.37,170.52,0.3419,-1,-1,-1
420,29,949.59,9.60,52.42,170.41,0.3842,-1,-1,-1
420,26,392.22,624.30,74.90,235.62,0.7865,-1,-1,-1
420,22,944.31,567.92,70.36,210.91,0.5350,-1,-1,-1
420,17,447.58,249.09,81.81,198.60,0.5262,-1,-1,-1
420,6,726.11,558.65,72.33,240.29,0.4169,-1,-1,-1
420,5,1575.37,614.98,102.11,240.59,0.5892,-1,-1,-1
420,4,1722.29,449.74,73.32,215.77,0.4998,-1,-1,-1
420,3,974.20,931.09,95.00,146.92,0.7011,-1,-1,-1
421,50,1760.71,109.34,64.41,189.68,0.2738,-1,-1,-1
421,40,286.02,602.80,88.48,254.42,0.7643,-1,-1,-1
421,39,1233.04,499.75,92.96,210.09,0.3865,-1,-1,-1
421,36,867.25,546.76,71.84,220.24,0.5208,-1,-1,-1
421,35,1005.70,28.56,53.90,158.62,0.5084,-1,-1,-1
421,32,792.88,149.88,57.69,171.69,0.3679,-1,-1,-1
421,29,949.74,8.60,54.39,170.83,0.3881,-1,-1,-1
421,26,390.90,624.71,74.99,235.42,0.7876,-1,-1,-1
421,22,945.68,571.81,70.77,212.60,0.4541,-1,-1,-1
421,17,445.21,246.68,84.24,199.83,0.5861,-1,-1,-1
421,6,729.09,559.03,69.24,238.08,0.4813,-1,-1,-1
421,5,1574.84,625.39,99.65,230.34,0.5494,-1,-1,-1
421,4,1721.98,456.85,74.38,212.39,0.4892,-1,-1,-1
421,3,974.42,931.94,93.60,146.31,0.7085,-1,-1,-1
422,52,1663.66,67.59,65.76,169.94,0.2950,-1,-1,-1
422,50,1759.37,101.24,76.22,198.92,0.3662,-1,-1,-1
422,40,284.58,604.70,92.82,258.56,0.7470,-1,-1,-1
422,39,1240.34,502.32,88.15,206.49,0.3876,-1,-1,-1
422,36,868.91,549.22,71.94,226.67,0.4387,-1,-1,-1
422,35,1005.98,27.41,53.66,155.65,0.4733,-1,-1,-1
422,32,792.36,149.03,58.15,171.57,0.3524,-1,-1,-1
422,29,948.81,8.00,53.26,162.93,0.3743,-1,-1,-1
422,26,390.59,627.29,75.60,232.27,0.7817,-1,-1,-1
422,22,947.91,575.12,67.28,208.70,0.5540,-1,-1,-1
422,17,447.60,244.84,79.35,201.79,0.6088,-1,-1,-1
422,6,731.18,561.77,68.37,228.63,0.5284,-1,-1,-1
422,5,1573.94,625.50,99.73,230.23,0.4866,-1,-1,-1
422,4,1722.49,461.20,73.54,203.31,0.5265,-1,-1,-1
422,3,975.14,931.17,93.00,146.96,0.7213,-1,-1,-1
423,52,1666.75,72.90,63.94,168.49,0.2853,-1,-1,-1
423,50,1760.76,102.76,68.00,197.76,0.3413,-1,-1,-1
423,40,285.05,607.50,93.01,257.65,0.7406,-1,-1,-1
423,39,1250.20,506.43,82.66,202.37,0.2958,-1,-1,-1
423,36,866.88,549.35,72.06,145.43,0.3622,-1,-1,-1
423,35,1006.75,25.25,53.03,155.50,0.4424,-1,-1,-1
423,32,792.23,149.02,58.40,172.27,0.3344,-1,-1,-1
423,29,947.62,7.22,55.02,162.55,0.3813,-1,-1,-1
423,26,389.15,630.00,76.16,233.10,0.7810,-1,-1,-1
423,22,947.36,576.35,68.87,209.12,0.5587,-1,-1,-1
423,17,447.77,242.72,78.09,201.65,0.5949,-1,-1,-1
423,6,735.60,560.76,67.21,228.11,0.6171,-1,-1,-1
423,5,1575.11,624.79,97.93,230.63,0.4369,-1,-1,-1
423,4,1720.95,458.87,73.63,207.57,0.5463,-1,-1,-1
423,3,976.16,930.78,92.99,146.97,0.6957,-1,-1,-1
424,52,1668.34,72.80,62.39,171.32,0.3065,-1,-1,-1
424,50,1761.47,128.59,54.42,171.49,0.3071,-1,-1,-1
424,40,284.62,609.66,91.42,256.67,0.7515,-1,-1,-1
424,39,1254.99,504.13,82.39,207.97,0.2838,-1,-1,-1
424,36,868.07,551.08,73.21,223.25,0.3881,-1,-1,-1
424,35,1007.20,23.51,52.76,157.13,0.4643,-1,-1,-1
424,32,793.20,149.65,56.92,171.01,0.3701,-1,-1,-1
424,29,945.39,6.56,56.88,164.90,0.4189,-1,-1,-1
424,26,385.50,632.16,82.61,236.67,0.7808,-1,-1,-1
424,22,947.63,577.84,71.05,209.09,0.5919,-1,-1,-1
424,17,447.75,242.76,76.39,201.80,0.5980,-1,-1,-1
424,6,736.55,560.01,73.12,231.60,0.6620,-1,-1,-1
424,5,1579.90,636.80,89.28,218.22,0.4275,-1,-1,-1
424,4,1720.83,461.46,73.67,205.70,0.5569,-1,-1,-1
424,3,976.76,931.68,91.96,146.08,0.7095,-1,-1,-1
425,52,1668.81,74.31,63.13,171.70,0.2809,-1,-1,-1
425,50,1761.59,129.18,52.59,172.59,0.3282,-1,-1,-1
425,40,283.75,611.41,93.51,258.88,0.7281,-1,-1,-1
425,36,867.84,551.94,73.00,146.25,0.3478,-1,-1,-1
425,35,1007.44,22.95,52.60,157.74,0.4302,-1,-1,-1
425,32,793.86,150.14,56.10,169.86,0.3772,-1,-1,-1
425,29,942.74,5.33,59.81,164.22,0.3891,-1,-1,-1
425,26,384.63,633.55,82.16,238.38,0.7600,-1,-1,-1
425,22,947.08,575.65,75.40,207.91,0.5786,-1,-1,-1
425,17,447.59,239.12,75.95,202.50,0.6366,-1,-1,-1
425,6,738.67,559.18,77.17,237.65,0.6256,-1,-1,-1
425,5,1577.20,635.20,90.61,221.25,0.4290,-1,-1,-1
425,4,1720.37,459.97,74.27,207.79,0.5448,-1,-1,-1
425,3,978.59,931.66,91.48,146.44,0.6977,-1,-1,-1
426,52,1671.02,74.14,61.58,175.75,0.2534,-1,-1,-1
426,50,1764.88,128.77,47.68,175.49,0.3353,-1,-1,-1
426,40,283.91,613.76,91.83,258.65,0.7228,-1,-1,-1
426,39,1270.53,504.80,70.22,202.91,0.3308,-1,-1,-1
426,36,868.84,555.94,75.20,221.82,0.4867,-1,-1,-1
426,35,1007.99,22.22,52.80,158.69,0.4394,-1,-1,-1
426,32,791.08,149.33,57.89,171.88,0.3393,-1,-1,-1
426,29,942.38,4.93,60.30,165.74,0.4242,-1,-1,-1
426,26,384.25,635.50,81.22,239.10,0.7308,-1,-1,-1
426,22,947.79,576.85,75.84,208.04,0.6229,-1,-1,-1
426,17,447.49,237.54,74.72,197.92,0.6278,-1,-1,-1
426,6,740.43,560.03,78.59,239.36,0.6274,-1,-1,-1
426,5,1577.63,636.78,89.75,219.07,0.3645,-1,-1,-1
426,4,1720.93,459.73,75.78,207.78,0.5641,-1,-1,-1
426,3,979.93,931.71,91.70,146.94,0.7121,-1,-1,-1
427,54,1802.31,70.52,66.93,173.08,0.2932,-1,-1,-1
427,52,1671.17,77.27,63.17,174.90,0.2611,-1,-1,-1
427,50,1764.01,128.72,49.63,176.61,0.3795,-1,-1,-1
427,40,281.94,614.91,94.20,259.77,0.7050,-1,-1,-1
427,39,1286.10,502.91,59.71,192.98,0.3008,-1,-1,-1
427,36,869.62,557.49,74.59,223.35,0.5297,-1,-1,-1
427,35,1007.88,22.20,52.99,158.54,0.4387,-1,-1,-1
427,32,792.89,150.02,58.07,170.97,0.3959,-1,-1,-1
427,29,942.33,4.66,60.08,165.87,0.4085,-1,-1,-1
427,26,382.81,638.11,88.51,241.09,0.6816,-1,-1,-1
427,22,949.50,577.89,76.07,209.36,0.6078,-1,-1,-1
427,17,447.87,237.13,74.36,194.59,0.6153,-1,-1,-1
427,6,742.36,560.32,78.29,242.95,0.5615,-1,-1,-1
427,5,1576.17,630.33,89.23,225.25,0.3218,-1,-1,-1
427,4,1719.24,462.27,75.21,205.62,0.5417,-1,-1,-1
427,3,981.35,930.40,91.07,148.46,0.7068,-1,-1,-1
428,50,1763.48,129.33,50.09,177.12,0.3981,-1,-1,-1
428,40,281.27,618.04,94.61,258.61,0.7030,-1,-1,-1
428,39,1288.95,501.05,63.18,214.47,0.4025,-1,-1,-1
428,36,870.83,560.77,76.47,230.69,0.6015,-1,-1,-1
428,35,1007.98,21.94,53.14,158.67,0.4333,-1,-1,-1
428,32,792.25,148.99,61.10,171.04,0.4034,-1,-1,-1
428,29,943.17,3.70,59.24,167.02,0.3718,-1,-1,-1
428,26,382.21,642.21,73.89,237.00,0.7225,-1,-1,-1
428,22,952.11,578.22,74.97,210.79,0.6473,-1,-1,-1
428,17,447.93,234.70,73.88,192.99,0.6397,-1,-1,-1
428,6,744.62,561.74,82.69,243.11,0.6025,-1,-1,-1
428,5,1577.05,632.41,88.30,223.70,0.3745,-1,-1,-1
428,4,1716.95,462.61,77.69,204.73,0.5276,-1,-1,-1
428,3,982.24,929.86,91.68,148.94,0.7259,-1,-1,-1
429,53,212.11,99.70,80.33,263.43,0.2686,-1,-1,-1
429,50,1763.33,138.59,46.23,166.26,0.3196,-1,-1,-1
429,40,280.04,617.81,94.81,255.82,0.7234,-1,-1,-1
429,39,1287.37,506.02,66.78,208.38,0.4010,-1,-1,-1
429,36,871.53,563.51,76.08,224.18,0.6415,-1,-1,-1
429,35,1007.61,21.03,53.68,163.40,0.4507,-1,-1,-1
429,32,793.29,148.64,57.49,172.41,0.3996,-1,-1,-1
429,29,942.42,3.80,59.36,167.55,0.3722,-1,-1,-1
429,26,381.53,644.66,73.06,237.89,0.7134,-1,-1,-1
429,22,955.34,579.34,72.31,209.82,0.6490,-1,-1,-1
429,17,446.64,234.34,75.45,192.23,0.5979,-1,-1,-1
429,6,747.65,562.46,85.35,247.94,0.6675,-1,-1,-1
429,5,1576.47,635.86,87.98,221.06,0.4367,-1,-1,-1
429,4,1719.43,460.66,77.38,208.14,0.5475,-1,-1,-1
429,3,983.53,930.29,90.70,148.42,0.7323,-1,-1,-1
430,40,279.19,620.25,93.02,255.37,0.7244,-1,-1,-1
430,39,1289.12,521.37,69.84,190.72,0.3793,-1,-1,-1
430,36,872.46,564.46,75.54,225.19,0.5909,-1,-1,-1
430,35,1008.12,21.61,53.29,160.27,0.4025,-1,-1,-1
430,32,794.39,147.87,56.32,173.20,0.3811,-1,-1,-1
430,29,942.89,3.72,58.95,167.71,0.3153,-1,-1,-1
430,26,379.33,646.96,72.45,242.23,0.7090,-1,-1,-1
430,22,956.51,580.91,74.02,207.20,0.6316,-1,-1,-1
430,17,445.94,232.09,76.04,193.83,0.5615,-1,-1,-1
430,6,749.83,563.45,86.95,244.70,0.6760,-1,-1,-1
430,5,1575.67,633.92,88.88,222.68,0.4736,-1,-1,-1
430,4,1720.70,465.03,76.16,202.29,0.5230,-1,-1,-1
430,3,988.03,929.37,86.98,149.22,0.7070,-1,-1,-1
431,40,280.00,621.35,91.87,253.68,0.7546,-1,-1,-1
431,36,872.28,566.70,77.49,225.15,0.6158,-1,-1,-1
431,35,1008.59,20.68,53.25,158.37,0.3978,-1,-1,-1
431,32,788.51,149.45,65.18,170.84,0.3771,-1,-1,-1
431,29,943.29,3.87,58.42,167.45,0.3736,-1,-1,-1
431,26,377.18,648.76,73.33,240.00,0.7410,-1,-1,-1
431,22,959.64,581.88,71.30,206.59,0.6163,-1,-1,-1
431,17,445.16,230.41,75.53,194.72,0.5684,-1,-1,-1
431,6,752.13,563.41,86.76,244.53,0.6972,-1,-1,-1
431,5,1575.88,632.80,88.53,222.86,0.4193,-1,-1,-1
431,4,1722.70,461.41,72.03,208.56,0.5389,-1,-1,-1
431,3,989.37,928.60,85.91,149.95,0.6960,-1,-1,-1
432,50,1758.06,138.11,50.84,166.72,0.2693,-1,-1,-1
432,40,278.86,623.09,92.03,250.64,0.7419,-1,-1,-1
432,36,873.87,569.44,74.52,224.20,0.6113,-1,-1,-1
432,35,1008.11,22.07,53.55,158.73,0.4155,-1,-1,-1
432,32,792.78,147.73,57.87,173.02,0.4037,-1,-1,-1
432,29,943.47,4.53,59.34,168.90,0.3581,-1,-1,-1
432,26,377.08,650.01,74.11,238.71,0.7336,-1,-1,-1
432,22,959.96,583.02,72.53,207.34,0.6281,-1,-1,-1
432,17,444.64,228.25,75.91,196.96,0.5825,-1,-1,-1
432,6,753.65,564.37,86.75,246.30,0.7277,-1,-1,-1
432,5,1574.10,626.64,90.45,229.91,0.4538,-1,-1,-1
432,4,1721.66,462.13,72.40,206.01,0.5634,-1,-1,-1
432,3,991.77,927.03,83.51,151.53,0.7005,-1,-1,-1
433,50,1755.82,137.55,53.61,169.01,0.2884,-1,-1,-1
433,40,279.18,622.37,89.04,248.99,0.7524,-1,-1,-1
433,36,875.98,570.27,74.68,220.78,0.6069,-1,-1,-1
433,35,1007.61,20.94,54.43,159.88,0.4051,-1,-1,-1
433,32,793.79,147.70,57.30,173.34,0.3874,-1,-1,-1
433,29,942.65,3.72,60.03,170.52,0.4323,-1,-1,-1
433,26,375.88,651.79,74.04,237.90,0.7005,-1,-1,-1
433,22,962.99,583.69,70.85,210.64,0.5931,-1,-1,-1
433,17,444.40,227.39,76.41,197.61,0.6031,-1,-1,-1
433,6,755.03,564.83,86.20,249.30,0.7081,-1,-1,-1
433,5,1574.37,626.14,87.85,228.95,0.3973,-1,-1,-1
433,4,1722.23,463.32,74.94,204.38,0.5229,-1,-1,-1
433,3,993.03,927.82,83.52,150.44,0.6875,-1,-1,-1
434,40,278.77,623.73,89.16,248.25,0.7396,-1,-1,-1
434,39,1300.80,517.51,89.66,198.79,0.2558,-1,-1,-1
434,36,879.28,571.12,73.67,221.85,0.6035,-1,-1,-1
434,35,1007.59,21.15,54.69,158.51,0.4220,-1,-1,-1
434,32,793.42,148.91,57.52,171.37,0.4270,-1,-1,-1
434,29,942.88,3.59,58.31,169.78,0.4263,-1,-1,-1
434,26,373.10,652.51,77.01,237.21,0.7259,-1,-1,-1
434,22,963.04,586.29,72.31,211.83,0.6033,-1,-1,-1
434,17,445.27,226.73,75.36,198.46,0.5979,-1,-1,-1
434,6,756.61,566.48,84.65,249.06,0.7277,-1,-1,-1
434,5,1574.35,631.11,87.59,223.59,0.3820,-1,-1,-1
434,4,1724.10,464.74,72.22,202.59,0.4748,-1,-1,-1
434,3,995.18,928.01,83.22,149.94,0.7310,-1,-1,-1
435,40,278.12,624.54,89.04,248.63,0.7552,-1,-1,-1
435,39,1312.26,520.75,85.01,185.48,0.3750,-1,-1,-1
435,36,879.13,572.02,76.06,219.13,0.6097,-1,-1,-1
435,35,1006.66,20.22,56.10,159.13,0.3897,-1,-1,-1
435,32,794.14,147.78,56.01,172.04,0.3997,-1,-1,-1
435,29,942.87,4.67,57.53,167.35,0.4245,-1,-1,-1
435,26,370.63,652.60,77.51,238.93,0.7218,-1,-1,-1
435,22,965.37,587.17,70.00,218.19,0.6066,-1,-1,-1
435,17,444.91,225.93,75.51,199.29,0.6004,-1,-1,-1
435,6,758.68,566.34,81.78,249.63,0.7064,-1,-1,-1
435,5,1573.79,629.82,86.83,224.46,0.3792,-1,-1,-1
435,4,1723.94,464.81,72.63,203.93,0.4896,-1,-1,-1
435,3,997.37,926.41,82.50,151.58,0.7075,-1,-1,-1
436,55,1857.05,407.70,62.47,182.08,0.2587,-1,-1,-1
436,40,276.76,625.45,89.36,252.43,0.7628,-1,-1,-1
436,39,1315.73,521.89,85.46,181.60,0.4844,-1,-1,-1
436,36,879.99,573.43,74.78,208.59,0.6297,-1,-1,-1
436,35,1006.41,19.22,56.23,157.17,0.3973,-1,-1,-1
436,32,792.66,149.07,57.82,170.93,0.4052,-1,-1,-1
436,29,943.69,2.70,56.71,169.45,0.4333,-1,-1,-1
436,26,368.67,653.58,76.66,237.39,0.7305,-1,-1,-1
436,22,967.75,587.83,69.68,224.31,0.6191,-1,-1,-1
436,17,444.84,225.29,75.38,200.39,0.6236,-1,-1,-1
436,6,759.69,566.57,80.49,250.65,0.6872,-1,-1,-1
436,5,1574.79,636.98,81.49,215.42,0.3291,-1,-1,-1
436,4,1724.64,466.31,71.78,201.17,0.4649,-1,-1,-1
436,3,998.88,926.36,83.77,151.26,0.6919,-1,-1,-1
437,55,1853.63,406.60,65.91,186.63,0.2685,-1,-1,-1
437,40,275.25,627.73,89.96,257.51,0.7765,-1,-1,-1
437,39,1320.70,527.30,79.27,177.61,0.4396,-1,-1,-1
437,36,883.12,573.43,71.95,218.69,0.6406,-1,-1,-1
437,35,1005.96,18.10,56.71,157.74,0.4088,-1,-1,-1
437,32,793.82,148.64,56.36,171.14,0.3993,-1,-1,-1
437,29,942.90,3.27,56.27,165.91,0.4460,-1,-1,-1
437,26,368.21,654.81,76.28,235.74,0.7369,-1,-1,-1
437,22,967.49,589.94,69.05,224.14,0.6098,-1,-1,-1
437,17,446.50,223.82,73.08,199.79,0.6125,-1,-1,-1
437,6,760.43,566.71,80.58,251.17,0.6858,-1,-1,-1
437,5,1574.75,638.84,79.88,213.41,0.3289,-1,-1,-1
437,4,1723.46,465.66,73.46,200.52,0.5039,-1,-1,-1
437,3,1000.74,924.88,84.05,152.91,0.7146,-1,-1,-1
438,40,273.54,630.69,89.70,261.49,0.7686,-1,-1,-1
438,39,1323.41,531.21,80.99,175.02,0.3239,-1,-1,-1
438,36,881.18,574.83,75.67,225.08,0.6691,-1,-1,-1
438,35,1005.90,15.98,56.25,157.77,0.3376,-1,-1,-1
438,32,792.64,148.59,58.14,170.58,0.4232,-1,-1,-1
438,29,942.71,1.92,55.84,165.29,0.4113,-1,-1,-1
438,26,367.59,656.34,74.20,235.98,0.7402,-1,-1,-1
438,22,966.85,592.03,72.13,225.57,0.5796,-1,-1,-1
438,17,447.03,225.00,72.72,198.02,0.6168,-1,-1,-1
438,6,762.71,567.32,78.11,251.77,0.6780,-1,-1,-1
438,5,1573.15,634.61,75.23,217.59,0.3573,-1,-1,-1
438,4,1722.97,463.55,71.27,205.02,0.5338,-1,-1,-1
438,3,1004.14,925.72,83.19,152.26,0.7074,-1,-1,-1
439,55,1851.47,404.71,68.06,184.78,0.2721,-1,-1,-1
439,40,275.38,631.55,84.98,262.75,0.7551,-1,-1,-1
439,39,1331.03,538.02,73.75,178.63,0.2935,-1,-1,-1
439,36,882.34,575.72,76.68,226.55,0.6674,-1,-1,-1
439,35,1006.42,14.60,56.02,156.63,0.3236,-1,-1,-1
439,32,792.91,147.32,58.09,172.61,0.4349,-1,-1,-1
439,29,942.55,0.00,54.66,164.94,0.4088,-1,-1,-1
439,26,365.54,656.89,75.65,236.27,0.7632,-1,-1,-1
439,22,966.68,595.49,72.45,224.60,0.5641,-1,-1,-1
439,17,448.32,224.35,71.76,199.94,0.6160,-1,-1,-1
439,6,764.55,568.84,77.09,250.35,0.6472,-1,-1,-1
439,5,1572.36,636.93,72.48,216.59,0.3077,-1,-1,-1
439,4,1722.67,461.28,71.20,205.58,0.5581,-1,-1,-1
439,3,1005.94,925.67,84.46,152.70,0.6938,-1,-1,-1
440,55,1855.01,400.56,64.58,186.73,0.2864,-1,-1,-1
440,40,271.62,634.06,89.58,261.83,0.7624,-1,-1,-1
440,39,1338.07,528.70,71.97,198.04,0.2745,-1,-1,-1
440,36,883.09,576.40,77.14,225.30,0.6686,-1,-1,-1
440,35,1006.05,13.11,56.21,155.89,0.3643,-1,-1,-1
440,32,794.36,147.13,56.18,172.41,0.4461,-1,-1,-1
440,29,941.61,0.00,54.81,160.30,0.4345,-1,-1,-1
440,26,367.55,656.86,72.25,242.39,0.7499,-1,-1,-1
440,22,966.59,596.92,74.56,223.96,0.5858,-1,-1,-1
440,17,447.21,223.11,73.12,199.23,0.6125,-1,-1,-1
440,6,767.17,568.79,75.49,249.70,0.6697,-1,-1,-1
440,5,1572.67,634.89,65.38,218.25,0.2874,-1,-1,-1
440,4,1723.52,460.94,70.63,205.52,0.6071,-1,-1,-1
440,3,1007.34,925.39,85.60,152.87,0.6976,-1,-1,-1
441,55,1855.15,399.22,64.44,188.02,0.2963,-1,-1,-1
441,40,269.76,636.70,90.69,258.79,0.7678,-1,-1,-1
441,39,1344.35,529.77,69.55,197.24,0.3900,-1,-1,-1
441,36,886.71,576.73,72.12,216.31,0.6601,-1,-1,-1
441,35,1005.32,13.31,56.16,152.14,0.3688,-1,-1,-1
441,32,792.95,147.69,57.11,171.47,0.4634,-1,-1,-1
441,29,941.68,0.00,54.83,158.61,0.4091,-1,-1,-1
441,26,365.78,659.66,72.54,247.00,0.7759,-1,-1,-1
441,22,964.49,599.21,77.07,220.98,0.5211,-1,-1,-1
441,17,447.10,220.15,72.44,200.10,0.6137,-1,-1,-1
441,6,771.31,570.09,69.57,250.53,0.6544,-1,-1,-1
441,5,1572.21,634.44,62.11,219.31,0.2932,-1,-1,-1
441,4,1723.50,459.54,70.59,206.84,0.5948,-1,-1,-1
441,3,1009.95,924.19,84.97,154.62,0.7328,-1,-1,-1
442,55,1856.79,395.90,62.61,191.03,0.2883,-1,-1,-1
442,40,266.41,638.94,90.70,260.44,0.7725,-1,-1,-1
442,39,1362.75,525.99,57.96,199.33,0.3804,-1,-1,-1
442,36,886.73,577.90,73.94,216.86,0.6410,-1,-1,-1
442,35,1004.74,12.28,56.36,153.42,0.3810,-1,-1,-1
442,32,793.75,147.76,55.55,171.17,0.4312,-1,-1,-1
442,29,940.88,0.00,55.87,155.83,0.4214,-1,-1,-1
442,26,362.77,662.88,74.55,245.20,0.7717,-1,-1,-1
442,22,966.52,599.58,75.54,220.59,0.5361,-1,-1,-1
442,17,447.13,218.43,72.07,196.69,0.5454,-1,-1,-1
442,6,774.61,570.75,67.44,251.22,0.6386,-1,-1,-1
442,4,1724.80,459.29,69.00,207.99,0.5853,-1,-1,-1
442,3,1011.60,924.35,85.54,154.05,0.7430,-1,-1,-1
443,40,262.18,641.01,91.76,260.65,0.7561,-1,-1,-1
443,39,1361.68,526.64,65.27,207.56,0.4461,-1,-1,-1
443,36,884.22,580.63,77.91,230.82,0.6019,-1,-1,-1
443,35,1004.57,12.40,56.81,154.02,0.3916,-1,-1,-1
443,32,793.90,147.63,55.40,172.24,0.4219,-1,-1,-1
443,29,937.65,0.14,57.31,156.72,0.4307,-1,-1,-1
443,26,359.30,665.90,76.40,245.35,0.7665,-1,-1,-1
443,22,967.06,601.48,74.24,220.51,0.4749,-1,-1,-1
443,17,447.84,217.29,72.03,193.54,0.5328,-1,-1,-1
443,6,776.34,570.63,68.43,249.54,0.6227,-1,-1,-1
443,4,1724.94,459.52,68.86,207.51,0.5821,-1,-1,-1
443,3,1012.96,924.51,86.36,154.57,0.7337,-1,-1,-1
444,40,258.90,643.63,93.62,257.65,0.7692,-1,-1,-1
444,39,1369.19,530.57,64.02,173.31,0.2524,-1,-1,-1
444,36,885.92,583.21,75.15,230.57,0.6190,-1,-1,-1
444,35,1004.71,12.44,56.58,152.40,0.3925,-1,-1,-1
444,32,792.23,147.23,56.14,171.70,0.4182,-1,-1,-1
444,29,938.25,0.00,56.22,157.99,0.4114,-1,-1,-1
444,26,358.68,668.56,75.82,246.93,0.7725,-1,-1,-1
444,22,966.46,602.66,76.01,219.51,0.4642,-1,-1,-1
444,17,445.99,215.36,73.53,190.66,0.5116,-1,-1,-1
444,6,779.03,570.76,67.53,252.73,0.6438,-1,-1,-1
444,5,1569.91,634.68,58.71,217.83,0.2510,-1,-1,-1
444,4,1725.36,458.93,68.75,208.40,0.5789,-1,-1,-1
444,3,1015.58,925.09,84.93,154.20,0.7497,-1,-1,-1
445,40,256.20,643.72,93.85,256.89,0.7531,-1,-1,-1
445,36,884.96,584.67,75.95,229.07,0.6497,-1,-1,-1
445,35,1005.70,11.48,56.04,158.01,0.3947,-1,-1,-1
445,32,793.40,148.09,55.02,172.66,0.4050,-1,-1,-1
445,29,940.19,0.00,55.52,156.57,0.4245,-1,-1,-1
445,26,358.62,672.73,74.48,242.34,0.7519,-1,-1,-1
445,22,966.32,602.12,76.96,221.55,0.5785,-1,-1,-1
445,17,444.72,213.92,73.80,191.06,0.5380,-1,-1,-1
445,6,779.64,571.46,70.87,251.58,0.6492,-1,-1,-1
445,4,1724.36,458.06,69.30,208.21,0.5720,-1,-1,-1
445,3,1016.15,923.61,85.12,155.88,0.7429,-1,-1,-1
446,40,252.84,645.35,95.99,255.63,0.7524,-1,-1,-1
446,36,884.18,586.46,77.47,236.86,0.6290,-1,-1,-1
446,35,1004.48,11.92,56.54,154.73,0.3792,-1,-1,-1
446,32,793.76,147.69,54.03,172.65,0.3859,-1,-1,-1
446,29,942.03,0.00,52.91,154.21,0.4119,-1,-1,-1
446,26,356.69,674.86,74.32,245.21,0.7414,-1,-1,-1
446,22,964.34,603.31,78.44,218.45,0.5980,-1,-1,-1
446,17,444.23,212.11,73.51,192.55,0.5339,-1,-1,-1
446,6,782.32,572.14,72.17,249.29,0.6335,-1,-1,-1
446,4,1724.81,457.74,68.56,209.17,0.5622,-1,-1,-1
446,3,1019.34,923.52,82.77,154.83,0.7474,-1,-1,-1
447,50,1748.80,149.71,64.40,173.18,0.2713,-1,-1,-1
447,40,252.02,647.25,97.00,254.51,0.7632,-1,-1,-1
447,36,884.29,589.10,76.94,235.62,0.6181,-1,-1,-1
447,35,1004.82,11.77,55.75,154.47,0.3494,-1,-1,-1
447,32,792.74,149.08,58.85,171.72,0.3551,-1,-1,-1
447,29,942.15,0.00,51.68,154.06,0.3907,-1,-1,-1
447,26,355.13,676.53,74.81,244.33,0.7557,-1,-1,-1
447,22,967.73,608.21,76.20,209.07,0.5587,-1,-1,-1
447,17,444.26,210.86,72.94,194.35,0.5191,-1,-1,-1
447,6,784.76,572.30,72.80,248.47,0.6370,-1,-1,-1
447,4,1721.55,458.37,71.77,209.54,0.5637,-1,-1,-1
447,3,1020.06,921.63,82.58,157.90,0.7502,-1,-1,-1
448,56,1669.15,360.14,65.94,192.73,0.2516,-1,-1,-1
448,40,250.93,647.53,96.29,253.44,0.7707,-1,-1,-1
448,36,882.26,590.89,80.22,243.31,0.6490,-1,-1,-1
448,35,1004.62,12.16,55.60,154.61,0.4226,-1,-1,-1
448,32,794.16,149.00,56.48,171.26,0.3678,-1,-1,-1
448,29,940.59,0.00,52.32,154.26,0.4617,-1,-1,-1
448,26,353.86,678.40,73.92,243.08,0.7586,-1,-1,-1
448,22,967.54,608.07,76.34,212.15,0.6535,-1,-1,-1
448,17,442.53,210.38,73.45,193.62,0.5452,-1,-1,-1
448,6,786.08,571.92,76.48,248.47,0.6539,-1,-1,-1
448,4,1719.95,458.07,73.49,209.69,0.5691,-1,-1,-1
448,3,1022.35,921.21,80.47,157.79,0.7502,-1,-1,-1
449,56,1667.71,360.04,66.73,193.49,0.3117,-1,-1,-1
449,55,1861.76,386.78,57.32,200.70,0.2613,-1,-1,-1
449,50,1746.76,147.45,63.61,173.95,0.2557,-1,-1,-1
449,40,251.71,647.82,95.08,252.77,0.7613,-1,-1,-1
449,36,881.82,593.67,81.78,246.01,0.6600,-1,-1,-1
449,35,1005.04,12.21,55.08,153.69,0.3976,-1,-1,-1
449,32,793.28,149.06,57.89,171.42,0.3742,-1,-1,-1
449,29,938.38,0.00,52.86,154.70,0.4382,-1,-1,-1
449,26,350.21,678.72,76.08,242.69,0.7631,-1,-1,-1
449,22,966.04,610.00,79.23,210.87,0.6532,-1,-1,-1
449,17,442.87,210.03,72.46,193.40,0.5242,-1,-1,-1
449,6,786.80,572.89,77.17,247.55,0.6556,-1,-1,-1
449,4,1723.20,457.16,74.39,209.63,0.5461,-1,-1,-1
449,3,1023.05,922.17,80.62,156.91,0.7504,-1,-1,-1
450,56,1667.36,359.16,65.86,196.64,0.2807,-1,-1,-1
450,40,249.32,650.02,96.30,248.76,0.7589,-1,-1,-1
450,36,881.64,594.12,82.89,245.45,0.6521,-1,-1,-1
450,35,1004.98,11.87,55.45,153.02,0.3954,-1,-1,-1
450,32,794.19,148.74,56.43,171.68,0.3731,-1,-1,-1
450,29,938.71,0.00,52.23,153.63,0.4797,-1,-1,-1
450,26,347.77,678.49,78.24,243.05,0.7610,-1,-1,-1
450,22,969.19,611.22,76.13,211.73,0.6552,-1,-1,-1
450,17,442.75,209.51,71.69,194.65,0.5360,-1,-1,-1
450,6,787.49,573.72,77.79,246.40,0.6378,-1,-1,-1
450,4,1723.26,457.40,73.43,209.81,0.5646,-1,-1,-1
450,3,1024.47,920.44,79.16,158.04,0.7471,-1,-1,-1
451,55,1857.72,391.35,61.52,197.81,0.2647,-1,-1,-1
451,40,250.32,652.01,92.17,246.11,0.7250,-1,-1,-1
451,39,1408.57,543.91,62.95,147.73,0.3233,-1,-1,-1
451,36,881.54,597.43,82.16,242.74,0.6082,-1,-1,-1
451,35,1004.92,12.61,55.00,153.40,0.3785,-1,-1,-1
451,32,796.24,149.03,50.80,170.30,0.3656,-1,-1,-1
451,29,938.19,0.00,52.93,154.36,0.4596,-1,-1,-1
451,26,346.13,680.12,77.41,244.03,0.7554,-1,-1,-1
451,22,971.79,612.25,74.92,217.55,0.6078,-1,-1,-1
451,17,440.48,209.38,73.57,193.97,0.5079,-1,-1,-1
451,6,789.39,575.55,75.53,243.72,0.6337,-1,-1,-1
451,5,1558.86,627.54,65.39,223.94,0.2716,-1,-1,-1
451,4,1718.82,458.32,74.69,208.50,0.5201,-1,-1,-1
451,3,1026.04,922.24,78.01,157.65,0.7446,-1,-1,-1
452,56,1663.50,359.46,67.18,197.34,0.2583,-1,-1,-1
452,40,249.99,653.53,91.43,250.86,0.7524,-1,-1,-1
452,39,1413.10,542.60,71.02,154.29,0.3925,-1,-1,-1
452,36,885.11,597.99,79.29,243.93,0.6393,-1,-1,-1
452,35,1004.59,12.49,54.99,152.43,0.3809,-1,-1,-1
452,32,796.50,148.27,50.76,169.99,0.3510,-1,-1,-1
452,29,938.05,0.00,52.75,157.24,0.4926,-1,-1,-1
452,26,342.93,680.14,79.92,241.53,0.7864,-1,-1,-1
452,22,972.54,614.03,76.69,221.18,0.6032,-1,-1,-1
452,17,440.09,208.26,74.30,195.48,0.4621,-1,-1,-1
452,6,792.11,575.52,75.12,245.31,0.6453,-1,-1,-1
452,5,1558.63,620.87,65.54,230.06,0.4179,-1,-1,-1
452,4,1718.70,458.59,75.03,208.52,0.5367,-1,-1,-1
452,3,1027.09,922.10,77.22,157.90,0.7641,-1,-1,-1
453,56,1662.84,359.07,68.01,196.82,0.3647,-1,-1,-1
453,40,249.49,656.38,90.39,253.38,0.7497,-1,-1,-1
453,39,1423.51,544.21,69.43,155.27,0.3839,-1,-1,-1
453,36,889.48,599.70,75.59,241.06,0.6340,-1,-1,-1
453,35,1004.83,11.84,54.93,152.77,0.4049,-1,-1,-1
453,32,795.20,147.76,51.13,172.87,0.3078,-1,-1,-1
453,29,937.69,0.00,52.53,156.10,0.5078,-1,-1,-1
453,26,341.49,680.35,80.58,241.27,0.7835,-1,-1,-1
453,22,972.70,617.26,77.11,221.18,0.6085,-1,-1,-1
453,17,440.81,208.58,71.86,195.84,0.4324,-1,-1,-1
453,6,794.71,577.41,76.00,245.03,0.6391,-1,-1,-1
453,5,1545.31,616.81,81.46,234.08,0.4658,-1,-1,-1
453,4,1718.07,459.01,75.73,208.33,0.5328,-1,-1,-1
453,3,1027.55,921.49,76.95,158.51,0.7544,-1,-1,-1
454,56,1661.17,359.95,66.39,189.42,0.4123,-1,-1,-1
454,55,1846.16,391.74,73.22,195.19,0.2708,-1,-1,-1
454,40,247.95,657.26,91.93,256.35,0.7522,-1,-1,-1
454,39,1425.77,543.61,69.15,158.14,0.3622,-1,-1,-1
454,36,883.39,600.37,82.72,240.34,0.6421,-1,-1,-1
454,35,1005.59,11.09,53.86,153.82,0.4113,-1,-1,-1
454,32,795.03,148.14,54.34,171.21,0.3315,-1,-1,-1
454,29,937.03,0.00,53.03,155.77,0.5300,-1,-1,-1
454,26,339.92,681.38,82.86,240.61,0.7979,-1,-1,-1
454,22,977.41,618.95,72.97,220.01,0.6459,-1,-1,-1
454,17,445.08,208.06,66.92,197.22,0.4456,-1,-1,-1
454,6,796.32,578.18,73.50,243.80,0.6217,-1,-1,-1
454,5,1558.90,622.50,64.19,229.15,0.4473,-1,-1,-1
454,4,1715.98,457.69,77.55,208.53,0.5621,-1,-1,-1
454,3,1026.92,921.01,77.74,158.99,0.7554,-1,-1,-1
455,56,1661.43,359.22,65.34,191.15,0.3731,-1,-1,-1
455,55,1846.59,392.94,69.14,189.09,0.2690,-1,-1,-1
455,40,246.77,658.20,93.74,259.69,0.7572,-1,-1,-1
455,39,1427.97,544.11,71.03,157.91,0.2829,-1,-1,-1
455,36,885.93,601.19,80.44,235.12,0.6322,-1,-1,-1
455,35,1005.86,10.71,53.69,152.80,0.4313,-1,-1,-1
455,32,793.44,147.98,56.14,171.15,0.3227,-1,-1,-1
455,29,937.65,0.15,51.54,155.25,0.5340,-1,-1,-1
455,26,339.87,683.04,79.80,242.74,0.7864,-1,-1,-1
455,22,977.08,622.10,76.49,215.65,0.6436,-1,-1,-1
455,17,441.44,203.93,71.50,198.07,0.4562,-1,-1,-1
455,6,796.94,579.73,75.34,242.46,0.6466,-1,-1,-1
455,5,1540.64,614.61,84.05,236.24,0.4996,-1,-1,-1
455,4,1715.25,457.79,78.66,210.12,0.5581,-1,-1,-1
455,3,1028.21,922.09,77.25,157.91,0.7531,-1,-1,-1
456,56,1658.91,359.39,66.10,192.19,0.3944,-1,-1,-1
456,55,1842.85,389.51,73.42,202.68,0.2846,-1,-1,-1
456,40,245.87,660.62,93.31,262.12,0.7579,-1,-1,-1
456,39,1431.00,544.13,67.28,157.35,0.2772,-1,-1,-1
456,36,885.03,601.60,84.19,235.92,0.6557,-1,-1,-1
456,35,1006.22,9.22,53.31,153.40,0.4674,-1,-1,-1
456,32,793.95,145.63,55.95,173.17,0.3080,-1,-1,-1
456,29,937.94,0.00,51.19,154.21,0.5441,-1,-1,-1
456,26,337.46,684.46,80.74,247.39,0.7768,-1,-1,-1
456,22,979.05,623.81,76.34,220.28,0.6815,-1,-1,-1
456,17,443.73,203.81,67.27,198.28,0.5163,-1,-1,-1
456,6,798.26,581.21,74.21,241.11,0.6529,-1,-1,-1
456,5,1551.11,614.85,73.41,236.62,0.4734,-1,-1,-1
456,4,1716.22,458.03,77.33,209.68,0.5720,-1,-1,-1
456,3,1028.50,921.96,77.96,158.04,0.7451,-1,-1,-1
457,56,1658.94,359.66,64.98,188.87,0.4071,-1,-1,-1
457,55,1840.81,385.21,72.39,205.89,0.2993,-1,-1,-1
457,40,244.19,662.77,94.96,262.01,0.7617,-1,-1,-1
457,36,886.80,602.51,83.82,237.48,0.6549,-1,-1,-1
457,35,1006.23,9.21,53.37,150.00,0.4523,-1,-1,-1
457,32,791.75,145.20,58.53,175.09,0.3198,-1,-1,-1
457,29,937.84,0.00,51.12,152.56,0.5350,-1,-1,-1
457,26,336.04,688.52,79.07,249.32,0.7939,-1,-1,-1
457,22,980.22,624.83,75.09,222.13,0.6711,-1,-1,-1
457,17,444.85,201.30,65.85,198.26,0.5364,-1,-1,-1
457,6,800.18,581.42,71.78,241.59,0.6693,-1,-1,-1
457,5,1550.72,614.50,73.38,238.65,0.4567,-1,-1,-1
457,4,1715.14,458.13,78.69,209.15,0.6011,-1,-1,-1
457,3,1028.31,922.16,78.30,157.84,0.7308,-1,-1,-1
458,56,1657.40,358.52,63.66,189.96,0.4438,-1,-1,-1
458,55,1839.45,382.85,70.62,201.50,0.3706,-1,-1,-1
458,40,242.99,665.75,96.60,262.10,0.7640,-1,-1,-1
458,36,894.54,603.87,77.64,239.13,0.6841,-1,-1,-1
458,35,1005.95,8.16,54.15,147.98,0.4156,-1,-1,-1
458,32,796.74,145.71,53.25,173.77,0.3027,-1,-1,-1
458,29,935.81,0.00,52.93,151.58,0.4907,-1,-1,-1
458,26,335.25,691.90,78.88,247.54,0.7933,-1,-1,-1
458,22,980.21,625.26,78.00,222.36,0.6743,-1,-1,-1
458,17,446.21,199.64,64.11,194.77,0.5319,-1,-1,-1
458,6,801.92,583.68,74.54,240.71,0.6579,-1,-1,-1
458,5,1551.14,613.95,72.57,238.21,0.4584,-1,-1,-1
458,4,1714.98,458.20,79.16,210.25,0.5699,-1,-1,-1
458,3,1028.11,921.59,79.74,158.41,0.7402,-1,-1,-1
459,56,1655.30,357.00,63.96,189.58,0.3803,-1,-1,-1
459,55,1836.36,382.56,74.67,200.74,0.3717,-1,-1,-1
459,40,242.54,668.05,96.16,265.59,0.7722,-1,-1,-1
459,36,896.32,605.62,77.05,238.14,0.6816,-1,-1,-1
459,35,1007.91,7.10,51.88,145.57,0.3970,-1,-1,-1
459,32,793.54,145.21,56.41,174.98,0.2826,-1,-1,-1
459,29,935.84,0.01,52.67,147.75,0.4692,-1,-1,-1
459,26,334.54,695.69,76.92,245.79,0.8080,-1,-1,-1
459,22,980.87,627.68,79.64,221.38,0.6880,-1,-1,-1
459,17,445.79,196.73,64.68,193.09,0.5004,-1,-1,-1
459,6,803.89,583.94,76.31,240.71,0.6426,-1,-1,-1
459,5,1551.51,614.39,70.77,238.14,0.4916,-1,-1,-1
459,4,1717.68,458.42,76.19,209.32,0.5413,-1,-1,-1
459,3,1027.55,921.21,80.66,158.65,0.7317,-1,-1,-1
460,55,1830.98,378.99,79.02,209.60,0.3333,-1,-1,-1
460,40,242.35,668.16,96.37,267.61,0.7748,-1,-1,-1
460,36,897.94,607.08,78.20,240.53,0.7078,-1,-1,-1
460,35,1008.33,5.47,51.02,146.87,0.4397,-1,-1,-1
460,32,795.86,146.06,54.16,173.48,0.3152,-1,-1,-1
460,29,933.89,0.14,55.42,147.19,0.5084,-1,-1,-1
460,26,334.58,698.97,77.30,242.05,0.8115,-1,-1,-1
460,22,982.39,628.17,78.40,220.63,0.6726,-1,-1,-1
460,17,444.89,195.32,66.34,189.92,0.5147,-1,-1,-1
460,6,805.78,583.84,78.54,240.94,0.6629,-1,-1,-1
460,5,1552.46,616.25,67.96,236.85,0.4468,-1,-1,-1
460,4,1717.88,456.82,75.90,211.65,0.5458,-1,-1,-1
460,3,1027.75,921.44,80.88,158.54,0.7355,-1,-1,-1
461,55,1826.74,379.15,76.49,201.05,0.3260,-1,-1,-1
461,40,241.83,670.01,98.26,266.04,0.7843,-1,-1,-1
461,36,898.64,610.00,78.97,240.09,0.7096,-1,-1,-1
461,35,1007.61,5.41,52.27,148.64,0.4042,-1,-1,-1
461,32,796.85,145.33,53.63,173.72,0.3444,-1,-1,-1
461,29,933.95,1.18,55.41,145.04,0.4427,-1,-1,-1
461,26,334.70,702.36,77.12,244.98,0.8071,-1,-1,-1
461,22,983.02,629.27,78.75,220.88,0.6592,-1,-1,-1
461,17,444.78,193.33,65.92,190.04,0.5137,-1,-1,-1
461,6,807.82,582.88,79.44,240.51,0.6709,-1,-1,-1
461,5,1551.33,612.89,68.45,239.04,0.4319,-1,-1,-1
461,4,1719.88,457.71,74.14,209.92,0.5475,-1,-1,-1
461,3,1027.62,921.84,81.47,158.16,0.7369,-1,-1,-1
462,55,1825.21,377.45,87.95,209.07,0.3079,-1,-1,-1
462,50,1725.77,75.82,77.21,252.89,0.2831,-1,-1,-1
462,40,242.55,671.64,93.56,264.07,0.7665,-1,-1,-1
462,36,899.29,611.55,79.27,239.34,0.7147,-1,-1,-1
462,35,1007.66,4.78,52.51,149.57,0.3997,-1,-1,-1
462,32,798.30,145.50,51.82,173.91,0.3495,-1,-1,-1
462,29,933.13,3.71,56.81,142.17,0.3585,-1,-1,-1
462,26,332.56,703.69,79.31,248.44,0.8082,-1,-1,-1
462,22,983.99,630.72,79.60,218.87,0.6691,-1,-1,-1
462,17,443.70,192.93,66.90,189.39,0.5091,-1,-1,-1
462,6,809.44,583.29,81.89,242.59,0.6680,-1,-1,-1
462,5,1554.62,620.40,64.26,231.99,0.3264,-1,-1,-1
462,4,1720.53,455.03,74.08,213.99,0.5329,-1,-1,-1
462,3,1027.50,921.62,80.94,158.28,0.7502,-1,-1,-1
463,55,1820.66,376.09,75.29,201.66,0.3669,-1,-1,-1
463,50,1730.33,73.18,74.53,256.00,0.2736,-1,-1,-1
463,40,242.46,673.60,92.67,264.49,0.7676,-1,-1,-1
463,36,901.09,613.81,78.64,235.29,0.7069,-1,-1,-1
463,35,1006.55,4.36,54.30,150.51,0.4360,-1,-1,-1
463,32,796.74,144.45,53.81,174.49,0.3642,-1,-1,-1
463,29,934.34,3.55,55.22,141.67,0.4157,-1,-1,-1
463,26,332.16,703.96,79.29,249.71,0.8069,-1,-1,-1
463,22,986.75,631.03,77.89,214.92,0.6909,-1,-1,-1
463,17,443.97,194.41,67.79,188.18,0.4821,-1,-1,-1
463,6,810.74,583.35,85.03,243.22,0.6875,-1,-1,-1
463,5,1553.31,613.84,65.53,238.06,0.3096,-1,-1,-1
463,4,1719.86,456.90,74.41,211.04,0.5612,-1,-1,-1
463,3,1027.28,921.32,81.12,158.68,0.7406,-1,-1,-1
464,55,1819.76,374.77,73.53,203.73,0.3432,-1,-1,-1
464,50,1731.06,73.83,76.34,254.97,0.3143,-1,-1,-1
464,40,241.03,675.42,96.32,264.11,0.7498,-1,-1,-1
464,36,902.75,616.24,77.55,233.64,0.6805,-1,-1,-1
464,35,1006.55,3.14,54.63,152.15,0.4631,-1,-1,-1
464,32,796.40,144.90,54.49,173.46,0.3762,-1,-1,-1
464,29,934.46,2.14,55.17,143.53,0.3833,-1,-1,-1
464,26,334.68,705.48,75.75,250.76,0.8034,-1,-1,-1
464,22,985.91,632.05,77.96,217.32,0.6624,-1,-1,-1
464,17,444.01,191.55,70.93,191.03,0.4863,-1,-1,-1
464,6,811.70,584.62,89.01,244.82,0.6960,-1,-1,-1
464,5,1551.65,623.63,66.87,228.84,0.2569,-1,-1,-1
464,4,1719.10,455.65,75.10,212.35,0.5244,-1,-1,-1
464,3,1026.79,920.98,81.48,159.02,0.7490,-1,-1,-1
465,55,1815.30,372.63,76.46,202.29,0.3464,-1,-1,-1
465,40,240.15,677.60,95.82,260.13,0.7569,-1,-1,-1
465,36,903.47,618.35,78.74,230.74,0.6823,-1,-1,-1
465,35,1006.55,4.31,54.81,150.25,0.4291,-1,-1,-1
465,32,798.57,144.96,52.37,174.46,0.3961,-1,-1,-1
465,29,934.31,2.41,55.63,142.82,0.4021,-1,-1,-1
465,26,335.48,706.49,72.32,250.50,0.7919,-1,-1,-1
465,22,988.35,635.15,76.66,215.29,0.6510,-1,-1,-1
465,17,442.83,191.52,72.76,191.72,0.5136,-1,-1,-1
465,6,812.18,585.38,91.11,243.33,0.6835,-1,-1,-1
465,4,1720.49,456.23,73.74,212.23,0.5306,-1,-1,-1
465,3,1026.24,922.11,81.28,157.89,0.7431,-1,-1,-1
466,55,1813.11,371.89,79.21,205.78,0.4130,-1,-1,-1
466,40,240.06,679.55,87.76,255.83,0.7711,-1,-1,-1
466,36,904.01,620.77,79.34,232.30,0.6911,-1,-1,-1
466,35,1006.19,2.88,55.43,150.76,0.4543,-1,-1,-1
466,32,799.92,144.62,51.06,175.41,0.3827,-1,-1,-1
466,29,936.84,1.81,53.01,142.70,0.4287,-1,-1,-1
466,26,334.47,706.47,72.84,249.27,0.7793,-1,-1,-1
466,22,989.95,637.44,75.75,218.85,0.6280,-1,-1,-1
466,17,443.50,191.19,72.18,190.54,0.5277,-1,-1,-1
466,6,811.45,584.41,93.71,243.22,0.7229,-1,-1,-1
466,4,1721.69,456.02,71.81,211.19,0.5423,-1,-1,-1
466,3,1026.25,922.44,81.49,157.56,0.7229,-1,-1,-1
467,55,1812.19,369.51,77.51,209.21,0.3940,-1,-1,-1
467,40,238.55,680.65,88.97,250.46,0.7726,-1,-1,-1
467,36,904.59,621.33,79.23,237.42,0.7205,-1,-1,-1
467,35,1006.42,4.05,55.96,149.90,0.4447,-1,-1,-1
467,32,800.50,144.14,50.14,174.92,0.3323,-1,-1,-1
467,29,937.68,3.20,52.06,142.73,0.4132,-1,-1,-1
467,26,334.82,706.65,71.57,249.57,0.7880,-1,-1,-1
467,22,990.91,637.64,75.86,220.27,0.5967,-1,-1,-1
467,17,444.79,191.38,72.62,189.79,0.5822,-1,-1,-1
467,6,810.06,584.44,95.45,245.31,0.7367,-1,-1,-1
467,4,1721.12,454.22,72.92,214.45,0.5506,-1,-1,-1
467,3,1025.95,922.29,82.08,155.83,0.7228,-1,-1,-1
468,58,436.77,33.40,64.63,172.88,0.2972,-1,-1,-1
468,57,93.57,371.03,75.06,164.45,0.2581,-1,-1,-1
468,55,1807.93,368.25,79.47,210.82,0.4678,-1,-1,-1
468,40,236.68,681.16,89.60,251.95,0.7833,-1,-1,-1
468,36,906.35,622.30,78.79,232.70,0.6930,-1,-1,-1
468,35,1005.73,4.00,56.38,149.38,0.4194,-1,-1,-1
468,32,798.28,143.24,53.57,176.89,0.3716,-1,-1,-1
468,29,937.69,4.10,52.65,141.18,0.4520,-1,-1,-1
468,26,334.08,708.41,71.72,245.77,0.7651,-1,-1,-1
468,22,990.72,640.83,76.47,218.75,0.5694,-1,-1,-1
468,17,447.86,191.03,69.82,189.07,0.5446,-1,-1,-1
468,6,809.73,584.65,98.10,247.33,0.7382,-1,-1,-1
468,4,1720.80,456.10,72.76,211.48,0.5405,-1,-1,-1
468,3,1026.71,922.61,81.16,155.50,0.7187,-1,-1,-1
469,58,435.01,32.83,65.90,174.44,0.2742,-1,-1,-1
469,55,1805.25,366.46,79.88,211.69,0.4949,-1,-1,-1
469,40,233.96,683.62,92.35,252.74,0.7810,-1,-1,-1
469,36,907.99,623.27,78.33,230.17,0.6868,-1,-1,-1
469,35,1005.08,2.99,57.65,150.62,0.3837,-1,-1,-1
469,32,800.53,142.47,51.10,177.63,0.3491,-1,-1,-1
469,29,936.68,3.51,54.61,140.93,0.4315,-1,-1,-1
469,26,332.91,710.72,73.24,246.91,0.7773,-1,-1,-1
469,22,988.60,642.94,79.29,209.67,0.5484,-1,-1,-1
469,17,449.25,189.33,68.87,188.80,0.5637,-1,-1,-1
469,6,809.35,584.81,100.10,249.72,0.7291,-1,-1,-1
469,4,1721.26,454.05,72.39,212.64,0.5333,-1,-1,-1
469,3,1027.65,922.85,79.06,155.53,0.7274,-1,-1,-1
470,58,436.37,33.15,64.16,169.95,0.2914,-1,-1,-1
470,56,1640.53,338.98,68.29,198.08,0.2932,-1,-1,-1
470,55,1804.79,364.91,79.07,209.06,0.4626,-1,-1,-1
470,40,233.27,686.16,92.02,255.74,0.7878,-1,-1,-1
470,36,910.46,624.48,76.95,227.36,0.6455,-1,-1,-1
470,35,1004.90,1.37,57.30,151.58,0.3835,-1,-1,-1
470,32,799.14,142.52,52.34,177.47,0.3897,-1,-1,-1
470,29,936.37,2.53,54.53,142.08,0.3941,-1,-1,-1
470,26,331.20,712.26,73.58,245.26,0.7977,-1,-1,-1
470,22,990.00,644.45,77.03,217.44,0.4780,-1,-1,-1
470,17,447.82,188.26,71.04,190.04,0.5753,-1,-1,-1
470,6,808.48,584.95,101.33,253.18,0.7261,-1,-1,-1
470,4,1721.58,455.63,72.31,211.25,0.5315,-1,-1,-1
470,3,1025.98,922.26,80.44,156.41,0.7227,-1,-1,-1
471,58,438.02,32.89,62.81,167.59,0.2541,-1,-1,-1
471,56,1640.03,336.76,68.43,199.57,0.2568,-1,-1,-1
471,55,1802.04,365.43,80.95,208.04,0.5079,-1,-1,-1
471,40,231.16,687.97,94.64,260.84,0.7879,-1,-1,-1
471,36,911.73,624.85,77.97,220.90,0.5925,-1,-1,-1
471,35,1004.60,1.81,55.65,150.52,0.4061,-1,-1,-1
471,32,799.66,142.80,52.08,177.88,0.3673,-1,-1,-1
471,29,937.56,3.09,53.18,140.53,0.4088,-1,-1,-1
471,26,328.07,714.50,75.93,244.57,0.8037,-1,-1,-1
471,22,988.46,646.56,79.79,222.71,0.4888,-1,-1,-1
471,17,450.39,185.03,68.52,194.08,0.5810,-1,-1,-1
471,6,808.46,585.63,103.38,256.00,0.7079,-1,-1,-1
471,4,1720.90,455.28,73.08,213.35,0.5358,-1,-1,-1
471,3,1025.44,923.89,79.86,156.11,0.7274,-1,-1,-1
472,56,1639.87,340.82,67.59,194.88,0.2696,-1,-1,-1
472,55,1801.98,365.12,79.35,206.06,0.4961,-1,-1,-1
472,40,229.85,690.28,94.44,265.08,0.7863,-1,-1,-1
472,36,913.47,625.83,76.54,221.50,0.6325,-1,-1,-1
472,35,1003.92,0.00,55.36,152.11,0.4106,-1,-1,-1
472,32,799.70,141.85,53.40,178.35,0.3949,-1,-1,-1
472,29,936.12,2.98,54.61,140.43,0.3714,-1,-1,-1
472,26,327.31,716.61,76.69,246.13,0.8163,-1,-1,-1
472,22,989.09,647.42,79.35,224.63,0.5039,-1,-1,-1
472,17,451.72,183.93,67.02,195.20,0.5978,-1,-1,-1
472,6,808.79,586.68,101.41,257.51,0.7266,-1,-1,-1
472,4,1719.92,455.44,74.27,213.52,0.5552,-1,-1,-1
472,3,1025.64,924.39,78.83,155.61,0.7045,-1,-1,-1
473,56,1640.62,338.04,66.62,196.49,0.2814,-1,-1,-1
473,55,1798.38,363.81,82.82,207.55,0.4846,-1,-1,-1
473,40,227.97,693.65,95.30,265.05,0.7660,-1,-1,-1
473,36,913.87,627.15,77.91,228.09,0.6854,-1,-1,-1
473,35,1003.52,0.00,56.93,152.75,0.3398,-1,-1,-1
473,32,801.77,145.35,50.12,174.80,0.3746,-1,-1,-1
473,29,936.64,3.43,53.95,139.76,0.3637,-1,-1,-1
473,26,324.90,721.02,78.12,248.02,0.8011,-1,-1,-1
473,22,990.03,648.65,78.14,223.85,0.5340,-1,-1,-1
473,17,451.42,181.16,68.38,190.87,0.5699,-1,-1,-1
473,6,808.36,587.13,99.49,257.63,0.7555,-1,-1,-1
473,4,1718.91,454.38,75.74,216.31,0.5500,-1,-1,-1
473,3,1023.91,925.59,80.53,154.41,0.7215,-1,-1,-1
474,55,1793.86,363.33,85.82,206.50,0.4760,-1,-1,-1
474,40,226.26,694.60,96.10,268.78,0.7616,-1,-1,-1
474,36,913.66,627.72,80.00,227.03,0.6432,-1,-1,-1
474,35,1002.64,0.00,57.21,152.41,0.3789,-1,-1,-1
474,32,800.52,143.14,51.27,177.45,0.3933,-1,-1,-1
474,29,936.86,3.05,54.02,140.32,0.3690,-1,-1,-1
474,26,323.50,723.68,78.67,251.21,0.7889,-1,-1,-1
474,22,990.97,649.93,77.25,226.58,0.5517,-1,-1,-1
474,17,453.54,178.81,66.73,189.81,0.5179,-1,-1,-1
474,6,808.17,587.82,98.39,256.98,0.7581,-1,-1,-1
474,4,1716.96,455.14,77.28,215.04,0.5392,-1,-1,-1
474,3,1024.88,924.86,79.07,154.66,0.7100,-1,-1,-1
475,55,1792.27,363.67,85.81,206.78,0.4798,-1,-1,-1
475,40,224.77,697.22,95.47,270.50,0.7567,-1,-1,-1
475,36,916.10,629.77,77.37,233.99,0.6727,-1,-1,-1
475,35,1002.41,0.00,55.37,150.36,0.3838,-1,-1,-1
475,32,802.10,143.72,49.93,176.92,0.3922,-1,-1,-1
475,29,936.61,3.06,53.65,141.67,0.3578,-1,-1,-1
475,26,322.14,726.63,78.91,251.70,0.7799,-1,-1,-1
475,22,992.25,652.58,77.21,224.49,0.5987,-1,-1,-1
475,17,454.06,180.89,64.43,184.91,0.5143,-1,-1,-1
475,6,808.26,588.70,96.12,255.79,0.7552,-1,-1,-1
475,4,1715.14,455.67,81.61,214.43,0.5221,-1,-1,-1
475,3,1025.12,925.37,77.54,154.32,0.7103,-1,-1,-1
476,55,1786.69,362.70,88.22,208.34,0.4438,-1,-1,-1
476,40,224.00,700.41,95.34,268.63,0.7452,-1,-1,-1
476,36,915.80,631.33,78.67,230.98,0.6059,-1,-1,-1
476,35,1001.75,0.00,55.32,147.00,0.3118,-1,-1,-1
476,32,802.52,142.62,49.56,177.05,0.4350,-1,-1,-1
476,29,936.87,3.29,53.39,141.68,0.3194,-1,-1,-1
476,26,321.54,728.24,78.18,249.86,0.7720,-1,-1,-1
476,22,996.15,654.57,72.97,222.19,0.5620,-1,-1,-1
476,17,453.50,179.93,65.40,184.52,0.5314,-1,-1,-1
476,6,807.95,589.09,93.16,255.87,0.7434,-1,-1,-1
476,4,1712.46,456.27,84.06,213.64,0.5000,-1,-1,-1
476,3,1024.12,926.51,78.59,153.23,0.7219,-1,-1,-1
477,56,1638.66,341.93,62.83,190.24,0.2802,-1,-1,-1
477,55,1788.07,361.90,85.56,207.15,0.5022,-1,-1,-1
477,40,222.73,701.93,94.73,266.28,0.7464,-1,-1,-1
477,36,915.66,633.77,80.74,230.21,0.6561,-1,-1,-1
477,35,1001.48,3.02,53.74,145.95,0.2706,-1,-1,-1
477,32,801.73,145.69,50.62,174.62,0.4649,-1,-1,-1
477,29,936.69,3.11,52.77,140.64,0.2787,-1,-1,-1
477,26,320.13,730.47,77.75,252.06,0.7647,-1,-1,-1
477,22,997.43,656.11,71.22,221.50,0.5798,-1,-1,-1
477,17,450.41,174.91,69.40,189.71,0.5388,-1,-1,-1
477,6,808.31,589.97,90.64,254.61,0.7751,-1,-1,-1
477,4,1712.97,457.29,83.83,211.89,0.5113,-1,-1,-1
477,3,1023.73,926.91,78.62,153.09,0.7133,-1,-1,-1
478,56,1639.56,335.82,59.53,195.55,0.2535,-1,-1,-1
478,55,1791.54,360.00,79.99,206.09,0.4620,-1,-1,-1
478,40,220.21,703.30,95.95,265.53,0.7399,-1,-1,-1
478,39,1540.59,594.95,76.38,234.65,0.2892,-1,-1,-1
478,36,913.05,635.46,83.01,229.11,0.6716,-1,-1,-1
478,35,1001.75,1.33,53.43,146.25,0.3086,-1,-1,-1
478,32,802.11,145.82,50.55,174.56,0.4708,-1,-1,-1
478,29,937.80,4.78,51.61,139.24,0.3244,-1,-1,-1
478,26,320.39,732.99,77.49,252.94,0.7585,-1,-1,-1
478,22,998.63,656.33,71.11,220.10,0.5607,-1,-1,-1
478,17,453.66,178.24,66.12,184.43,0.5339,-1,-1,-1
478,6,807.53,590.40,88.04,254.74,0.7848,-1,-1,-1
478,4,1709.46,456.97,87.45,211.72,0.4691,-1,-1,-1
478,3,1023.14,928.57,78.23,151.43,0.7246,-1,-1,-1
479,56,1639.08,334.83,59.73,195.97,0.2572,-1,-1,-1
479,55,1786.98,360.44,82.94,206.21,0.5375,-1,-1,-1
479,40,220.43,703.91,97.02,264.38,0.7295,-1,-1,-1
479,36,914.61,639.30,80.53,232.48,0.7042,-1,-1,-1
479,35,1001.71,1.04,50.69,144.13,0.2899,-1,-1,-1
479,32,804.08,145.98,48.68,175.36,0.4564,-1,-1,-1
479,29,937.31,4.36,50.56,138.95,0.3319,-1,-1,-1
479,26,317.40,734.68,80.32,254.97,0.7567,-1,-1,-1
479,22,996.85,656.59,73.20,222.72,0.6310,-1,-1,-1
479,17,451.77,177.05,68.27,186.28,0.5666,-1,-1,-1
479,6,806.70,591.20,85.35,253.84,0.7851,-1,-1,-1
479,4,1711.27,457.54,86.17,210.59,0.4749,-1,-1,-1
479,3,1021.94,929.68,77.83,150.32,0.7201,-1,-1,-1
480,55,1787.98,359.55,76.42,206.83,0.5209,-1,-1,-1
480,50,1730.24,169.83,60.45,169.20,0.3453,-1,-1,-1
480,40,219.70,704.09,93.69,262.91,0.7455,-1,-1,-1
480,36,912.03,641.26,84.13,239.95,0.6701,-1,-1,-1
480,35,1001.47,1.43,50.68,141.15,0.2771,-1,-1,-1
480,32,805.55,146.31,46.74,175.27,0.4210,-1,-1,-1
480,29,935.72,1.54,51.56,139.30,0.3023,-1,-1,-1
480,26,312.29,736.50,83.18,253.01,0.7507,-1,-1,-1
480,22,999.03,657.98,70.21,219.94,0.6103,-1,-1,-1
480,17,445.20,172.34,76.18,193.02,0.5280,-1,-1,-1
480,6,805.47,592.13,85.30,253.68,0.7778,-1,-1,-1
480,4,1694.68,456.64,104.17,210.21,0.3889,-1,-1,-1
480,3,1020.19,932.31,78.56,147.69,0.7369,-1,-1,-1
481,55,1788.84,358.10,72.91,204.44,0.5714,-1,-1,-1
481,50,1729.79,169.72,62.46,170.51,0.4175,-1,-1,-1
481,40,219.53,704.36,92.08,262.91,0.7620,-1,-1,-1
481,36,909.26,644.37,85.98,236.09,0.6781,-1,-1,-1
481,35,1000.46,0.14,53.36,143.57,0.3819,-1,-1,-1
481,32,804.17,143.64,48.27,176.72,0.4375,-1,-1,-1
481,29,933.59,0.88,52.94,138.30,0.3847,-1,-1,-1
481,26,304.88,737.22,88.53,255.05,0.7764,-1,-1,-1
481,22,992.74,660.26,76.11,220.89,0.5939,-1,-1,-1
481,17,445.69,171.23,75.69,193.49,0.5356,-1,-1,-1
481,6,805.19,593.50,83.51,253.16,0.7921,-1,-1,-1
481,4,1705.69,458.05,93.78,210.24,0.3963,-1,-1,-1
481,3,1019.47,930.86,78.85,149.14,0.7376,-1,-1,-1
482,55,1786.78,356.35,72.20,206.29,0.5457,-1,-1,-1
482,50,1729.10,171.98,63.87,169.96,0.4145,-1,-1,-1
482,40,219.77,706.32,90.68,260.90,0.7567,-1,-1,-1
482,36,907.10,646.02,88.94,248.05,0.6961,-1,-1,-1
482,35,999.52,0.63,52.54,142.87,0.3562,-1,-1,-1
482,32,805.40,144.14,47.39,177.37,0.4879,-1,-1,-1
482,29,933.41,1.19,52.43,134.81,0.3260,-1,-1,-1
482,26,306.20,738.19,86.06,255.96,0.7731,-1,-1,-1
482,22,995.78,662.79,73.59,222.01,0.6290,-1,-1,-1
482,17,450.74,176.46,70.61,185.72,0.5106,-1,-1,-1
482,6,804.07,594.28,83.40,253.17,0.7817,-1,-1,-1
482,4,1707.73,458.85,90.05,210.01,0.4348,-1,-1,-1
482,3,1019.48,932.81,78.72,147.19,0.7319,-1,-1,-1
483,55,1784.69,355.52,73.26,206.83,0.5073,-1,-1,-1
483,50,1729.17,169.83,62.04,172.04,0.4132,-1,-1,-1
483,40,218.99,707.31,91.50,258.99,0.7561,-1,-1,-1
483,36,908.93,648.78,86.44,246.41,0.7110,-1,-1,-1
483,35,999.11,0.00,53.37,145.25,0.3859,-1,-1,-1
483,32,805.59,143.30,47.28,176.57,0.4695,-1,-1,-1
483,29,933.46,1.56,51.94,134.24,0.3298,-1,-1,-1
483,26,302.94,739.27,86.34,255.59,0.7749,-1,-1,-1
483,22,998.77,664.54,71.66,221.95,0.6222,-1,-1,-1
483,17,453.90,173.33,67.62,188.72,0.5151,-1,-1,-1
483,6,801.75,595.35,84.31,252.02,0.7749,-1,-1,-1
483,4,1695.39,457.94,103.86,209.91,0.3731,-1,-1,-1
483,3,1019.03,932.96,79.13,147.04,0.7343,-1,-1,-1
484,55,1786.95,353.76,66.37,204.98,0.5104,-1,-1,-1
484,50,1729.61,169.37,64.38,173.27,0.4066,-1,-1,-1
484,40,218.75,709.11,90.45,256.75,0.7554,-1,-1,-1
484,39,1542.09,598.00,81.23,231.34,0.2715,-1,-1,-1
484,36,909.84,649.02,85.73,250.32,0.7008,-1,-1,-1
484,35,999.92,0.00,52.46,145.15,0.4211,-1,-1,-1
484,32,807.74,145.23,45.21,174.78,0.4645,-1,-1,-1
484,29,933.03,2.83,52.01,130.18,0.3270,-1,-1,-1
484,26,302.72,740.65,85.10,254.02,0.7661,-1,-1,-1
484,22,998.92,667.74,72.26,224.01,0.6055,-1,-1,-1
484,17,456.91,173.07,62.91,189.03,0.5114,-1,-1,-1
484,6,800.52,596.48,86.50,250.82,0.7707,-1,-1,-1
484,4,1693.88,458.39,105.09,210.72,0.3807,-1,-1,-1
484,3,1018.21,933.43,80.44,146.57,0.7218,-1,-1,-1
485,55,1783.97,353.25,68.18,198.09,0.4369,-1,-1,-1
485,50,1729.05,169.95,66.08,175.46,0.3885,-1,-1,-1
485,40,218.24,711.01,90.75,256.51,0.7632,-1,-1,-1
485,36,911.71,649.97,82.60,246.73,0.7240,-1,-1,-1
485,35,999.78,0.00,51.84,143.55,0.4209,-1,-1,-1
485,32,808.31,145.04,44.75,175.85,0.4741,-1,-1,-1
485,29,931.37,2.40,52.82,128.15,0.3155,-1,-1,-1
485,26,300.73,742.02,85.54,252.11,0.7638,-1,-1,-1
485,22,999.03,668.78,73.26,226.75,0.6333,-1,-1,-1
485,17,456.51,170.62,63.49,190.97,0.5333,-1,-1,-1
485,6,799.33,597.11,87.82,250.47,0.7826,-1,-1,-1
485,4,1677.23,457.58,121.85,208.96,0.3768,-1,-1,-1
485,3,1018.08,933.82,81.08,146.18,0.7111,-1,-1,-1
486,60,416.05,157.41,48.55,175.28,0.3346,-1,-1,-1
486,55,1782.24,351.12,67.65,200.82,0.4610,-1,-1,-1
486,50,1729.07,178.09,66.15,169.70,0.3644,-1,-1,-1
486,40,216.84,712.80,90.98,259.77,0.7754,-1,-1,-1
486,36,910.71,650.94,83.54,244.52,0.7324,-1,-1,-1
486,35,999.57,0.00,51.07,143.67,0.4086,-1,-1,-1
486,32,808.37,145.67,45.69,174.86,0.4856,-1,-1,-1
486,29,932.27,2.52,51.48,128.57,0.3427,-1,-1,-1
486,26,300.28,742.32,84.85,251.37,0.7721,-1,-1,-1
486,22,1001.33,671.29,70.76,221.54,0.6571,-1,-1,-1
486,17,459.21,162.33,61.01,199.11,0.5538,-1,-1,-1
486,6,798.96,597.42,89.22,251.43,0.7896,-1,-1,-1
486,4,1675.10,456.47,118.29,212.15,0.2664,-1,-1,-1
486,3,1016.92,934.22,82.13,145.78,0.7145,-1,-1,-1
487,60,414.43,158.25,50.95,176.61,0.2909,-1,-1,-1
487,56,1632.99,326.14,56.84,188.59,0.4465,-1,-1,-1
487,55,1780.56,351.68,67.70,199.33,0.3960,-1,-1,-1
487,50,1730.40,175.53,64.44,176.54,0.3082,-1,-1,-1
487,40,217.35,713.56,91.39,264.39,0.7684,-1,-1,-1
487,36,911.09,651.73,84.09,240.62,0.7372,-1,-1,-1
487,35,999.86,0.00,50.57,142.41,0.3555,-1,-1,-1
487,32,807.75,145.85,47.40,175.88,0.4552,-1,-1,-1
487,29,932.84,2.37,50.79,128.63,0.2972,-1,-1,-1
487,26,302.36,744.31,81.62,249.99,0.7636,-1,-1,-1
487,22,1005.11,673.34,68.03,223.74,0.6624,-1,-1,-1
487,17,459.63,163.39,59.09,195.70,0.5257,-1,-1,-1
487,6,798.05,598.24,92.94,251.14,0.7922,-1,-1,-1
487,4,1685.59,456.50,108.42,210.45,0.3799,-1,-1,-1
487,3,1017.83,935.03,81.88,144.97,0.7062,-1,-1,-1
488,60,414.28,157.83,50.85,178.38,0.3558,-1,-1,-1
488,56,1631.89,329.69,56.74,185.43,0.3786,-1,-1,-1
488,50,1730.38,176.01,65.05,176.35,0.3470,-1,-1,-1
488,40,216.87,716.02,91.83,271.72,0.7677,-1,-1,-1
488,36,911.61,652.96,85.65,240.21,0.7076,-1,-1,-1
488,35,1000.37,0.00,50.27,141.82,0.3834,-1,-1,-1
488,32,807.98,146.45,47.96,175.43,0.4586,-1,-1,-1
488,29,931.76,2.56,52.11,129.00,0.3150,-1,-1,-1
488,26,299.96,748.58,82.16,246.30,0.7650,-1,-1,-1
488,22,1006.75,675.65,68.37,224.16,0.6982,-1,-1,-1
488,17,462.71,160.10,55.00,195.11,0.4921,-1,-1,-1
488,6,797.17,600.06,93.91,249.38,0.7806,-1,-1,-1
488,4,1680.20,456.47,112.87,210.76,0.3569,-1,-1,-1
488,3,1018.00,936.26,81.96,143.74,0.7179,-1,-1,-1
489,61,1609.02,571.54,60.10,167.85,0.2991,-1,-1,-1
489,60,413.97,157.15,50.93,181.16,0.2957,-1,-1,-1
489,56,1634.19,334.95,52.86,180.05,0.3795,-1,-1,-1
489,50,1731.80,178.20,64.34,174.00,0.3648,-1,-1,-1
489,40,216.44,718.26,91.14,272.66,0.7682,-1,-1,-1
489,39,1541.62,608.38,84.02,223.65,0.3163,-1,-1,-1
489,36,912.00,654.02,86.99,238.00,0.6965,-1,-1,-1
489,35,1001.53,3.11,48.59,138.95,0.3569,-1,-1,-1
489,32,809.34,144.60,46.98,174.99,0.4411,-1,-1,-1
489,29,931.30,2.52,51.91,127.94,0.3420,-1,-1,-1
489,26,299.94,750.19,81.89,251.03,0.7601,-1,-1,-1
489,22,1008.31,676.98,68.93,225.71,0.6844,-1,-1,-1
489,17,463.23,160.21,53.44,190.46,0.4755,-1,-1,-1
489,6,797.50,600.70,93.12,252.37,0.7881,-1,-1,-1
489,4,1691.11,455.03,101.62,212.75,0.3647,-1,-1,-1
489,3,1017.32,936.45,83.15,143.55,0.7167,-1,-1,-1
490,60,414.12,159.79,50.92,179.16,0.3395,-1,-1,-1
490,56,1632.11,327.59,54.59,189.07,0.4458,-1,-1,-1
490,50,1732.22,180.46,62.85,169.78,0.4094,-1,-1,-1
490,40,214.80,720.96,93.70,276.01,0.7643,-1,-1,-1
490,39,1541.10,606.17,79.43,222.56,0.2572,-1,-1,-1
490,36,915.08,655.54,84.65,232.07,0.6986,-1,-1,-1
490,35,1001.90,4.25,48.10,134.74,0.2838,-1,-1,-1
490,32,811.00,144.44,45.97,175.98,0.3718,-1,-1,-1
490,29,930.80,2.50,52.07,127.22,0.3170,-1,-1,-1
490,26,300.13,751.84,79.83,252.59,0.7510,-1,-1,-1
490,22,1010.03,677.87,69.26,227.06,0.7212,-1,-1,-1
490,17,464.73,160.69,52.63,184.19,0.4472,-1,-1,-1
490,6,797.19,601.04,94.39,256.32,0.7890,-1,-1,-1
490,4,1698.84,454.85,92.98,213.32,0.3650,-1,-1,-1
490,3,1015.00,936.96,85.77,143.04,0.6999,-1,-1,-1
491,61,1616.41,561.61,67.92,237.59,0.2643,-1,-1,-1
491,60,415.20,160.64,50.09,180.20,0.2933,-1,-1,-1
491,56,1630.61,333.93,55.44,182.69,0.3465,-1,-1,-1
491,50,1733.17,181.58,61.99,169.51,0.3440,-1,-1,-1
491,40,214.05,723.25,93.53,278.02,0.7584,-1,-1,-1
491,39,1540.55,610.26,82.66,219.17,0.2963,-1,-1,-1
491,36,920.65,660.83,79.93,240.37,0.7051,-1,-1,-1
491,35,1002.10,6.71,47.85,131.90,0.3248,-1,-1,-1
491,32,808.53,146.39,51.09,173.39,0.3811,-1,-1,-1
491,29,930.96,2.63,51.69,126.26,0.2643,-1,-1,-1
491,26,297.59,754.18,82.50,260.49,0.7472,-1,-1,-1
491,22,1011.14,679.51,70.27,225.83,0.6903,-1,-1,-1
491,17,462.24,160.29,56.92,184.05,0.4017,-1,-1,-1
491,6,797.75,602.14,94.88,259.26,0.7816,-1,-1,-1
491,4,1707.50,456.21,85.07,215.18,0.4170,-1,-1,-1
491,3,1017.09,937.74,83.93,142.26,0.6961,-1,-1,-1
492,62,1808.95,174.21,72.24,180.02,0.3610,-1,-1,-1
492,61,1616.91,558.92,77.26,242.70,0.2591,-1,-1,-1
492,60,412.89,161.68,54.15,180.98,0.3009,-1,-1,-1
492,56,1629.11,327.07,56.15,188.59,0.4030,-1,-1,-1
492,50,1733.85,181.99,61.25,167.46,0.4374,-1,-1,-1
492,40,212.78,725.00,96.47,279.80,0.7727,-1,-1,-1
492,39,1541.01,604.14,85.79,224.40,0.3265,-1,-1,-1
492,36,920.63,661.57,80.12,240.32,0.7233,-1,-1,-1
492,35,1002.35,6.47,46.45,128.45,0.2781,-1,-1,-1
492,32,808.72,146.21,51.65,172.06,0.3528,-1,-1,-1
492,26,298.10,756.77,80.32,257.74,0.7411,-1,-1,-1
492,22,1012.09,682.29,72.45,223.73,0.6823,-1,-1,-1
492,17,465.46,158.53,54.00,186.09,0.3151,-1,-1,-1
492,6,798.81,603.64,94.78,258.15,0.7872,-1,-1,-1
492,4,1703.42,457.96,89.60,209.30,0.4298,-1,-1,-1
492,3,1017.20,937.97,83.84,142.03,0.7056,-1,-1,-1
493,62,1813.10,168.81,72.70,184.17,0.3695,-1,-1,-1
493,60,412.00,162.34,58.71,183.65,0.3407,-1,-1,-1
493,56,1627.50,323.45,58.29,190.83,0.3512,-1,-1,-1
493,50,1734.24,184.71,61.27,166.79,0.4848,-1,-1,-1
493,40,212.30,728.42,95.17,277.04,0.7795,-1,-1,-1
493,39,1540.10,607.51,88.28,220.98,0.2923,-1,-1,-1
493,36,920.31,663.52,81.43,242.72,0.7050,-1,-1,-1
493,35,1002.48,6.17,46.35,129.80,0.2882,-1,-1,-1
493,32,806.96,145.45,54.57,173.09,0.3327,-1,-1,-1
493,26,299.38,759.85,80.91,254.66,0.7378,-1,-1,-1
493,22,1014.47,681.80,73.18,226.91,0.6380,-1,-1,-1
493,6,800.52,604.71,94.06,257.75,0.7697,-1,-1,-1
493,4,1710.97,457.65,84.28,212.13,0.4882,-1,-1,-1
493,3,1016.99,938.06,84.46,141.94,0.6856,-1,-1,-1
494,62,1813.98,170.66,75.92,183.03,0.3290,-1,-1,-1
494,61,1619.67,575.54,104.91,235.70,0.2797,-1,-1,-1
494,60,412.63,163.26,52.54,180.44,0.2613,-1,-1,-1
494,56,1626.74,322.58,58.44,191.53,0.3999,-1,-1,-1
494,50,1735.21,184.40,63.07,167.43,0.4627,-1,-1,-1
494,40,212.99,730.23,94.81,277.81,0.7791,-1,-1,-1
494,39,1540.61,610.17,88.15,218.08,0.2759,-1,-1,-1
494,36,921.66,666.24,81.33,239.56,0.6699,-1,-1,-1
494,35,1002.12,6.80,47.48,126.61,0.2615,-1,-1,-1
494,32,805.84,145.54,56.63,171.76,0.3067,-1,-1,-1
494,26,299.40,763.45,78.97,254.86,0.7430,-1,-1,-1
494,22,1015.43,684.54,75.60,219.99,0.6311,-1,-1,-1
494,6,801.34,606.00,94.08,255.84,0.7557,-1,-1,-1
494,4,1717.71,452.94,77.22,217.92,0.5252,-1,-1,-1
494,3,1017.18,938.54,84.34,141.46,0.6784,-1,-1,-1
495,62,1815.21,173.54,77.84,182.18,0.3456,-1,-1,-1
495,61,1620.94,586.93,113.70,222.70,0.3761,-1,-1,-1
495,60,412.63,165.24,53.06,179.34,0.3019,-1,-1,-1
495,56,1626.10,323.74,58.71,190.14,0.4034,-1,-1,-1
495,50,1734.17,186.30,64.55,172.98,0.4906,-1,-1,-1
495,40,212.22,732.42,93.64,275.37,0.7754,-1,-1,-1
495,39,1538.92,613.61,89.99,215.86,0.3158,-1,-1,-1
495,36,921.41,667.93,81.81,245.17,0.6572,-1,-1,-1
495,35,1002.52,7.03,47.35,126.45,0.2682,-1,-1,-1
495,32,806.62,145.11,56.05,172.30,0.3359,-1,-1,-1
495,26,299.05,767.23,78.57,259.66,0.7369,-1,-1,-1
495,22,1018.25,685.22,75.23,221.28,0.5856,-1,-1,-1
495,6,804.59,606.13,90.07,253.62,0.7529,-1,-1,-1
495,4,1722.11,451.07,74.04,217.37,0.6057,-1,-1,-1
495,3,1018.02,937.55,84.32,142.45,0.6713,-1,-1,-1
496,62,1817.45,175.50,79.39,182.60,0.2575,-1,-1,-1
496,61,1632.41,583.69,102.26,228.91,0.5691,-1,-1,-1
496,60,412.79,164.37,52.17,181.84,0.3166,-1,-1,-1
496,56,1624.71,322.08,58.02,188.76,0.4356,-1,-1,-1
496,50,1733.94,187.66,65.44,172.81,0.4693,-1,-1,-1
496,40,211.48,735.90,94.27,272.33,0.7729,-1,-1,-1
496,39,1538.86,610.08,87.42,220.18,0.4064,-1,-1,-1
496,36,922.32,671.23,82.08,236.54,0.6909,-1,-1,-1
496,35,1002.55,5.89,47.15,124.28,0.2775,-1,-1,-1
496,32,805.27,144.49,56.75,171.99,0.3313,-1,-1,-1
496,26,296.81,768.67,80.86,259.25,0.7487,-1,-1,-1
496,22,1018.46,686.76,74.91,220.84,0.5959,-1,-1,-1
496,6,809.56,605.95,84.66,249.25,0.7422,-1,-1,-1
496,4,1724.68,452.02,72.44,217.14,0.5832,-1,-1,-1
496,3,1019.78,939.24,82.75,140.76,0.6835,-1,-1,-1
497,62,1818.32,175.31,81.24,184.41,0.3822,-1,-1,-1
497,61,1637.48,592.85,95.90,219.48,0.2914,-1,-1,-1
497,60,412.03,164.54,52.47,181.45,0.3571,-1,-1,-1
497,56,1623.96,322.25,59.61,188.46,0.3745,-1,-1,-1
497,50,1734.07,188.04,65.97,172.08,0.4954,-1,-1,-1
497,40,213.48,736.62,90.62,268.83,0.7466,-1,-1,-1
497,39,1539.11,609.66,87.27,220.79,0.4276,-1,-1,-1
497,36,923.26,673.86,81.43,237.11,0.6551,-1,-1,-1
497,35,1003.08,5.66,47.07,126.70,0.3035,-1,-1,-1
497,32,805.75,145.21,55.68,172.83,0.3696,-1,-1,-1
497,26,293.98,770.17,83.24,259.02,0.7612,-1,-1,-1
497,22,1020.71,687.46,72.93,221.43,0.5571,-1,-1,-1
497,17,467.03,161.51,60.59,182.60,0.2753,-1,-1,-1
497,6,814.74,606.25,80.04,247.79,0.7185,-1,-1,-1
497,4,1726.13,452.92,69.94,216.82,0.5625,-1,-1,-1
497,3,1021.21,938.94,81.15,141.06,0.6770,-1,-1,-1
498,62,1819.59,176.04,80.20,187.82,0.3469,-1,-1,-1
498,61,1641.42,593.33,94.93,221.19,0.4395,-1,-1,-1
498,60,410.25,164.99,52.99,182.21,0.4132,-1,-1,-1
498,56,1623.89,321.53,57.90,190.14,0.3613,-1,-1,-1
498,50,1732.90,188.33,67.18,172.39,0.4554,-1,-1,-1
498,40,213.08,738.36,90.41,266.03,0.7404,-1,-1,-1
498,39,1539.74,609.18,87.12,221.78,0.4619,-1,-1,-1
498,36,924.93,675.54,80.81,239.84,0.6440,-1,-1,-1
498,35,1002.60,5.48,47.65,125.22,0.2653,-1,-1,-1
498,32,803.82,145.62,56.67,172.63,0.3525,-1,-1,-1
498,26,294.80,771.92,82.19,257.15,0.7495,-1,-1,-1
498,22,1019.26,689.34,78.49,221.05,0.5139,-1,-1,-1
498,17,467.63,163.63,59.16,179.70,0.2872,-1,-1,-1
498,6,816.12,606.37,79.67,246.79,0.7066,-1,-1,-1
498,4,1727.84,453.86,69.59,215.01,0.5069,-1,-1,-1
498,3,1020.79,937.99,81.81,142.01,0.6603,-1,-1,-1
499,62,1820.42,177.62,80.99,186.35,0.3912,-1,-1,-1
499,61,1645.35,589.46,87.29,224.10,0.3693,-1,-1,-1
499,60,408.29,165.36,57.12,182.18,0.4466,-1,-1,-1
499,56,1624.38,317.42,57.46,191.58,0.2794,-1,-1,-1
499,50,1732.11,188.27,68.39,169.24,0.4905,-1,-1,-1
499,40,212.25,740.82,90.95,265.19,0.7519,-1,-1,-1
499,39,1539.20,610.19,87.38,219.90,0.4860,-1,-1,-1
499,36,925.26,677.93,81.23,237.97,0.6098,-1,-1,-1
499,35,1002.58,5.19,47.47,126.00,0.2727,-1,-1,-1
499,32,801.76,142.65,56.29,174.79,0.3378,-1,-1,-1
499,26,293.90,772.78,82.59,256.29,0.7412,-1,-1,-1
499,22,1023.97,694.42,72.33,218.03,0.5122,-1,-1,-1
499,17,469.01,163.54,59.23,174.99,0.3283,-1,-1,-1
499,6,820.19,607.60,76.12,246.17,0.6843,-1,-1,-1
499,4,1727.84,450.05,69.09,216.40,0.2569,-1,-1,-1
499,3,1023.21,937.40,79.30,142.60,0.6735,-1,-1,-1
500,62,1821.61,178.93,81.03,188.54,0.3860,-1,-1,-1
500,61,1656.27,595.24,76.83,218.74,0.4568,-1,-1,-1
500,60,407.21,166.23,57.82,179.76,0.4765,-1,-1,-1
500,56,1623.43,314.24,59.37,174.45,0.3248,-1,-1,-1
500,50,1731.94,189.13,69.38,168.79,0.4942,-1,-1,-1
500,40,208.86,741.87,93.93,267.25,0.7708,-1,-1,-1
500,39,1537.90,610.85,89.71,217.99,0.4119,-1,-1,-1
500,36,924.31,679.08,85.33,249.39,0.6173,-1,-1,-1
500,35,1002.32,5.13,48.26,125.50,0.2602,-1,-1,-1
500,32,802.50,142.03,55.27,176.68,0.3541,-1,-1,-1
500,26,293.70,773.50,81.38,255.22,0.7341,-1,-1,-1
500,22,1024.13,697.89,71.26,210.40,0.4811,-1,-1,-1
500,17,465.39,165.55,61.50,170.84,0.3285,-1,-1,-1
500,6,821.27,607.76,75.87,244.76,0.6900,-1,-1,-1
500,4,1728.07,450.49,67.46,218.03,0.4889,-1,-1,-1
500,3,1025.71,935.67,77.82,144.33,0.6735,-1,-1,-1
501,62,1823.18,179.87,80.58,192.11,0.3563,-1,-1,-1
501,61,1659.42,592.17,73.19,221.21,0.5211,-1,-1,-1
501,60,407.50,168.27,57.90,178.70,0.5121,-1,-1,-1
501,56,1622.64,312.37,59.40,181.72,0.3603,-1,-1,-1
501,50,1731.56,188.92,70.23,170.10,0.4954,-1,-1,-1
501,40,208.52,743.11,93.73,262.42,0.7792,-1,-1,-1
501,39,1538.86,611.38,86.84,213.54,0.3802,-1,-1,-1
501,36,927.77,679.68,82.71,252.41,0.6010,-1,-1,-1
501,35,1002.36,4.67,48.11,124.43,0.2562,-1,-1,-1
501,32,802.18,144.51,53.96,173.14,0.3576,-1,-1,-1
501,26,293.60,774.40,79.96,255.15,0.7205,-1,-1,-1
501,22,1023.66,698.81,73.34,212.10,0.5122,-1,-1,-1
501,17,464.95,161.43,63.72,176.03,0.3623,-1,-1,-1
501,6,822.39,608.70,74.99,245.32,0.7019,-1,-1,-1
501,4,1727.57,448.62,67.05,219.31,0.4573,-1,-1,-1
501,3,1028.62,935.15,75.96,144.85,0.6431,-1,-1,-1
502,62,1826.35,180.22,78.01,194.87,0.3014,-1,-1,-1
502,61,1662.58,596.31,70.06,219.99,0.4944,-1,-1,-1
502,60,406.63,169.56,58.20,176.87,0.4806,-1,-1,-1
502,55,1747.79,332.26,64.46,191.22,0.2607,-1,-1,-1
502,50,1731.92,189.93,69.83,166.93,0.4924,-1,-1,-1
502,40,208.28,744.77,93.81,262.50,0.7750,-1,-1,-1
502,39,1538.86,609.60,86.30,215.73,0.3935,-1,-1,-1
502,36,927.29,681.59,84.10,256.14,0.6319,-1,-1,-1
502,32,800.17,144.45,54.25,174.75,0.3097,-1,-1,-1
502,26,292.57,774.97,80.92,253.80,0.7333,-1,-1,-1
502,22,1025.33,701.36,73.54,207.57,0.5835,-1,-1,-1
502,17,467.87,160.08,62.79,175.81,0.3316,-1,-1,-1
502,6,822.35,609.00,74.96,246.86,0.7028,-1,-1,-1
502,4,1729.30,449.69,64.29,219.52,0.4438,-1,-1,-1
502,3,1029.33,934.67,76.70,145.33,0.6756,-1,-1,-1
503,62,1828.32,179.47,77.16,199.04,0.3002,-1,-1,-1
503,61,1667.91,601.66,65.07,212.00,0.4722,-1,-1,-1
503,60,404.55,170.47,61.85,175.50,0.4876,-1,-1,-1
503,56,1621.37,307.91,59.14,181.26,0.3399,-1,-1,-1
503,50,1732.87,190.31,69.18,168.74,0.4673,-1,-1,-1
503,40,208.63,746.43,92.72,264.25,0.7601,-1,-1,-1
503,39,1536.16,615.51,91.57,214.67,0.4749,-1,-1,-1
503,36,928.66,682.93,84.49,252.47,0.6172,-1,-1,-1
503,32,800.13,145.65,51.84,174.22,0.3192,-1,-1,-1
503,26,288.57,776.04,81.05,254.66,0.7497,-1,-1,-1
503,22,1026.18,703.96,72.96,201.42,0.5890,-1,-1,-1
503,17,470.91,159.66,59.56,173.36,0.3057,-1,-1,-1
503,6,821.88,609.18,75.44,246.92,0.7178,-1,-1,-1
503,4,1729.79,445.39,63.55,223.44,0.4014,-1,-1,-1
503,3,1030.66,933.93,76.55,146.07,0.6440,-1,-1,-1
504,62,1829.48,180.92,75.83,201.21,0.2857,-1,-1,-1
504,61,1670.78,605.77,67.09,211.37,0.2581,-1,-1,-1
504,60,403.59,170.46,65.04,174.03,0.4744,-1,-1,-1
504,56,1620.36,305.93,59.68,185.31,0.2657,-1,-1,-1
504,50,1733.91,191.05,67.72,170.42,0.4801,-1,-1,-1
504,40,210.48,747.70,90.43,270.60,0.7556,-1,-1,-1
504,39,1534.40,611.69,92.65,215.01,0.3552,-1,-1,-1
504,36,927.01,683.93,87.75,250.63,0.5845,-1,-1,-1
504,32,800.98,146.52,49.86,173.64,0.2665,-1,-1,-1
504,26,285.86,777.21,81.51,253.06,0.7734,-1,-1,-1
504,22,1029.25,704.68,69.57,216.09,0.5910,-1,-1,-1
504,17,472.08,156.45,60.85,173.46,0.3167,-1,-1,-1
504,6,822.06,609.57,74.68,248.05,0.6934,-1,-1,-1
504,4,1729.36,447.14,63.90,223.75,0.3419,-1,-1,-1
504,3,1032.95,933.13,74.96,146.87,0.6373,-1,-1,-1
505,65,1616.04,23.88,55.39,172.51,0.2622,-1,-1,-1
505,60,402.16,170.38,66.93,174.80,0.4760,-1,-1,-1
505,56,1620.20,305.54,60.57,185.41,0.3251,-1,-1,-1
505,50,1738.19,190.26,63.43,171.05,0.4985,-1,-1,-1
505,40,209.49,749.85,88.90,274.97,0.7348,-1,-1,-1
505,39,1534.57,620.62,92.29,207.11,0.2791,-1,-1,-1
505,36,928.09,684.19,86.44,251.14,0.5514,-1,-1,-1
505,32,800.92,147.00,47.87,175.24,0.2529,-1,-1,-1
505,26,281.90,778.87,86.40,253.36,0.7732,-1,-1,-1
505,22,1030.40,706.24,69.25,218.49,0.6070,-1,-1,-1
505,17,469.21,151.11,63.06,177.91,0.4157,-1,-1,-1
505,6,822.34,609.94,74.49,249.53,0.6721,-1,-1,-1
505,4,1729.17,454.93,63.07,214.84,0.3934,-1,-1,-1
505,3,1033.28,934.02,74.97,145.98,0.6744,-1,-1,-1
506,65,1615.42,23.30,56.16,170.12,0.2617,-1,-1,-1
506,62,1831.30,183.91,83.53,199.93,0.2669,-1,-1,-1
506,60,401.08,170.72,67.42,176.54,0.4544,-1,-1,-1
506,56,1620.08,305.30,59.40,186.12,0.4622,-1,-1,-1
506,50,1739.24,194.74,62.93,166.54,0.4972,-1,-1,-1
506,40,209.42,751.45,87.22,279.59,0.7279,-1,-1,-1
506,36,918.60,686.49,97.45,246.53,0.6132,-1,-1,-1
506,32,800.06,147.57,47.61,175.96,0.3007,-1,-1,-1
506,26,279.04,780.44,88.97,255.82,0.7598,-1,-1,-1
506,22,1030.68,707.20,70.69,221.26,0.6352,-1,-1,-1
506,17,470.58,146.57,61.91,182.45,0.3815,-1,-1,-1
506,6,822.04,610.04,75.74,251.02,0.6800,-1,-1,-1
506,4,1728.86,459.46,63.21,209.53,0.4967,-1,-1,-1
506,3,1035.07,932.65,74.65,147.35,0.6657,-1,-1,-1
507,65,1614.89,20.69,56.78,170.55,0.2587,-1,-1,-1
507,62,1831.32,184.22,83.19,200.13,0.2610,-1,-1,-1
507,60,399.56,167.32,68.07,181.93,0.3869,-1,-1,-1
507,56,1619.07,303.07,60.60,188.62,0.4306,-1,-1,-1
507,50,1739.63,194.18,62.08,165.57,0.4655,-1,-1,-1
507,40,208.75,753.54,86.84,279.24,0.7260,-1,-1,-1
507,36,929.90,687.15,88.07,244.82,0.6072,-1,-1,-1
507,32,800.08,147.29,46.66,172.25,0.2689,-1,-1,-1
507,26,278.38,782.17,89.85,261.56,0.7618,-1,-1,-1
507,22,1030.00,708.51,71.62,223.81,0.6135,-1,-1,-1
507,17,469.34,153.85,59.73,171.78,0.3048,-1,-1,-1
507,6,823.67,611.51,73.09,249.15,0.6981,-1,-1,-1
507,4,1727.82,458.34,63.88,211.22,0.3484,-1,-1,-1
507,3,1036.46,934.21,75.32,145.79,0.6487,-1,-1,-1
508,65,1614.17,19.33,55.95,167.13,0.2776,-1,-1,-1
508,62,1837.74,188.18,71.90,195.07,0.2735,-1,-1,-1
508,56,1618.93,304.38,61.16,186.75,0.4922,-1,-1,-1
508,50,1741.50,195.62,60.14,164.73,0.5253,-1,-1,-1
508,40,207.87,755.66,88.06,278.57,0.7431,-1,-1,-1
508,36,923.47,688.36,95.14,248.08,0.6071,-1,-1,-1
508,32,800.01,147.84,45.50,173.78,0.2840,-1,-1,-1
508,26,277.20,784.21,91.89,264.87,0.7673,-1,-1,-1
508,22,1030.12,710.07,72.36,224.05,0.6242,-1,-1,-1
508,17,467.04,145.84,61.39,177.91,0.2807,-1,-1,-1
508,6,825.25,611.51,71.94,249.00,0.7009,-1,-1,-1
508,4,1727.38,460.42,62.30,206.70,0.3737,-1,-1,-1
508,3,1037.30,933.48,75.98,146.52,0.6493,-1,-1,-1
509,62,1834.47,185.54,79.44,195.74,0.2577,-1,-1,-1
509,60,400.27,167.93,65.27,182.68,0.2535,-1,-1,-1
509,56,1619.28,300.74,57.60,188.35,0.4187,-1,-1,-1
509,50,1743.43,198.25,58.37,163.70,0.4765,-1,-1,-1
509,40,206.44,758.66,86.25,273.71,0.7322,-1,-1,-1
509,36,930.81,690.44,90.54,249.32,0.6221,-1,-1,-1
509,32,798.15,145.99,47.40,174.10,0.2685,-1,-1,-1
509,26,279.79,788.47,86.25,259.62,0.7676,-1,-1,-1
509,22,1030.88,710.04,75.39,230.02,0.6295,-1,-1,-1
509,17,463.16,147.85,66.68,176.69,0.2822,-1,-1,-1
509,6,825.86,611.51,71.76,249.86,0.7009,-1,-1,-1
509,4,1727.06,458.90,64.69,206.85,0.3610,-1,-1,-1
509,3,1038.91,933.18,75.68,146.82,0.6433,-1,-1,-1
510,62,1840.24,186.92,66.36,200.67,0.3134,-1,-1,-1
510,60,401.32,173.36,63.65,185.88,0.2658,-1,-1,-1
510,56,1618.73,301.13,57.53,189.49,0.4574,-1,-1,-1
510,50,1745.18,200.58,57.56,163.20,0.5356,-1,-1,-1
510,40,206.30,761.91,81.02,275.55,0.7396,-1,-1,-1
510,36,928.38,692.06,94.21,249.96,0.6188,-1,-1,-1
510,26,280.10,791.92,85.84,255.58,0.7572,-1,-1,-1
510,22,1028.55,711.58,81.16,227.70,0.5977,-1,-1,-1
510,6,826.39,611.60,70.87,250.03,0.7008,-1,-1,-1
510,4,1727.23,459.35,62.54,200.80,0.3777,-1,-1,-1
510,3,1039.89,934.61,76.64,145.39,0.6357,-1,-1,-1
511,62,1842.34,187.91,65.07,198.71,0.2786,-1,-1,-1
511,60,402.55,170.26,63.17,191.85,0.2560,-1,-1,-1
511,56,1617.42,298.41,56.63,191.96,0.3593,-1,-1,-1
511,50,1748.41,202.45,55.27,162.73,0.5119,-1,-1,-1
511,40,203.89,763.31,88.37,277.03,0.7620,-1,-1,-1
511,36,934.39,695.48,90.84,258.85,0.6370,-1,-1,-1
511,32,791.29,147.26,53.04,172.88,0.2595,-1,-1,-1
511,26,281.11,797.44,82.13,254.04,0.7811,-1,-1,-1
511,22,1030.76,713.77,78.48,215.76,0.5887,-1,-1,-1
511,17,459.19,148.46,71.91,175.94,0.2726,-1,-1,-1
511,6,826.69,612.00,71.26,249.64,0.6954,-1,-1,-1
511,4,1724.23,459.30,65.41,202.50,0.3955,-1,-1,-1
511,3,1041.58,931.66,75.27,148.34,0.6253,-1,-1,-1
512,67,1677.12,19.73,55.38,168.79,0.2548,-1,-1,-1
512,56,1616.18,300.44,56.54,189.28,0.3394,-1,-1,-1
512,50,1751.00,203.43,53.10,163.47,0.5360,-1,-1,-1
512,40,202.41,766.21,92.00,275.50,0.7601,-1,-1,-1
512,36,935.04,697.88,91.36,262.55,0.6316,-1,-1,-1
512,32,787.18,143.73,54.87,177.38,0.2634,-1,-1,-1
512,26,280.70,798.68,81.43,260.11,0.7715,-1,-1,-1
512,22,1032.30,715.48,76.65,213.10,0.5687,-1,-1,-1
512,6,827.07,612.12,70.58,249.20,0.6949,-1,-1,-1
512,4,1724.35,457.06,64.65,205.76,0.3429,-1,-1,-1
512,3,1041.74,931.53,75.42,148.39,0.6336,-1,-1,-1
513,60,401.96,176.10,60.75,191.74,0.2792,-1,-1,-1
513,56,1615.55,300.79,55.68,189.31,0.3851,-1,-1,-1
513,50,1751.70,203.38,53.19,166.89,0.5082,-1,-1,-1
513,40,201.15,767.09,92.15,275.26,0.7578,-1,-1,-1
513,36,937.87,701.62,86.19,259.72,0.6130,-1,-1,-1
513,32,785.85,140.09,55.74,179.79,0.2803,-1,-1,-1
513,26,280.38,800.46,79.90,264.28,0.7784,-1,-1,-1
513,22,1035.51,717.44,74.80,226.71,0.5638,-1,-1,-1
513,6,827.37,611.55,69.74,250.61,0.6788,-1,-1,-1
513,4,1724.19,458.13,62.92,202.21,0.3494,-1,-1,-1
513,3,1041.45,933.17,76.44,146.07,0.6106,-1,-1,-1
514,56,1615.77,301.62,53.64,189.11,0.3329,-1,-1,-1
514,50,1753.98,203.89,52.99,168.85,0.4575,-1,-1,-1
514,40,198.03,769.89,93.03,274.49,0.7548,-1,-1,-1
514,36,944.43,704.44,80.58,260.07,0.6251,-1,-1,-1
514,26,278.69,800.65,78.87,263.95,0.7984,-1,-1,-1
514,22,1036.07,718.65,74.30,226.35,0.5794,-1,-1,-1
514,6,826.96,611.56,70.29,250.49,0.6594,-1,-1,-1
514,4,1724.46,461.67,62.01,197.64,0.3392,-1,-1,-1
514,3,1042.42,932.02,75.10,147.05,0.6358,-1,-1,-1
515,60,401.15,181.44,59.34,185.79,0.2592,-1,-1,-1
515,56,1613.03,301.52,53.77,185.96,0.3136,-1,-1,-1
515,50,1755.25,205.68,53.19,167.68,0.4319,-1,-1,-1
515,40,196.63,770.89,95.09,272.14,0.7596,-1,-1,-1
515,36,936.30,706.38,90.50,255.12,0.5984,-1,-1,-1
515,26,275.59,801.50,81.49,263.57,0.8023,-1,-1,-1
515,22,1034.34,719.79,77.04,231.49,0.6187,-1,-1,-1
515,6,827.71,611.84,69.20,250.09,0.6518,-1,-1,-1
515,4,1724.34,459.47,60.95,199.23,0.3413,-1,-1,-1
515,3,1043.03,932.41,75.16,146.63,0.6430,-1,-1,-1
516,50,1755.99,204.96,53.32,164.66,0.4434,-1,-1,-1
516,40,193.30,772.57,96.89,269.66,0.7639,-1,-1,-1
516,36,938.48,709.18,89.89,251.72,0.6534,-1,-1,-1
516,26,273.43,801.86,81.74,262.33,0.8160,-1,-1,-1
516,22,1036.73,721.50,74.36,241.69,0.6361,-1,-1,-1
516,6,828.43,612.30,67.91,249.64,0.6388,-1,-1,-1
516,4,1721.51,458.87,64.99,204.93,0.4056,-1,-1,-1
516,3,1044.11,932.47,74.25,146.86,0.6139,-1,-1,-1
517,61,1721.44,614.91,79.55,226.86,0.2798,-1,-1,-1
517,56,1611.44,300.34,48.86,184.15,0.2640,-1,-1,-1
517,50,1758.82,204.25,52.93,156.38,0.4184,-1,-1,-1
517,40,192.90,775.28,93.35,263.98,0.7600,-1,-1,-1
517,36,938.05,711.30,91.35,253.78,0.6466,-1,-1,-1
517,26,273.29,803.34,81.41,262.10,0.8189,-1,-1,-1
517,22,1038.35,724.11,71.43,238.24,0.6410,-1,-1,-1
517,6,826.99,611.40,69.71,250.97,0.6506,-1,-1,-1
517,4,1723.82,456.45,63.65,208.19,0.3169,-1,-1,-1
517,3,1044.53,931.56,73.95,147.45,0.6182,-1,-1,-1
518,61,1724.64,625.61,79.43,218.36,0.2981,-1,-1,-1
518,56,1610.73,297.05,48.94,186.14,0.2648,-1,-1,-1
518,50,1760.74,205.01,52.57,154.04,0.3891,-1,-1,-1
518,40,191.43,776.50,91.45,263.06,0.7941,-1,-1,-1
518,36,941.85,712.60,89.74,259.18,0.6355,-1,-1,-1
518,26,271.31,803.52,82.80,260.84,0.8227,-1,-1,-1
518,22,1040.14,726.71,70.07,229.58,0.6220,-1,-1,-1
518,17,465.95,139.61,61.58,178.64,0.2776,-1,-1,-1
518,6,827.68,610.80,68.19,251.27,0.6402,-1,-1,-1
518,4,1723.19,456.55,63.21,206.01,0.3667,-1,-1,-1
518,3,1044.66,929.47,72.80,149.31,0.6510,-1,-1,-1
519,61,1727.99,629.17,82.26,218.34,0.3596,-1,-1,-1
519,60,396.66,185.04,59.70,183.53,0.2831,-1,-1,-1
519,50,1758.76,204.46,58.08,169.29,0.3803,-1,-1,-1
519,40,190.06,778.37,92.06,261.71,0.7918,-1,-1,-1
519,36,943.64,713.78,87.63,259.53,0.6382,-1,-1,-1
519,26,270.30,805.17,83.11,259.77,0.8199,-1,-1,-1
519,22,1037.72,731.46,72.11,222.35,0.5530,-1,-1,-1
519,17,463.77,137.02,62.31,178.10,0.3587,-1,-1,-1
519,6,827.77,610.54,67.43,251.05,0.6211,-1,-1,-1
519,4,1722.57,459.99,67.26,206.59,0.3301,-1,-1,-1
519,3,1044.50,928.84,72.67,149.81,0.6278,-1,-1,-1
520,61,1732.28,629.48,81.35,223.58,0.4441,-1,-1,-1
520,60,395.05,194.51,58.05,174.57,0.2750,-1,-1,-1
520,50,1759.51,205.39,59.89,168.89,0.3055,-1,-1,-1
520,40,189.24,779.80,92.30,262.07,0.7901,-1,-1,-1
520,36,943.95,714.59,86.40,259.47,0.6931,-1,-1,-1
520,26,268.62,807.97,84.65,258.32,0.8220,-1,-1,-1
520,22,1038.56,734.03,75.65,203.98,0.5968,-1,-1,-1
520,17,466.94,137.06,58.44,172.80,0.3058,-1,-1,-1
520,6,827.50,607.59,68.42,252.26,0.5874,-1,-1,-1
520,4,1720.17,458.99,68.56,210.89,0.3663,-1,-1,-1
520,3,1044.46,926.05,72.93,153.01,0.6480,-1,-1,-1
521,61,1732.87,633.55,88.58,213.93,0.5708,-1,-1,-1
521,60,394.08,199.02,56.81,171.27,0.2621,-1,-1,-1
521,50,1761.36,206.97,60.09,172.21,0.2779,-1,-1,-1
521,40,188.66,780.18,95.02,269.19,0.7919,-1,-1,-1
521,36,948.66,717.95,83.85,256.70,0.6594,-1,-1,-1
521,26,267.08,810.61,84.82,257.73,0.8145,-1,-1,-1
521,22,1039.89,735.67,75.62,200.68,0.6019,-1,-1,-1
521,17,467.53,147.91,55.51,157.41,0.3295,-1,-1,-1
521,6,828.58,607.75,66.79,253.57,0.6097,-1,-1,-1
521,4,1717.11,460.58,70.78,209.83,0.3707,-1,-1,-1
521,3,1044.54,927.79,72.88,151.75,0.6581,-1,-1,-1
522,61,1737.15,635.67,90.74,213.78,0.5516,-1,-1,-1
522,55,1712.43,312.40,86.16,181.56,0.3098,-1,-1,-1
522,50,1763.57,207.41,60.07,171.28,0.3362,-1,-1,-1
522,40,188.64,781.75,96.03,272.49,0.7774,-1,-1,-1
522,36,947.60,718.98,85.60,255.40,0.6858,-1,-1,-1
522,26,268.18,813.49,83.51,255.78,0.7976,-1,-1,-1
522,22,1040.79,739.20,76.48,203.51,0.6257,-1,-1,-1
522,17,468.16,143.87,54.73,160.98,0.3564,-1,-1,-1
522,6,828.19,606.76,66.62,254.45,0.6274,-1,-1,-1
522,4,1716.33,462.36,71.63,207.51,0.3264,-1,-1,-1
522,3,1044.33,929.40,72.53,150.44,0.6443,-1,-1,-1
523,67,1673.37,6.46,56.76,168.70,0.2516,-1,-1,-1
523,62,1860.78,212.61,58.39,193.76,0.2768,-1,-1,-1
523,61,1743.28,637.08,89.12,215.03,0.4906,-1,-1,-1
523,55,1711.92,312.96,76.35,180.78,0.3925,-1,-1,-1
523,50,1765.26,209.78,59.63,166.40,0.3799,-1,-1,-1
523,40,187.97,783.42,96.96,275.28,0.7729,-1,-1,-1
523,36,950.04,719.49,85.60,255.85,0.6350,-1,-1,-1
523,26,266.00,816.97,85.22,255.41,0.8010,-1,-1,-1
523,22,1044.72,739.92,72.81,208.64,0.6185,-1,-1,-1
523,17,467.36,130.58,57.45,176.26,0.3460,-1,-1,-1
523,6,828.51,607.66,66.39,253.96,0.6331,-1,-1,-1
523,4,1718.46,460.89,68.47,206.36,0.3886,-1,-1,-1
523,3,1044.30,929.64,72.16,149.64,0.6096,-1,-1,-1
524,67,1672.42,6.98,54.73,167.04,0.2635,-1,-1,-1
524,62,1861.74,213.51,57.30,193.40,0.2604,-1,-1,-1
524,61,1741.98,641.11,93.43,216.27,0.3413,-1,-1,-1
524,55,1711.40,308.78,73.45,193.70,0.4374,-1,-1,-1
524,50,1767.28,211.29,59.69,172.58,0.3885,-1,-1,-1
524,40,189.40,785.09,91.25,276.22,0.7697,-1,-1,-1
524,36,953.36,720.08,82.74,248.55,0.5981,-1,-1,-1
524,26,261.78,819.72,88.24,257.17,0.8096,-1,-1,-1
524,22,1044.66,742.74,74.63,221.99,0.6171,-1,-1,-1
524,6,827.12,608.39,66.22,252.89,0.6293,-1,-1,-1
524,4,1720.80,461.84,67.11,205.62,0.3750,-1,-1,-1
524,3,1044.38,930.47,71.40,148.77,0.5856,-1,-1,-1
525,68,456.06,0.00,61.39,144.09,0.2555,-1,-1,-1
525,61,1753.82,643.43,84.19,220.99,0.3493,-1,-1,-1
525,55,1710.06,307.50,72.69,190.42,0.4010,-1,-1,-1
525,50,1767.27,212.48,60.30,169.55,0.4603,-1,-1,-1
525,40,188.45,785.86,94.77,282.03,0.7711,-1,-1,-1
525,36,958.91,720.83,78.97,235.14,0.5090,-1,-1,-1
525,26,263.88,822.45,85.96,256.75,0.8099,-1,-1,-1
525,22,1045.44,743.09,75.95,228.57,0.6216,-1,-1,-1
525,17,464.59,124.40,58.98,181.63,0.2527,-1,-1,-1
525,6,827.06,607.84,66.50,253.10,0.6577,-1,-1,-1
525,4,1716.26,461.20,71.80,205.77,0.4629,-1,-1,-1
525,3,1043.97,931.93,72.68,147.97,0.5425,-1,-1,-1
526,55,1706.96,306.17,73.64,187.87,0.3910,-1,-1,-1
526,50,1767.29,211.35,62.71,180.83,0.4271,-1,-1,-1
526,40,188.96,788.32,92.19,280.93,0.7715,-1,-1,-1
526,36,959.94,718.07,75.05,248.46,0.4986,-1,-1,-1
526,32,778.66,136.16,56.89,184.16,0.2724,-1,-1,-1
526,26,260.30,824.97,88.93,254.12,0.8046,-1,-1,-1
526,22,1050.32,743.02,73.79,212.73,0.5208,-1,-1,-1
526,17,465.22,127.25,57.66,177.95,0.2723,-1,-1,-1
526,6,826.55,606.24,67.02,255.29,0.6678,-1,-1,-1
526,4,1714.22,460.12,74.64,206.31,0.4474,-1,-1,-1
526,3,1043.79,929.31,72.02,150.69,0.6021,-1,-1,-1
527,68,455.77,0.00,60.75,144.05,0.2626,-1,-1,-1
527,61,1760.24,648.00,84.70,219.94,0.2687,-1,-1,-1
527,60,385.95,198.17,62.72,183.25,0.3045,-1,-1,-1
527,55,1703.07,305.84,76.63,186.88,0.4031,-1,-1,-1
527,50,1766.51,214.04,65.30,175.93,0.4469,-1,-1,-1
527,40,188.97,788.70,92.68,283.57,0.7835,-1,-1,-1
527,36,958.99,723.66,77.38,243.74,0.4368,-1,-1,-1
527,32,778.20,140.54,56.20,179.71,0.3450,-1,-1,-1
527,26,259.35,827.14,89.24,251.28,0.7870,-1,-1,-1
527,22,1052.27,743.98,75.10,199.54,0.5253,-1,-1,-1
527,17,465.71,125.70,57.65,180.74,0.3052,-1,-1,-1
527,6,826.31,605.82,66.97,251.88,0.6685,-1,-1,-1
527,4,1714.87,460.43,74.73,206.10,0.4672,-1,-1,-1
527,3,1043.20,926.73,71.94,153.27,0.6515,-1,-1,-1
528,68,455.90,0.00,59.10,142.13,0.2565,-1,-1,-1
528,60,387.74,203.92,61.02,180.45,0.3124,-1,-1,-1
528,55,1700.37,305.96,76.99,186.05,0.4190,-1,-1,-1
528,50,1768.08,214.83,65.92,167.39,0.5172,-1,-1,-1
528,40,189.56,790.59,89.22,282.36,0.7787,-1,-1,-1
528,36,962.17,726.51,75.51,154.44,0.4192,-1,-1,-1
528,32,777.99,140.63,55.88,179.60,0.3183,-1,-1,-1
528,26,257.35,828.13,90.40,250.06,0.7952,-1,-1,-1
528,22,1053.87,744.97,75.63,197.16,0.5268,-1,-1,-1
528,17,467.51,126.22,56.03,181.50,0.3322,-1,-1,-1
528,6,826.06,605.43,67.22,252.38,0.6931,-1,-1,-1
528,4,1714.79,459.99,77.10,206.86,0.5028,-1,-1,-1
528,3,1043.27,923.26,70.01,156.74,0.6973,-1,-1,-1
529,68,455.66,0.00,58.63,143.45,0.2568,-1,-1,-1
529,60,387.96,202.26,60.50,188.28,0.3335,-1,-1,-1
529,55,1696.81,305.77,79.32,186.54,0.3177,-1,-1,-1
529,50,1766.75,212.98,67.72,175.21,0.5198,-1,-1,-1
529,40,191.17,791.79,87.47,281.13,0.7744,-1,-1,-1
529,36,963.93,728.95,77.76,258.86,0.4721,-1,-1,-1
529,32,773.63,142.52,62.10,178.55,0.3111,-1,-1,-1
529,26,257.21,829.06,89.04,247.89,0.7872,-1,-1,-1
529,22,1056.10,745.77,75.34,203.12,0.5672,-1,-1,-1
529,17,466.44,125.68,57.79,182.26,0.3414,-1,-1,-1
529,6,825.38,605.67,67.51,251.84,0.7107,-1,-1,-1
529,4,1714.90,460.45,77.52,206.77,0.5142,-1,-1,-1
529,3,1041.40,925.18,71.26,154.82,0.7091,-1,-1,-1
530,60,387.45,201.07,60.78,189.68,0.3478,-1,-1,-1
530,55,1695.55,307.53,78.25,181.51,0.3626,-1,-1,-1
530,50,1765.54,213.84,70.08,174.45,0.5135,-1,-1,-1
530,40,191.38,792.84,87.29,280.91,0.7637,-1,-1,-1
530,36,964.81,732.31,78.04,253.42,0.6289,-1,-1,-1
530,32,775.38,138.75,60.09,180.72,0.2865,-1,-1,-1
530,26,256.35,831.49,90.19,245.71,0.7869,-1,-1,-1
530,22,1055.99,747.91,76.86,199.23,0.5644,-1,-1,-1
530,17,464.04,125.35,60.05,176.09,0.2814,-1,-1,-1
530,6,823.49,604.85,67.15,251.86,0.7134,-1,-1,-1
530,4,1714.81,459.24,77.24,208.82,0.5290,-1,-1,-1
530,3,1039.98,927.69,72.41,152.31,0.6411,-1,-1,-1
531,60,374.88,196.15,73.01,195.48,0.4180,-1,-1,-1
531,55,1695.47,305.69,76.84,183.22,0.3709,-1,-1,-1
531,50,1764.16,214.34,71.66,173.42,0.5197,-1,-1,-1
531,40,191.65,794.89,87.01,278.97,0.7519,-1,-1,-1
531,36,965.63,732.94,78.34,253.36,0.6369,-1,-1,-1
531,32,775.71,137.05,59.21,181.59,0.2516,-1,-1,-1
531,26,256.80,832.65,89.17,245.23,0.7844,-1,-1,-1
531,22,1058.40,749.23,75.34,207.72,0.5978,-1,-1,-1
531,17,468.30,124.80,57.02,176.43,0.3100,-1,-1,-1
531,6,820.92,603.94,68.61,253.17,0.7079,-1,-1,-1
531,4,1715.29,460.66,76.65,206.81,0.5393,-1,-1,-1
531,3,1039.24,930.26,72.20,149.74,0.6538,-1,-1,-1
532,69,150.67,312.65,81.61,196.67,0.3073,-1,-1,-1
532,60,376.51,194.17,71.96,195.70,0.4125,-1,-1,-1
532,55,1697.32,304.99,74.64,185.66,0.3393,-1,-1,-1
532,50,1764.15,215.45,73.50,174.75,0.5172,-1,-1,-1
532,40,191.70,796.70,87.11,275.64,0.7767,-1,-1,-1
532,36,966.60,736.31,83.34,254.12,0.6745,-1,-1,-1
532,32,773.59,144.47,62.24,175.36,0.2504,-1,-1,-1
532,26,256.87,833.53,89.39,244.75,0.7899,-1,-1,-1
532,22,1058.36,750.59,76.56,211.14,0.6404,-1,-1,-1
532,17,468.57,122.26,57.42,181.19,0.3339,-1,-1,-1
532,6,817.77,603.08,70.15,251.34,0.7100,-1,-1,-1
532,4,1714.33,459.67,75.50,211.76,0.6018,-1,-1,-1
532,3,1039.67,937.32,71.27,142.68,0.6097,-1,-1,-1
533,69,149.26,312.81,83.10,193.07,0.2752,-1,-1,-1
533,60,376.67,196.11,71.26,195.44,0.3680,-1,-1,-1
533,55,1698.66,305.03,71.11,184.44,0.3678,-1,-1,-1
533,50,1765.31,218.81,72.88,172.16,0.4866,-1,-1,-1
533,40,190.23,798.03,90.50,273.73,0.7659,-1,-1,-1
533,36,968.43,739.21,86.40,248.27,0.6906,-1,-1,-1
533,32,771.91,143.89,63.53,175.15,0.2572,-1,-1,-1
533,26,256.66,835.04,89.27,243.84,0.7916,-1,-1,-1
533,22,1060.40,753.46,76.93,211.00,0.6017,-1,-1,-1
533,17,467.43,124.37,58.31,179.80,0.2680,-1,-1,-1
533,6,813.02,602.56,70.02,254.56,0.7123,-1,-1,-1
533,4,1714.53,458.42,74.86,211.32,0.6043,-1,-1,-1
533,3,1039.22,945.95,71.42,134.05,0.5307,-1,-1,-1
534,69,131.72,311.75,99.26,190.06,0.3533,-1,-1,-1
534,60,382.60,198.43,67.11,192.03,0.3671,-1,-1,-1
534,55,1696.49,303.35,71.53,184.84,0.4175,-1,-1,-1
534,50,1765.87,220.05,74.16,170.50,0.5259,-1,-1,-1
534,40,189.75,799.46,92.32,270.13,0.7756,-1,-1,-1
534,36,966.99,740.60,89.09,248.01,0.6801,-1,-1,-1
534,32,773.80,145.53,62.37,172.65,0.2546,-1,-1,-1
534,26,256.83,836.31,90.02,241.76,0.7829,-1,-1,-1
534,22,1064.02,755.11,73.45,215.22,0.5560,-1,-1,-1
534,17,467.36,123.25,56.74,174.42,0.3691,-1,-1,-1
534,6,809.17,601.21,71.00,257.02,0.7302,-1,-1,-1
534,4,1713.18,458.85,76.62,210.53,0.5891,-1,-1,-1
534,3,1037.84,949.08,72.67,130.92,0.4481,-1,-1,-1
535,69,139.75,311.62,92.99,188.22,0.3306,-1,-1,-1
535,60,387.63,201.51,63.33,188.23,0.4044,-1,-1,-1
535,55,1694.45,299.72,73.26,187.83,0.3244,-1,-1,-1
535,50,1765.95,222.37,73.11,168.75,0.4706,-1,-1,-1
535,40,189.38,799.50,94.76,271.83,0.7963,-1,-1,-1
535,36,968.23,743.04,88.29,246.51,0.6598,-1,-1,-1
535,32,774.71,150.96,61.27,168.64,0.2677,-1,-1,-1
535,26,256.90,837.35,90.32,240.22,0.7886,-1,-1,-1
535,22,1060.59,757.78,78.40,227.74,0.4517,-1,-1,-1
535,17,465.07,118.96,60.63,174.78,0.2772,-1,-1,-1
535,6,804.32,599.86,73.40,254.55,0.7453,-1,-1,-1
535,4,1714.05,457.03,75.04,213.04,0.6184,-1,-1,-1
535,3,1037.16,955.23,73.17,124.77,0.2572,-1,-1,-1
536,69,140.73,309.83,91.71,189.37,0.4302,-1,-1,-1
536,60,389.85,199.01,62.07,191.36,0.3947,-1,-1,-1
536,55,1694.23,300.04,72.03,187.41,0.3119,-1,-1,-1
536,50,1765.57,222.95,73.46,167.82,0.5129,-1,-1,-1
536,40,190.03,800.39,94.14,275.41,0.8008,-1,-1,-1
536,39,1577.40,597.81,78.46,235.96,0.2941,-1,-1,-1
536,36,972.79,742.77,86.50,251.77,0.6400,-1,-1,-1
536,26,257.50,838.68,88.42,239.37,0.7893,-1,-1,-1
536,22,1061.90,761.53,77.88,221.27,0.4687,-1,-1,-1
536,17,466.02,125.58,58.81,166.94,0.2826,-1,-1,-1
536,6,802.27,599.82,73.24,253.38,0.7303,-1,-1,-1
536,4,1714.61,458.94,75.01,210.22,0.6238,-1,-1,-1
537,69,142.31,309.49,90.78,189.66,0.4436,-1,-1,-1
537,60,389.44,199.99,62.43,189.69,0.4268,-1,-1,-1
537,55,1693.03,296.99,70.93,190.96,0.2928,-1,-1,-1
537,50,1767.80,223.42,72.72,167.72,0.5020,-1,-1,-1
537,40,191.67,801.36,92.73,278.52,0.7857,-1,-1,-1
537,39,1575.83,597.82,81.01,235.52,0.2558,-1,-1,-1
537,36,972.36,745.92,90.08,247.76,0.6559,-1,-1,-1
537,32,775.93,140.22,61.55,178.82,0.2524,-1,-1,-1
537,26,257.67,841.11,86.84,237.51,0.7762,-1,-1,-1
537,22,1064.85,762.71,75.57,227.74,0.5256,-1,-1,-1
537,6,797.62,599.93,76.93,255.40,0.7277,-1,-1,-1
537,4,1715.96,460.41,73.95,209.80,0.6184,-1,-1,-1
538,69,144.69,309.57,90.28,188.60,0.3820,-1,-1,-1
538,60,390.10,195.32,61.49,195.42,0.3632,-1,-1,-1
538,55,1690.35,296.29,68.41,190.71,0.3835,-1,-1,-1
538,50,1771.61,223.53,67.26,167.35,0.5211,-1,-1,-1
538,40,192.95,802.98,91.88,277.02,0.7958,-1,-1,-1
538,36,974.75,747.59,90.31,245.25,0.6987,-1,-1,-1
538,26,256.20,844.26,87.77,235.38,0.7832,-1,-1,-1
538,22,1061.78,764.99,78.58,225.63,0.5722,-1,-1,-1
538,6,797.06,600.43,77.78,254.29,0.7362,-1,-1,-1
538,4,1717.12,460.90,72.27,208.71,0.6259,-1,-1,-1
538,3,1031.18,943.49,79.16,136.51,0.3104,-1,-1,-1
539,70,1487.98,0.01,54.15,137.84,0.2728,-1,-1,-1
539,69,146.00,309.36,89.92,188.28,0.2820,-1,-1,-1
539,60,389.96,190.37,61.06,201.22,0.4188,-1,-1,-1
539,55,1688.45,293.76,71.42,195.34,0.3628,-1,-1,-1
539,50,1774.97,224.69,64.31,166.30,0.4940,-1,-1,-1
539,40,193.36,804.89,91.78,275.11,0.7848,-1,-1,-1
539,36,975.67,748.66,89.32,243.98,0.7034,-1,-1,-1
539,32,776.98,125.70,65.67,194.95,0.2542,-1,-1,-1
539,26,254.24,846.76,88.60,232.97,0.7834,-1,-1,-1
539,22,1060.04,767.52,81.96,228.18,0.6099,-1,-1,-1
539,6,794.85,599.97,77.76,255.01,0.7298,-1,-1,-1
539,4,1716.08,460.31,73.65,209.00,0.6109,-1,-1,-1
539,3,1029.10,940.16,81.13,139.84,0.5011,-1,-1,-1
540,70,1488.02,0.35,55.51,138.49,0.2569,-1,-1,-1
540,69,145.54,308.22,90.68,189.29,0.2891,-1,-1,-1
540,60,390.82,185.88,59.38,205.75,0.4426,-1,-1,-1
540,55,1684.09,290.81,72.11,196.92,0.4190,-1,-1,-1
540,50,1775.32,224.94,63.51,166.59,0.4515,-1,-1,-1
540,40,192.98,806.19,92.02,272.99,0.7669,-1,-1,-1
540,36,977.80,748.77,89.18,242.27,0.6749,-1,-1,-1
540,26,254.06,848.95,86.94,229.10,0.7685,-1,-1,-1
540,22,1061.86,769.37,81.41,219.99,0.5428,-1,-1,-1
540,6,792.40,599.79,79.36,254.05,0.7461,-1,-1,-1
540,4,1716.11,459.22,73.51,210.12,0.6302,-1,-1,-1
540,3,1029.20,944.38,80.74,135.62,0.3961,-1,-1,-1
541,67,1659.64,0.00,55.21,159.21,0.2899,-1,-1,-1
541,60,389.95,187.04,60.19,207.06,0.4698,-1,-1,-1
541,55,1678.06,287.91,76.72,198.82,0.4101,-1,-1,-1
541,50,1776.49,225.62,63.15,166.44,0.4486,-1,-1,-1
541,40,196.82,809.41,89.61,270.26,0.7774,-1,-1,-1
541,36,982.21,750.93,84.85,237.87,0.6863,-1,-1,-1
541,32,775.39,89.75,72.40,232.77,0.3062,-1,-1,-1
541,26,254.83,850.46,86.53,228.30,0.7679,-1,-1,-1
541,22,1053.49,769.77,89.37,223.03,0.6332,-1,-1,-1
541,6,792.25,599.94,78.59,251.62,0.7224,-1,-1,-1
541,4,1716.39,458.63,73.24,209.86,0.6418,-1,-1,-1
541,3,1027.35,939.16,82.54,140.84,0.5405,-1,-1,-1
542,67,1658.93,0.00,57.00,158.46,0.2951,-1,-1,-1
542,60,390.85,190.96,57.67,204.04,0.3992,-1,-1,-1
542,55,1675.68,284.43,80.00,202.54,0.4374,-1,-1,-1
542,50,1777.70,227.36,62.47,164.89,0.4330,-1,-1,-1
542,40,201.09,810.69,86.33,269.31,0.7556,-1,-1,-1
542,36,985.91,750.87,80.42,239.42,0.6709,-1,-1,-1
542,32,775.31,91.83,74.23,229.99,0.3013,-1,-1,-1
542,26,256.65,852.77,83.78,226.74,0.7471,-1,-1,-1
542,22,1069.49,771.36,75.27,223.99,0.5659,-1,-1,-1
542,17,462.36,112.34,58.64,170.66,0.2742,-1,-1,-1
542,6,790.54,599.13,78.28,251.88,0.7130,-1,-1,-1
542,4,1715.78,457.82,73.81,210.97,0.5990,-1,-1,-1
542,3,1031.40,949.58,77.50,130.42,0.3618,-1,-1,-1
543,67,1659.06,0.22,55.10,158.21,0.2713,-1,-1,-1
543,60,390.73,210.13,55.57,186.53,0.3012,-1,-1,-1
543,55,1671.85,283.85,82.98,202.58,0.4388,-1,-1,-1
543,50,1779.74,227.35,61.38,166.19,0.4206,-1,-1,-1
543,40,203.53,811.76,85.38,268.24,0.7123,-1,-1,-1
543,36,988.92,753.18,81.10,230.79,0.6381,-1,-1,-1
543,32,777.88,89.87,72.62,231.19,0.3145,-1,-1,-1
543,26,256.53,857.69,82.01,222.11,0.7140,-1,-1,-1
543,22,1070.74,772.08,75.17,228.79,0.5954,-1,-1,-1
543,6,787.93,599.23,80.74,251.54,0.7077,-1,-1,-1
543,4,1714.68,456.57,75.43,212.08,0.5707,-1,-1,-1
543,3,1030.02,945.28,78.84,134.72,0.4407,-1,-1,-1
544,67,1658.96,0.00,55.07,156.20,0.2721,-1,-1,-1
544,60,390.69,201.44,56.86,195.41,0.3193,-1,-1,-1
544,55,1669.37,283.74,85.39,202.34,0.4205,-1,-1,-1
544,50,1780.44,227.87,61.07,166.44,0.4224,-1,-1,-1
544,40,206.53,813.06,83.84,266.94,0.7179,-1,-1,-1
544,36,987.16,755.42,86.22,225.48,0.6524,-1,-1,-1
544,32,778.90,86.94,71.98,233.42,0.3597,-1,-1,-1
544,26,256.19,862.80,82.42,215.96,0.6975,-1,-1,-1
544,22,1071.15,772.54,76.94,226.91,0.5996,-1,-1,-1
544,6,783.90,598.91,83.13,252.46,0.7251,-1,-1,-1
544,4,1714.08,456.98,75.94,212.16,0.5611,-1,-1,-1
544,3,1027.38,943.87,81.68,136.13,0.4521,-1,-1,-1
545,60,390.79,212.81,56.57,187.28,0.3663,-1,-1,-1
545,55,1665.54,284.24,88.22,200.42,0.3904,-1,-1,-1
545,50,1784.25,227.46,58.80,170.82,0.4189,-1,-1,-1
545,40,208.55,814.75,82.38,265.25,0.6980,-1,-1,-1
545,36,991.45,756.97,82.80,224.97,0.6540,-1,-1,-1
545,32,777.44,86.60,72.82,234.42,0.3535,-1,-1,-1
545,26,253.29,866.16,84.13,212.78,0.7242,-1,-1,-1
545,22,1069.79,775.89,79.63,225.00,0.5959,-1,-1,-1
545,6,775.42,598.38,90.71,253.61,0.7366,-1,-1,-1
545,4,1713.39,458.47,76.06,208.59,0.6117,-1,-1,-1
545,3,1017.81,942.30,90.33,137.70,0.5473,-1,-1,-1
546,70,1489.01,2.01,56.62,137.97,0.2620,-1,-1,-1
546,67,1658.43,0.00,54.75,149.57,0.2688,-1,-1,-1
546,60,391.35,179.60,56.59,222.53,0.2921,-1,-1,-1
546,55,1666.54,284.28,86.94,200.95,0.3898,-1,-1,-1
546,50,1787.12,229.67,56.80,170.57,0.3928,-1,-1,-1
546,40,209.80,815.71,82.67,264.29,0.6789,-1,-1,-1
546,36,992.46,759.54,84.71,226.05,0.6302,-1,-1,-1
546,32,779.27,85.14,71.25,234.71,0.4346,-1,-1,-1
546,26,251.83,868.79,83.69,210.90,0.7190,-1,-1,-1
546,22,1072.89,776.78,78.56,228.04,0.6105,-1,-1,-1
546,6,770.73,598.42,93.61,253.03,0.7463,-1,-1,-1
546,4,1711.03,457.44,78.97,211.27,0.6232,-1,-1,-1
546,3,1021.26,942.71,85.94,137.29,0.5615,-1,-1,-1
547,70,1489.03,1.89,56.59,138.51,0.2787,-1,-1,-1
547,67,1658.85,0.00,53.07,151.11,0.2882,-1,-1,-1
547,60,388.62,218.81,57.67,185.26,0.2814,-1,-1,-1
547,55,1660.47,285.53,91.50,196.90,0.3396,-1,-1,-1
547,50,1788.36,231.91,58.59,171.90,0.3928,-1,-1,-1
547,40,211.17,817.37,82.94,262.63,0.6816,-1,-1,-1
547,36,995.06,761.82,85.76,218.96,0.6357,-1,-1,-1
547,32,778.61,85.38,72.51,235.04,0.4520,-1,-1,-1
547,26,251.95,872.58,84.03,207.42,0.6903,-1,-1,-1
547,22,1074.43,779.24,78.44,230.48,0.6290,-1,-1,-1
547,6,770.98,597.92,93.18,255.43,0.7607,-1,-1,-1
547,4,1711.78,456.95,83.54,211.32,0.5930,-1,-1,-1
547,3,1027.75,944.79,79.71,135.21,0.5314,-1,-1,-1
548,70,1489.50,2.23,55.55,138.89,0.2717,-1,-1,-1
548,60,383.78,218.47,62.27,187.91,0.3728,-1,-1,-1
548,55,1660.47,285.47,92.13,196.17,0.3620,-1,-1,-1
548,50,1788.88,235.33,61.07,173.82,0.4260,-1,-1,-1
548,40,212.64,818.46,81.37,261.54,0.6490,-1,-1,-1
548,36,993.88,765.94,87.31,216.50,0.6602,-1,-1,-1
548,32,779.25,83.88,72.09,238.36,0.4324,-1,-1,-1
548,26,252.08,875.33,80.71,204.67,0.6881,-1,-1,-1
548,22,1066.75,781.59,88.67,238.37,0.6418,-1,-1,-1
548,6,769.53,598.15,93.84,256.04,0.7462,-1,-1,-1
548,4,1716.55,458.77,73.76,210.67,0.5880,-1,-1,-1
548,3,1026.57,938.26,80.49,141.74,0.5493,-1,-1,-1
549,70,1491.10,2.32,53.94,138.80,0.2678,-1,-1,-1
549,69,183.90,300.54,67.66,199.22,0.3119,-1,-1,-1
549,60,386.91,226.07,56.46,182.00,0.4235,-1,-1,-1
549,55,1659.27,284.78,94.76,198.60,0.3836,-1,-1,-1
549,50,1790.25,236.75,61.98,174.61,0.3906,-1,-1,-1
549,40,213.63,819.99,82.00,260.01,0.5253,-1,-1,-1
549,36,996.97,768.68,83.03,211.30,0.5853,-1,-1,-1
549,32,779.78,84.92,70.86,235.78,0.4420,-1,-1,-1
549,26,249.17,873.00,81.09,207.00,0.6310,-1,-1,-1
549,22,1068.34,783.42,87.37,243.76,0.6422,-1,-1,-1
549,6,769.62,599.31,92.94,254.11,0.7491,-1,-1,-1
549,4,1721.50,459.23,68.36,208.48,0.6298,-1,-1,-1
549,3,1024.35,934.37,82.88,145.63,0.5256,-1,-1,-1
550,70,1490.88,2.60,54.38,136.46,0.2697,-1,-1,-1
550,69,185.23,300.53,66.23,200.51,0.2678,-1,-1,-1
550,60,383.44,229.22,60.79,177.95,0.3813,-1,-1,-1
550,55,1659.07,283.91,93.60,197.11,0.4006,-1,-1,-1
550,50,1794.09,235.79,58.77,175.43,0.4181,-1,-1,-1
550,40,215.11,822.08,82.92,257.92,0.4104,-1,-1,-1
550,36,999.27,773.19,79.45,196.99,0.5129,-1,-1,-1
550,32,782.40,85.22,70.02,236.24,0.4441,-1,-1,-1
550,26,246.88,873.53,81.41,206.47,0.5717,-1,-1,-1
550,22,1067.96,786.97,89.49,244.67,0.5965,-1,-1,-1
550,6,767.38,600.06,94.40,252.71,0.7335,-1,-1,-1
550,4,1718.59,458.47,71.45,210.00,0.6135,-1,-1,-1
550,3,1023.81,934.78,82.51,145.22,0.5168,-1,-1,-1
551,60,380.99,225.24,62.91,182.60,0.4700,-1,-1,-1
551,55,1660.64,281.93,92.21,203.23,0.4092,-1,-1,-1
551,50,1795.78,235.78,58.26,176.04,0.4393,-1,-1,-1
551,40,217.70,823.55,85.82,256.45,0.3528,-1,-1,-1
551,36,1002.88,773.03,78.79,187.17,0.4897,-1,-1,-1
551,32,781.93,84.92,70.68,236.68,0.4781,-1,-1,-1
551,26,239.06,874.02,89.48,205.98,0.5714,-1,-1,-1
551,22,1076.40,790.18,85.15,241.17,0.5686,-1,-1,-1
551,6,767.01,598.52,92.59,255.26,0.7296,-1,-1,-1
551,4,1721.11,459.27,68.67,209.03,0.6049,-1,-1,-1
551,3,1018.79,936.70,86.84,143.30,0.5712,-1,-1,-1
552,60,379.98,225.24,64.55,182.36,0.4156,-1,-1,-1
552,55,1662.11,280.86,88.07,211.00,0.3969,-1,-1,-1
552,50,1796.98,236.70,57.86,176.60,0.3955,-1,-1,-1
552,36,1007.70,775.51,76.16,175.41,0.4713,-1,-1,-1
552,32,784.56,83.49,70.40,237.89,0.4580,-1,-1,-1
552,26,233.55,874.73,94.24,205.27,0.6562,-1,-1,-1
552,22,1073.15,793.16,91.46,240.43,0.5722,-1,-1,-1
552,6,766.71,597.90,91.96,254.08,0.7421,-1,-1,-1
552,4,1724.59,458.29,64.84,208.57,0.6074,-1,-1,-1
552,3,1012.04,934.32,92.18,145.68,0.5272,-1,-1,-1
553,60,380.08,222.29,65.02,184.64,0.4129,-1,-1,-1
553,55,1661.66,278.64,89.25,220.67,0.3755,-1,-1,-1
553,50,1799.10,236.89,57.90,175.70,0.3756,-1,-1,-1
553,36,1010.60,777.94,73.16,165.33,0.5102,-1,-1,-1
553,32,786.36,85.06,71.10,234.24,0.4192,-1,-1,-1
553,26,234.48,875.55,91.73,204.45,0.6735,-1,-1,-1
553,22,1072.74,795.03,95.87,243.53,0.5789,-1,-1,-1
553,6,766.45,595.74,91.77,254.42,0.7523,-1,-1,-1
553,4,1722.25,458.84,67.09,208.03,0.5768,-1,-1,-1
553,3,995.54,927.91,109.58,151.87,0.5365,-1,-1,-1
554,70,1488.42,2.62,57.57,144.61,0.2601,-1,-1,-1
554,60,377.27,219.12,66.97,187.19,0.5276,-1,-1,-1
554,55,1664.06,276.48,83.07,206.04,0.4117,-1,-1,-1
554,50,1803.25,236.26,55.94,175.85,0.3028,-1,-1,-1
554,36,1009.22,781.50,71.76,167.60,0.3099,-1,-1,-1
554,32,788.58,85.53,71.52,233.27,0.4262,-1,-1,-1
554,26,232.29,832.65,95.17,247.35,0.6368,-1,-1,-1
554,22,1082.42,797.19,90.33,242.02,0.5156,-1,-1,-1
554,6,766.76,595.70,87.95,251.37,0.7513,-1,-1,-1
554,4,1722.56,459.08,66.85,207.74,0.5982,-1,-1,-1
554,3,1004.34,780.55,97.09,299.29,0.2794,-1,-1,-1
555,67,1659.81,0.01,56.62,145.79,0.2509,-1,-1,-1
555,60,376.83,217.72,66.03,189.24,0.5316,-1,-1,-1
555,55,1668.44,275.74,78.61,196.17,0.4649,-1,-1,-1
555,50,1804.53,236.53,58.64,176.62,0.2968,-1,-1,-1
555,36,1013.71,781.87,72.36,160.84,0.3536,-1,-1,-1
555,32,787.17,84.48,74.67,234.72,0.4004,-1,-1,-1
555,26,232.82,834.32,96.63,245.68,0.7005,-1,-1,-1
555,22,1087.84,798.88,85.12,238.29,0.6161,-1,-1,-1
555,17,457.31,93.07,59.88,176.80,0.2867,-1,-1,-1
555,6,764.91,595.98,88.72,251.08,0.7342,-1,-1,-1
555,4,1722.92,457.07,66.26,209.58,0.6000,-1,-1,-1
555,3,1005.52,928.52,100.19,151.48,0.3213,-1,-1,-1
556,70,1488.00,2.69,57.23,145.89,0.2723,-1,-1,-1
556,60,377.60,220.34,65.84,189.69,0.5020,-1,-1,-1
556,55,1667.34,273.73,76.12,193.81,0.4878,-1,-1,-1
556,50,1806.93,236.68,61.24,174.92,0.3255,-1,-1,-1
556,36,1015.65,784.53,71.10,185.90,0.3026,-1,-1,-1
556,32,787.79,86.05,74.79,232.41,0.4123,-1,-1,-1
556,26,237.29,877.22,91.97,202.50,0.6126,-1,-1,-1
556,22,1095.86,799.04,81.32,238.71,0.5739,-1,-1,-1
556,17,456.33,91.71,63.24,180.06,0.2848,-1,-1,-1
556,6,762.97,593.71,87.52,250.20,0.7562,-1,-1,-1
556,4,1723.41,455.89,64.98,207.92,0.6182,-1,-1,-1
556,3,1014.92,783.96,93.89,295.88,0.4632,-1,-1,-1
557,60,375.57,222.84,67.79,186.19,0.5117,-1,-1,-1
557,55,1668.67,273.74,78.48,194.42,0.5165,-1,-1,-1
557,50,1806.10,237.18,62.09,173.60,0.3462,-1,-1,-1
557,36,1012.35,785.69,90.48,292.60,0.4510,-1,-1,-1
557,32,789.79,84.71,72.13,233.34,0.4478,-1,-1,-1
557,26,238.98,837.17,94.91,242.81,0.7366,-1,-1,-1
557,22,1101.50,800.57,78.22,235.31,0.5544,-1,-1,-1
557,6,760.62,593.73,86.88,246.84,0.7161,-1,-1,-1
557,4,1724.51,457.95,67.42,206.78,0.6176,-1,-1,-1
558,70,1487.79,3.16,56.28,145.22,0.2684,-1,-1,-1
558,60,375.72,223.07,67.48,187.87,0.5429,-1,-1,-1
558,55,1669.24,271.43,75.60,193.67,0.5498,-1,-1,-1
558,50,1811.30,236.94,61.98,175.20,0.3607,-1,-1,-1
558,36,1012.94,785.34,89.52,293.66,0.5364,-1,-1,-1
558,32,791.65,84.04,70.78,235.30,0.4344,-1,-1,-1
558,26,239.36,837.93,99.02,242.07,0.7196,-1,-1,-1
558,22,1102.00,800.26,80.41,233.97,0.6038,-1,-1,-1
558,17,459.16,92.45,58.85,181.96,0.2715,-1,-1,-1
558,6,757.21,594.13,87.10,243.91,0.7111,-1,-1,-1
558,4,1720.88,455.82,67.29,210.08,0.6839,-1,-1,-1
559,70,1487.43,2.94,55.92,145.27,0.2532,-1,-1,-1
559,60,375.14,225.62,67.65,187.01,0.5573,-1,-1,-1
559,55,1669.68,271.93,74.89,194.06,0.5373,-1,-1,-1
559,50,1814.52,237.01,60.48,174.51,0.3662,-1,-1,-1
559,32,792.05,82.79,69.37,237.27,0.3930,-1,-1,-1
559,26,239.66,889.27,95.85,190.73,0.7283,-1,-1,-1
559,22,1101.42,801.47,84.75,233.52,0.6070,-1,-1,-1
559,17,460.43,92.56,57.78,178.43,0.2649,-1,-1,-1
559,6,754.76,593.39,82.43,242.70,0.6849,-1,-1,-1
559,4,1725.30,458.36,65.16,205.17,0.6567,-1,-1,-1
559,3,1018.80,785.55,75.04,198.37,0.4999,-1,-1,-1
560,70,1487.35,3.05,55.48,144.91,0.2647,-1,-1,-1
560,60,373.68,225.66,67.11,189.39,0.5485,-1,-1,-1
560,55,1668.02,271.19,74.98,192.75,0.5487,-1,-1,-1
560,50,1817.45,237.22,58.50,176.06,0.3581,-1,-1,-1
560,36,1004.04,937.54,94.72,142.46,0.2651,-1,-1,-1
560,32,794.32,94.22,66.09,224.58,0.4046,-1,-1,-1
560,26,240.40,890.94,93.54,189.06,0.7417,-1,-1,-1
560,22,1102.65,801.83,84.68,232.49,0.5579,-1,-1,-1
560,17,461.62,92.23,57.23,180.12,0.3290,-1,-1,-1
560,6,752.31,590.70,79.62,244.74,0.6905,-1,-1,-1
560,4,1725.94,458.96,64.72,202.36,0.6613,-1,-1,-1
560,3,1018.67,786.40,80.00,198.40,0.5256,-1,-1,-1
561,70,1486.28,3.29,56.63,144.23,0.2685,-1,-1,-1
561,60,373.81,228.14,66.91,187.80,0.5732,-1,-1,-1
561,55,1666.59,271.31,75.70,192.91,0.5645,-1,-1,-1
561,50,1818.43,237.79,61.11,177.25,0.3351,-1,-1,-1
561,32,794.81,80.96,66.15,237.70,0.4368,-1,-1,-1
561,26,243.13,894.98,91.23,184.91,0.6748,-1,-1,-1
561,22,1104.66,802.99,82.57,232.32,0.5992,-1,-1,-1
561,17,462.41,92.84,56.96,174.55,0.3460,-1,-1,-1
561,6,749.58,590.98,74.02,242.00,0.6934,-1,-1,-1
561,4,1724.23,458.17,63.60,203.44,0.6695,-1,-1,-1
561,3,1018.51,787.76,78.84,199.02,0.4820,-1,-1,-1
562,60,373.44,231.18,67.77,186.21,0.5960,-1,-1,-1
562,55,1663.72,270.76,77.40,192.08,0.5676,-1,-1,-1
562,50,1820.21,238.05,62.37,180.36,0.3340,-1,-1,-1
562,36,991.86,938.98,104.05,140.58,0.6197,-1,-1,-1
562,32,793.85,78.74,67.57,239.15,0.4271,-1,-1,-1
562,26,244.40,898.51,91.88,180.91,0.6625,-1,-1,-1
562,22,1105.18,805.45,86.34,235.12,0.6009,-1,-1,-1
562,17,464.64,93.09,54.79,168.29,0.2765,-1,-1,-1
562,6,747.17,593.31,71.32,235.76,0.6950,-1,-1,-1
562,4,1722.89,456.82,63.95,206.67,0.6459,-1,-1,-1
562,3,1017.57,791.15,81.27,197.19,0.6256,-1,-1,-1
563,60,375.35,234.58,66.48,184.68,0.5623,-1,-1,-1
563,55,1663.24,270.48,75.85,188.99,0.5077,-1,-1,-1
563,50,1819.83,242.31,62.81,176.88,0.3139,-1,-1,-1
563,40,267.29,841.39,84.13,230.38,0.5087,-1,-1,-1
563,36,988.95,936.06,106.58,142.78,0.5192,-1,-1,-1
563,32,795.32,78.91,66.41,239.79,0.3973,-1,-1,-1
563,26,245.14,902.46,82.15,177.46,0.6872,-1,-1,-1
563,22,1106.05,809.54,88.73,236.90,0.5829,-1,-1,-1
563,17,466.23,90.56,53.16,169.84,0.2631,-1,-1,-1
563,6,740.71,590.82,75.54,241.72,0.7020,-1,-1,-1
563,4,1720.67,456.25,72.71,207.67,0.6365,-1,-1,-1
563,3,1017.15,793.46,85.47,224.06,0.5470,-1,-1,-1
564,60,375.31,234.27,66.10,189.83,0.6127,-1,-1,-1
564,55,1663.49,269.62,74.61,189.04,0.5102,-1,-1,-1
564,50,1821.83,242.73,66.52,179.17,0.3454,-1,-1,-1
564,40,268.52,842.77,86.81,230.18,0.5922,-1,-1,-1
564,39,1586.46,604.64,85.54,223.24,0.2575,-1,-1,-1
564,36,986.13,935.96,110.01,142.79,0.5760,-1,-1,-1
564,32,796.16,77.00,67.51,242.19,0.4452,-1,-1,-1
564,26,246.42,905.56,79.80,174.40,0.7046,-1,-1,-1
564,22,1106.01,811.91,87.08,242.66,0.5647,-1,-1,-1
564,17,467.07,90.65,53.28,168.14,0.2923,-1,-1,-1
564,6,735.26,589.65,78.76,243.01,0.6928,-1,-1,-1
564,4,1720.35,453.76,69.08,208.90,0.6449,-1,-1,-1
564,3,1020.35,796.53,82.07,253.10,0.5989,-1,-1,-1
565,60,375.56,235.71,64.30,191.34,0.6525,-1,-1,-1
565,55,1664.71,268.80,73.02,190.20,0.4920,-1,-1,-1
565,50,1823.35,245.45,67.03,176.03,0.3830,-1,-1,-1
565,40,268.90,843.98,92.27,231.83,0.5831,-1,-1,-1
565,39,1586.21,599.52,87.14,228.50,0.3109,-1,-1,-1
565,36,984.93,936.81,107.17,141.40,0.4406,-1,-1,-1
565,32,796.75,75.82,68.16,244.10,0.4429,-1,-1,-1
565,26,248.33,906.44,79.59,173.21,0.7140,-1,-1,-1
565,22,1106.05,814.25,89.63,243.06,0.6163,-1,-1,-1
565,17,471.08,90.26,50.03,168.72,0.2748,-1,-1,-1
565,6,733.42,589.30,79.40,242.65,0.6088,-1,-1,-1
565,4,1718.99,456.76,75.39,207.49,0.6396,-1,-1,-1
565,3,1019.59,798.11,87.13,267.58,0.6415,-1,-1,-1
566,60,375.61,235.09,63.83,191.79,0.6637,-1,-1,-1
566,55,1666.99,270.21,68.19,184.98,0.5110,-1,-1,-1
566,50,1824.74,246.91,67.73,171.53,0.4077,-1,-1,-1
566,40,270.18,846.43,98.99,232.27,0.6398,-1,-1,-1
566,39,1580.11,603.48,93.57,225.68,0.3020,-1,-1,-1
566,36,984.66,932.74,104.28,146.51,0.5269,-1,-1,-1
566,32,797.26,76.38,68.26,242.77,0.4451,-1,-1,-1
566,26,248.75,908.70,79.65,171.30,0.7454,-1,-1,-1
566,22,1101.08,817.33,95.49,243.91,0.6225,-1,-1,-1
566,17,473.10,89.95,48.78,168.07,0.2925,-1,-1,-1
566,6,734.00,590.80,76.42,240.49,0.6121,-1,-1,-1
566,4,1717.81,456.19,76.13,208.41,0.6360,-1,-1,-1
566,3,1021.66,801.25,85.87,266.70,0.5941,-1,-1,-1
567,60,374.95,236.36,63.68,191.46,0.6656,-1,-1,-1
567,55,1668.65,270.28,64.97,181.19,0.5400,-1,-1,-1
567,50,1825.32,249.38,67.61,170.50,0.4120,-1,-1,-1
567,40,270.07,848.08,104.65,231.79,0.6444,-1,-1,-1
567,39,1573.30,588.47,103.22,236.64,0.5716,-1,-1,-1
567,36,985.32,931.54,100.88,146.93,0.6049,-1,-1,-1
567,32,796.03,77.24,70.45,241.92,0.4447,-1,-1,-1
567,26,249.05,910.93,79.14,169.07,0.7539,-1,-1,-1
567,22,1113.41,820.09,84.21,240.17,0.4847,-1,-1,-1
567,17,473.96,90.10,49.00,167.83,0.3047,-1,-1,-1
567,6,730.33,590.69,78.50,242.87,0.5700,-1,-1,-1
567,4,1716.51,457.00,79.65,210.04,0.6469,-1,-1,-1
567,3,1026.72,805.55,81.81,257.90,0.4885,-1,-1,-1
568,60,375.53,237.81,63.70,190.21,0.6407,-1,-1,-1
568,55,1669.37,270.58,62.12,182.15,0.5743,-1,-1,-1
568,50,1825.09,252.06,67.46,171.36,0.3848,-1,-1,-1
568,40,271.45,849.28,106.91,230.21,0.6574,-1,-1,-1
568,39,1565.33,587.88,111.83,237.08,0.4058,-1,-1,-1
568,36,985.38,933.57,99.72,143.70,0.3816,-1,-1,-1
568,32,794.75,75.75,73.20,243.64,0.4731,-1,-1,-1
568,26,248.74,912.79,81.03,167.21,0.7602,-1,-1,-1
568,22,1113.27,822.12,84.84,239.95,0.4964,-1,-1,-1
568,6,730.53,589.02,76.60,244.73,0.6221,-1,-1,-1
568,4,1716.66,456.59,77.52,210.41,0.6968,-1,-1,-1
568,3,1027.11,808.92,83.79,259.61,0.4819,-1,-1,-1
569,60,374.96,236.56,66.02,192.96,0.6376,-1,-1,-1
569,55,1667.71,266.91,62.08,184.84,0.5481,-1,-1,-1
569,50,1826.42,253.09,67.31,173.11,0.3850,-1,-1,-1
569,40,277.76,851.32,106.64,228.39,0.6479,-1,-1,-1
569,39,1570.06,595.77,109.26,230.44,0.4384,-1,-1,-1
569,36,988.33,934.34,91.66,143.48,0.2892,-1,-1,-1
569,32,795.97,74.65,72.70,244.93,0.4438,-1,-1,-1
569,26,248.84,914.19,81.19,165.81,0.7550,-1,-1,-1
569,22,1115.49,825.33,83.07,239.58,0.4756,-1,-1,-1
569,17,475.13,89.21,50.74,162.13,0.2704,-1,-1,-1
569,6,726.09,587.92,80.01,246.20,0.6255,-1,-1,-1
569,4,1715.51,457.51,78.72,209.65,0.6941,-1,-1,-1
569,3,1032.62,810.09,82.47,263.47,0.5718,-1,-1,-1
570,60,375.41,237.07,66.00,192.65,0.6363,-1,-1,-1
570,55,1666.76,265.96,62.02,182.02,0.5402,-1,-1,-1
570,50,1826.60,254.17,68.99,174.23,0.3346,-1,-1,-1
570,40,280.45,852.63,108.35,227.37,0.6639,-1,-1,-1
570,39,1569.75,593.41,107.80,232.20,0.5583,-1,-1,-1
570,36,990.70,932.52,86.88,145.80,0.3417,-1,-1,-1
570,32,795.12,72.68,74.44,247.46,0.4923,-1,-1,-1
570,26,248.80,915.60,80.75,164.40,0.7442,-1,-1,-1
570,22,1119.25,826.35,83.84,241.88,0.5842,-1,-1,-1
570,6,724.45,586.36,80.90,249.67,0.6127,-1,-1,-1
570,4,1714.79,457.02,79.01,209.27,0.6845,-1,-1,-1
570,3,1034.26,811.97,81.62,264.27,0.6021,-1,-1,-1
571,67,1652.96,1.89,47.14,132.89,0.2581,-1,-1,-1
571,60,375.00,236.19,66.80,191.78,0.6212,-1,-1,-1
571,55,1663.99,262.89,62.11,179.77,0.5544,-1,-1,-1
571,50,1828.60,254.37,68.53,176.01,0.2823,-1,-1,-1
571,40,282.97,855.52,106.23,224.48,0.6722,-1,-1,-1
571,39,1560.55,587.42,117.14,237.63,0.5831,-1,-1,-1
571,36,994.50,931.10,80.45,147.05,0.4010,-1,-1,-1
571,32,794.13,71.09,77.39,247.96,0.4729,-1,-1,-1
571,26,247.30,918.89,81.47,161.11,0.7475,-1,-1,-1
571,22,1128.54,828.57,75.18,242.68,0.6649,-1,-1,-1
571,6,719.20,587.74,85.68,246.79,0.5535,-1,-1,-1
571,4,1714.83,455.58,80.80,209.35,0.6718,-1,-1,-1
571,3,1040.41,813.86,77.50,262.84,0.6703,-1,-1,-1
572,60,377.44,238.75,64.28,187.59,0.6147,-1,-1,-1
572,55,1663.21,260.13,64.26,180.68,0.5108,-1,-1,-1
572,40,294.32,857.22,98.34,222.78,0.6896,-1,-1,-1
572,39,1566.46,590.32,111.69,235.65,0.5151,-1,-1,-1
572,36,992.01,929.39,82.64,149.60,0.5680,-1,-1,-1
572,32,792.62,72.07,79.31,246.85,0.4479,-1,-1,-1
572,26,249.25,918.71,81.96,161.05,0.7479,-1,-1,-1
572,22,1123.27,829.59,80.31,241.30,0.6075,-1,-1,-1
572,6,714.66,586.92,89.13,249.95,0.5178,-1,-1,-1
572,4,1715.03,457.81,80.27,208.09,0.6375,-1,-1,-1
572,3,1042.34,817.08,78.39,257.88,0.6374,-1,-1,-1
573,60,377.45,240.42,63.95,184.22,0.6204,-1,-1,-1
573,55,1660.07,258.30,64.60,183.71,0.5208,-1,-1,-1
573,50,1830.94,253.94,68.00,179.20,0.2504,-1,-1,-1
573,40,292.52,859.26,94.65,220.10,0.6915,-1,-1,-1
573,39,1562.77,587.47,116.48,237.85,0.4870,-1,-1,-1
573,36,993.56,929.74,80.79,149.19,0.6001,-1,-1,-1
573,32,792.76,70.29,80.73,249.03,0.4695,-1,-1,-1
573,26,247.06,925.32,83.09,154.68,0.7365,-1,-1,-1
573,22,1124.57,831.47,78.99,245.34,0.6401,-1,-1,-1
573,6,712.93,587.20,88.17,249.60,0.6439,-1,-1,-1
573,4,1714.92,456.98,81.85,210.48,0.6218,-1,-1,-1
573,3,1044.69,819.05,79.97,253.53,0.6231,-1,-1,-1
574,60,377.94,241.15,63.34,184.29,0.6427,-1,-1,-1
574,55,1659.90,256.91,67.03,184.82,0.5345,-1,-1,-1
574,40,296.16,860.82,97.23,219.18,0.6987,-1,-1,-1
574,39,1566.26,597.28,115.05,229.78,0.4321,-1,-1,-1
574,36,996.34,928.90,77.23,149.61,0.5997,-1,-1,-1
574,32,791.38,69.47,82.22,251.31,0.4654,-1,-1,-1
574,26,247.93,928.15,82.71,151.85,0.7366,-1,-1,-1
574,22,1124.58,832.07,80.90,244.92,0.6195,-1,-1,-1
574,6,709.28,585.40,89.79,249.41,0.6978,-1,-1,-1
574,4,1716.10,457.77,80.25,207.84,0.6433,-1,-1,-1
574,3,1046.37,819.45,81.30,251.33,0.6012,-1,-1,-1
575,60,377.79,240.40,64.40,187.62,0.6438,-1,-1,-1
575,55,1658.40,255.43,68.18,186.55,0.5478,-1,-1,-1
575,50,1834.36,254.55,66.49,175.95,0.2568,-1,-1,-1
575,40,297.46,863.12,94.86,216.88,0.6974,-1,-1,-1
575,39,1565.06,600.42,113.03,226.57,0.5416,-1,-1,-1
575,36,1000.01,928.46,73.09,149.40,0.5783,-1,-1,-1
575,32,800.58,70.30,73.66,248.59,0.4362,-1,-1,-1
575,26,249.31,925.11,80.73,154.89,0.7336,-1,-1,-1
575,22,1121.18,834.30,89.24,243.72,0.6435,-1,-1,-1
575,6,708.65,584.20,89.45,249.28,0.6842,-1,-1,-1
575,4,1715.75,456.34,80.40,208.71,0.6432,-1,-1,-1
575,3,1046.41,820.25,83.44,252.93,0.6200,-1,-1,-1
576,60,377.68,244.40,64.56,187.55,0.6622,-1,-1,-1
576,55,1656.86,253.97,69.85,185.97,0.5613,-1,-1,-1
576,50,1835.64,254.40,67.97,176.48,0.2579,-1,-1,-1
576,40,297.19,865.91,93.73,213.93,0.6981,-1,-1,-1
576,39,1567.26,598.26,109.26,226.70,0.6102,-1,-1,-1
576,36,1005.50,927.90,65.20,149.40,0.4799,-1,-1,-1
576,32,804.47,70.06,69.85,248.39,0.4040,-1,-1,-1
576,26,249.00,929.89,81.74,150.11,0.7419,-1,-1,-1
576,22,1124.10,835.07,89.55,241.74,0.5980,-1,-1,-1
576,6,707.05,582.83,89.73,251.38,0.7064,-1,-1,-1
576,4,1716.19,456.69,81.21,209.98,0.6145,-1,-1,-1
576,3,1047.56,820.91,81.76,252.08,0.5827,-1,-1,-1
577,60,378.64,247.70,63.54,187.54,0.6277,-1,-1,-1
577,55,1654.97,251.60,71.84,187.89,0.5226,-1,-1,-1
577,50,1837.88,255.07,65.65,177.29,0.2855,-1,-1,-1
577,40,297.63,870.48,97.83,209.21,0.7000,-1,-1,-1
577,39,1563.73,600.20,113.45,226.60,0.5666,-1,-1,-1
577,36,1004.84,927.06,67.27,150.19,0.5720,-1,-1,-1
577,32,805.46,70.52,69.76,247.36,0.4476,-1,-1,-1
577,26,248.65,935.60,83.18,144.40,0.7433,-1,-1,-1
577,22,1120.71,837.90,96.79,238.67,0.5131,-1,-1,-1
577,6,704.95,580.67,89.35,248.77,0.7007,-1,-1,-1
577,4,1716.64,457.84,80.71,208.43,0.5887,-1,-1,-1
577,3,1049.63,823.07,80.37,248.20,0.5019,-1,-1,-1
578,60,377.73,249.72,63.81,188.51,0.6463,-1,-1,-1
578,55,1654.36,250.35,73.12,189.61,0.5595,-1,-1,-1
578,50,1840.04,254.45,63.32,173.93,0.2692,-1,-1,-1
578,40,297.40,872.07,96.02,207.16,0.6970,-1,-1,-1
578,39,1562.28,601.38,112.85,226.17,0.5778,-1,-1,-1
578,36,1005.26,926.58,69.92,150.77,0.5380,-1,-1,-1
578,32,808.21,70.45,67.49,246.71,0.4345,-1,-1,-1
578,26,248.99,940.80,82.40,139.20,0.7390,-1,-1,-1
578,22,1126.40,839.71,80.87,237.84,0.4751,-1,-1,-1
578,6,703.52,576.73,88.34,246.05,0.6778,-1,-1,-1
578,4,1716.61,458.58,80.56,209.47,0.5584,-1,-1,-1
578,3,1053.34,823.94,77.97,245.35,0.4859,-1,-1,-1
579,60,377.81,250.52,63.62,187.91,0.6681,-1,-1,-1
579,55,1649.85,248.53,78.44,192.96,0.5495,-1,-1,-1
579,50,1841.94,255.75,62.67,173.74,0.3462,-1,-1,-1
579,40,297.38,873.77,95.87,204.89,0.6984,-1,-1,-1
579,39,1563.09,601.76,113.02,225.44,0.6084,-1,-1,-1
579,36,1007.05,925.48,72.10,151.20,0.5377,-1,-1,-1
579,32,808.52,69.26,66.83,248.30,0.4632,-1,-1,-1
579,26,248.69,944.18,82.08,135.82,0.7283,-1,-1,-1
579,22,1127.83,839.42,91.22,237.76,0.5751,-1,-1,-1
579,6,703.49,575.23,82.56,231.46,0.5917,-1,-1,-1
579,4,1716.98,459.12,80.15,209.02,0.5643,-1,-1,-1
579,3,1052.87,826.19,82.61,248.30,0.5003,-1,-1,-1
580,60,377.60,252.77,63.24,187.05,0.6870,-1,-1,-1
580,55,1648.71,248.60,78.96,190.67,0.5546,-1,-1,-1
580,50,1844.38,255.88,65.34,176.15,0.3615,-1,-1,-1
580,40,294.96,874.46,96.49,205.54,0.7241,-1,-1,-1
580,39,1561.26,601.80,115.67,225.85,0.6067,-1,-1,-1
580,36,1005.63,925.87,77.33,150.66,0.5671,-1,-1,-1
580,32,806.83,67.33,68.22,250.83,0.4912,-1,-1,-1
580,26,246.78,945.87,83.16,133.57,0.7222,-1,-1,-1
580,22,1129.12,841.40,82.72,238.16,0.5571,-1,-1,-1
580,6,704.15,575.35,78.72,249.96,0.5801,-1,-1,-1
580,4,1717.02,459.00,79.71,211.65,0.5831,-1,-1,-1
580,3,1055.11,828.56,80.42,246.27,0.4890,-1,-1,-1
581,60,376.94,255.04,63.83,184.63,0.6495,-1,-1,-1
581,55,1647.66,246.80,78.63,191.36,0.4980,-1,-1,-1
581,50,1848.16,255.21,61.81,180.71,0.3799,-1,-1,-1
581,40,293.96,875.87,99.82,204.04,0.7253,-1,-1,-1
581,39,1562.25,600.87,114.67,226.24,0.5767,-1,-1,-1
581,36,1005.80,925.42,78.77,151.11,0.5917,-1,-1,-1
581,32,807.30,68.49,67.15,248.92,0.4388,-1,-1,-1
581,26,248.42,947.59,81.64,132.13,0.7272,-1,-1,-1
581,22,1131.01,841.30,96.37,238.48,0.5229,-1,-1,-1
581,6,703.95,573.87,74.14,249.96,0.6004,-1,-1,-1
581,4,1718.08,457.84,77.13,210.61,0.5737,-1,-1,-1
581,3,1058.43,831.52,80.78,241.48,0.5537,-1,-1,-1
582,60,375.95,255.57,64.60,186.49,0.6421,-1,-1,-1
582,55,1646.66,247.05,79.08,191.69,0.4704,-1,-1,-1
582,50,1850.60,255.17,61.75,182.85,0.2854,-1,-1,-1
582,40,296.16,877.58,100.59,202.42,0.7380,-1,-1,-1
582,39,1563.62,603.14,113.29,223.49,0.5269,-1,-1,-1
582,36,1004.05,925.70,84.69,152.38,0.6061,-1,-1,-1
582,32,807.75,67.04,66.81,250.33,0.4478,-1,-1,-1
582,26,247.40,948.23,82.02,131.49,0.7113,-1,-1,-1
582,22,1129.29,845.16,98.19,234.84,0.5296,-1,-1,-1
582,6,703.51,571.21,72.73,239.55,0.4722,-1,-1,-1
582,4,1719.97,457.94,76.75,207.50,0.5332,-1,-1,-1
582,3,1060.70,835.12,79.58,234.61,0.5551,-1,-1,-1
583,60,374.51,256.64,66.24,188.98,0.6740,-1,-1,-1
583,55,1646.00,246.95,80.29,190.18,0.4972,-1,-1,-1
583,50,1851.17,257.33,64.05,182.60,0.3634,-1,-1,-1
583,40,297.88,879.66,97.65,200.34,0.7512,-1,-1,-1
583,39,1559.20,606.08,111.94,224.14,0.4247,-1,-1,-1
583,36,1004.79,926.49,79.82,151.96,0.5775,-1,-1,-1
583,32,807.76,65.39,66.86,252.01,0.4602,-1,-1,-1
583,26,246.31,948.67,82.41,131.28,0.7086,-1,-1,-1
583,22,1141.65,845.62,88.68,234.38,0.6566,-1,-1,-1
583,6,702.67,570.22,68.44,229.93,0.4289,-1,-1,-1
583,4,1719.95,457.59,76.16,208.65,0.5860,-1,-1,-1
583,3,1064.08,838.66,78.48,238.29,0.6568,-1,-1,-1
584,60,372.64,257.29,66.78,190.21,0.6970,-1,-1,-1
584,55,1645.60,247.42,80.12,188.53,0.5114,-1,-1,-1
584,50,1853.54,255.45,65.83,185.05,0.2580,-1,-1,-1
584,40,299.48,881.29,95.98,198.71,0.7551,-1,-1,-1
584,39,1561.48,602.08,112.26,225.09,0.5083,-1,-1,-1
584,36,1003.80,926.44,64.03,152.17,0.5635,-1,-1,-1
584,32,810.23,66.79,64.37,250.32,0.4440,-1,-1,-1
584,26,245.66,949.68,81.46,130.32,0.7006,-1,-1,-1
584,22,1139.41,848.23,90.74,231.77,0.6699,-1,-1,-1
584,6,701.87,568.85,63.29,234.14,0.2697,-1,-1,-1
584,4,1718.25,453.71,79.27,213.12,0.6193,-1,-1,-1
584,3,1060.73,842.00,82.87,238.00,0.6875,-1,-1,-1
585,60,372.21,257.78,66.40,189.08,0.7128,-1,-1,-1
585,55,1644.20,247.44,82.84,187.86,0.5320,-1,-1,-1
585,50,1851.81,257.78,66.10,185.66,0.2867,-1,-1,-1
585,40,299.50,883.32,95.38,196.68,0.7539,-1,-1,-1
585,39,1559.43,606.24,112.08,224.01,0.4350,-1,-1,-1
585,36,1003.14,927.50,64.20,150.38,0.5902,-1,-1,-1
585,32,808.65,68.48,65.78,249.15,0.4731,-1,-1,-1
585,26,245.76,950.96,81.35,128.75,0.7089,-1,-1,-1
585,22,1140.58,851.82,89.88,228.18,0.7216,-1,-1,-1
585,6,699.92,568.61,62.08,242.01,0.2957,-1,-1,-1
585,4,1720.14,456.64,75.71,207.62,0.6336,-1,-1,-1
585,3,1061.47,843.88,79.29,235.58,0.7315,-1,-1,-1
586,60,372.25,257.93,65.32,189.74,0.7201,-1,-1,-1
586,55,1646.27,247.86,80.55,186.66,0.5345,-1,-1,-1
586,50,1854.14,256.79,64.03,186.36,0.2874,-1,-1,-1
586,40,300.97,886.28,94.27,193.72,0.7591,-1,-1,-1
586,39,1563.74,602.97,113.76,224.23,0.5345,-1,-1,-1
586,36,1004.48,928.32,60.41,149.85,0.6022,-1,-1,-1
586,32,808.95,69.03,64.87,249.32,0.4837,-1,-1,-1
586,26,243.81,952.58,83.20,127.23,0.7041,-1,-1,-1
586,22,1145.56,854.81,88.23,225.19,0.6963,-1,-1,-1
586,4,1719.68,456.86,74.12,205.96,0.6227,-1,-1,-1
586,3,1062.28,846.06,80.47,232.00,0.7107,-1,-1,-1
587,71,283.46,116.29,60.29,178.74,0.2798,-1,-1,-1
587,60,371.24,258.41,65.57,189.34,0.7014,-1,-1,-1
587,55,1646.23,247.35,80.52,185.82,0.5094,-1,-1,-1
587,50,1854.38,257.24,64.55,185.83,0.3108,-1,-1,-1
587,40,302.39,888.57,94.27,191.27,0.7585,-1,-1,-1
587,39,1560.71,602.69,112.34,227.95,0.5413,-1,-1,-1
587,36,1002.78,929.39,62.74,148.79,0.6299,-1,-1,-1
587,32,808.02,70.84,65.18,248.39,0.4753,-1,-1,-1
587,26,246.68,954.99,81.29,125.01,0.7241,-1,-1,-1
587,22,1149.19,858.38,88.57,221.62,0.6702,-1,-1,-1
587,4,1721.69,454.90,73.30,210.25,0.6415,-1,-1,-1
587,3,1065.71,847.55,78.59,229.98,0.7132,-1,-1,-1
588,71,284.58,116.77,59.15,177.95,0.3239,-1,-1,-1
588,60,371.33,258.52,65.60,189.54,0.7076,-1,-1,-1
588,55,1648.29,245.29,78.30,187.10,0.5005,-1,-1,-1
588,50,1857.16,256.70,61.96,185.86,0.3224,-1,-1,-1
588,40,302.56,891.18,93.85,188.82,0.7552,-1,-1,-1
588,39,1563.19,602.58,112.62,224.54,0.5309,-1,-1,-1
588,36,1001.45,930.28,63.50,149.59,0.6198,-1,-1,-1
588,32,808.40,70.03,64.57,248.58,0.4543,-1,-1,-1
588,26,246.64,957.69,81.73,122.31,0.7204,-1,-1,-1
588,22,1149.46,857.73,93.01,222.27,0.6637,-1,-1,-1
588,4,1721.74,452.81,67.60,214.05,0.6284,-1,-1,-1
588,3,1067.44,849.91,77.21,224.96,0.7055,-1,-1,-1
589,71,284.78,117.13,58.51,177.15,0.3533,-1,-1,-1
589,60,370.48,259.97,65.41,186.92,0.7046,-1,-1,-1
589,55,1651.20,242.68,75.82,182.31,0.5044,-1,-1,-1
589,40,302.36,894.97,93.93,185.03,0.7672,-1,-1,-1
589,39,1559.43,603.50,112.56,226.87,0.5514,-1,-1,-1
589,36,1002.41,930.78,61.33,149.22,0.6253,-1,-1,-1
589,32,809.39,76.77,62.93,240.51,0.4090,-1,-1,-1
589,26,246.84,961.11,82.38,118.89,0.7214,-1,-1,-1
589,22,1154.56,857.86,90.99,222.14,0.6852,-1,-1,-1
589,4,1723.88,456.11,70.08,207.72,0.6441,-1,-1,-1
589,3,1066.90,850.56,78.85,227.11,0.7151,-1,-1,-1
590,71,284.92,119.19,59.08,176.32,0.3602,-1,-1,-1
590,60,370.02,261.58,65.08,185.76,0.7151,-1,-1,-1
590,55,1654.29,240.48,73.30,183.78,0.5250,-1,-1,-1
590,50,1856.15,252.87,63.26,191.10,0.2622,-1,-1,-1
590,40,305.13,895.69,92.30,183.72,0.7617,-1,-1,-1
590,39,1559.51,603.84,112.17,226.12,0.5489,-1,-1,-1
590,36,1001.46,931.13,61.65,148.87,0.6391,-1,-1,-1
590,32,808.79,72.45,62.63,245.54,0.3704,-1,-1,-1
590,26,246.25,963.26,82.13,116.74,0.6999,-1,-1,-1
590,22,1157.12,861.86,89.61,218.14,0.6951,-1,-1,-1
590,4,1722.65,455.91,72.54,209.00,0.6041,-1,-1,-1
590,3,1067.55,852.18,81.24,226.14,0.7316,-1,-1,-1
591,71,284.06,120.77,58.86,175.30,0.3591,-1,-1,-1
591,60,368.75,262.74,66.38,184.88,0.7218,-1,-1,-1
591,55,1655.57,239.66,72.85,182.93,0.5825,-1,-1,-1
591,50,1858.73,254.59,60.68,191.95,0.2882,-1,-1,-1
591,40,306.28,898.00,91.62,179.78,0.7609,-1,-1,-1
591,39,1560.35,603.64,112.21,225.72,0.5713,-1,-1,-1
591,36,1001.23,932.26,59.45,147.74,0.6283,-1,-1,-1
591,32,808.32,77.65,60.39,239.78,0.3321,-1,-1,-1
591,26,246.02,966.69,82.25,113.31,0.7018,-1,-1,-1
591,22,1158.61,862.99,90.37,217.01,0.6917,-1,-1,-1
591,4,1723.21,457.85,71.62,206.40,0.6266,-1,-1,-1
591,3,1068.76,853.00,82.61,225.62,0.7236,-1,-1,-1
592,71,284.88,118.20,57.52,176.74,0.3566,-1,-1,-1
592,60,368.27,264.57,65.82,181.74,0.7180,-1,-1,-1
592,55,1656.41,237.59,73.90,186.79,0.6352,-1,-1,-1
592,40,308.01,902.01,90.34,176.51,0.7389,-1,-1,-1
592,39,1560.45,602.93,112.40,226.94,0.5076,-1,-1,-1
592,36,1000.41,932.97,59.81,147.03,0.5843,-1,-1,-1
592,32,809.05,84.17,58.39,232.71,0.3068,-1,-1,-1
592,26,248.42,968.96,82.25,111.04,0.7216,-1,-1,-1
592,22,1156.78,865.97,93.75,214.03,0.6865,-1,-1,-1
592,4,1722.37,457.40,71.59,206.73,0.6262,-1,-1,-1
592,3,1069.91,854.44,81.09,222.46,0.7156,-1,-1,-1
593,71,283.74,117.84,58.79,177.98,0.3423,-1,-1,-1
593,60,367.60,265.18,66.32,184.28,0.7255,-1,-1,-1
593,55,1655.98,235.38,73.11,185.57,0.6654,-1,-1,-1
593,40,308.09,908.13,91.54,171.87,0.7728,-1,-1,-1
593,39,1560.93,603.32,111.00,226.32,0.4756,-1,-1,-1
593,36,1000.77,933.42,59.26,146.14,0.5827,-1,-1,-1
593,32,809.61,83.70,58.40,233.49,0.3160,-1,-1,-1
593,26,249.51,971.47,82.26,108.53,0.7290,-1,-1,-1
593,22,1161.76,868.43,89.97,211.57,0.6766,-1,-1,-1
593,17,474.61,67.04,59.47,193.97,0.2561,-1,-1,-1
593,4,1720.42,454.49,70.11,213.53,0.6502,-1,-1,-1
593,3,1071.69,855.37,80.17,221.28,0.7242,-1,-1,-1
594,71,283.43,116.82,58.92,179.57,0.3422,-1,-1,-1
594,60,367.35,266.87,65.30,186.55,0.7205,-1,-1,-1
594,55,1657.36,232.82,71.39,187.00,0.6365,-1,-1,-1
594,40,309.25,910.26,93.65,169.74,0.7756,-1,-1,-1
594,39,1561.89,605.84,109.48,223.25,0.4866,-1,-1,-1
594,36,1001.16,935.15,58.22,144.85,0.5757,-1,-1,-1
594,32,809.18,90.57,57.87,226.49,0.2784,-1,-1,-1
594,26,250.08,975.30,85.68,104.70,0.7215,-1,-1,-1
594,22,1163.03,870.47,89.45,209.53,0.6685,-1,-1,-1
594,4,1720.52,454.92,69.93,212.99,0.6492,-1,-1,-1
594,3,1072.90,856.59,79.22,222.36,0.7194,-1,-1,-1
595,72,353.92,90.83,63.12,183.59,0.2891,-1,-1,-1
595,71,282.88,114.57,59.47,180.74,0.3433,-1,-1,-1
595,60,366.16,269.69,66.07,188.88,0.7234,-1,-1,-1
595,55,1658.06,230.86,70.81,188.81,0.6287,-1,-1,-1
595,40,310.20,911.50,95.39,168.50,0.7621,-1,-1,-1
595,39,1562.45,605.24,109.38,223.92,0.4459,-1,-1,-1
595,36,1000.52,935.51,57.43,144.49,0.5942,-1,-1,-1
595,32,810.07,92.49,56.36,224.84,0.2652,-1,-1,-1
595,26,250.43,978.68,82.72,101.32,0.7018,-1,-1,-1
595,22,1165.33,871.96,88.21,208.04,0.6601,-1,-1,-1
595,17,477.23,69.76,58.68,186.78,0.2766,-1,-1,-1
595,4,1720.88,453.53,70.71,213.55,0.6799,-1,-1,-1
595,3,1074.07,858.83,80.45,221.17,0.7198,-1,-1,-1
596,71,283.21,117.84,59.26,177.79,0.3258,-1,-1,-1
596,60,365.35,269.79,66.16,192.22,0.7259,-1,-1,-1
596,55,1657.55,229.68,70.71,187.60,0.6110,-1,-1,-1
596,40,312.10,912.48,94.86,167.52,0.7691,-1,-1,-1
596,39,1562.44,606.21,109.25,223.85,0.4586,-1,-1,-1
596,36,999.80,935.00,58.16,142.94,0.5735,-1,-1,-1
596,26,251.26,981.21,83.42,98.79,0.7023,-1,-1,-1
596,22,1170.10,873.83,83.48,206.17,0.6872,-1,-1,-1
596,17,478.74,68.68,57.01,187.73,0.2597,-1,-1,-1
596,4,1718.55,453.10,73.44,214.92,0.7020,-1,-1,-1
596,3,1074.14,861.09,81.82,218.91,0.7212,-1,-1,-1
597,73,430.19,71.03,52.72,162.69,0.2940,-1,-1,-1
597,71,281.63,116.59,60.51,179.43,0.2911,-1,-1,-1
597,60,364.39,271.89,66.63,191.21,0.7106,-1,-1,-1
597,55,1658.48,227.46,70.22,188.98,0.5948,-1,-1,-1
597,40,314.17,912.80,94.37,167.20,0.7387,-1,-1,-1
597,39,1560.79,609.02,110.84,221.12,0.4115,-1,-1,-1
597,36,999.23,935.82,59.15,141.75,0.6179,-1,-1,-1
597,26,251.30,982.25,84.11,97.75,0.6964,-1,-1,-1
597,22,1171.95,875.66,82.83,204.34,0.6502,-1,-1,-1
597,17,478.99,69.60,57.26,187.10,0.2972,-1,-1,-1
597,4,1717.41,454.51,74.78,212.99,0.6877,-1,-1,-1
597,3,1076.35,863.53,77.93,216.47,0.6755,-1,-1,-1
598,73,429.16,73.60,53.97,162.48,0.2870,-1,-1,-1
598,71,280.73,115.46,61.00,181.33,0.2909,-1,-1,-1
598,60,363.99,272.56,66.67,190.56,0.7065,-1,-1,-1
598,55,1657.03,226.86,69.84,189.40,0.5920,-1,-1,-1
598,40,313.78,913.41,98.52,165.61,0.7353,-1,-1,-1
598,39,1559.76,611.59,111.70,218.72,0.3849,-1,-1,-1
598,36,999.51,936.50,62.03,141.13,0.6252,-1,-1,-1
598,26,251.97,983.90,83.90,96.10,0.6775,-1,-1,-1
598,22,1168.43,877.67,88.26,202.33,0.6630,-1,-1,-1
598,4,1715.44,453.88,76.81,213.21,0.7061,-1,-1,-1
598,3,1077.30,865.02,79.74,214.98,0.6631,-1,-1,-1
599,73,428.91,75.64,53.97,160.55,0.4172,-1,-1,-1
599,71,281.10,114.79,60.83,181.77,0.3120,-1,-1,-1
599,60,364.88,272.71,65.84,191.83,0.6718,-1,-1,-1
599,55,1653.72,227.85,70.78,188.15,0.5512,-1,-1,-1
599,40,313.35,915.88,101.53,162.75,0.7270,-1,-1,-1
599,39,1559.75,608.37,112.52,222.32,0.3645,-1,-1,-1
599,36,998.50,936.79,60.77,140.87,0.6466,-1,-1,-1
599,26,253.49,984.90,79.69,95.10,0.6596,-1,-1,-1
599,22,1171.33,880.82,86.42,199.18,0.6587,-1,-1,-1
599,4,1713.85,453.89,79.37,212.87,0.7034,-1,-1,-1
599,3,1078.39,867.42,82.07,212.58,0.6203,-1,-1,-1
600,73,429.75,73.90,53.98,160.73,0.3705,-1,-1,-1
600,71,281.94,113.99,59.32,182.60,0.2712,-1,-1,-1
600,60,365.31,274.95,65.59,192.03,0.6769,-1,-1,-1
600,55,1651.36,227.13,71.42,184.73,0.5437,-1,-1,-1
600,40,314.32,918.00,104.71,159.75,0.7043,-1,-1,-1
600,39,1560.67,607.12,112.43,221.48,0.3529,-1,-1,-1
600,36,998.62,938.73,60.45,139.11,0.6406,-1,-1,-1
600,26,253.19,985.89,83.50,94.11,0.6488,-1,-1,-1
600,22,1177.85,884.62,80.27,195.38,0.6593,-1,-1,-1
600,4,1714.20,454.00,79.15,211.34,0.7206,-1,-1,-1
600,3,1079.99,869.49,81.82,210.51,0.6533,-1,-1,-1
601,73,431.35,70.97,52.60,164.84,0.2837,-1,-1,-1
601,60,364.13,274.42,65.40,197.43,0.7017,-1,-1,-1
601,55,1647.49,226.88,73.23,186.57,0.5774,-1,-1,-1
601,40,314.50,919.60,103.68,158.58,0.7214,-1,-1,-1
601,39,1562.15,601.59,110.78,225.81,0.3934,-1,-1,-1
601,36,998.65,939.90,58.46,137.87,0.6217,-1,-1,-1
601,26,253.27,986.04,84.82,93.96,0.6266,-1,-1,-1
601,22,1174.99,886.56,83.91,193.44,0.6563,-1,-1,-1
601,4,1714.17,454.05,80.29,213.28,0.7016,-1,-1,-1
601,3,1080.96,872.24,85.44,207.76,0.6062,-1,-1,-1
602,73,432.02,68.98,53.02,169.73,0.2637,-1,-1,-1
602,71,279.92,114.62,60.80,182.98,0.2534,-1,-1,-1
602,60,365.43,274.19,63.70,196.68,0.6821,-1,-1,-1
602,55,1647.75,227.69,71.89,183.00,0.5907,-1,-1,-1
602,40,316.07,921.38,104.51,156.04,0.7222,-1,-1,-1
602,39,1562.47,598.88,115.27,226.84,0.5922,-1,-1,-1
602,36,995.98,940.36,60.32,137.58,0.6518,-1,-1,-1
602,32,807.68,146.03,56.30,171.56,0.2868,-1,-1,-1
602,26,253.50,988.51,84.94,91.49,0.6104,-1,-1,-1
602,22,1174.67,888.48,85.32,191.52,0.6501,-1,-1,-1
602,4,1711.82,455.54,82.77,211.75,0.6958,-1,-1,-1
602,3,1079.23,875.38,88.21,204.62,0.6726,-1,-1,-1
603,71,278.85,113.65,61.56,182.93,0.2623,-1,-1,-1
603,60,363.74,276.55,66.08,194.81,0.6957,-1,-1,-1
603,55,1647.31,228.38,69.54,182.81,0.6224,-1,-1,-1
603,40,316.58,924.62,104.24,153.72,0.7363,-1,-1,-1
603,39,1563.23,600.09,112.25,227.04,0.4897,-1,-1,-1
603,36,995.96,940.90,59.28,136.99,0.6630,-1,-1,-1
603,32,807.80,142.48,56.43,174.48,0.2888,-1,-1,-1
603,26,254.15,991.26,84.57,88.74,0.6234,-1,-1,-1
603,22,1176.06,890.90,83.15,189.10,0.6053,-1,-1,-1
603,17,483.16,55.39,55.83,199.72,0.2599,-1,-1,-1
603,4,1710.87,455.31,84.26,214.36,0.7162,-1,-1,-1
603,3,1080.62,878.14,87.72,201.86,0.6603,-1,-1,-1
604,60,365.26,276.59,64.39,196.28,0.6815,-1,-1,-1
604,55,1649.57,227.81,65.44,181.97,0.6065,-1,-1,-1
604,40,317.87,927.23,104.23,151.15,0.7544,-1,-1,-1
604,39,1563.32,598.81,112.52,228.28,0.4359,-1,-1,-1
604,36,996.65,942.47,59.35,135.94,0.6401,-1,-1,-1
604,32,807.66,142.94,56.92,174.19,0.2746,-1,-1,-1
604,26,254.63,992.77,84.90,87.23,0.6279,-1,-1,-1
604,22,1178.80,893.19,79.67,186.81,0.5317,-1,-1,-1
604,4,1709.37,454.65,85.60,211.49,0.7136,-1,-1,-1
604,3,1079.94,881.00,91.55,199.00,0.6018,-1,-1,-1
605,73,434.21,72.16,50.92,172.61,0.2551,-1,-1,-1
605,60,363.27,276.55,67.05,195.61,0.6851,-1,-1,-1
605,55,1648.33,228.51,66.08,178.50,0.5556,-1,-1,-1
605,40,320.27,930.12,100.72,148.48,0.7470,-1,-1,-1
605,39,1564.32,602.91,108.02,224.24,0.3552,-1,-1,-1
605,36,996.67,943.58,59.13,135.33,0.6219,-1,-1,-1
605,26,254.49,994.66,85.62,85.34,0.6278,-1,-1,-1
605,22,1182.98,896.15,72.96,183.85,0.5169,-1,-1,-1
605,4,1710.89,454.09,84.69,213.67,0.7032,-1,-1,-1
605,3,1085.29,883.17,89.03,196.83,0.5592,-1,-1,-1
606,73,434.23,74.99,48.21,168.42,0.2851,-1,-1,-1
606,71,278.14,111.12,62.73,185.83,0.2702,-1,-1,-1
606,60,362.95,277.21,66.97,194.95,0.6936,-1,-1,-1
606,55,1646.91,228.37,66.44,177.73,0.5480,-1,-1,-1
606,40,322.22,933.31,98.20,146.50,0.7543,-1,-1,-1
606,39,1561.16,607.72,110.04,222.39,0.5031,-1,-1,-1
606,36,996.09,944.75,58.59,134.88,0.5918,-1,-1,-1
606,32,807.04,144.07,57.91,171.99,0.2845,-1,-1,-1
606,26,253.97,997.71,85.13,82.29,0.6130,-1,-1,-1
606,22,1180.73,898.12,76.45,181.88,0.5182,-1,-1,-1
606,4,1711.80,454.95,84.41,212.83,0.6994,-1,-1,-1
606,3,1090.33,886.05,84.69,193.95,0.5632,-1,-1,-1
607,74,172.72,251.73,52.66,196.98,0.2612,-1,-1,-1
607,73,433.60,72.13,51.46,172.61,0.4016,-1,-1,-1
607,71,276.34,108.35,64.51,188.65,0.2862,-1,-1,-1
607,60,363.73,278.13,66.16,193.78,0.6975,-1,-1,-1
607,55,1646.40,227.31,65.59,177.87,0.5489,-1,-1,-1
607,40,323.05,935.94,96.26,144.06,0.7348,-1,-1,-1
607,39,1563.43,610.39,108.38,219.48,0.4494,-1,-1,-1
607,36,995.43,945.30,58.99,134.31,0.5983,-1,-1,-1
607,32,806.63,142.85,57.92,174.64,0.2861,-1,-1,-1
607,26,253.89,1000.39,83.47,79.61,0.6120,-1,-1,-1
607,22,1181.62,897.36,76.51,182.64,0.4724,-1,-1,-1
607,4,1709.97,455.26,86.64,212.29,0.7110,-1,-1,-1
607,3,1095.28,887.06,83.37,192.94,0.5634,-1,-1,-1
608,73,434.68,71.65,51.11,174.33,0.3613,-1,-1,-1
608,71,275.11,109.34,65.20,187.63,0.2688,-1,-1,-1
608,60,362.18,277.66,66.70,193.23,0.6765,-1,-1,-1
608,55,1645.85,226.09,63.63,181.72,0.5318,-1,-1,-1
608,40,322.84,940.83,97.30,139.17,0.7448,-1,-1,-1
608,39,1562.55,610.78,108.63,218.51,0.4515,-1,-1,-1
608,36,995.17,945.55,59.65,134.44,0.5932,-1,-1,-1
608,32,806.39,141.40,58.87,175.45,0.3174,-1,-1,-1
608,26,253.12,1002.30,84.75,77.70,0.6204,-1,-1,-1
608,22,1183.86,898.82,73.49,181.18,0.5005,-1,-1,-1
608,4,1710.15,454.42,86.51,213.41,0.7105,-1,-1,-1
608,3,1099.35,889.22,80.42,190.78,0.5822,-1,-1,-1
609,73,435.34,70.41,51.22,176.10,0.3797,-1,-1,-1
609,71,274.77,111.76,66.65,185.10,0.2698,-1,-1,-1
609,60,362.64,277.12,66.13,194.01,0.6860,-1,-1,-1
609,55,1641.92,222.78,67.47,187.76,0.5493,-1,-1,-1
609,40,318.70,943.89,100.67,135.66,0.7331,-1,-1,-1
609,39,1562.48,607.33,108.16,222.82,0.4510,-1,-1,-1
609,36,993.66,946.58,60.98,133.42,0.6189,-1,-1,-1
609,32,807.14,136.39,58.27,180.06,0.2570,-1,-1,-1
609,26,253.55,1005.41,83.75,74.34,0.6137,-1,-1,-1
609,22,1182.51,899.85,81.61,180.15,0.5183,-1,-1,-1
609,4,1711.93,454.43,84.08,212.22,0.7431,-1,-1,-1
609,3,1100.74,889.68,80.66,190.32,0.5874,-1,-1,-1
610,73,435.34,72.99,51.72,173.26,0.3626,-1,-1,-1
610,60,361.71,278.33,66.52,193.65,0.6983,-1,-1,-1
610,55,1640.28,221.40,67.24,182.99,0.5345,-1,-1,-1
610,40,321.03,945.45,97.14,131.38,0.7271,-1,-1,-1
610,39,1564.54,596.87,111.91,228.90,0.3988,-1,-1,-1
610,36,992.26,946.16,61.47,133.84,0.6248,-1,-1,-1
610,32,808.45,137.10,57.06,178.51,0.2596,-1,-1,-1
610,26,253.61,1008.62,80.15,70.57,0.5550,-1,-1,-1
610,22,1182.90,900.05,80.19,179.95,0.5103,-1,-1,-1
610,6,591.12,552.22,86.84,228.83,0.5020,-1,-1,-1
610,4,1711.83,454.30,84.35,212.09,0.7383,-1,-1,-1
610,3,1101.42,889.79,80.76,190.21,0.5696,-1,-1,-1
611,73,436.32,75.74,51.85,170.73,0.3360,-1,-1,-1
611,71,273.23,102.92,67.92,193.71,0.2926,-1,-1,-1
611,60,360.66,280.47,67.85,192.55,0.7041,-1,-1,-1
611,55,1639.65,218.20,66.48,184.18,0.5447,-1,-1,-1
611,40,319.32,948.20,96.47,131.75,0.7311,-1,-1,-1
611,39,1565.34,594.54,112.08,230.25,0.5367,-1,-1,-1
611,36,991.25,945.95,62.05,134.05,0.6317,-1,-1,-1
611,32,804.52,127.57,59.40,191.29,0.2652,-1,-1,-1
611,26,254.28,1011.93,75.61,67.15,0.5008,-1,-1,-1
611,22,1182.76,901.96,81.84,178.04,0.5086,-1,-1,-1
611,6,584.78,548.44,93.20,234.02,0.5642,-1,-1,-1
611,4,1710.87,454.69,85.39,213.30,0.7414,-1,-1,-1
611,3,1102.51,890.74,82.98,189.26,0.5774,-1,-1,-1
612,73,437.52,76.39,50.29,170.90,0.2593,-1,-1,-1
612,72,360.29,113.44,58.09,175.55,0.2527,-1,-1,-1
612,71,273.19,110.83,67.70,185.93,0.2580,-1,-1,-1
612,60,359.53,283.09,67.98,191.91,0.6713,-1,-1,-1
612,55,1637.59,215.77,67.52,186.08,0.5590,-1,-1,-1
612,40,319.24,948.83,96.93,131.17,0.7594,-1,-1,-1
612,39,1566.30,602.59,108.75,223.84,0.4842,-1,-1,-1
612,36,990.67,945.95,62.52,134.05,0.6088,-1,-1,-1
612,32,804.37,129.78,59.86,188.46,0.3182,-1,-1,-1
612,26,253.10,1014.86,76.81,65.02,0.4777,-1,-1,-1
612,22,1180.48,904.17,83.96,175.83,0.5086,-1,-1,-1
612,6,579.59,548.31,98.53,234.68,0.6288,-1,-1,-1
612,4,1709.55,453.66,86.81,213.17,0.7546,-1,-1,-1
612,3,1106.21,892.20,79.24,187.80,0.5754,-1,-1,-1
613,60,360.01,286.37,66.30,193.33,0.6758,-1,-1,-1
613,55,1636.32,213.00,67.78,189.18,0.5707,-1,-1,-1
613,40,319.68,951.72,95.43,128.28,0.7305,-1,-1,-1
613,39,1563.63,607.10,108.06,222.23,0.5295,-1,-1,-1
613,36,989.33,947.16,63.32,132.84,0.6227,-1,-1,-1
613,32,804.58,136.39,59.95,182.34,0.3800,-1,-1,-1
613,26,253.50,1017.27,75.83,62.69,0.3955,-1,-1,-1
613,22,1183.61,907.15,83.24,172.85,0.3371,-1,-1,-1
613,6,579.71,548.28,99.27,235.05,0.6568,-1,-1,-1
613,4,1711.63,453.32,84.05,213.52,0.7488,-1,-1,-1
613,3,1106.33,893.34,80.13,186.66,0.5129,-1,-1,-1
614,76,560.12,121.78,58.34,161.15,0.2608,-1,-1,-1
614,60,358.54,285.55,67.32,197.68,0.6763,-1,-1,-1
614,55,1634.27,212.05,68.58,184.65,0.5781,-1,-1,-1
614,40,319.64,952.58,96.12,127.42,0.7289,-1,-1,-1
614,39,1562.69,609.31,108.70,220.80,0.4840,-1,-1,-1
614,36,987.62,945.95,64.52,134.05,0.6456,-1,-1,-1
614,32,806.99,138.58,57.70,179.56,0.3850,-1,-1,-1
614,26,254.24,1020.23,74.63,59.77,0.3786,-1,-1,-1
614,22,1186.57,910.76,80.26,169.24,0.4908,-1,-1,-1
614,6,576.84,548.76,101.00,235.69,0.6425,-1,-1,-1
614,4,1712.24,453.01,83.20,213.32,0.7401,-1,-1,-1
614,3,1107.14,896.79,83.11,183.21,0.5914,-1,-1,-1
615,60,357.18,286.55,67.76,197.92,0.6716,-1,-1,-1
615,55,1631.87,210.25,69.65,184.58,0.5844,-1,-1,-1
615,40,319.90,955.81,94.37,124.19,0.7238,-1,-1,-1
615,39,1562.08,606.68,109.66,223.04,0.4946,-1,-1,-1
615,36,987.17,945.89,63.84,134.11,0.6484,-1,-1,-1
615,32,806.15,142.25,58.16,177.38,0.3920,-1,-1,-1
615,26,251.35,1024.10,71.43,55.90,0.3563,-1,-1,-1
615,22,1190.43,914.23,79.26,165.77,0.4072,-1,-1,-1
615,6,577.06,548.39,99.03,235.19,0.6239,-1,-1,-1
615,4,1712.40,452.29,82.90,215.35,0.7526,-1,-1,-1
615,3,1106.79,898.48,81.84,181.52,0.5790,-1,-1,-1
616,60,355.73,286.97,69.57,197.26,0.6789,-1,-1,-1
616,55,1630.60,210.08,70.49,183.24,0.5467,-1,-1,-1
616,40,320.25,958.69,93.71,121.31,0.7307,-1,-1,-1
616,39,1561.27,605.45,111.08,224.34,0.5189,-1,-1,-1
616,36,984.95,947.19,64.18,132.81,0.6760,-1,-1,-1
616,32,805.65,143.33,58.80,176.62,0.3831,-1,-1,-1
616,26,255.99,1022.88,69.41,57.12,0.3794,-1,-1,-1
616,22,1196.49,915.67,76.93,164.00,0.4826,-1,-1,-1
616,6,577.94,547.17,94.64,231.68,0.5557,-1,-1,-1
616,4,1713.35,452.21,82.10,216.15,0.7283,-1,-1,-1
616,3,1108.96,901.42,83.85,178.58,0.6111,-1,-1,-1
617,60,355.17,290.74,67.70,195.61,0.6578,-1,-1,-1
617,55,1629.25,209.23,71.63,186.07,0.5325,-1,-1,-1
617,40,320.90,960.60,94.28,119.40,0.7210,-1,-1,-1
617,39,1560.46,600.85,112.91,228.48,0.5700,-1,-1,-1
617,36,982.35,945.49,65.74,134.51,0.6922,-1,-1,-1
617,32,806.41,144.43,58.27,176.36,0.3681,-1,-1,-1
617,26,253.72,1025.85,67.45,54.15,0.3573,-1,-1,-1
617,22,1193.78,918.34,79.34,161.66,0.3874,-1,-1,-1
617,6,578.68,544.99,72.92,232.14,0.4814,-1,-1,-1
617,4,1713.35,452.88,82.31,214.44,0.7015,-1,-1,-1
617,3,1109.70,902.99,81.07,177.01,0.6098,-1,-1,-1
618,60,354.43,291.78,67.64,195.65,0.6656,-1,-1,-1
618,55,1627.19,209.10,73.34,185.89,0.4847,-1,-1,-1
618,40,320.19,963.31,95.25,116.69,0.7014,-1,-1,-1
618,39,1562.48,603.49,109.49,225.58,0.4442,-1,-1,-1
618,36,981.11,944.89,65.73,135.11,0.6973,-1,-1,-1
618,32,808.00,144.56,58.17,174.16,0.3666,-1,-1,-1
618,26,254.58,1026.88,64.60,53.12,0.3316,-1,-1,-1
618,22,1192.74,920.34,80.44,159.66,0.4317,-1,-1,-1
618,6,574.73,541.00,71.62,235.29,0.5774,-1,-1,-1
618,4,1714.70,453.60,80.15,211.71,0.6882,-1,-1,-1
618,3,1111.79,907.27,78.29,172.73,0.6352,-1,-1,-1
619,60,352.99,294.77,67.40,195.46,0.6111,-1,-1,-1
619,55,1624.24,208.31,76.36,190.28,0.4459,-1,-1,-1
619,40,320.55,965.96,95.60,114.04,0.6985,-1,-1,-1
619,39,1560.61,609.99,110.46,220.09,0.3769,-1,-1,-1
619,36,977.94,943.51,66.07,136.49,0.7036,-1,-1,-1
619,32,807.29,146.07,56.98,172.64,0.3624,-1,-1,-1
619,26,255.32,1028.15,59.54,51.85,0.3194,-1,-1,-1
619,22,1193.23,921.89,83.29,157.68,0.5311,-1,-1,-1
619,6,572.35,540.89,70.53,237.39,0.6154,-1,-1,-1
619,4,1715.10,452.63,79.79,213.92,0.6916,-1,-1,-1
619,3,1112.02,911.23,79.21,168.77,0.6640,-1,-1,-1
620,60,353.65,294.42,65.74,197.47,0.5676,-1,-1,-1
620,55,1622.90,208.81,77.82,187.27,0.4154,-1,-1,-1
620,40,321.35,968.80,96.30,110.56,0.6981,-1,-1,-1
620,39,1563.68,605.75,107.53,224.16,0.4072,-1,-1,-1
620,36,975.28,943.44,66.44,136.56,0.6943,-1,-1,-1
620,32,806.95,145.35,59.96,172.39,0.3255,-1,-1,-1
620,26,258.11,1027.60,53.66,51.74,0.3051,-1,-1,-1
620,22,1191.62,922.11,85.84,157.78,0.5657,-1,-1,-1
620,6,570.95,539.41,73.08,237.56,0.6444,-1,-1,-1
620,4,1715.32,453.29,79.74,212.11,0.6929,-1,-1,-1
620,3,1113.04,914.18,77.19,165.82,0.6602,-1,-1,-1
621,60,351.78,293.73,67.07,197.86,0.6339,-1,-1,-1
621,55,1621.61,209.95,77.77,183.43,0.4494,-1,-1,-1
621,40,320.68,971.94,98.08,107.32,0.6490,-1,-1,-1
621,39,1562.57,607.94,108.74,221.22,0.4364,-1,-1,-1
621,36,973.43,943.07,66.16,136.93,0.6660,-1,-1,-1
621,32,805.80,145.62,59.23,173.46,0.3379,-1,-1,-1
621,26,258.87,1030.15,53.31,49.66,0.3093,-1,-1,-1
621,22,1192.00,923.80,85.88,155.54,0.4724,-1,-1,-1
621,6,569.56,538.28,69.10,237.75,0.6570,-1,-1,-1
621,4,1715.39,452.04,79.51,213.33,0.7089,-1,-1,-1
621,3,1113.13,915.93,75.30,164.04,0.6784,-1,-1,-1
622,60,351.07,294.22,66.87,197.54,0.5803,-1,-1,-1
622,55,1621.77,210.14,77.86,182.31,0.4800,-1,-1,-1
622,40,321.21,975.20,97.28,104.54,0.6337,-1,-1,-1
622,39,1562.75,610.85,108.37,218.02,0.3878,-1,-1,-1
622,36,971.17,942.96,64.52,137.04,0.6662,-1,-1,-1
622,32,806.83,143.97,59.84,175.21,0.3442,-1,-1,-1
622,26,259.30,1037.43,53.52,42.57,0.3256,-1,-1,-1
622,22,1193.70,924.57,84.48,154.24,0.3605,-1,-1,-1
622,6,566.28,537.30,62.30,238.34,0.7017,-1,-1,-1
622,4,1717.02,452.22,77.58,212.40,0.6982,-1,-1,-1
622,3,1113.98,917.36,73.22,162.30,0.6791,-1,-1,-1
623,60,347.65,293.24,67.66,197.66,0.5884,-1,-1,-1
623,55,1621.76,210.37,76.37,181.61,0.4726,-1,-1,-1
623,40,322.01,979.25,95.35,100.75,0.6840,-1,-1,-1
623,39,1561.72,613.04,108.87,216.52,0.3149,-1,-1,-1
623,36,969.19,943.72,63.96,136.28,0.6763,-1,-1,-1
623,32,806.61,146.18,57.88,173.52,0.3249,-1,-1,-1
623,26,260.66,1040.38,49.37,39.32,0.3110,-1,-1,-1
623,22,1193.94,925.92,89.30,152.53,0.3892,-1,-1,-1
623,6,562.24,538.22,61.12,243.05,0.6768,-1,-1,-1
623,4,1717.93,452.48,77.02,212.64,0.6940,-1,-1,-1
623,3,1114.54,918.56,76.32,160.78,0.6549,-1,-1,-1
624,60,345.44,294.18,69.52,196.45,0.5791,-1,-1,-1
624,55,1622.50,208.37,75.74,182.51,0.4559,-1,-1,-1
624,40,323.60,982.10,93.47,97.90,0.6978,-1,-1,-1
624,39,1561.61,609.59,110.10,219.87,0.4431,-1,-1,-1
624,36,963.94,942.14,65.72,137.86,0.6749,-1,-1,-1
624,32,806.59,143.64,59.43,175.80,0.3647,-1,-1,-1
624,26,260.85,1043.26,47.86,35.72,0.2835,-1,-1,-1
624,22,1195.29,927.39,88.83,150.54,0.4421,-1,-1,-1
624,6,559.62,537.46,62.33,242.26,0.6923,-1,-1,-1
624,4,1718.03,452.03,77.06,213.18,0.6892,-1,-1,-1
624,3,1114.39,920.02,76.44,159.98,0.6743,-1,-1,-1
625,60,345.78,293.92,68.11,196.58,0.5622,-1,-1,-1
625,55,1622.94,207.88,73.84,185.43,0.4262,-1,-1,-1
625,40,323.62,984.92,92.98,95.08,0.6977,-1,-1,-1
625,39,1562.28,607.35,108.86,222.12,0.3749,-1,-1,-1
625,36,962.03,938.56,65.02,141.44,0.6794,-1,-1,-1
625,32,807.21,143.29,58.69,175.58,0.3863,-1,-1,-1
625,22,1196.84,931.63,86.83,146.41,0.5400,-1,-1,-1
625,6,553.96,537.88,64.18,241.93,0.7070,-1,-1,-1
625,4,1718.20,452.26,77.85,214.72,0.6918,-1,-1,-1
625,3,1115.35,921.93,76.45,158.07,0.6688,-1,-1,-1
626,60,343.53,294.50,68.83,196.64,0.6192,-1,-1,-1
626,55,1623.57,205.43,73.43,180.63,0.4392,-1,-1,-1
626,40,323.56,987.93,93.74,92.07,0.6840,-1,-1,-1
626,39,1562.39,605.63,108.52,223.95,0.4683,-1,-1,-1
626,36,958.24,938.20,65.94,141.80,0.6712,-1,-1,-1
626,32,805.69,142.49,60.20,177.11,0.3897,-1,-1,-1
626,22,1196.01,932.10,88.24,146.53,0.4691,-1,-1,-1
626,6,545.83,538.71,69.46,240.20,0.6982,-1,-1,-1
626,4,1718.52,451.88,77.43,213.87,0.6844,-1,-1,-1
626,3,1114.65,921.24,78.98,158.76,0.6551,-1,-1,-1
627,60,343.16,295.50,69.10,195.60,0.6245,-1,-1,-1
627,55,1626.71,206.06,69.05,182.08,0.4341,-1,-1,-1
627,40,325.19,990.91,93.42,89.09,0.6589,-1,-1,-1
627,39,1561.97,604.47,107.88,224.92,0.3563,-1,-1,-1
627,36,958.52,937.25,63.33,142.75,0.6849,-1,-1,-1
627,32,806.38,142.39,59.25,175.98,0.3771,-1,-1,-1
627,22,1192.82,933.61,92.99,144.97,0.6071,-1,-1,-1
627,6,524.20,539.34,92.99,241.77,0.6553,-1,-1,-1
627,4,1718.41,453.29,77.95,213.32,0.6835,-1,-1,-1
627,3,1115.78,923.03,77.71,156.97,0.6886,-1,-1,-1
628,77,1519.74,988.48,100.70,90.07,0.2779,-1,-1,-1
628,60,342.72,295.37,68.93,195.90,0.6483,-1,-1,-1
628,55,1626.49,200.94,69.18,189.57,0.3918,-1,-1,-1
628,40,324.98,991.77,94.44,88.23,0.6306,-1,-1,-1
628,39,1563.80,603.57,106.30,225.52,0.3671,-1,-1,-1
628,36,956.29,935.93,61.79,144.07,0.6827,-1,-1,-1
628,32,806.97,142.62,59.01,174.95,0.3743,-1,-1,-1
628,22,1195.74,934.58,90.69,144.67,0.5783,-1,-1,-1
628,6,510.34,538.75,106.45,240.84,0.7207,-1,-1,-1
628,4,1718.53,451.44,77.42,215.14,0.6622,-1,-1,-1
628,3,1114.80,924.06,81.03,155.94,0.6675,-1,-1,-1
629,78,1449.50,1008.94,69.82,70.86,0.3147,-1,-1,-1
629,60,342.86,296.57,68.23,195.36,0.6599,-1,-1,-1
629,55,1626.17,202.77,70.46,187.02,0.4379,-1,-1,-1
629,40,324.34,994.72,95.06,85.28,0.6710,-1,-1,-1
629,39,1564.25,600.59,106.41,228.77,0.4913,-1,-1,-1
629,36,954.03,934.60,61.73,145.40,0.6796,-1,-1,-1
629,32,806.60,142.69,57.90,175.88,0.3709,-1,-1,-1
629,22,1193.88,936.22,96.13,143.61,0.6309,-1,-1,-1
629,6,503.13,538.05,114.02,240.01,0.7396,-1,-1,-1
629,4,1718.71,451.56,76.97,215.87,0.6912,-1,-1,-1
629,3,1114.81,924.37,82.39,155.63,0.7075,-1,-1,-1
630,78,1444.22,1004.73,74.25,74.79,0.3654,-1,-1,-1
630,77,1515.05,984.86,98.09,92.24,0.2657,-1,-1,-1
630,60,341.07,296.63,69.26,197.62,0.6680,-1,-1,-1
630,55,1626.38,200.92,69.00,186.32,0.5132,-1,-1,-1
630,40,323.96,997.84,96.31,82.16,0.6849,-1,-1,-1
630,39,1564.15,605.17,106.04,223.44,0.4068,-1,-1,-1
630,36,952.92,933.25,59.56,146.75,0.6848,-1,-1,-1
630,32,808.91,143.20,55.34,174.48,0.4153,-1,-1,-1
630,22,1195.09,940.69,95.56,138.51,0.5784,-1,-1,-1
630,6,499.48,537.92,115.95,238.44,0.7700,-1,-1,-1
630,4,1717.44,450.64,79.24,215.59,0.6908,-1,-1,-1
630,3,1114.77,926.19,84.69,153.81,0.7036,-1,-1,-1
631,78,1439.93,1000.97,76.80,77.57,0.3639,-1,-1,-1
631,77,1514.05,982.18,96.55,94.69,0.4006,-1,-1,-1
631,60,340.45,297.96,69.69,201.28,0.6774,-1,-1,-1
631,55,1626.91,199.56,68.59,182.54,0.5339,-1,-1,-1
631,40,324.36,998.30,96.33,81.70,0.6658,-1,-1,-1
631,39,1563.09,603.34,107.60,224.74,0.4554,-1,-1,-1
631,36,950.54,931.87,59.59,147.73,0.6880,-1,-1,-1
631,32,808.37,142.56,56.16,173.11,0.3791,-1,-1,-1
631,22,1197.53,942.98,91.97,134.79,0.5446,-1,-1,-1
631,6,499.42,539.80,116.13,236.30,0.7585,-1,-1,-1
631,4,1717.50,451.12,79.31,216.65,0.6823,-1,-1,-1
631,3,1115.15,927.72,87.19,152.28,0.6893,-1,-1,-1
632,78,1437.43,994.09,76.41,84.62,0.3548,-1,-1,-1
632,77,1512.08,978.63,94.21,98.75,0.3803,-1,-1,-1
632,60,339.68,298.03,69.49,204.41,0.6922,-1,-1,-1
632,55,1627.31,196.22,67.79,181.23,0.5565,-1,-1,-1
632,40,323.50,1001.25,97.69,78.75,0.6482,-1,-1,-1
632,39,1563.45,608.07,106.57,220.58,0.3832,-1,-1,-1
632,36,948.67,930.48,59.71,149.52,0.7067,-1,-1,-1
632,32,806.54,144.14,57.92,173.17,0.4198,-1,-1,-1
632,22,1198.21,944.43,89.91,132.70,0.5041,-1,-1,-1
632,6,493.64,540.28,122.52,237.27,0.7759,-1,-1,-1
632,4,1716.93,451.68,80.35,216.03,0.7070,-1,-1,-1
632,3,1114.76,930.84,94.09,148.66,0.7011,-1,-1,-1
633,78,1436.42,988.32,75.32,91.65,0.3081,-1,-1,-1
633,77,1507.19,975.08,97.36,103.00,0.4564,-1,-1,-1
633,60,339.73,299.14,68.42,204.62,0.6827,-1,-1,-1
633,55,1628.01,194.04,65.51,182.45,0.5705,-1,-1,-1
633,40,325.27,1001.53,95.66,77.96,0.6306,-1,-1,-1
633,39,1565.20,602.10,107.59,224.58,0.4582,-1,-1,-1
633,36,947.16,929.52,59.44,150.48,0.6643,-1,-1,-1
633,32,805.30,144.72,59.05,173.58,0.3768,-1,-1,-1
633,22,1202.28,948.45,84.58,127.82,0.3318,-1,-1,-1
633,6,493.43,540.16,120.13,236.88,0.7856,-1,-1,-1
633,4,1717.64,451.10,79.62,215.91,0.7136,-1,-1,-1
633,3,1115.27,934.28,97.63,144.82,0.6815,-1,-1,-1
634,78,1433.83,989.26,75.07,90.74,0.2585,-1,-1,-1
634,77,1502.21,971.36,98.54,107.55,0.3791,-1,-1,-1
634,60,339.32,300.06,68.46,205.22,0.7078,-1,-1,-1
634,55,1628.04,192.35,65.26,183.23,0.5685,-1,-1,-1
634,40,324.91,1004.41,96.26,74.60,0.6333,-1,-1,-1
634,39,1562.61,600.81,108.17,228.50,0.4662,-1,-1,-1
634,36,945.78,928.53,58.92,151.33,0.6844,-1,-1,-1
634,32,807.06,145.07,57.37,173.32,0.3944,-1,-1,-1
634,22,1204.85,951.32,80.23,125.74,0.3176,-1,-1,-1
634,6,493.51,540.09,120.84,236.85,0.7750,-1,-1,-1
634,4,1716.74,450.03,80.62,215.78,0.7254,-1,-1,-1
634,3,1114.18,938.53,99.66,140.65,0.7034,-1,-1,-1
635,78,1430.49,984.87,77.80,95.13,0.2536,-1,-1,-1
635,77,1501.00,967.65,95.31,111.33,0.4739,-1,-1,-1
635,60,339.62,302.71,66.96,205.08,0.7042,-1,-1,-1
635,55,1626.47,192.15,65.65,182.61,0.5664,-1,-1,-1
635,40,325.34,1007.49,95.35,71.40,0.6349,-1,-1,-1
635,39,1562.78,604.90,107.16,224.69,0.3783,-1,-1,-1
635,36,940.79,928.56,62.41,151.44,0.6759,-1,-1,-1
635,32,806.59,144.90,57.99,173.27,0.4202,-1,-1,-1
635,22,1202.32,954.87,81.77,123.23,0.3281,-1,-1,-1
635,6,492.89,538.24,121.05,239.10,0.7707,-1,-1,-1
635,4,1716.49,450.68,80.73,215.06,0.7384,-1,-1,-1
635,3,1113.50,940.37,101.85,139.39,0.6976,-1,-1,-1
636,78,1426.60,979.17,79.06,100.83,0.4353,-1,-1,-1
636,77,1497.25,963.19,97.56,116.81,0.5063,-1,-1,-1
636,60,338.67,306.38,68.39,203.98,0.7113,-1,-1,-1
636,55,1625.94,190.61,65.20,183.72,0.5488,-1,-1,-1
636,40,326.93,1010.72,92.10,68.57,0.6312,-1,-1,-1
636,39,1562.11,605.56,108.55,224.03,0.3693,-1,-1,-1
636,36,940.79,928.99,59.53,150.53,0.6554,-1,-1,-1
636,32,807.06,145.56,57.06,174.15,0.3970,-1,-1,-1
636,22,1200.86,956.85,81.75,121.90,0.4323,-1,-1,-1
636,6,495.21,538.87,114.63,237.56,0.7662,-1,-1,-1
636,4,1716.19,451.09,81.44,215.69,0.7292,-1,-1,-1
636,3,1113.40,943.39,102.63,136.61,0.6902,-1,-1,-1
637,78,1425.55,978.71,77.85,101.29,0.3239,-1,-1,-1
637,77,1495.92,958.55,93.42,120.03,0.5612,-1,-1,-1
637,60,339.33,307.79,67.85,203.81,0.7042,-1,-1,-1
637,55,1625.13,189.65,64.83,184.70,0.5961,-1,-1,-1
637,40,328.18,1014.63,90.07,65.37,0.6054,-1,-1,-1
637,39,1562.72,607.75,106.85,220.66,0.2851,-1,-1,-1
637,36,937.53,929.02,61.58,149.54,0.6504,-1,-1,-1
637,32,806.77,145.02,57.74,175.43,0.4152,-1,-1,-1
637,22,1202.16,957.00,79.17,121.26,0.4509,-1,-1,-1
637,6,497.02,538.85,112.58,236.56,0.7364,-1,-1,-1
637,4,1716.49,450.64,81.09,216.61,0.7390,-1,-1,-1
637,3,1113.47,947.08,105.68,132.92,0.6875,-1,-1,-1
638,79,207.53,254.99,62.86,172.95,0.3480,-1,-1,-1
638,78,1421.92,978.53,75.91,101.47,0.5279,-1,-1,-1
638,77,1495.59,956.40,93.59,121.94,0.5610,-1,-1,-1
638,60,338.90,308.83,68.19,205.79,0.7073,-1,-1,-1
638,55,1625.11,191.21,63.49,182.29,0.5921,-1,-1,-1
638,40,329.12,1019.94,87.02,60.06,0.5721,-1,-1,-1
638,39,1562.22,605.59,109.61,221.84,0.2706,-1,-1,-1
638,36,937.00,929.21,60.21,150.15,0.6524,-1,-1,-1
638,32,806.72,145.04,57.98,174.75,0.4123,-1,-1,-1
638,22,1201.37,959.90,75.76,119.54,0.3879,-1,-1,-1
638,6,497.66,539.39,101.91,236.26,0.7297,-1,-1,-1
638,4,1716.90,451.07,79.74,215.30,0.7218,-1,-1,-1
638,3,1114.19,949.64,108.42,130.36,0.6375,-1,-1,-1
639,79,208.50,250.03,62.27,175.09,0.3377,-1,-1,-1
639,78,1417.63,978.94,77.50,101.06,0.5721,-1,-1,-1
639,77,1492.64,952.24,95.35,126.57,0.4895,-1,-1,-1
639,60,338.87,309.79,67.65,205.83,0.7235,-1,-1,-1
639,55,1624.85,191.18,63.13,182.14,0.6115,-1,-1,-1
639,40,331.20,1024.49,81.85,55.51,0.5294,-1,-1,-1
639,36,934.15,928.49,60.53,151.17,0.6438,-1,-1,-1
639,32,806.10,143.52,58.41,176.92,0.4025,-1,-1,-1
639,22,1200.85,961.41,73.93,118.59,0.3358,-1,-1,-1
639,6,499.80,540.07,94.14,235.60,0.7105,-1,-1,-1
639,4,1717.11,451.95,79.64,216.02,0.7481,-1,-1,-1
639,3,1115.61,951.44,114.50,128.56,0.5286,-1,-1,-1
640,79,209.15,247.78,60.97,177.74,0.3803,-1,-1,-1
640,78,1414.32,977.40,78.06,102.60,0.5616,-1,-1,-1
640,77,1490.91,950.69,95.82,128.30,0.4889,-1,-1,-1
640,60,338.60,310.18,68.81,206.68,0.7184,-1,-1,-1
640,55,1625.57,191.41,61.01,182.04,0.6061,-1,-1,-1
640,40,334.13,1028.06,71.03,51.94,0.4234,-1,-1,-1
640,39,1564.57,606.91,107.75,220.23,0.3089,-1,-1,-1
640,36,931.71,928.27,61.70,151.73,0.6263,-1,-1,-1
640,32,806.60,144.68,58.22,175.92,0.4135,-1,-1,-1
640,22,1197.84,962.76,75.91,117.24,0.3441,-1,-1,-1
640,6,500.35,539.81,86.32,236.29,0.7167,-1,-1,-1
640,4,1716.35,452.00,80.50,214.88,0.7389,-1,-1,-1
640,3,1117.28,954.13,106.60,125.87,0.5270,-1,-1,-1
641,79,210.17,249.65,61.35,174.98,0.3863,-1,-1,-1
641,78,1412.39,975.06,77.63,104.94,0.5779,-1,-1,-1
641,77,1485.21,948.66,99.50,129.78,0.5461,-1,-1,-1
641,60,338.01,311.30,68.69,204.47,0.7137,-1,-1,-1
641,55,1624.64,188.93,61.44,182.30,0.5621,-1,-1,-1
641,40,340.20,1032.23,49.43,47.75,0.2838,-1,-1,-1
641,39,1564.76,603.60,108.39,223.66,0.3219,-1,-1,-1
641,36,930.22,927.88,62.07,151.97,0.6150,-1,-1,-1
641,32,806.26,143.83,58.80,176.44,0.4099,-1,-1,-1
641,22,1196.65,961.88,76.51,117.59,0.4457,-1,-1,-1
641,6,499.80,539.41,81.33,236.25,0.7124,-1,-1,-1
641,4,1716.23,452.21,81.05,214.02,0.7380,-1,-1,-1
641,3,1119.52,956.21,96.44,123.79,0.6080,-1,-1,-1
642,79,212.03,241.71,57.73,182.44,0.3439,-1,-1,-1
642,78,1410.64,972.32,75.82,107.68,0.6043,-1,-1,-1
642,77,1485.22,946.49,94.89,132.13,0.5385,-1,-1,-1
642,60,338.15,311.21,69.16,204.58,0.7164,-1,-1,-1
642,55,1625.50,190.56,58.81,179.51,0.5612,-1,-1,-1
642,40,344.94,1034.27,41.69,45.73,0.3236,-1,-1,-1
642,39,1561.76,610.91,109.61,216.58,0.2917,-1,-1,-1
642,36,926.79,927.71,62.52,152.29,0.6156,-1,-1,-1
642,32,805.87,145.12,59.26,175.13,0.4083,-1,-1,-1
642,22,1193.20,964.13,79.64,115.87,0.5289,-1,-1,-1
642,6,495.76,538.79,76.16,238.04,0.7325,-1,-1,-1
642,4,1716.25,452.67,80.32,214.45,0.7297,-1,-1,-1
642,3,1122.74,957.47,87.29,122.53,0.6296,-1,-1,-1
643,78,1406.88,969.64,78.74,110.36,0.6167,-1,-1,-1
643,77,1482.42,944.57,93.77,133.35,0.6203,-1,-1,-1
643,60,338.03,312.46,69.25,203.20,0.6933,-1,-1,-1
643,55,1624.16,189.87,58.88,183.41,0.5622,-1,-1,-1
643,39,1563.39,620.45,104.72,207.27,0.2657,-1,-1,-1
643,36,925.66,927.54,61.88,151.37,0.6344,-1,-1,-1
643,32,805.92,145.55,59.07,174.92,0.4262,-1,-1,-1
643,22,1194.07,966.46,77.91,113.14,0.3808,-1,-1,-1
643,6,491.10,539.08,69.85,236.10,0.7057,-1,-1,-1
643,4,1715.38,454.19,81.05,213.01,0.7249,-1,-1,-1
643,3,1124.05,958.48,83.69,121.52,0.5930,-1,-1,-1
644,79,214.66,253.46,54.71,169.73,0.2797,-1,-1,-1
644,78,1403.00,965.79,80.23,114.21,0.6075,-1,-1,-1
644,77,1479.70,944.34,94.35,134.00,0.5817,-1,-1,-1
644,60,337.04,313.30,70.44,202.01,0.7102,-1,-1,-1
644,55,1623.94,188.71,57.59,179.76,0.6123,-1,-1,-1
644,39,1563.05,617.61,106.35,211.83,0.2645,-1,-1,-1
644,36,923.66,928.43,61.40,151.12,0.6791,-1,-1,-1
644,32,805.93,145.68,58.88,176.00,0.4294,-1,-1,-1
644,22,1198.15,966.20,73.85,113.80,0.3700,-1,-1,-1
644,6,484.24,539.44,66.23,237.63,0.7518,-1,-1,-1
644,4,1715.26,452.32,81.34,214.09,0.7201,-1,-1,-1
644,3,1122.85,959.70,86.09,120.30,0.5942,-1,-1,-1
645,79,215.14,250.97,52.75,172.04,0.2895,-1,-1,-1
645,78,1400.25,963.20,79.36,116.80,0.6028,-1,-1,-1
645,77,1474.30,943.83,96.65,135.04,0.5268,-1,-1,-1
645,60,337.30,314.84,70.15,199.75,0.6924,-1,-1,-1
645,55,1623.28,188.19,57.20,178.64,0.6219,-1,-1,-1
645,36,921.55,928.88,62.35,150.35,0.6908,-1,-1,-1
645,32,805.82,145.56,58.93,175.42,0.4717,-1,-1,-1
645,22,1197.89,964.82,73.66,115.18,0.2514,-1,-1,-1
645,6,475.90,539.97,70.16,238.57,0.7676,-1,-1,-1
645,4,1715.92,452.85,81.01,213.93,0.7229,-1,-1,-1
645,3,1121.66,960.61,91.54,119.39,0.4907,-1,-1,-1
646,78,1394.16,958.89,83.62,121.11,0.6702,-1,-1,-1
646,77,1468.94,941.97,98.14,136.94,0.4550,-1,-1,-1
646,60,336.55,317.52,70.41,197.75,0.7012,-1,-1,-1
646,55,1622.39,186.08,58.28,178.32,0.6407,-1,-1,-1
646,39,1562.20,605.49,107.51,224.65,0.3780,-1,-1,-1
646,36,919.37,928.40,62.82,150.69,0.6759,-1,-1,-1
646,32,806.52,145.74,58.25,174.23,0.4736,-1,-1,-1
646,22,1195.96,969.47,75.40,110.53,0.4399,-1,-1,-1
646,6,469.15,538.68,75.74,239.48,0.7731,-1,-1,-1
646,4,1715.34,454.21,81.86,213.15,0.7330,-1,-1,-1
646,3,1124.69,962.27,78.78,117.73,0.5772,-1,-1,-1
647,78,1388.81,954.64,88.60,124.99,0.7060,-1,-1,-1
647,77,1468.43,939.86,93.31,140.14,0.5774,-1,-1,-1
647,60,335.89,320.39,69.59,196.80,0.7116,-1,-1,-1
647,55,1622.01,183.78,58.94,181.88,0.6475,-1,-1,-1
647,39,1562.09,613.09,108.07,217.48,0.3852,-1,-1,-1
647,36,913.90,928.69,66.13,149.83,0.6716,-1,-1,-1
647,32,806.61,145.72,58.07,173.83,0.4334,-1,-1,-1
647,22,1198.22,972.28,72.97,107.72,0.3713,-1,-1,-1
647,6,466.55,538.30,76.30,239.54,0.7618,-1,-1,-1
647,4,1715.48,452.98,82.18,214.24,0.7306,-1,-1,-1
647,3,1125.85,963.43,73.96,116.57,0.5152,-1,-1,-1
648,81,429.78,120.60,44.27,150.03,0.3077,-1,-1,-1
648,78,1386.73,951.73,88.88,127.50,0.7036,-1,-1,-1
648,77,1467.29,937.63,91.24,141.05,0.6301,-1,-1,-1
648,60,336.17,320.32,68.41,198.31,0.7188,-1,-1,-1
648,55,1620.41,182.35,59.81,176.21,0.6571,-1,-1,-1
648,39,1563.18,606.51,106.66,223.11,0.3644,-1,-1,-1
648,36,910.63,929.50,69.27,149.11,0.6893,-1,-1,-1
648,32,806.52,145.64,57.91,173.83,0.4481,-1,-1,-1
648,22,1198.51,976.25,71.92,103.75,0.4520,-1,-1,-1
648,6,461.84,537.76,79.16,239.58,0.7500,-1,-1,-1
648,4,1716.41,453.01,80.71,212.67,0.7307,-1,-1,-1
648,3,1125.09,965.80,77.01,114.20,0.5523,-1,-1,-1
649,80,1481.95,2.30,58.14,145.25,0.2719,-1,-1,-1
649,79,218.29,252.17,48.56,169.49,0.2635,-1,-1,-1
649,78,1383.21,950.90,88.58,127.69,0.6952,-1,-1,-1
649,77,1461.47,932.99,95.06,144.56,0.6277,-1,-1,-1
649,60,335.01,321.21,68.26,200.66,0.7244,-1,-1,-1
649,55,1619.02,181.27,61.07,178.59,0.6595,-1,-1,-1
649,39,1562.92,604.16,107.66,223.63,0.2825,-1,-1,-1
649,36,906.45,929.68,70.63,149.00,0.7038,-1,-1,-1
649,32,806.44,145.25,58.38,174.14,0.4669,-1,-1,-1
649,22,1195.94,977.96,73.77,102.04,0.4521,-1,-1,-1
649,6,459.59,538.82,79.74,237.54,0.7668,-1,-1,-1
649,4,1716.79,453.73,82.83,213.38,0.7303,-1,-1,-1
649,3,1124.41,968.19,80.43,111.81,0.5290,-1,-1,-1
650,78,1378.45,947.40,87.44,131.07,0.7019,-1,-1,-1
650,77,1455.63,929.19,96.61,148.90,0.6491,-1,-1,-1
650,60,334.97,322.45,66.87,204.84,0.7117,-1,-1,-1
650,55,1618.22,179.97,62.23,179.54,0.6247,-1,-1,-1
650,39,1562.63,605.39,110.39,222.83,0.3270,-1,-1,-1
650,36,904.23,931.85,70.86,146.73,0.7194,-1,-1,-1
650,32,806.24,144.16,58.27,176.44,0.4636,-1,-1,-1
650,22,1193.51,982.16,75.76,97.84,0.4099,-1,-1,-1
650,6,455.34,536.80,82.32,239.03,0.7779,-1,-1,-1
650,4,1717.51,453.30,79.81,212.82,0.7361,-1,-1,-1
650,3,1125.75,971.25,73.45,108.19,0.4839,-1,-1,-1
651,78,1371.16,946.05,90.31,132.73,0.6959,-1,-1,-1
651,77,1456.60,927.18,93.40,152.35,0.6644,-1,-1,-1
651,60,333.86,323.06,67.41,205.37,0.7223,-1,-1,-1
651,55,1616.79,177.35,64.11,178.09,0.6220,-1,-1,-1
651,39,1561.03,602.46,112.49,225.66,0.3186,-1,-1,-1
651,36,902.31,931.28,71.33,147.81,0.7263,-1,-1,-1
651,32,805.33,143.41,59.39,177.42,0.4500,-1,-1,-1
651,22,1193.21,983.09,75.31,96.91,0.4310,-1,-1,-1
651,6,454.38,537.18,82.47,238.54,0.7804,-1,-1,-1
651,4,1717.46,453.78,80.23,212.43,0.7265,-1,-1,-1
651,3,1124.80,972.64,79.11,107.36,0.5229,-1,-1,-1
652,78,1368.16,943.95,91.81,134.79,0.6666,-1,-1,-1
652,77,1455.31,923.47,91.45,155.04,0.6126,-1,-1,-1
652,60,333.45,325.61,66.61,205.41,0.7092,-1,-1,-1
652,55,1616.38,174.74,64.13,178.83,0.6510,-1,-1,-1
652,39,1560.75,601.70,108.89,227.96,0.3300,-1,-1,-1
652,36,900.43,930.81,70.81,147.13,0.6999,-1,-1,-1
652,32,807.70,144.17,57.51,175.65,0.4762,-1,-1,-1
652,22,1185.80,987.77,80.63,92.23,0.4599,-1,-1,-1
652,6,452.61,536.63,83.84,238.58,0.7727,-1,-1,-1
652,4,1717.41,453.77,79.00,212.43,0.7175,-1,-1,-1
652,3,1125.90,976.02,66.14,103.98,0.4880,-1,-1,-1
653,80,1481.60,1.92,58.33,145.41,0.2592,-1,-1,-1
653,78,1365.13,941.89,92.30,136.33,0.7057,-1,-1,-1
653,77,1450.77,916.98,92.33,162.43,0.6485,-1,-1,-1
653,60,333.74,327.19,65.23,205.46,0.7246,-1,-1,-1
653,55,1615.79,174.89,65.48,175.10,0.6823,-1,-1,-1
653,39,1560.98,597.61,111.54,230.28,0.3984,-1,-1,-1
653,36,899.07,931.76,68.50,145.85,0.6973,-1,-1,-1
653,32,806.24,145.24,58.29,174.99,0.5207,-1,-1,-1
653,22,1190.94,989.09,76.27,89.88,0.5712,-1,-1,-1
653,6,450.87,536.58,85.86,238.17,0.7786,-1,-1,-1
653,4,1718.45,452.90,78.99,213.29,0.7317,-1,-1,-1
653,3,1123.99,980.42,72.84,99.28,0.5598,-1,-1,-1
654,80,1480.93,1.11,59.33,146.86,0.2684,-1,-1,-1
654,78,1361.19,940.31,91.71,136.56,0.6925,-1,-1,-1
654,77,1449.31,914.65,91.33,164.86,0.6318,-1,-1,-1
654,60,334.19,328.80,63.51,206.23,0.7105,-1,-1,-1
654,55,1614.91,173.86,66.98,177.43,0.6419,-1,-1,-1
654,39,1561.07,598.14,111.20,229.50,0.4414,-1,-1,-1
654,36,899.01,932.49,64.57,145.27,0.6883,-1,-1,-1
654,32,806.70,144.53,58.21,174.33,0.5028,-1,-1,-1
654,22,1196.62,991.51,70.81,86.62,0.5471,-1,-1,-1
654,6,452.87,536.27,84.32,238.59,0.7815,-1,-1,-1
654,4,1718.94,452.67,78.84,212.83,0.7317,-1,-1,-1
654,3,1123.55,983.22,68.65,96.16,0.5157,-1,-1,-1
655,83,469.84,109.96,56.88,168.32,0.2762,-1,-1,-1
655,80,1480.82,0.60,58.93,146.74,0.2654,-1,-1,-1
655,78,1359.99,938.52,91.54,138.95,0.6732,-1,-1,-1
655,77,1445.52,915.48,91.87,164.52,0.6460,-1,-1,-1
655,60,333.16,330.47,63.67,204.62,0.6949,-1,-1,-1
655,55,1614.33,167.90,68.50,182.98,0.5923,-1,-1,-1
655,39,1562.82,599.13,110.07,229.56,0.4135,-1,-1,-1
655,36,895.06,932.19,65.82,145.35,0.6857,-1,-1,-1
655,32,806.32,144.44,58.54,175.45,0.4858,-1,-1,-1
655,22,1200.60,993.76,68.77,84.23,0.5787,-1,-1,-1
655,6,453.29,536.21,82.37,238.63,0.7841,-1,-1,-1
655,4,1718.35,452.53,79.09,213.47,0.7278,-1,-1,-1
655,3,1122.56,986.22,78.06,93.16,0.5834,-1,-1,-1
656,83,470.61,113.34,56.51,165.74,0.2672,-1,-1,-1
656,78,1359.12,935.98,91.09,141.49,0.6799,-1,-1,-1
656,77,1440.10,911.14,95.24,168.66,0.6141,-1,-1,-1
656,60,331.61,331.55,65.15,206.29,0.6912,-1,-1,-1
656,55,1613.72,166.73,69.37,181.49,0.5941,-1,-1,-1
656,39,1560.83,595.09,110.40,232.60,0.3187,-1,-1,-1
656,36,891.46,932.43,66.94,144.94,0.7028,-1,-1,-1
656,32,807.61,144.87,56.93,175.12,0.4741,-1,-1,-1
656,22,1200.40,995.06,70.60,83.39,0.5796,-1,-1,-1
656,6,455.18,534.71,79.92,239.81,0.7883,-1,-1,-1
656,4,1718.78,452.09,78.39,214.26,0.7410,-1,-1,-1
656,3,1122.65,988.29,72.07,90.09,0.5593,-1,-1,-1
657,78,1359.55,932.94,89.82,145.03,0.6721,-1,-1,-1
657,77,1434.28,907.69,97.76,171.31,0.6414,-1,-1,-1
657,60,329.91,332.93,65.33,205.81,0.6782,-1,-1,-1
657,55,1612.39,168.97,71.46,177.35,0.6010,-1,-1,-1
657,39,1562.73,593.13,110.14,234.15,0.3867,-1,-1,-1
657,36,887.63,931.83,68.46,146.12,0.6985,-1,-1,-1
657,32,804.78,145.49,60.01,175.78,0.4418,-1,-1,-1
657,22,1196.84,996.40,74.96,82.22,0.5640,-1,-1,-1
657,6,455.52,535.16,78.68,239.65,0.7761,-1,-1,-1
657,4,1718.50,452.12,79.39,213.91,0.7390,-1,-1,-1
657,3,1121.83,989.78,66.96,88.46,0.5345,-1,-1,-1
658,81,431.08,126.13,43.19,152.12,0.2669,-1,-1,-1
658,78,1355.19,929.11,90.77,148.08,0.6754,-1,-1,-1
658,77,1432.16,906.10,96.02,172.59,0.6657,-1,-1,-1
658,60,328.30,333.49,65.47,205.53,0.6809,-1,-1,-1
658,55,1611.15,168.07,73.26,176.17,0.6005,-1,-1,-1
658,39,1561.39,596.13,110.64,231.68,0.3066,-1,-1,-1
658,36,885.28,932.52,69.15,145.88,0.7057,-1,-1,-1
658,32,806.18,143.98,59.07,175.11,0.4296,-1,-1,-1
658,22,1194.89,997.97,78.96,80.96,0.5986,-1,-1,-1
658,6,453.62,533.70,78.81,240.96,0.7580,-1,-1,-1
658,4,1719.13,451.93,77.84,215.07,0.7167,-1,-1,-1
658,3,1118.40,989.89,71.89,88.30,0.5453,-1,-1,-1
659,83,473.58,114.60,54.33,168.46,0.2967,-1,-1,-1
659,81,431.42,127.52,43.45,152.89,0.3095,-1,-1,-1
659,78,1352.59,926.65,91.13,150.90,0.6723,-1,-1,-1
659,77,1429.65,905.58,95.74,172.36,0.6156,-1,-1,-1
659,60,324.50,332.23,68.96,206.60,0.7252,-1,-1,-1
659,55,1611.31,167.56,74.47,176.39,0.6068,-1,-1,-1
659,39,1565.04,599.90,102.48,227.32,0.2887,-1,-1,-1
659,36,882.81,932.70,68.14,145.09,0.7053,-1,-1,-1
659,32,806.31,143.72,58.84,177.31,0.4359,-1,-1,-1
659,22,1194.91,999.30,81.56,80.70,0.6219,-1,-1,-1
659,6,452.19,530.80,79.47,242.24,0.7664,-1,-1,-1
659,4,1718.06,452.28,80.01,214.60,0.7406,-1,-1,-1
659,3,1117.41,991.42,78.26,87.23,0.6021,-1,-1,-1
660,83,473.50,118.52,55.01,164.60,0.3008,-1,-1,-1
660,81,431.83,127.43,43.24,152.89,0.3233,-1,-1,-1
660,78,1350.47,923.24,91.60,153.00,0.6756,-1,-1,-1
660,77,1427.15,902.96,99.09,174.98,0.6232,-1,-1,-1
660,60,322.57,333.00,69.49,205.47,0.7228,-1,-1,-1
660,55,1612.98,166.82,73.62,178.75,0.6508,-1,-1,-1
660,39,1561.69,599.24,109.55,228.13,0.2817,-1,-1,-1
660,36,880.77,932.02,67.29,145.45,0.6977,-1,-1,-1
660,32,805.52,144.84,59.18,175.69,0.4489,-1,-1,-1
660,22,1193.73,1002.08,84.16,77.92,0.6206,-1,-1,-1
660,6,449.66,530.29,76.90,239.82,0.7583,-1,-1,-1
660,4,1718.06,451.77,78.91,214.51,0.7284,-1,-1,-1
660,3,1115.24,993.43,78.36,85.19,0.6369,-1,-1,-1
661,83,473.33,119.38,55.79,167.06,0.3066,-1,-1,-1
661,81,431.62,130.67,42.76,149.55,0.3155,-1,-1,-1
661,78,1348.81,920.69,89.53,155.39,0.6759,-1,-1,-1
661,77,1425.78,901.22,99.15,176.30,0.6332,-1,-1,-1
661,60,321.59,333.50,69.32,204.17,0.6934,-1,-1,-1
661,55,1614.34,166.98,74.02,174.91,0.6518,-1,-1,-1
661,39,1558.81,603.26,114.63,223.51,0.3091,-1,-1,-1
661,36,879.12,930.96,65.43,147.94,0.6724,-1,-1,-1
661,32,806.72,144.34,58.38,175.13,0.4403,-1,-1,-1
661,22,1191.93,1005.25,87.02,74.75,0.5827,-1,-1,-1
661,6,447.88,530.78,69.12,239.13,0.7663,-1,-1,-1
661,4,1718.21,451.92,79.77,213.07,0.7526,-1,-1,-1
661,3,1112.32,993.60,74.38,85.26,0.5999,-1,-1,-1
662,83,473.50,119.08,56.75,169.76,0.3229,-1,-1,-1
662,81,430.61,134.19,43.55,146.18,0.3287,-1,-1,-1
662,78,1345.99,915.32,86.58,161.09,0.6174,-1,-1,-1
662,77,1423.71,898.54,100.65,179.68,0.4918,-1,-1,-1
662,60,320.80,333.52,69.18,204.50,0.7004,-1,-1,-1
662,55,1613.77,166.04,75.24,175.80,0.6384,-1,-1,-1
662,39,1560.67,594.97,114.81,233.08,0.3862,-1,-1,-1
662,36,876.24,929.68,64.90,149.60,0.6625,-1,-1,-1
662,32,806.16,142.86,58.59,175.58,0.4636,-1,-1,-1
662,22,1192.90,1005.29,86.73,74.19,0.5337,-1,-1,-1
662,6,442.75,530.30,70.19,240.17,0.7828,-1,-1,-1
662,4,1717.83,451.72,80.05,213.72,0.7499,-1,-1,-1
662,3,1111.49,996.17,74.70,82.61,0.6013,-1,-1,-1
663,83,473.21,121.64,57.93,166.70,0.2706,-1,-1,-1
663,81,429.78,132.19,44.83,147.53,0.3316,-1,-1,-1
663,78,1342.25,910.60,86.88,167.44,0.6734,-1,-1,-1
663,77,1422.64,895.96,97.50,184.04,0.6286,-1,-1,-1
663,60,320.99,333.99,68.27,203.90,0.7134,-1,-1,-1
663,55,1616.27,164.92,73.34,175.01,0.6152,-1,-1,-1
663,39,1563.24,601.21,111.84,225.33,0.3757,-1,-1,-1
663,36,874.92,929.39,63.05,149.37,0.6632,-1,-1,-1
663,32,807.09,143.35,57.71,174.90,0.4404,-1,-1,-1
663,22,1193.20,1007.84,84.82,71.18,0.5122,-1,-1,-1
663,6,438.51,529.13,68.73,239.35,0.8055,-1,-1,-1
663,4,1717.81,452.59,81.95,212.64,0.7378,-1,-1,-1
663,3,1110.54,997.69,67.82,80.99,0.5351,-1,-1,-1
664,83,474.64,122.60,57.62,165.68,0.2738,-1,-1,-1
664,81,431.16,129.72,44.06,150.04,0.3106,-1,-1,-1
664,78,1340.80,907.32,85.47,171.42,0.6338,-1,-1,-1
664,77,1421.84,892.62,94.15,187.38,0.6079,-1,-1,-1
664,60,320.49,335.09,67.87,202.72,0.7020,-1,-1,-1
664,55,1616.86,163.89,73.62,179.68,0.6273,-1,-1,-1
664,39,1559.65,617.53,110.34,211.20,0.3210,-1,-1,-1
664,36,872.05,929.57,64.36,148.27,0.6801,-1,-1,-1
664,32,805.39,143.07,58.77,175.40,0.4365,-1,-1,-1
664,22,1193.81,1009.66,83.43,69.98,0.4597,-1,-1,-1
664,6,434.18,527.91,67.53,241.27,0.7958,-1,-1,-1
664,4,1717.73,452.71,82.44,213.61,0.7253,-1,-1,-1
664,3,1108.98,1000.58,64.98,78.39,0.5259,-1,-1,-1
665,83,474.48,121.39,56.74,167.83,0.3017,-1,-1,-1
665,81,432.29,128.79,42.36,151.09,0.3362,-1,-1,-1
665,78,1338.58,904.16,82.36,174.17,0.6502,-1,-1,-1
665,77,1417.17,885.04,98.28,194.96,0.6330,-1,-1,-1
665,60,317.31,334.59,69.99,203.20,0.6934,-1,-1,-1
665,55,1618.28,162.27,72.48,184.21,0.5983,-1,-1,-1
665,39,1560.72,598.01,113.15,228.41,0.3459,-1,-1,-1
665,36,868.84,930.73,65.57,148.29,0.6746,-1,-1,-1
665,32,807.28,143.32,57.20,175.06,0.4675,-1,-1,-1
665,22,1195.69,1012.71,72.09,67.29,0.4700,-1,-1,-1
665,6,431.35,526.38,62.81,244.28,0.7424,-1,-1,-1
665,4,1718.16,452.35,81.95,213.22,0.7289,-1,-1,-1
665,3,1105.74,1001.86,77.37,77.89,0.5656,-1,-1,-1
666,83,475.45,118.85,56.67,169.80,0.2812,-1,-1,-1
666,81,431.53,130.71,44.11,149.54,0.3166,-1,-1,-1
666,78,1334.16,903.06,82.07,175.08,0.6549,-1,-1,-1
666,77,1413.29,882.37,101.99,197.63,0.6419,-1,-1,-1
666,60,312.83,335.58,73.74,203.99,0.6717,-1,-1,-1
666,55,1619.08,160.92,72.20,183.18,0.6061,-1,-1,-1
666,39,1559.70,599.95,115.22,227.63,0.3518,-1,-1,-1
666,36,867.15,930.15,65.92,148.13,0.6918,-1,-1,-1
666,32,807.71,143.11,56.38,173.19,0.4450,-1,-1,-1
666,22,1194.84,1014.80,70.60,65.20,0.4932,-1,-1,-1
666,6,428.36,526.71,63.09,247.55,0.7487,-1,-1,-1
666,4,1717.87,452.03,81.62,214.37,0.7038,-1,-1,-1
666,3,1104.28,1004.87,78.81,74.28,0.5719,-1,-1,-1
667,83,477.75,126.19,53.83,162.84,0.3189,-1,-1,-1
667,81,431.44,131.93,44.50,149.05,0.3316,-1,-1,-1
667,78,1331.75,899.87,81.60,179.23,0.6588,-1,-1,-1
667,77,1408.44,880.30,99.09,199.70,0.6893,-1,-1,-1
667,60,307.66,338.50,79.65,203.45,0.7024,-1,-1,-1
667,55,1620.29,159.45,71.75,184.17,0.6143,-1,-1,-1
667,39,1559.72,598.64,113.79,227.75,0.4156,-1,-1,-1
667,36,864.42,929.88,66.32,148.45,0.6826,-1,-1,-1
667,32,806.91,144.72,57.33,173.37,0.4434,-1,-1,-1
667,22,1196.10,1017.37,66.53,62.63,0.5358,-1,-1,-1
667,6,425.91,526.37,63.14,248.14,0.7495,-1,-1,-1
667,4,1716.87,452.85,82.91,214.17,0.6940,-1,-1,-1
667,3,1103.60,1007.26,70.16,71.04,0.5464,-1,-1,-1
668,83,479.08,122.36,51.91,166.15,0.3397,-1,-1,-1
668,81,431.61,131.10,43.97,150.78,0.2828,-1,-1,-1
668,79,225.15,238.85,57.01,168.25,0.2823,-1,-1,-1
668,78,1330.62,899.25,82.20,179.55,0.6543,-1,-1,-1
668,77,1406.55,876.55,98.81,203.45,0.6791,-1,-1,-1
668,60,310.18,341.64,76.47,204.33,0.6964,-1,-1,-1
668,55,1622.14,156.59,72.05,182.66,0.5986,-1,-1,-1
668,39,1559.90,601.68,114.27,225.91,0.3892,-1,-1,-1
668,36,862.38,929.55,66.53,148.60,0.6842,-1,-1,-1
668,32,808.28,142.74,55.75,173.84,0.4509,-1,-1,-1
668,22,1195.81,1020.24,62.76,59.39,0.5499,-1,-1,-1
668,6,422.84,527.05,64.21,245.12,0.7643,-1,-1,-1
668,4,1717.04,452.66,83.80,214.07,0.7213,-1,-1,-1
668,3,1103.88,1010.00,69.89,67.53,0.5576,-1,-1,-1
669,83,479.23,124.63,53.83,163.45,0.3489,-1,-1,-1
669,81,431.47,132.89,43.93,148.38,0.2678,-1,-1,-1
669,79,225.55,234.14,59.48,172.57,0.3009,-1,-1,-1
669,78,1329.62,898.34,80.45,180.27,0.6974,-1,-1,-1
669,77,1404.64,874.74,98.53,205.26,0.7235,-1,-1,-1
669,60,311.57,345.65,75.19,203.97,0.7222,-1,-1,-1
669,55,1622.61,153.30,72.48,184.56,0.6095,-1,-1,-1
669,39,1560.24,601.69,114.46,225.77,0.3870,-1,-1,-1
669,36,859.38,930.26,67.44,148.32,0.6620,-1,-1,-1
669,32,807.26,144.85,57.03,173.10,0.4307,-1,-1,-1
669,22,1196.12,1025.41,60.14,54.32,0.4728,-1,-1,-1
669,6,416.87,527.35,69.78,246.34,0.7523,-1,-1,-1
669,4,1717.97,451.68,82.72,216.02,0.6933,-1,-1,-1
669,3,1105.08,1013.19,59.45,63.48,0.4826,-1,-1,-1
670,83,478.97,115.03,54.89,172.99,0.3429,-1,-1,-1
670,81,430.98,135.46,43.31,145.90,0.2961,-1,-1,-1
670,79,225.53,232.76,63.65,171.83,0.2549,-1,-1,-1
670,78,1326.90,896.66,80.26,182.23,0.7184,-1,-1,-1
670,77,1401.54,870.87,102.56,209.13,0.6867,-1,-1,-1
670,60,311.92,346.59,73.40,205.81,0.7318,-1,-1,-1
670,55,1624.19,153.26,71.70,183.82,0.6215,-1,-1,-1
670,39,1562.45,598.86,111.10,227.30,0.3968,-1,-1,-1
670,36,857.54,929.49,67.98,149.32,0.6726,-1,-1,-1
670,32,805.75,144.85,58.45,174.44,0.4426,-1,-1,-1
670,22,1196.74,1028.57,57.35,50.37,0.4303,-1,-1,-1
670,6,409.44,527.87,76.00,245.10,0.7736,-1,-1,-1
670,4,1716.75,452.21,84.52,214.68,0.7121,-1,-1,-1
670,3,1104.95,1016.44,63.03,60.33,0.4967,-1,-1,-1
671,83,478.32,117.47,56.28,171.15,0.3796,-1,-1,-1
671,81,429.66,134.63,43.98,149.62,0.2871,-1,-1,-1
671,79,227.45,233.43,59.32,167.72,0.2617,-1,-1,-1
671,78,1325.10,895.74,78.14,183.23,0.7099,-1,-1,-1
671,77,1400.80,866.14,101.18,213.60,0.6966,-1,-1,-1
671,60,311.50,347.68,73.42,208.79,0.7609,-1,-1,-1
671,55,1625.52,152.23,70.30,181.72,0.6196,-1,-1,-1
671,39,1561.90,601.72,113.45,226.01,0.3997,-1,-1,-1
671,36,855.65,930.15,68.23,148.43,0.6829,-1,-1,-1
671,32,806.76,144.48,57.26,174.11,0.4939,-1,-1,-1
671,22,1197.56,1032.13,51.69,47.51,0.3966,-1,-1,-1
671,6,405.36,527.57,78.64,245.47,0.7844,-1,-1,-1
671,4,1716.59,452.75,85.25,214.28,0.7193,-1,-1,-1
671,3,1103.90,1020.38,52.79,57.13,0.5073,-1,-1,-1
672,83,480.48,125.95,52.25,163.96,0.3252,-1,-1,-1
672,81,429.86,135.37,45.16,152.07,0.3583,-1,-1,-1
672,79,227.78,234.43,60.19,168.30,0.2969,-1,-1,-1
672,78,1318.91,894.82,82.38,184.92,0.7344,-1,-1,-1
672,77,1401.20,861.64,100.10,218.36,0.7252,-1,-1,-1
672,60,311.97,348.69,72.11,207.57,0.7653,-1,-1,-1
672,55,1627.29,156.81,68.08,174.18,0.5871,-1,-1,-1
672,39,1560.22,599.22,114.04,228.27,0.3609,-1,-1,-1
672,36,854.73,929.01,67.23,149.29,0.6777,-1,-1,-1
672,32,806.11,143.48,57.77,176.24,0.4745,-1,-1,-1
672,22,1197.33,1034.34,48.97,45.48,0.3786,-1,-1,-1
672,6,402.85,528.92,80.66,243.69,0.7851,-1,-1,-1
672,4,1716.71,451.66,84.63,214.83,0.7045,-1,-1,-1
672,3,1106.54,1025.09,47.65,53.76,0.4842,-1,-1,-1
673,83,480.64,128.17,52.71,163.86,0.3663,-1,-1,-1
673,81,428.44,134.56,45.48,153.68,0.3561,-1,-1,-1
673,79,228.22,233.66,59.85,173.58,0.3534,-1,-1,-1
673,78,1316.47,892.04,82.22,187.96,0.7126,-1,-1,-1
673,77,1402.78,861.47,94.49,218.50,0.6948,-1,-1,-1
673,60,312.10,351.01,71.42,207.87,0.7738,-1,-1,-1
673,55,1627.45,156.46,67.85,175.49,0.5830,-1,-1,-1
673,39,1560.03,600.45,112.44,226.49,0.3485,-1,-1,-1
673,36,853.99,929.74,66.15,149.51,0.6823,-1,-1,-1
673,32,807.68,144.10,56.21,175.66,0.4710,-1,-1,-1
673,22,1197.08,1035.68,44.04,44.12,0.3751,-1,-1,-1
673,6,400.81,530.77,82.40,242.93,0.7856,-1,-1,-1
673,4,1716.35,452.78,86.15,214.78,0.7263,-1,-1,-1
673,3,1108.20,1029.64,44.99,50.03,0.4311,-1,-1,-1
674,83,479.54,128.90,52.75,166.78,0.4242,-1,-1,-1
674,81,429.06,134.33,45.62,155.47,0.3382,-1,-1,-1
674,79,228.60,231.92,62.89,173.69,0.2758,-1,-1,-1
674,78,1312.63,888.79,82.60,191.14,0.7253,-1,-1,-1
674,77,1400.26,859.48,92.49,220.52,0.5809,-1,-1,-1
674,60,311.25,351.59,72.39,209.09,0.7633,-1,-1,-1
674,55,1627.88,156.61,67.32,173.27,0.5283,-1,-1,-1
674,39,1564.75,599.07,103.35,227.78,0.4023,-1,-1,-1
674,36,851.39,929.05,65.48,150.71,0.6868,-1,-1,-1
674,32,807.13,144.60,56.85,174.76,0.4515,-1,-1,-1
674,22,1196.60,1036.73,43.17,43.27,0.3228,-1,-1,-1
674,6,397.82,530.55,84.62,243.60,0.7804,-1,-1,-1
674,4,1715.64,452.52,87.95,215.10,0.7272,-1,-1,-1
674,3,1109.22,1031.36,42.72,48.64,0.4077,-1,-1,-1
675,83,479.18,126.46,54.05,172.36,0.4518,-1,-1,-1
675,81,429.79,134.41,45.58,158.75,0.3504,-1,-1,-1
675,79,230.46,230.84,63.59,177.77,0.3064,-1,-1,-1
675,78,1305.45,886.05,85.46,193.38,0.7487,-1,-1,-1
675,77,1393.09,863.05,107.50,216.95,0.5469,-1,-1,-1
675,60,312.15,352.94,71.82,210.23,0.7550,-1,-1,-1
675,55,1627.53,156.27,67.12,174.46,0.5497,-1,-1,-1
675,39,1560.18,614.61,111.64,214.63,0.4210,-1,-1,-1
675,36,851.49,930.54,62.81,149.46,0.6797,-1,-1,-1
675,32,806.27,144.39,57.92,175.52,0.4835,-1,-1,-1
675,22,1196.12,1041.49,43.43,38.51,0.3334,-1,-1,-1
675,6,393.90,528.68,88.53,245.60,0.7812,-1,-1,-1
675,4,1715.66,452.48,87.73,213.47,0.7090,-1,-1,-1
675,3,1109.21,1035.88,41.79,44.12,0.3528,-1,-1,-1
676,83,480.42,128.83,55.19,171.82,0.4886,-1,-1,-1
676,81,427.77,141.09,48.33,152.44,0.3068,-1,-1,-1
676,79,233.07,233.57,66.46,170.89,0.2954,-1,-1,-1
676,78,1302.19,883.02,84.38,196.98,0.7683,-1,-1,-1
676,77,1380.91,862.27,106.88,217.73,0.6200,-1,-1,-1
676,60,312.20,355.29,70.75,208.87,0.7452,-1,-1,-1
676,55,1627.63,154.94,66.37,181.04,0.5772,-1,-1,-1
676,39,1560.97,629.99,107.61,198.81,0.2868,-1,-1,-1
676,36,849.66,930.72,61.66,149.28,0.6681,-1,-1,-1
676,32,807.49,144.86,56.64,174.57,0.4152,-1,-1,-1
676,22,1195.89,1043.08,44.91,36.92,0.3282,-1,-1,-1
676,6,390.12,530.88,91.97,244.06,0.7892,-1,-1,-1
676,4,1716.66,453.28,86.36,212.65,0.7213,-1,-1,-1
676,3,1109.44,1038.80,40.95,41.20,0.2579,-1,-1,-1
677,83,479.03,129.52,56.33,174.25,0.4868,-1,-1,-1
677,81,425.92,141.79,48.41,153.83,0.3164,-1,-1,-1
677,79,232.92,229.32,65.26,176.77,0.3571,-1,-1,-1
677,78,1299.79,879.03,84.82,199.62,0.7793,-1,-1,-1
677,77,1373.30,859.65,106.30,220.35,0.6732,-1,-1,-1
677,60,311.58,355.14,72.27,209.23,0.7466,-1,-1,-1
677,55,1626.62,156.66,65.84,174.40,0.5569,-1,-1,-1
677,39,1561.36,600.95,109.52,226.45,0.2918,-1,-1,-1
677,36,848.14,930.40,62.34,149.42,0.6736,-1,-1,-1
677,32,806.19,145.54,57.27,172.75,0.4290,-1,-1,-1
677,22,1195.77,1045.09,47.42,34.91,0.3248,-1,-1,-1
677,6,383.52,530.91,97.47,244.33,0.7919,-1,-1,-1
677,4,1716.04,453.16,87.23,213.34,0.7146,-1,-1,-1
678,83,480.07,130.63,56.40,173.43,0.4905,-1,-1,-1
678,81,425.84,143.43,48.91,151.48,0.2853,-1,-1,-1
678,79,235.35,233.66,58.13,171.27,0.3682,-1,-1,-1
678,78,1292.18,876.47,87.14,203.53,0.7789,-1,-1,-1
678,77,1370.23,859.96,107.43,220.04,0.6411,-1,-1,-1
678,60,311.78,356.53,71.65,208.99,0.7371,-1,-1,-1
678,55,1624.95,156.72,67.14,173.30,0.5405,-1,-1,-1
678,39,1560.85,606.47,109.60,220.62,0.3386,-1,-1,-1
678,36,846.65,929.12,63.06,150.45,0.6765,-1,-1,-1
678,32,806.65,144.70,57.07,173.32,0.4272,-1,-1,-1
678,22,1194.53,1047.73,50.11,32.27,0.3037,-1,-1,-1
678,6,378.06,531.57,103.17,243.50,0.7889,-1,-1,-1
678,4,1716.24,453.30,87.17,213.58,0.6947,-1,-1,-1
679,83,480.92,131.72,55.02,173.46,0.5017,-1,-1,-1
679,81,425.31,145.52,49.53,149.41,0.2635,-1,-1,-1
679,79,236.88,234.34,56.76,167.88,0.3751,-1,-1,-1
679,78,1287.42,873.83,89.87,206.17,0.7927,-1,-1,-1
679,77,1371.17,858.23,103.77,221.77,0.6364,-1,-1,-1
679,60,312.45,355.60,69.24,209.85,0.7150,-1,-1,-1
679,55,1624.85,156.82,66.74,173.57,0.5723,-1,-1,-1
679,39,1561.62,599.10,111.62,228.26,0.4566,-1,-1,-1
679,36,844.56,926.90,65.79,153.10,0.6981,-1,-1,-1
679,32,806.02,145.23,57.33,173.26,0.4355,-1,-1,-1
679,22,1195.08,1049.02,51.87,30.98,0.2798,-1,-1,-1
679,6,372.10,531.36,107.90,243.92,0.7829,-1,-1,-1
679,4,1715.88,452.35,86.05,212.77,0.6950,-1,-1,-1
679,3,1106.63,1044.79,42.07,34.56,0.2607,-1,-1,-1
680,83,479.25,133.00,57.84,173.10,0.4885,-1,-1,-1
680,79,238.55,233.06,55.11,167.34,0.3302,-1,-1,-1
680,78,1285.20,870.93,88.65,209.07,0.7657,-1,-1,-1
680,77,1368.25,857.39,100.73,222.61,0.6464,-1,-1,-1
680,60,310.80,356.56,71.78,207.82,0.7214,-1,-1,-1
680,55,1624.52,155.13,66.58,172.75,0.5886,-1,-1,-1
680,39,1560.01,619.84,108.92,209.37,0.3488,-1,-1,-1
680,36,844.23,927.42,63.89,152.58,0.7237,-1,-1,-1
680,32,805.98,145.30,56.27,173.65,0.4520,-1,-1,-1
680,6,367.57,530.37,110.82,244.95,0.7844,-1,-1,-1
680,4,1715.97,453.20,87.79,213.62,0.7332,-1,-1,-1
680,3,1105.39,1046.23,41.32,33.77,0.2695,-1,-1,-1
681,83,479.08,132.17,57.26,174.45,0.4738,-1,-1,-1
681,79,239.37,233.73,55.38,164.79,0.4027,-1,-1,-1
681,78,1279.61,868.26,89.95,211.04,0.7400,-1,-1,-1
681,77,1369.70,854.08,95.30,225.92,0.6774,-1,-1,-1
681,60,311.83,356.68,70.78,206.99,0.7010,-1,-1,-1
681,55,1623.51,156.97,66.00,171.75,0.6203,-1,-1,-1
681,39,1559.60,624.20,110.27,204.73,0.3390,-1,-1,-1
681,36,841.64,925.63,68.35,153.76,0.7212,-1,-1,-1
681,32,808.69,145.13,53.62,171.93,0.4533,-1,-1,-1
681,6,359.25,530.54,118.39,244.85,0.8077,-1,-1,-1
681,4,1717.09,453.35,86.38,213.28,0.7227,-1,-1,-1
681,3,1104.31,1047.19,41.43,32.80,0.2725,-1,-1,-1
682,83,479.24,131.66,57.91,174.46,0.4570,-1,-1,-1
682,79,238.15,231.26,61.28,170.77,0.3068,-1,-1,-1
682,78,1277.22,865.36,90.45,214.22,0.7594,-1,-1,-1
682,77,1371.44,850.29,90.41,229.71,0.7173,-1,-1,-1
682,60,310.12,357.85,72.49,206.93,0.7172,-1,-1,-1
682,55,1623.38,155.27,66.53,174.34,0.5933,-1,-1,-1
682,39,1562.06,603.75,108.38,223.62,0.3482,-1,-1,-1
682,36,838.65,924.07,71.12,155.36,0.7310,-1,-1,-1
682,32,807.00,144.61,54.63,173.57,0.4271,-1,-1,-1
682,6,357.98,530.53,119.69,244.04,0.8013,-1,-1,-1
682,4,1716.36,453.33,86.53,213.69,0.7352,-1,-1,-1
682,3,1102.94,1048.40,40.95,31.57,0.2524,-1,-1,-1
683,83,480.60,130.87,56.00,175.87,0.4442,-1,-1,-1
683,81,427.27,145.03,45.44,150.01,0.2643,-1,-1,-1
683,79,240.21,229.28,59.22,173.10,0.2757,-1,-1,-1
683,78,1271.70,863.90,93.91,215.55,0.7657,-1,-1,-1
683,77,1367.07,844.61,91.32,235.39,0.7206,-1,-1,-1
683,60,310.60,356.93,70.76,207.38,0.7245,-1,-1,-1
683,55,1621.61,155.32,65.75,177.06,0.5772,-1,-1,-1
683,39,1562.45,603.06,110.61,224.74,0.3795,-1,-1,-1
683,36,836.28,924.12,73.26,155.35,0.7292,-1,-1,-1
683,32,809.05,145.19,52.89,171.47,0.4261,-1,-1,-1
683,6,353.64,530.29,122.68,245.03,0.7995,-1,-1,-1
683,4,1716.90,453.98,86.38,213.01,0.7297,-1,-1,-1
684,83,481.65,135.58,55.91,170.64,0.4286,-1,-1,-1
684,81,426.20,142.58,46.61,153.11,0.3507,-1,-1,-1
684,78,1267.07,861.83,95.66,215.86,0.7917,-1,-1,-1
684,77,1359.85,839.95,94.31,240.05,0.7310,-1,-1,-1
684,60,310.12,357.57,70.14,206.87,0.7258,-1,-1,-1
684,55,1620.52,155.41,64.67,178.16,0.5951,-1,-1,-1
684,39,1560.20,618.16,108.53,211.35,0.3505,-1,-1,-1
684,36,833.98,923.33,75.15,156.21,0.7274,-1,-1,-1
684,32,806.62,145.10,54.66,173.61,0.4355,-1,-1,-1
684,6,353.18,527.58,120.53,247.58,0.7921,-1,-1,-1
684,4,1716.02,453.23,85.86,214.18,0.7207,-1,-1,-1
685,83,479.76,135.54,58.20,170.93,0.4341,-1,-1,-1
685,81,426.03,148.20,46.98,147.90,0.2715,-1,-1,-1
685,78,1266.73,860.11,92.36,217.00,0.7938,-1,-1,-1
685,77,1358.71,837.95,91.87,242.05,0.7495,-1,-1,-1
685,60,310.10,359.58,69.68,206.56,0.7169,-1,-1,-1
685,55,1620.26,153.82,63.72,182.31,0.5785,-1,-1,-1
685,39,1562.47,602.05,108.59,225.85,0.4142,-1,-1,-1
685,36,829.55,923.62,79.34,155.84,0.7384,-1,-1,-1
685,32,807.84,145.23,53.06,172.09,0.3861,-1,-1,-1
685,6,352.29,527.54,119.59,248.72,0.7989,-1,-1,-1
685,4,1715.70,452.53,85.16,214.42,0.7325,-1,-1,-1
686,83,480.07,136.36,56.91,169.95,0.4759,-1,-1,-1
686,81,424.32,143.50,49.25,155.76,0.3441,-1,-1,-1
686,78,1264.43,857.78,93.95,220.44,0.7991,-1,-1,-1
686,77,1356.69,832.49,91.55,246.64,0.7471,-1,-1,-1
686,60,309.42,363.19,68.21,206.67,0.7139,-1,-1,-1
686,55,1618.87,151.58,64.85,181.83,0.5282,-1,-1,-1
686,39,1560.41,615.56,109.32,214.42,0.3943,-1,-1,-1
686,36,828.58,922.29,80.57,156.33,0.7461,-1,-1,-1
686,32,807.35,145.14,52.79,171.72,0.3854,-1,-1,-1
686,6,352.46,528.83,115.96,247.75,0.8009,-1,-1,-1
686,4,1715.49,451.57,86.24,215.06,0.7436,-1,-1,-1
687,84,615.24,774.61,63.46,144.60,0.2648,-1,-1,-1
687,83,479.23,134.34,59.11,171.16,0.5023,-1,-1,-1
687,81,425.69,148.62,47.35,150.33,0.3645,-1,-1,-1
687,78,1262.48,856.30,90.89,223.70,0.7734,-1,-1,-1
687,77,1352.80,830.18,91.58,249.33,0.7659,-1,-1,-1
687,60,310.19,366.51,66.56,206.94,0.7052,-1,-1,-1
687,55,1617.66,149.85,63.85,182.18,0.5446,-1,-1,-1
687,39,1560.11,600.49,111.85,227.18,0.4150,-1,-1,-1
687,36,827.53,922.88,80.94,156.11,0.7349,-1,-1,-1
687,32,808.38,144.72,51.34,170.96,0.3751,-1,-1,-1
687,6,353.15,529.32,108.93,248.30,0.7981,-1,-1,-1
687,4,1715.78,451.94,86.42,214.03,0.7525,-1,-1,-1
688,83,480.98,134.96,57.17,171.06,0.4926,-1,-1,-1
688,78,1261.97,853.56,87.92,226.44,0.7830,-1,-1,-1
688,77,1348.25,830.60,91.58,249.40,0.7938,-1,-1,-1
688,60,310.45,367.07,65.97,210.20,0.7049,-1,-1,-1
688,55,1614.58,147.15,64.54,175.55,0.5615,-1,-1,-1
688,39,1560.38,613.39,109.80,216.00,0.4339,-1,-1,-1
688,36,824.62,923.34,83.48,155.51,0.7342,-1,-1,-1
688,32,807.24,143.47,52.24,171.91,0.3821,-1,-1,-1
688,6,353.99,528.79,105.01,249.29,0.8143,-1,-1,-1
688,4,1715.41,453.02,88.06,214.24,0.7611,-1,-1,-1
689,84,615.38,773.81,63.73,147.49,0.2822,-1,-1,-1
689,83,481.58,133.13,57.08,172.94,0.5111,-1,-1,-1
689,81,426.42,145.77,47.57,156.55,0.3175,-1,-1,-1
689,78,1259.94,851.04,86.27,228.96,0.7724,-1,-1,-1
689,77,1344.89,827.50,94.46,252.50,0.7897,-1,-1,-1
689,60,310.78,369.52,63.79,206.24,0.7067,-1,-1,-1
689,55,1614.28,144.72,65.11,177.71,0.5714,-1,-1,-1
689,39,1558.85,597.70,113.96,229.90,0.4652,-1,-1,-1
689,36,822.67,924.09,84.63,154.86,0.7303,-1,-1,-1
689,32,807.53,143.20,51.00,171.96,0.3374,-1,-1,-1
689,6,356.70,529.67,101.21,248.45,0.8145,-1,-1,-1
689,4,1715.23,451.80,85.99,215.13,0.7513,-1,-1,-1
690,84,615.30,774.02,64.43,146.19,0.2941,-1,-1,-1
690,83,480.75,133.27,57.88,174.06,0.4949,-1,-1,-1
690,81,426.57,149.32,47.35,154.84,0.3622,-1,-1,-1
690,78,1258.46,848.13,86.75,231.87,0.7243,-1,-1,-1
690,77,1340.67,824.24,92.78,255.76,0.7715,-1,-1,-1
690,60,310.36,372.57,62.88,207.66,0.6979,-1,-1,-1
690,55,1612.56,143.41,65.74,178.46,0.5980,-1,-1,-1
690,39,1561.59,597.04,112.57,229.88,0.4771,-1,-1,-1
690,36,822.25,925.78,85.89,152.49,0.7445,-1,-1,-1
690,32,805.71,140.63,50.33,171.29,0.3100,-1,-1,-1
690,6,359.41,529.20,96.07,250.25,0.8186,-1,-1,-1
690,4,1715.80,450.96,87.28,217.11,0.7246,-1,-1,-1
691,84,615.47,772.98,63.89,147.62,0.2921,-1,-1,-1
691,83,479.02,134.08,59.96,177.04,0.4984,-1,-1,-1
691,81,426.32,147.53,47.69,158.95,0.4163,-1,-1,-1
691,78,1257.33,845.23,85.24,233.43,0.7876,-1,-1,-1
691,77,1334.94,823.85,97.56,256.15,0.7800,-1,-1,-1
691,60,309.59,375.16,63.61,207.81,0.7124,-1,-1,-1
691,55,1610.52,141.54,65.27,178.98,0.6326,-1,-1,-1
691,39,1564.64,598.19,110.01,229.66,0.5043,-1,-1,-1
691,36,823.16,926.18,84.41,151.65,0.7387,-1,-1,-1
691,32,804.04,140.55,51.51,171.03,0.3560,-1,-1,-1
691,6,365.37,531.55,88.60,248.99,0.8251,-1,-1,-1
691,4,1715.75,451.19,86.27,216.60,0.7422,-1,-1,-1
692,83,480.87,135.58,58.35,179.82,0.5243,-1,-1,-1
692,81,427.40,151.33,46.67,157.07,0.4645,-1,-1,-1
692,78,1256.60,841.72,83.01,236.11,0.7949,-1,-1,-1
692,77,1332.28,823.25,95.97,256.75,0.7624,-1,-1,-1
692,60,308.55,374.38,64.08,211.65,0.7247,-1,-1,-1
692,55,1608.99,140.57,66.12,179.39,0.6496,-1,-1,-1
692,39,1562.17,601.50,112.57,226.09,0.4442,-1,-1,-1
692,36,823.17,928.33,83.53,148.35,0.7437,-1,-1,-1
692,32,805.38,141.67,51.23,173.72,0.3667,-1,-1,-1
692,6,369.72,533.91,84.09,248.98,0.8117,-1,-1,-1
692,4,1716.30,452.79,87.18,214.82,0.7370,-1,-1,-1
693,84,615.32,770.70,63.98,151.12,0.2747,-1,-1,-1
693,83,481.33,138.77,56.86,178.57,0.4973,-1,-1,-1
693,81,427.64,155.30,46.40,154.50,0.4493,-1,-1,-1
693,78,1254.12,838.28,82.04,241.58,0.8199,-1,-1,-1
693,77,1329.97,820.91,93.79,259.09,0.7654,-1,-1,-1
693,60,307.24,373.95,64.16,214.85,0.7137,-1,-1,-1
693,55,1608.33,138.47,65.69,178.65,0.6572,-1,-1,-1
693,39,1562.19,601.53,112.39,225.96,0.4967,-1,-1,-1
693,36,823.73,928.15,82.98,148.74,0.7415,-1,-1,-1
693,32,805.01,141.58,50.87,173.10,0.3683,-1,-1,-1
693,6,374.02,534.48,78.72,250.61,0.8113,-1,-1,-1
693,4,1716.18,451.20,86.39,216.51,0.7273,-1,-1,-1
694,83,481.00,140.67,57.07,177.82,0.5089,-1,-1,-1
694,81,427.28,154.84,47.16,155.80,0.4799,-1,-1,-1
694,78,1252.57,834.73,80.88,244.12,0.8165,-1,-1,-1
694,77,1327.82,819.34,94.04,260.66,0.7710,-1,-1,-1
694,60,305.75,374.53,65.21,215.71,0.7027,-1,-1,-1
694,55,1606.49,135.75,66.30,179.27,0.6391,-1,-1,-1
694,39,1562.51,600.60,111.62,226.93,0.5122,-1,-1,-1
694,36,823.02,928.63,85.07,148.22,0.7642,-1,-1,-1
694,32,805.20,140.65,49.85,173.62,0.3448,-1,-1,-1
694,6,377.92,534.98,75.17,249.42,0.8163,-1,-1,-1
694,4,1715.77,451.61,87.28,217.20,0.7422,-1,-1,-1
695,83,480.15,143.14,59.32,176.39,0.5271,-1,-1,-1
695,81,428.43,155.48,45.85,154.46,0.4008,-1,-1,-1
695,78,1249.71,831.26,81.04,246.83,0.7897,-1,-1,-1
695,77,1327.86,818.00,92.63,261.85,0.7504,-1,-1,-1
695,60,305.44,374.40,65.33,215.22,0.6672,-1,-1,-1
695,55,1606.60,135.59,65.48,178.74,0.6302,-1,-1,-1
695,39,1562.10,599.83,111.48,227.98,0.4242,-1,-1,-1
695,36,822.86,930.71,85.53,146.76,0.7504,-1,-1,-1
695,32,805.09,137.58,48.73,175.54,0.3659,-1,-1,-1
695,6,380.10,535.12,72.37,249.96,0.8108,-1,-1,-1
695,4,1717.12,452.45,86.11,215.28,0.7254,-1,-1,-1
696,83,481.51,147.91,57.74,171.88,0.5446,-1,-1,-1
696,81,427.47,158.00,47.02,151.04,0.4011,-1,-1,-1
696,78,1244.62,830.01,81.80,247.77,0.7861,-1,-1,-1
696,77,1325.87,815.48,92.49,264.52,0.7584,-1,-1,-1
696,60,302.84,374.83,67.97,214.48,0.6333,-1,-1,-1
696,55,1605.28,134.87,65.80,180.00,0.6069,-1,-1,-1
696,39,1561.34,601.42,112.78,225.41,0.4137,-1,-1,-1
696,36,823.70,931.53,84.77,146.65,0.7367,-1,-1,-1
696,32,804.99,137.49,48.16,174.91,0.3302,-1,-1,-1
696,6,381.74,535.32,69.49,250.94,0.8032,-1,-1,-1
696,4,1717.15,452.14,86.38,214.68,0.7152,-1,-1,-1
697,83,480.17,149.43,58.84,171.85,0.5392,-1,-1,-1
697,81,428.22,157.29,47.29,152.65,0.4386,-1,-1,-1
697,78,1241.95,828.66,82.23,249.55,0.7672,-1,-1,-1
697,77,1321.69,812.27,95.03,267.73,0.7815,-1,-1,-1
697,60,299.50,375.57,71.06,214.64,0.6342,-1,-1,-1
697,55,1602.18,135.43,68.07,178.05,0.5443,-1,-1,-1
697,39,1561.63,601.63,111.70,224.63,0.4147,-1,-1,-1
697,36,825.14,932.82,83.65,145.47,0.7475,-1,-1,-1
697,32,803.99,138.89,47.62,177.07,0.3468,-1,-1,-1
697,6,382.49,536.59,68.63,249.93,0.7922,-1,-1,-1
697,4,1716.34,452.57,87.33,214.78,0.7074,-1,-1,-1
698,83,479.96,150.48,57.90,170.76,0.5221,-1,-1,-1
698,81,427.16,154.73,48.30,155.22,0.4168,-1,-1,-1
698,79,256.19,221.52,51.94,171.01,0.2597,-1,-1,-1
698,78,1238.23,827.78,82.69,250.13,0.7713,-1,-1,-1
698,77,1318.27,809.50,95.97,270.50,0.7909,-1,-1,-1
698,60,299.09,376.06,71.62,214.04,0.6222,-1,-1,-1
698,55,1602.79,134.91,67.37,178.17,0.5208,-1,-1,-1
698,39,1559.64,609.60,113.27,218.83,0.4406,-1,-1,-1
698,36,826.74,931.59,82.45,146.98,0.7643,-1,-1,-1
698,32,805.54,137.03,45.79,176.31,0.3735,-1,-1,-1
698,6,383.64,537.37,67.83,248.65,0.7955,-1,-1,-1
698,4,1717.53,452.51,85.73,214.56,0.7374,-1,-1,-1
699,83,479.21,150.80,59.97,170.67,0.5516,-1,-1,-1
699,81,425.28,153.44,50.60,156.93,0.4543,-1,-1,-1
699,78,1232.79,825.20,86.50,252.38,0.7674,-1,-1,-1
699,77,1317.31,804.98,91.35,273.44,0.8007,-1,-1,-1
699,60,298.24,376.07,72.32,212.87,0.6504,-1,-1,-1
699,55,1599.94,133.96,69.66,181.65,0.4058,-1,-1,-1
699,39,1564.89,599.76,110.73,226.55,0.4251,-1,-1,-1
699,36,827.18,932.44,82.87,146.10,0.7653,-1,-1,-1
699,32,804.78,137.80,45.91,178.22,0.3273,-1,-1,-1
699,6,384.20,537.64,65.38,248.02,0.7809,-1,-1,-1
699,4,1718.02,452.27,84.47,215.32,0.7189,-1,-1,-1
700,83,479.39,149.66,59.74,172.10,0.5278,-1,-1,-1
700,81,427.66,153.38,48.49,156.77,0.3927,-1,-1,-1
700,78,1230.69,823.36,87.22,252.10,0.7665,-1,-1,-1
700,77,1314.77,802.07,90.73,274.14,0.7932,-1,-1,-1
700,60,296.83,375.97,72.50,212.84,0.6563,-1,-1,-1
700,55,1598.31,133.94,71.25,180.77,0.3634,-1,-1,-1
700,39,1561.13,613.22,110.39,214.50,0.4462,-1,-1,-1
700,36,829.28,932.68,82.05,146.06,0.7653,-1,-1,-1
700,32,803.05,134.37,47.80,180.25,0.3097,-1,-1,-1
700,6,384.76,539.02,64.84,247.25,0.7896,-1,-1,-1
700,4,1717.85,452.67,84.66,213.73,0.7239,-1,-1,-1
701,83,479.95,150.35,59.28,171.06,0.5425,-1,-1,-1
701,81,428.79,153.50,46.40,156.83,0.3800,-1,-1,-1
701,79,256.92,208.65,52.33,184.53,0.2623,-1,-1,-1
701,78,1227.14,819.81,90.01,256.44,0.8025,-1,-1,-1
701,77,1313.17,798.23,92.89,273.16,0.7864,-1,-1,-1
701,60,295.89,377.36,74.09,210.40,0.6502,-1,-1,-1
701,55,1597.44,135.30,72.38,180.19,0.3540,-1,-1,-1
701,39,1561.45,600.39,113.73,226.47,0.3878,-1,-1,-1
701,36,829.95,931.99,85.04,146.35,0.7711,-1,-1,-1
701,32,802.89,136.90,47.80,176.46,0.3483,-1,-1,-1
701,6,385.06,539.18,63.25,245.98,0.7571,-1,-1,-1
701,4,1717.10,452.34,86.40,215.86,0.7202,-1,-1,-1
702,83,480.69,148.91,57.90,171.69,0.5423,-1,-1,-1
702,81,430.12,151.27,46.96,160.03,0.3213,-1,-1,-1
702,78,1221.12,817.36,94.59,257.40,0.7634,-1,-1,-1
702,77,1310.68,792.92,93.27,261.80,0.7729,-1,-1,-1
702,60,295.91,376.13,73.95,212.28,0.6844,-1,-1,-1
702,55,1598.38,135.20,70.57,179.96,0.3889,-1,-1,-1
702,39,1560.47,626.41,111.01,201.29,0.3458,-1,-1,-1
702,36,832.85,933.33,82.75,145.31,0.7707,-1,-1,-1
702,32,798.83,137.81,52.37,176.30,0.3633,-1,-1,-1
702,6,385.84,539.83,60.83,245.01,0.7414,-1,-1,-1
702,4,1717.13,451.36,86.63,215.85,0.7404,-1,-1,-1
703,83,479.60,148.76,59.06,170.00,0.5239,-1,-1,-1
703,81,427.61,157.19,47.55,151.31,0.3405,-1,-1,-1
703,79,258.49,206.86,51.26,186.49,0.2740,-1,-1,-1
703,78,1221.27,816.01,90.47,257.76,0.7739,-1,-1,-1
703,77,1309.25,788.91,93.30,260.67,0.7816,-1,-1,-1
703,60,295.29,377.01,74.60,213.67,0.6907,-1,-1,-1
703,55,1601.09,130.44,67.94,186.32,0.4388,-1,-1,-1
703,39,1560.37,602.45,113.34,224.81,0.3814,-1,-1,-1
703,36,834.67,933.77,82.93,144.50,0.7771,-1,-1,-1
703,32,799.51,138.20,51.44,175.35,0.3603,-1,-1,-1
703,6,387.00,540.36,59.07,244.69,0.7364,-1,-1,-1
703,4,1717.23,451.67,86.34,216.85,0.7375,-1,-1,-1
704,83,478.85,149.30,59.86,169.05,0.5282,-1,-1,-1
704,81,427.06,157.50,48.33,156.07,0.3922,-1,-1,-1
704,79,259.16,207.29,51.28,186.58,0.3154,-1,-1,-1
704,78,1220.45,814.54,88.40,259.40,0.7762,-1,-1,-1
704,77,1309.87,786.16,90.95,263.70,0.7789,-1,-1,-1
704,60,294.39,378.92,75.13,214.82,0.6918,-1,-1,-1
704,55,1599.43,133.80,68.29,182.21,0.5402,-1,-1,-1
704,39,1560.63,601.89,114.68,225.55,0.3539,-1,-1,-1
704,36,836.42,933.85,84.21,144.46,0.7788,-1,-1,-1
704,32,799.00,138.18,52.55,173.18,0.3668,-1,-1,-1
704,6,387.41,540.53,59.52,246.33,0.7338,-1,-1,-1
704,4,1716.75,451.40,87.55,214.51,0.7355,-1,-1,-1
705,83,478.19,149.87,61.86,170.46,0.5472,-1,-1,-1
705,81,428.42,156.71,51.02,157.38,0.3689,-1,-1,-1
705,79,259.48,208.21,50.58,183.32,0.2882,-1,-1,-1
705,78,1219.48,812.32,86.39,262.54,0.7862,-1,-1,-1
705,77,1311.44,784.79,87.42,265.67,0.7674,-1,-1,-1
705,60,296.06,379.09,75.10,220.08,0.7033,-1,-1,-1
705,55,1602.03,131.64,66.95,184.65,0.5509,-1,-1,-1
705,39,1562.48,595.25,113.79,228.79,0.6042,-1,-1,-1
705,36,838.87,933.97,83.60,144.54,0.7727,-1,-1,-1
705,32,797.38,137.83,53.61,173.95,0.3707,-1,-1,-1
705,6,388.87,540.27,58.97,246.99,0.7418,-1,-1,-1
705,4,1717.73,452.50,86.05,212.79,0.7273,-1,-1,-1
706,83,478.96,151.97,59.32,167.64,0.5289,-1,-1,-1
706,81,426.67,159.74,50.15,157.95,0.3898,-1,-1,-1
706,79,258.91,207.73,52.14,184.89,0.2891,-1,-1,-1
706,78,1216.11,808.28,87.52,267.46,0.7793,-1,-1,-1
706,77,1309.30,783.42,85.60,266.27,0.7690,-1,-1,-1
706,60,293.58,383.78,78.01,219.49,0.7101,-1,-1,-1
706,55,1602.83,130.25,65.47,184.75,0.5995,-1,-1,-1
706,39,1563.39,595.20,113.81,229.45,0.5003,-1,-1,-1
706,36,840.11,933.30,83.59,145.76,0.7782,-1,-1,-1
706,32,796.78,139.17,53.54,173.04,0.3663,-1,-1,-1
706,6,389.08,540.76,59.74,245.21,0.7465,-1,-1,-1
706,4,1717.22,452.33,86.43,214.12,0.7148,-1,-1,-1
707,85,559.90,114.48,55.68,173.40,0.2646,-1,-1,-1
707,83,479.63,151.75,57.43,168.75,0.5198,-1,-1,-1
707,81,425.20,156.97,51.55,163.89,0.4235,-1,-1,-1
707,79,259.26,205.64,53.80,187.20,0.3241,-1,-1,-1
707,78,1214.40,806.15,85.78,262.06,0.7616,-1,-1,-1
707,77,1306.29,782.66,85.99,266.37,0.7672,-1,-1,-1
707,60,294.57,388.81,75.47,215.05,0.7154,-1,-1,-1
707,55,1602.87,129.05,65.05,180.97,0.6217,-1,-1,-1
707,39,1565.08,597.82,112.07,228.02,0.4611,-1,-1,-1
707,36,842.14,934.17,84.38,145.83,0.7790,-1,-1,-1
707,32,795.58,138.48,53.60,173.53,0.4007,-1,-1,-1
707,6,389.05,541.25,59.56,245.60,0.7638,-1,-1,-1
707,4,1718.07,453.01,85.42,213.24,0.7276,-1,-1,-1
708,85,559.79,113.48,56.54,173.79,0.3246,-1,-1,-1
708,83,479.36,153.53,57.19,167.61,0.4929,-1,-1,-1
708,81,425.18,155.71,50.93,166.89,0.4019,-1,-1,-1
708,79,260.40,203.68,49.69,181.44,0.3314,-1,-1,-1
708,78,1212.01,802.59,85.96,263.20,0.7519,-1,-1,-1
708,77,1302.60,781.09,87.74,265.38,0.7724,-1,-1,-1
708,60,295.10,390.66,73.85,214.45,0.7164,-1,-1,-1
708,55,1602.63,128.63,64.66,175.12,0.6103,-1,-1,-1
708,39,1564.60,595.80,111.98,228.43,0.5027,-1,-1,-1
708,36,842.95,934.20,85.40,145.80,0.7765,-1,-1,-1
708,32,795.06,139.43,54.17,173.21,0.3950,-1,-1,-1
708,6,390.56,541.68,57.90,246.37,0.7502,-1,-1,-1
708,4,1717.41,452.64,85.98,213.97,0.7247,-1,-1,-1
709,85,559.27,107.34,57.00,179.23,0.2727,-1,-1,-1
709,83,479.23,155.50,59.36,167.23,0.4913,-1,-1,-1
709,81,425.39,152.98,52.60,170.24,0.4154,-1,-1,-1
709,79,260.27,202.81,49.96,183.49,0.3036,-1,-1,-1
709,78,1208.96,799.53,84.21,260.00,0.7684,-1,-1,-1
709,77,1296.28,781.76,93.12,262.67,0.7591,-1,-1,-1
709,60,295.15,392.64,72.64,214.02,0.7235,-1,-1,-1
709,55,1602.49,126.70,65.17,172.99,0.6344,-1,-1,-1
709,39,1563.68,595.46,112.10,230.69,0.4494,-1,-1,-1
709,36,843.94,934.30,86.10,145.70,0.7835,-1,-1,-1
709,32,795.40,139.36,53.42,173.59,0.4194,-1,-1,-1
709,6,391.30,542.31,58.92,244.54,0.7568,-1,-1,-1
709,4,1717.77,451.44,85.95,214.33,0.7201,-1,-1,-1
710,83,479.35,159.16,58.34,167.22,0.5072,-1,-1,-1
710,81,425.13,155.48,49.38,168.71,0.3801,-1,-1,-1
710,79,260.85,207.17,52.09,181.54,0.3296,-1,-1,-1
710,78,1206.90,795.44,82.60,260.24,0.7846,-1,-1,-1
710,77,1287.24,781.26,99.07,264.10,0.7586,-1,-1,-1
710,60,295.85,393.94,71.68,215.37,0.7365,-1,-1,-1
710,55,1602.68,125.57,64.40,173.99,0.6538,-1,-1,-1
710,39,1565.61,593.13,111.56,231.43,0.5052,-1,-1,-1
710,36,845.05,935.60,85.18,144.40,0.7713,-1,-1,-1
710,32,793.98,139.43,52.37,172.23,0.3814,-1,-1,-1
710,6,391.03,542.62,61.30,242.54,0.7452,-1,-1,-1
710,4,1718.54,452.10,85.64,213.89,0.7332,-1,-1,-1
711,83,478.55,157.75,59.08,170.60,0.5227,-1,-1,-1
711,81,425.12,167.86,50.09,158.34,0.2806,-1,-1,-1
711,79,261.41,206.02,49.46,183.62,0.2991,-1,-1,-1
711,78,1203.06,793.73,84.42,258.84,0.7883,-1,-1,-1
711,77,1276.00,780.94,106.54,265.85,0.7514,-1,-1,-1
711,60,295.76,393.98,70.88,219.99,0.7364,-1,-1,-1
711,55,1602.46,122.71,64.50,174.18,0.6321,-1,-1,-1
711,39,1565.16,601.48,108.34,224.89,0.3708,-1,-1,-1
711,36,845.70,934.20,85.30,145.80,0.7832,-1,-1,-1
711,32,794.02,140.52,49.20,172.96,0.3783,-1,-1,-1
711,6,390.65,543.74,64.79,241.44,0.7452,-1,-1,-1
711,4,1718.24,452.58,86.08,213.66,0.7146,-1,-1,-1
712,86,305.20,215.17,56.78,161.68,0.2824,-1,-1,-1
712,85,556.87,111.17,63.06,176.18,0.3123,-1,-1,-1
712,83,478.70,159.24,59.40,170.62,0.5248,-1,-1,-1
712,81,423.36,172.86,50.53,153.97,0.2732,-1,-1,-1
712,79,261.30,206.95,48.97,181.75,0.2607,-1,-1,-1
712,78,1199.85,791.65,83.28,256.60,0.7992,-1,-1,-1
712,77,1276.08,779.88,102.57,266.05,0.7516,-1,-1,-1
712,60,297.10,395.51,71.00,219.53,0.7125,-1,-1,-1
712,55,1603.12,122.44,63.71,174.91,0.6192,-1,-1,-1
712,39,1565.12,599.17,109.83,226.63,0.4535,-1,-1,-1
712,36,847.43,934.35,84.69,145.65,0.7794,-1,-1,-1
712,32,793.82,140.20,49.02,170.28,0.3161,-1,-1,-1
712,6,391.26,544.12,66.30,240.96,0.7232,-1,-1,-1
712,4,1717.40,451.34,87.45,216.89,0.7092,-1,-1,-1
713,85,556.40,108.85,61.17,177.96,0.3072,-1,-1,-1
713,83,478.08,161.70,59.81,170.12,0.5199,-1,-1,-1
713,81,423.52,166.79,48.33,158.79,0.3025,-1,-1,-1
713,79,260.91,207.51,54.16,180.24,0.2736,-1,-1,-1
713,78,1193.83,790.60,86.82,259.40,0.7920,-1,-1,-1
713,77,1276.72,778.81,97.84,262.51,0.7628,-1,-1,-1
713,60,297.40,399.72,70.08,222.25,0.6888,-1,-1,-1
713,55,1602.89,121.59,62.77,175.11,0.6735,-1,-1,-1
713,39,1569.45,597.98,107.38,226.18,0.6169,-1,-1,-1
713,36,849.10,934.09,84.16,145.91,0.7792,-1,-1,-1
713,32,792.33,139.11,48.71,172.79,0.3763,-1,-1,-1
713,6,392.16,544.45,70.86,239.28,0.6746,-1,-1,-1
713,4,1718.16,451.76,85.77,214.29,0.6982,-1,-1,-1
714,85,556.52,109.53,60.56,177.99,0.2716,-1,-1,-1
714,83,477.70,162.55,58.92,172.06,0.5317,-1,-1,-1
714,81,423.04,165.66,49.92,159.97,0.2879,-1,-1,-1
714,79,262.16,208.04,51.96,181.90,0.3210,-1,-1,-1
714,78,1190.65,788.23,88.16,262.83,0.7901,-1,-1,-1
714,77,1274.64,776.39,96.21,257.85,0.7392,-1,-1,-1
714,60,297.16,401.12,71.59,221.27,0.6891,-1,-1,-1
714,55,1602.33,120.53,62.72,176.07,0.6535,-1,-1,-1
714,39,1571.99,597.00,103.78,227.11,0.6243,-1,-1,-1
714,36,851.97,934.41,82.45,145.59,0.7792,-1,-1,-1
714,32,791.93,139.77,48.40,173.82,0.3278,-1,-1,-1
714,6,391.12,544.88,75.63,239.19,0.6888,-1,-1,-1
714,4,1718.11,451.63,86.41,214.61,0.6927,-1,-1,-1
715,85,556.43,110.85,60.41,176.98,0.2690,-1,-1,-1
715,83,478.15,164.13,58.48,172.44,0.5137,-1,-1,-1
715,81,423.22,176.53,49.42,149.80,0.2619,-1,-1,-1
715,79,261.39,206.44,53.64,178.99,0.3241,-1,-1,-1
715,78,1190.67,787.05,81.38,263.13,0.7982,-1,-1,-1
715,77,1274.33,771.44,91.66,255.53,0.7948,-1,-1,-1
715,60,298.03,401.41,70.57,221.02,0.6818,-1,-1,-1
715,55,1601.26,120.12,63.66,178.26,0.6156,-1,-1,-1
715,39,1572.80,598.06,103.43,226.69,0.6123,-1,-1,-1
715,36,852.52,934.91,81.45,145.09,0.7794,-1,-1,-1
715,32,791.27,139.49,48.16,174.06,0.3442,-1,-1,-1
715,6,392.01,544.37,79.46,240.07,0.6994,-1,-1,-1
715,4,1717.71,452.18,85.69,214.80,0.6748,-1,-1,-1
716,85,556.41,112.26,58.73,175.94,0.2887,-1,-1,-1
716,83,476.90,164.26,59.98,172.42,0.4763,-1,-1,-1
716,81,423.35,174.72,46.78,154.17,0.2727,-1,-1,-1
716,79,262.63,205.92,52.68,181.21,0.3201,-1,-1,-1
716,78,1188.83,786.43,81.41,264.52,0.7997,-1,-1,-1
716,77,1273.02,768.41,89.94,255.60,0.8010,-1,-1,-1
716,60,298.03,401.64,71.15,220.60,0.6749,-1,-1,-1
716,55,1601.25,119.77,62.27,180.08,0.6097,-1,-1,-1
716,39,1571.89,598.59,103.36,225.85,0.5777,-1,-1,-1
716,36,853.17,935.44,81.32,144.56,0.7727,-1,-1,-1
716,32,790.25,139.98,48.87,171.97,0.3876,-1,-1,-1
716,6,392.07,545.95,83.66,239.38,0.7122,-1,-1,-1
716,4,1716.91,452.46,86.62,213.67,0.6656,-1,-1,-1
717,85,554.42,113.62,61.08,174.37,0.4219,-1,-1,-1
717,83,474.53,160.01,62.95,179.17,0.4696,-1,-1,-1
717,81,423.71,170.20,47.27,161.28,0.2800,-1,-1,-1
717,79,262.69,205.59,53.77,178.37,0.2910,-1,-1,-1
717,78,1186.23,785.10,83.16,264.36,0.8036,-1,-1,-1
717,77,1270.88,762.56,90.01,259.23,0.7826,-1,-1,-1
717,60,298.55,402.73,72.26,219.27,0.6750,-1,-1,-1
717,55,1600.51,119.43,61.69,179.58,0.5440,-1,-1,-1
717,39,1570.70,598.92,106.48,226.00,0.5812,-1,-1,-1
717,36,854.40,935.51,79.85,144.49,0.7800,-1,-1,-1
717,32,789.61,140.09,48.93,171.08,0.4004,-1,-1,-1
717,6,391.26,545.93,86.86,239.35,0.7085,-1,-1,-1
717,4,1718.58,451.44,85.71,214.37,0.6952,-1,-1,-1
718,85,554.50,112.44,59.81,175.39,0.3248,-1,-1,-1
718,83,473.60,161.05,63.21,179.12,0.5020,-1,-1,-1
718,81,422.53,164.14,49.06,162.41,0.2852,-1,-1,-1
718,79,262.61,202.87,54.14,183.19,0.2908,-1,-1,-1
718,78,1184.51,783.78,83.13,265.81,0.7976,-1,-1,-1
718,77,1267.55,759.07,87.44,255.09,0.7456,-1,-1,-1
718,60,298.46,403.11,72.63,218.91,0.6786,-1,-1,-1
718,55,1600.42,119.05,60.83,181.34,0.5504,-1,-1,-1
718,39,1570.89,599.90,105.73,224.32,0.5938,-1,-1,-1
718,36,853.64,935.69,80.86,144.31,0.7746,-1,-1,-1
718,32,789.88,140.89,47.63,168.04,0.4086,-1,-1,-1
718,6,391.54,546.46,87.22,239.76,0.7151,-1,-1,-1
718,4,1718.65,450.40,85.66,215.21,0.6959,-1,-1,-1
719,85,553.98,110.08,60.32,177.08,0.3230,-1,-1,-1
719,83,475.56,162.77,60.68,177.88,0.4777,-1,-1,-1
719,81,420.83,159.76,50.92,167.76,0.3045,-1,-1,-1
719,79,264.18,206.85,51.54,180.14,0.2955,-1,-1,-1
719,78,1183.25,783.24,82.44,264.19,0.7967,-1,-1,-1
719,77,1265.61,755.28,86.67,258.44,0.7410,-1,-1,-1
719,60,299.41,403.36,71.77,211.94,0.6652,-1,-1,-1
719,55,1600.75,118.00,58.84,180.77,0.4600,-1,-1,-1
719,39,1568.23,595.57,108.29,229.12,0.5248,-1,-1,-1
719,36,853.12,936.21,81.02,143.79,0.7830,-1,-1,-1
719,32,790.84,140.84,46.17,169.00,0.3422,-1,-1,-1
719,6,391.63,547.03,89.40,241.50,0.6982,-1,-1,-1
719,4,1717.80,451.76,86.06,214.40,0.7020,-1,-1,-1
720,85,553.56,115.08,59.18,172.29,0.3305,-1,-1,-1
720,83,475.77,165.95,59.36,171.87,0.4781,-1,-1,-1
720,81,420.34,160.06,51.56,171.53,0.3327,-1,-1,-1
720,79,265.30,204.54,49.30,178.98,0.2781,-1,-1,-1
720,78,1181.38,781.47,82.99,265.62,0.7844,-1,-1,-1
720,77,1264.11,750.48,84.91,262.33,0.7352,-1,-1,-1
720,60,299.46,405.94,72.37,208.95,0.7027,-1,-1,-1
720,55,1600.35,118.56,58.86,178.93,0.4609,-1,-1,-1
720,39,1580.13,601.80,92.61,225.44,0.5020,-1,-1,-1
720,36,852.22,938.01,81.57,141.99,0.7854,-1,-1,-1
720,32,787.14,139.24,50.04,170.05,0.3395,-1,-1,-1
720,6,392.22,547.98,89.09,240.77,0.6966,-1,-1,-1
720,4,1718.42,451.70,85.33,214.38,0.7063,-1,-1,-1
721,85,552.49,110.99,60.29,176.30,0.3898,-1,-1,-1
721,83,475.73,166.09,60.38,171.42,0.5109,-1,-1,-1
721,81,419.03,155.55,53.43,176.55,0.4123,-1,-1,-1
721,79,264.76,214.76,49.80,168.83,0.2942,-1,-1,-1
721,78,1179.84,779.29,81.03,265.71,0.7746,-1,-1,-1
721,77,1262.37,748.61,84.67,266.06,0.7342,-1,-1,-1
721,60,299.50,407.95,73.06,210.89,0.7203,-1,-1,-1
721,55,1600.19,119.64,58.25,175.96,0.5473,-1,-1,-1
721,39,1568.49,597.70,106.19,226.86,0.5824,-1,-1,-1
721,36,851.85,938.09,81.97,141.91,0.7843,-1,-1,-1
721,32,789.53,140.37,46.93,169.38,0.3119,-1,-1,-1
721,6,393.73,548.97,93.01,241.95,0.6841,-1,-1,-1
721,4,1717.12,452.01,87.04,214.15,0.6966,-1,-1,-1
722,85,550.64,115.10,61.81,172.05,0.4477,-1,-1,-1
722,83,474.42,163.97,60.90,171.94,0.5151,-1,-1,-1
722,81,419.88,157.30,53.97,175.22,0.4091,-1,-1,-1
722,78,1177.89,773.44,78.77,268.52,0.7861,-1,-1,-1
722,77,1256.19,748.00,88.19,261.08,0.7686,-1,-1,-1
722,60,299.19,409.23,72.87,213.86,0.7361,-1,-1,-1
722,55,1600.49,119.81,57.02,174.66,0.5208,-1,-1,-1
722,39,1568.46,594.91,107.31,230.12,0.5767,-1,-1,-1
722,36,850.82,938.56,82.69,141.44,0.7860,-1,-1,-1
722,32,788.30,137.67,47.89,170.55,0.2899,-1,-1,-1
722,6,394.98,550.31,93.81,241.18,0.7130,-1,-1,-1
722,4,1718.17,452.36,86.73,213.61,0.7181,-1,-1,-1
723,85,550.78,110.75,60.42,177.57,0.4179,-1,-1,-1
723,83,474.59,165.92,61.42,170.33,0.5330,-1,-1,-1
723,81,418.91,161.64,53.75,172.29,0.4883,-1,-1,-1
723,79,264.87,207.85,51.03,176.78,0.3305,-1,-1,-1
723,78,1175.83,770.55,78.43,259.87,0.7740,-1,-1,-1
723,77,1253.47,746.21,88.25,268.49,0.7719,-1,-1,-1
723,60,298.99,410.15,73.29,217.04,0.7556,-1,-1,-1
723,55,1600.26,117.91,56.47,176.83,0.3248,-1,-1,-1
723,39,1565.92,594.22,108.81,231.05,0.5550,-1,-1,-1
723,36,850.99,938.46,81.33,141.54,0.7835,-1,-1,-1
723,32,788.97,139.01,47.59,172.20,0.3045,-1,-1,-1
723,6,395.57,551.22,94.68,242.47,0.7220,-1,-1,-1
723,4,1718.58,451.09,85.32,216.01,0.7179,-1,-1,-1
724,85,550.35,118.09,59.24,169.45,0.4559,-1,-1,-1
724,83,472.92,165.02,61.81,171.52,0.5628,-1,-1,-1
724,81,417.79,163.96,53.85,174.52,0.4977,-1,-1,-1
724,78,1174.06,767.71,75.86,245.68,0.7738,-1,-1,-1
724,77,1248.86,745.00,86.57,267.43,0.7717,-1,-1,-1
724,60,298.90,411.97,72.80,218.52,0.7638,-1,-1,-1
724,55,1599.41,116.67,56.45,178.66,0.3461,-1,-1,-1
724,39,1565.97,592.61,108.99,232.26,0.5188,-1,-1,-1
724,36,849.08,939.02,82.45,140.98,0.7878,-1,-1,-1
724,6,397.48,551.55,92.36,243.37,0.7247,-1,-1,-1
724,4,1719.11,451.85,85.65,215.37,0.6994,-1,-1,-1
725,85,550.21,115.90,59.23,171.32,0.4507,-1,-1,-1
725,83,471.92,167.81,63.65,171.08,0.5597,-1,-1,-1
725,81,418.39,165.32,51.82,173.72,0.4810,-1,-1,-1
725,78,1171.73,763.95,76.36,248.43,0.7730,-1,-1,-1
725,77,1243.61,745.27,89.95,267.99,0.7700,-1,-1,-1
725,60,299.35,414.54,72.97,217.38,0.7557,-1,-1,-1
725,55,1598.67,116.24,56.84,176.73,0.3812,-1,-1,-1
725,39,1565.65,595.75,108.84,228.77,0.5294,-1,-1,-1
725,36,847.92,941.34,82.63,138.66,0.7784,-1,-1,-1
725,6,401.65,551.21,91.62,242.35,0.7181,-1,-1,-1
725,4,1718.25,452.02,86.15,214.76,0.6963,-1,-1,-1
726,85,549.53,119.55,58.78,168.46,0.4494,-1,-1,-1
726,83,472.90,169.45,61.77,173.86,0.5716,-1,-1,-1
726,81,418.48,167.72,52.79,173.38,0.5193,-1,-1,-1
726,79,264.08,214.63,48.85,170.74,0.3037,-1,-1,-1
726,78,1170.43,759.80,77.13,247.51,0.7817,-1,-1,-1
726,77,1241.79,744.12,88.90,269.84,0.7935,-1,-1,-1
726,60,299.28,415.96,72.31,217.55,0.7593,-1,-1,-1
726,55,1598.38,115.44,55.88,176.36,0.4356,-1,-1,-1
726,39,1564.61,593.39,110.55,230.98,0.5168,-1,-1,-1
726,36,845.92,942.39,83.98,137.61,0.7845,-1,-1,-1
726,6,403.66,552.50,93.22,242.75,0.7403,-1,-1,-1
726,4,1717.56,452.31,86.03,213.96,0.6999,-1,-1,-1
727,85,549.92,118.97,58.31,169.09,0.3393,-1,-1,-1
727,83,473.77,171.52,60.07,174.53,0.5440,-1,-1,-1
727,81,416.49,174.17,54.11,166.24,0.5387,-1,-1,-1
727,79,263.70,212.92,50.35,171.79,0.2773,-1,-1,-1
727,78,1167.44,756.10,78.41,243.47,0.7973,-1,-1,-1
727,77,1239.42,742.55,91.31,268.74,0.8174,-1,-1,-1
727,60,299.65,418.76,72.13,216.34,0.7687,-1,-1,-1
727,55,1598.31,113.07,55.15,177.66,0.4513,-1,-1,-1
727,39,1564.03,598.04,110.62,228.18,0.4526,-1,-1,-1
727,36,844.72,943.01,83.93,136.99,0.7870,-1,-1,-1
727,6,403.10,552.56,94.63,244.92,0.7689,-1,-1,-1
727,4,1719.51,451.74,84.32,214.46,0.7040,-1,-1,-1
728,85,549.19,114.54,59.16,173.07,0.3400,-1,-1,-1
728,83,473.82,171.01,58.97,177.18,0.5213,-1,-1,-1
728,81,419.17,174.55,54.45,170.94,0.4943,-1,-1,-1
728,79,263.25,215.02,49.40,169.74,0.3161,-1,-1,-1
728,78,1163.84,753.89,79.84,249.30,0.8115,-1,-1,-1
728,77,1238.10,742.56,90.76,268.30,0.8206,-1,-1,-1
728,60,298.55,419.00,73.35,221.15,0.7558,-1,-1,-1
728,55,1597.79,112.06,56.01,179.63,0.5464,-1,-1,-1
728,39,1580.44,602.12,92.82,223.68,0.4385,-1,-1,-1
728,36,843.11,942.30,84.69,137.70,0.7848,-1,-1,-1
728,6,404.34,551.89,93.59,245.34,0.7881,-1,-1,-1
728,4,1718.74,452.37,85.25,213.10,0.7057,-1,-1,-1
729,85,549.30,115.61,58.46,172.05,0.3837,-1,-1,-1
729,83,473.70,171.31,59.11,180.19,0.5291,-1,-1,-1
729,81,420.50,179.23,51.79,165.73,0.4533,-1,-1,-1
729,78,1162.50,750.84,78.02,253.49,0.8184,-1,-1,-1
729,77,1235.59,741.14,91.41,266.47,0.8277,-1,-1,-1
729,60,298.79,420.26,71.80,221.89,0.7512,-1,-1,-1
729,55,1597.50,109.72,55.77,178.34,0.5601,-1,-1,-1
729,39,1565.49,597.00,110.75,228.88,0.4969,-1,-1,-1
729,36,841.40,944.19,85.92,135.81,0.7929,-1,-1,-1
729,6,403.93,552.61,93.10,243.41,0.7758,-1,-1,-1
729,4,1718.32,451.10,85.91,215.06,0.7098,-1,-1,-1
730,86,320.37,208.22,59.23,164.85,0.3284,-1,-1,-1
730,85,549.23,116.77,58.80,170.36,0.4119,-1,-1,-1
730,83,470.10,167.41,61.75,184.24,0.4247,-1,-1,-1
730,81,417.93,181.45,54.44,164.68,0.4714,-1,-1,-1
730,79,262.04,213.35,51.81,175.05,0.3763,-1,-1,-1
730,78,1158.05,749.90,79.46,257.76,0.8185,-1,-1,-1
730,77,1232.50,739.54,92.37,269.14,0.8115,-1,-1,-1
730,60,298.43,421.05,71.63,222.86,0.7342,-1,-1,-1
730,55,1597.58,108.24,55.38,176.67,0.4598,-1,-1,-1
730,39,1581.82,597.87,91.70,228.28,0.4969,-1,-1,-1
730,36,839.79,943.89,86.61,135.79,0.7833,-1,-1,-1
730,6,406.17,552.68,91.22,243.56,0.7976,-1,-1,-1
730,4,1718.55,451.92,86.51,214.46,0.7113,-1,-1,-1
731,86,321.44,210.56,57.16,160.75,0.3864,-1,-1,-1
731,85,549.27,119.62,59.22,166.46,0.3687,-1,-1,-1
731,83,470.11,168.43,61.83,184.39,0.4303,-1,-1,-1
731,81,417.19,183.02,53.75,163.21,0.4708,-1,-1,-1
731,79,261.99,212.01,50.73,174.35,0.3873,-1,-1,-1
731,78,1155.52,748.34,78.82,258.60,0.8074,-1,-1,-1
731,77,1230.63,736.99,89.14,270.41,0.7996,-1,-1,-1
731,60,297.80,421.25,71.61,221.47,0.7153,-1,-1,-1
731,55,1598.29,106.73,54.96,176.80,0.4632,-1,-1,-1
731,39,1566.85,596.41,109.13,227.96,0.5686,-1,-1,-1
731,36,838.28,943.81,86.83,136.06,0.7830,-1,-1,-1
731,32,789.55,141.19,50.18,170.41,0.2605,-1,-1,-1
731,6,407.76,553.18,90.12,242.77,0.8102,-1,-1,-1
731,4,1718.92,452.36,85.61,214.04,0.7042,-1,-1,-1
732,86,321.73,208.21,59.19,165.01,0.3866,-1,-1,-1
732,85,548.99,113.45,60.36,173.24,0.4497,-1,-1,-1
732,83,470.19,173.64,62.44,180.73,0.4674,-1,-1,-1
732,81,417.14,181.28,53.04,165.69,0.4673,-1,-1,-1
732,79,262.73,213.92,49.57,171.80,0.3592,-1,-1,-1
732,78,1152.81,746.82,79.69,260.68,0.8077,-1,-1,-1
732,77,1229.57,734.51,89.04,268.52,0.8154,-1,-1,-1
732,60,297.30,421.67,72.64,221.38,0.6783,-1,-1,-1
732,55,1599.80,105.30,53.76,176.67,0.5161,-1,-1,-1
732,39,1566.27,595.02,109.20,230.07,0.5132,-1,-1,-1
732,36,838.41,944.71,85.35,135.23,0.7823,-1,-1,-1
732,6,412.82,553.19,87.27,243.42,0.8056,-1,-1,-1
732,4,1717.38,451.93,87.50,214.85,0.6974,-1,-1,-1
733,86,322.64,210.24,57.15,161.46,0.3588,-1,-1,-1
733,85,549.21,113.54,59.48,173.49,0.3831,-1,-1,-1
733,83,472.02,172.85,60.46,182.77,0.4833,-1,-1,-1
733,81,417.20,185.82,50.81,155.92,0.4659,-1,-1,-1
733,79,264.37,213.46,46.89,169.84,0.2893,-1,-1,-1
733,78,1150.17,746.18,79.77,263.34,0.7688,-1,-1,-1
733,77,1227.96,729.81,86.18,256.66,0.7858,-1,-1,-1
733,60,296.41,422.43,73.15,220.27,0.6552,-1,-1,-1
733,55,1600.82,104.87,53.22,174.87,0.4986,-1,-1,-1
733,39,1565.95,592.69,110.28,232.13,0.5178,-1,-1,-1
733,36,836.66,944.67,86.15,134.93,0.7718,-1,-1,-1
733,6,415.30,552.59,84.99,243.93,0.7859,-1,-1,-1
733,4,1717.03,451.93,87.79,215.32,0.6984,-1,-1,-1
734,86,324.31,208.22,58.18,164.47,0.4051,-1,-1,-1
734,85,549.26,112.78,58.68,174.80,0.4288,-1,-1,-1
734,83,472.13,173.13,60.22,182.10,0.4485,-1,-1,-1
734,81,419.96,182.70,48.38,159.85,0.4036,-1,-1,-1
734,79,264.05,214.07,47.12,166.65,0.3284,-1,-1,-1
734,78,1147.83,747.68,80.77,260.73,0.7760,-1,-1,-1
734,77,1227.86,727.48,83.29,248.16,0.7812,-1,-1,-1
734,60,295.95,423.07,73.44,219.06,0.6434,-1,-1,-1
734,55,1601.10,104.02,54.04,175.55,0.3562,-1,-1,-1
734,39,1580.56,599.52,92.00,227.60,0.4546,-1,-1,-1
734,36,836.16,944.78,86.05,134.74,0.7786,-1,-1,-1
734,6,420.75,552.91,80.54,245.78,0.7893,-1,-1,-1
734,4,1717.25,452.08,87.34,217.84,0.7046,-1,-1,-1
735,86,325.25,206.16,57.92,165.55,0.4049,-1,-1,-1
735,85,549.17,115.00,59.61,171.36,0.3824,-1,-1,-1
735,83,470.90,174.84,61.96,180.91,0.4442,-1,-1,-1
735,81,419.39,185.07,48.12,156.28,0.4331,-1,-1,-1
735,79,263.38,213.44,47.01,169.73,0.3009,-1,-1,-1
735,78,1143.41,744.92,83.85,263.20,0.7572,-1,-1,-1
735,77,1222.93,720.94,85.57,247.30,0.7749,-1,-1,-1
735,60,294.91,424.39,73.73,216.53,0.6153,-1,-1,-1
735,55,1600.96,103.30,54.49,174.57,0.2923,-1,-1,-1
735,39,1587.04,597.99,85.64,229.23,0.5281,-1,-1,-1
735,36,834.67,945.19,87.25,134.39,0.7784,-1,-1,-1
735,32,788.77,141.46,47.25,170.10,0.2806,-1,-1,-1
735,6,425.15,553.74,78.21,245.20,0.7805,-1,-1,-1
735,4,1718.72,452.45,86.18,213.89,0.6875,-1,-1,-1
736,86,325.73,207.50,57.48,166.06,0.4050,-1,-1,-1
736,85,548.35,112.40,61.56,175.65,0.4186,-1,-1,-1
736,83,472.96,172.91,60.33,183.85,0.4606,-1,-1,-1
736,81,419.01,185.67,48.67,156.38,0.4228,-1,-1,-1
736,79,264.22,211.88,46.94,168.97,0.2746,-1,-1,-1
736,78,1142.29,741.43,85.03,260.35,0.7666,-1,-1,-1
736,77,1220.46,716.25,85.00,247.56,0.7764,-1,-1,-1
736,60,294.56,425.18,74.01,215.96,0.6421,-1,-1,-1
736,55,1600.84,104.10,54.38,173.28,0.2870,-1,-1,-1
736,39,1568.68,595.99,107.09,228.43,0.5904,-1,-1,-1
736,36,834.06,945.03,87.59,134.90,0.7754,-1,-1,-1
736,6,432.61,553.48,72.83,246.02,0.8009,-1,-1,-1
736,4,1718.39,451.36,86.15,213.51,0.6989,-1,-1,-1
737,86,327.21,209.68,56.94,165.03,0.4230,-1,-1,-1
737,85,548.34,112.47,61.94,175.80,0.4120,-1,-1,-1
737,83,472.64,174.67,60.65,180.51,0.4151,-1,-1,-1
737,81,418.36,186.16,49.28,156.19,0.4046,-1,-1,-1
737,78,1139.06,739.41,86.26,260.30,0.7513,-1,-1,-1
737,77,1221.07,711.42,82.82,253.05,0.7643,-1,-1,-1
737,60,294.84,426.35,73.09,213.71,0.6176,-1,-1,-1
737,55,1600.52,103.46,54.92,173.61,0.2984,-1,-1,-1
737,39,1584.74,595.90,89.74,230.95,0.5008,-1,-1,-1
737,36,834.66,946.51,86.66,133.17,0.7823,-1,-1,-1
737,32,788.63,142.53,46.96,167.89,0.2518,-1,-1,-1
737,6,436.46,554.25,71.41,246.09,0.7950,-1,-1,-1
737,4,1718.57,451.46,86.23,214.06,0.7114,-1,-1,-1
738,86,327.78,212.51,57.87,161.31,0.4164,-1,-1,-1
738,85,548.72,109.70,63.41,179.15,0.4258,-1,-1,-1
738,83,471.69,168.22,59.39,187.19,0.3636,-1,-1,-1
738,81,416.04,186.05,50.56,157.87,0.3809,-1,-1,-1
738,78,1136.76,737.18,83.82,264.41,0.7496,-1,-1,-1
738,77,1221.02,709.69,79.92,257.18,0.7670,-1,-1,-1
738,60,294.37,427.10,74.08,214.36,0.6742,-1,-1,-1
738,55,1600.28,103.71,55.42,171.20,0.2651,-1,-1,-1
738,39,1569.24,594.99,106.18,229.71,0.5399,-1,-1,-1
738,36,834.78,946.07,86.75,133.45,0.7772,-1,-1,-1
738,32,789.44,140.51,46.06,169.85,0.3335,-1,-1,-1
738,6,439.97,554.75,69.47,248.00,0.8003,-1,-1,-1
738,4,1718.29,451.38,86.06,213.70,0.7169,-1,-1,-1
739,86,327.77,210.68,58.76,163.55,0.4297,-1,-1,-1
739,85,548.52,115.44,63.52,173.33,0.4705,-1,-1,-1
739,83,470.77,172.94,61.42,182.69,0.4536,-1,-1,-1
739,81,413.92,185.32,51.17,158.61,0.4278,-1,-1,-1
739,78,1135.50,735.51,82.06,258.50,0.7798,-1,-1,-1
739,77,1219.75,707.94,79.77,260.40,0.7540,-1,-1,-1
739,60,294.45,427.88,74.13,215.66,0.6558,-1,-1,-1
739,55,1600.44,104.01,54.79,169.92,0.2880,-1,-1,-1
739,39,1571.51,588.68,104.48,235.80,0.5995,-1,-1,-1
739,36,834.47,946.01,87.40,133.97,0.7795,-1,-1,-1
739,32,788.49,139.63,46.90,170.57,0.3077,-1,-1,-1
739,6,443.32,555.22,68.58,250.25,0.7885,-1,-1,-1
739,4,1719.77,450.46,85.11,214.29,0.7205,-1,-1,-1
740,86,328.61,206.71,58.94,167.19,0.3749,-1,-1,-1
740,85,549.08,111.78,63.50,176.66,0.5202,-1,-1,-1
740,83,470.15,169.15,61.97,186.28,0.4467,-1,-1,-1
740,81,412.71,186.89,52.86,160.42,0.4269,-1,-1,-1
740,78,1133.04,733.01,83.83,252.28,0.7809,-1,-1,-1
740,77,1218.23,706.81,78.99,263.35,0.7532,-1,-1,-1
740,60,294.26,430.23,75.99,218.41,0.6926,-1,-1,-1
740,55,1600.66,103.18,55.77,171.27,0.2611,-1,-1,-1
740,39,1570.63,595.03,104.14,229.15,0.6088,-1,-1,-1
740,36,834.82,945.93,87.21,133.92,0.7760,-1,-1,-1
740,6,445.43,554.85,68.98,250.47,0.7675,-1,-1,-1
740,4,1718.10,452.78,86.69,212.49,0.7352,-1,-1,-1
741,86,330.31,208.20,57.26,162.89,0.3604,-1,-1,-1
741,85,550.62,111.34,62.99,177.12,0.4598,-1,-1,-1
741,83,469.80,171.30,61.14,184.40,0.4809,-1,-1,-1
741,81,411.12,190.34,53.53,161.88,0.4196,-1,-1,-1
741,78,1130.94,730.45,80.79,248.29,0.7659,-1,-1,-1
741,77,1216.40,706.41,79.14,261.25,0.7453,-1,-1,-1
741,60,294.39,431.96,75.72,221.47,0.6892,-1,-1,-1
741,55,1600.90,102.88,55.29,170.92,0.2683,-1,-1,-1
741,39,1572.67,593.72,101.72,230.80,0.6255,-1,-1,-1
741,36,835.43,946.21,87.15,133.79,0.7820,-1,-1,-1
741,6,447.46,556.83,67.79,251.36,0.7568,-1,-1,-1
741,4,1718.29,451.92,86.44,213.10,0.7289,-1,-1,-1
742,86,332.80,209.42,55.06,159.57,0.3230,-1,-1,-1
742,85,552.29,111.58,61.03,176.97,0.3321,-1,-1,-1
742,83,468.74,171.64,62.03,183.87,0.4604,-1,-1,-1
742,81,409.10,196.16,56.37,157.41,0.5105,-1,-1,-1
742,78,1127.30,726.97,79.84,248.48,0.7710,-1,-1,-1
742,77,1208.27,706.01,86.10,261.60,0.7562,-1,-1,-1
742,60,295.37,434.45,72.87,220.01,0.6951,-1,-1,-1
742,55,1600.93,103.25,54.87,168.70,0.2676,-1,-1,-1
742,39,1573.03,593.52,102.14,231.33,0.6464,-1,-1,-1
742,36,836.04,946.24,87.48,133.76,0.7762,-1,-1,-1
742,6,449.62,556.21,68.26,252.27,0.7700,-1,-1,-1
742,4,1718.86,452.56,85.10,213.47,0.7059,-1,-1,-1
743,86,333.74,210.44,55.09,157.47,0.2960,-1,-1,-1
743,85,552.22,104.47,61.46,183.85,0.3084,-1,-1,-1
743,83,468.30,168.36,58.72,189.17,0.3450,-1,-1,-1
743,81,410.09,200.21,54.60,155.02,0.5358,-1,-1,-1
743,78,1124.11,722.86,80.29,249.69,0.7669,-1,-1,-1
743,77,1203.22,706.06,87.70,260.69,0.7493,-1,-1,-1
743,60,295.54,437.62,73.48,219.73,0.7123,-1,-1,-1
743,39,1571.46,591.38,103.87,233.04,0.5918,-1,-1,-1
743,36,837.09,946.66,86.91,133.34,0.7722,-1,-1,-1
743,6,452.77,557.37,74.65,250.66,0.7576,-1,-1,-1
743,4,1719.63,452.05,83.01,213.66,0.7185,-1,-1,-1
744,86,333.65,209.77,54.99,159.65,0.3415,-1,-1,-1
744,85,552.46,112.23,61.58,177.11,0.3512,-1,-1,-1
744,83,466.27,176.39,59.79,183.66,0.3918,-1,-1,-1
744,81,410.12,200.97,54.18,156.28,0.5225,-1,-1,-1
744,78,1123.12,721.16,79.17,249.11,0.7697,-1,-1,-1
744,77,1200.30,705.29,86.25,260.30,0.7384,-1,-1,-1
744,60,296.38,440.56,72.37,219.01,0.7053,-1,-1,-1
744,39,1571.68,593.63,102.35,230.82,0.6369,-1,-1,-1
744,36,838.06,947.64,86.47,132.36,0.7751,-1,-1,-1
744,6,453.88,559.67,82.95,247.22,0.7516,-1,-1,-1
744,4,1719.63,453.54,83.96,213.20,0.7287,-1,-1,-1
745,86,334.53,212.12,53.65,157.32,0.3424,-1,-1,-1
745,85,552.78,110.60,61.09,178.59,0.3838,-1,-1,-1
745,83,464.67,175.99,60.84,188.60,0.4132,-1,-1,-1
745,81,410.24,202.68,52.96,158.37,0.5493,-1,-1,-1
745,78,1122.36,719.19,78.92,253.29,0.7687,-1,-1,-1
745,77,1198.62,705.80,86.17,257.27,0.7430,-1,-1,-1
745,60,297.30,442.16,71.77,220.44,0.6986,-1,-1,-1
745,39,1572.69,592.99,102.27,231.70,0.6412,-1,-1,-1
745,36,839.09,947.82,86.93,132.18,0.7740,-1,-1,-1
745,6,455.23,560.76,89.74,244.31,0.7886,-1,-1,-1
745,4,1718.68,452.72,85.28,213.45,0.7263,-1,-1,-1
746,86,334.47,215.06,55.09,152.73,0.3260,-1,-1,-1
746,85,553.13,109.93,60.32,178.48,0.2569,-1,-1,-1
746,83,463.22,181.54,65.33,183.59,0.5113,-1,-1,-1
746,81,409.45,201.21,50.61,161.34,0.5131,-1,-1,-1
746,78,1119.42,718.45,80.63,254.39,0.7647,-1,-1,-1
746,77,1195.24,702.93,87.14,259.34,0.7507,-1,-1,-1
746,60,298.12,444.20,71.14,222.36,0.6977,-1,-1,-1
746,39,1574.23,596.38,100.82,228.35,0.6680,-1,-1,-1
746,36,840.72,948.20,86.38,131.80,0.7822,-1,-1,-1
746,6,455.82,561.71,96.28,244.24,0.8045,-1,-1,-1
746,4,1719.17,453.58,86.08,212.13,0.7107,-1,-1,-1
747,86,334.44,213.79,55.55,154.62,0.3559,-1,-1,-1
747,85,553.59,109.47,61.51,179.26,0.2652,-1,-1,-1
747,83,464.91,184.50,61.67,181.52,0.5622,-1,-1,-1
747,81,409.50,203.57,51.78,156.89,0.5430,-1,-1,-1
747,78,1117.79,715.92,78.33,256.25,0.7762,-1,-1,-1
747,77,1189.50,700.74,88.57,264.18,0.7579,-1,-1,-1
747,60,299.27,444.88,70.55,224.35,0.7234,-1,-1,-1
747,39,1570.65,590.90,105.27,233.85,0.5983,-1,-1,-1
747,36,842.76,948.25,85.73,131.75,0.7861,-1,-1,-1
747,6,456.60,561.99,98.76,245.97,0.8201,-1,-1,-1
747,4,1719.38,452.81,84.88,212.90,0.7110,-1,-1,-1
748,86,334.03,207.67,57.58,160.86,0.4273,-1,-1,-1
748,83,463.65,187.13,62.76,179.67,0.5505,-1,-1,-1
748,81,409.36,202.66,50.27,159.72,0.5542,-1,-1,-1
748,78,1116.13,714.81,77.39,255.96,0.8041,-1,-1,-1
748,77,1187.62,698.44,86.02,258.60,0.8100,-1,-1,-1
748,60,299.01,445.30,71.68,222.68,0.7089,-1,-1,-1
748,39,1565.59,596.76,106.41,230.43,0.5226,-1,-1,-1
748,36,844.25,948.65,85.09,131.35,0.7900,-1,-1,-1
748,6,456.41,563.66,102.90,245.57,0.8214,-1,-1,-1
748,4,1718.71,454.06,84.19,212.27,0.6998,-1,-1,-1
749,86,333.70,210.04,56.48,159.65,0.3672,-1,-1,-1
749,83,464.36,187.97,59.12,181.53,0.5757,-1,-1,-1
749,81,409.19,204.27,48.64,157.48,0.5301,-1,-1,-1
749,78,1114.98,712.43,75.77,255.90,0.8259,-1,-1,-1
749,77,1184.72,696.49,86.10,248.04,0.8110,-1,-1,-1
749,60,300.42,445.45,71.54,224.00,0.6984,-1,-1,-1
749,39,1571.34,588.15,104.47,236.16,0.5872,-1,-1,-1
749,36,846.40,950.06,84.45,129.94,0.7888,-1,-1,-1
749,6,457.63,564.90,105.17,246.63,0.8096,-1,-1,-1
749,4,1719.47,454.40,83.10,213.82,0.6839,-1,-1,-1
750,86,334.02,207.43,55.44,161.38,0.3707,-1,-1,-1
750,83,463.57,186.22,59.99,185.85,0.5020,-1,-1,-1
750,81,408.30,202.72,51.96,160.60,0.5515,-1,-1,-1
750,79,268.12,213.54,53.47,159.65,0.2950,-1,-1,-1
750,78,1113.19,712.03,75.86,257.77,0.8173,-1,-1,-1
750,77,1182.87,693.13,86.02,257.56,0.7884,-1,-1,-1
750,60,300.69,446.49,72.10,222.45,0.6984,-1,-1,-1
750,39,1572.59,592.22,102.18,232.19,0.6232,-1,-1,-1
750,36,849.29,951.78,82.68,128.22,0.7690,-1,-1,-1
750,6,458.43,564.95,105.94,247.62,0.8153,-1,-1,-1
750,4,1718.42,453.46,85.21,214.06,0.7086,-1,-1,-1
751,86,333.74,205.74,55.72,161.31,0.3886,-1,-1,-1
751,83,462.57,195.71,60.43,179.14,0.4755,-1,-1,-1
751,81,409.45,203.44,49.05,157.46,0.5032,-1,-1,-1
751,79,266.62,206.88,57.89,165.08,0.4228,-1,-1,-1
751,78,1110.33,709.43,72.45,254.04,0.8051,-1,-1,-1
751,77,1181.32,688.14,82.70,244.44,0.7995,-1,-1,-1
751,60,301.27,446.65,74.35,221.21,0.7020,-1,-1,-1
751,39,1571.80,592.48,103.87,231.82,0.6183,-1,-1,-1
751,36,851.61,952.45,82.81,127.55,0.7664,-1,-1,-1
751,6,459.10,565.60,106.11,246.69,0.8109,-1,-1,-1
751,4,1716.29,455.03,86.16,211.19,0.6833,-1,-1,-1
752,86,334.10,204.50,55.09,162.68,0.3599,-1,-1,-1
752,83,461.53,194.87,61.94,181.10,0.4693,-1,-1,-1
752,81,408.90,204.46,48.79,158.02,0.4700,-1,-1,-1
752,79,266.93,208.01,56.62,164.58,0.4073,-1,-1,-1
752,78,1107.09,710.54,74.44,254.62,0.7866,-1,-1,-1
752,77,1179.77,684.52,81.40,242.63,0.7706,-1,-1,-1
752,60,301.20,447.60,75.55,221.58,0.7229,-1,-1,-1
752,39,1567.95,595.56,104.00,230.95,0.5349,-1,-1,-1
752,36,853.08,952.14,83.26,127.86,0.7694,-1,-1,-1
752,6,463.90,565.72,103.11,246.13,0.7858,-1,-1,-1
752,4,1716.77,453.65,85.37,213.62,0.6902,-1,-1,-1
753,86,332.63,200.77,56.85,166.55,0.3524,-1,-1,-1
753,83,460.53,193.70,60.94,182.75,0.4558,-1,-1,-1
753,81,408.37,205.84,48.23,154.13,0.5116,-1,-1,-1
753,79,268.54,205.68,55.07,166.60,0.3663,-1,-1,-1
753,78,1106.35,707.94,72.18,256.01,0.7784,-1,-1,-1
753,77,1174.67,679.53,83.26,251.09,0.7474,-1,-1,-1
753,60,301.02,448.46,77.14,219.65,0.7256,-1,-1,-1
753,39,1571.22,591.41,104.78,232.56,0.5779,-1,-1,-1
753,36,854.93,952.45,82.97,127.55,0.7732,-1,-1,-1
753,6,467.91,566.13,99.75,245.96,0.7558,-1,-1,-1
753,4,1716.36,452.68,84.90,214.69,0.6777,-1,-1,-1
754,86,332.10,202.18,56.94,165.35,0.3110,-1,-1,-1
754,83,461.06,192.26,60.58,184.47,0.4173,-1,-1,-1
754,81,407.16,204.26,48.23,157.29,0.4996,-1,-1,-1
754,79,267.93,204.34,50.05,170.63,0.3809,-1,-1,-1
754,78,1103.93,704.23,73.15,261.73,0.7824,-1,-1,-1
754,77,1172.81,676.31,83.49,252.76,0.7507,-1,-1,-1
754,60,300.60,449.96,78.59,216.31,0.7194,-1,-1,-1
754,39,1569.98,591.41,104.57,233.24,0.5082,-1,-1,-1
754,36,856.43,952.22,83.64,127.41,0.7782,-1,-1,-1
754,6,475.19,566.21,91.91,246.31,0.7268,-1,-1,-1
754,4,1715.79,454.01,85.69,212.17,0.6709,-1,-1,-1
755,86,331.89,201.50,57.10,165.55,0.2700,-1,-1,-1
755,83,456.93,190.82,63.93,188.22,0.4007,-1,-1,-1
755,81,405.65,207.80,51.01,153.36,0.4305,-1,-1,-1
755,79,268.56,203.44,56.38,168.88,0.3181,-1,-1,-1
755,78,1101.47,701.90,73.18,259.42,0.7651,-1,-1,-1
755,77,1170.32,672.80,83.07,257.90,0.7576,-1,-1,-1
755,60,300.81,451.16,79.16,215.29,0.7356,-1,-1,-1
755,39,1572.24,590.66,102.89,234.37,0.5955,-1,-1,-1
755,36,858.68,952.12,83.10,127.88,0.7787,-1,-1,-1
755,6,480.87,567.57,84.01,246.68,0.7219,-1,-1,-1
755,4,1716.86,452.06,82.46,214.24,0.6759,-1,-1,-1
756,86,331.49,200.49,56.96,166.16,0.2875,-1,-1,-1
756,83,457.31,192.58,62.92,183.93,0.4607,-1,-1,-1
756,81,404.04,206.79,51.28,154.77,0.4655,-1,-1,-1
756,79,269.04,202.47,56.14,168.87,0.3262,-1,-1,-1
756,78,1100.03,697.27,72.90,248.82,0.7609,-1,-1,-1
756,77,1168.81,672.25,83.20,259.20,0.7702,-1,-1,-1
756,60,300.84,452.75,81.60,214.79,0.7347,-1,-1,-1
756,39,1571.02,589.45,103.49,235.42,0.5745,-1,-1,-1
756,36,858.76,952.00,85.27,127.77,0.7797,-1,-1,-1
756,6,490.12,567.25,74.90,247.63,0.6992,-1,-1,-1
756,4,1716.91,453.84,82.11,214.44,0.6734,-1,-1,-1
757,86,330.29,200.45,53.84,164.64,0.2905,-1,-1,-1
757,85,548.38,107.40,64.72,182.55,0.2798,-1,-1,-1
757,83,453.34,189.36,67.15,187.31,0.5035,-1,-1,-1
757,81,403.97,204.03,50.93,159.75,0.4468,-1,-1,-1
757,79,270.45,206.77,55.05,165.12,0.2707,-1,-1,-1
757,78,1097.53,693.68,74.96,246.71,0.7603,-1,-1,-1
757,77,1168.38,671.50,82.67,259.06,0.7719,-1,-1,-1
757,60,300.82,455.31,81.38,217.61,0.7446,-1,-1,-1
757,39,1570.47,595.23,103.57,230.85,0.4618,-1,-1,-1
757,36,859.62,953.46,86.12,126.54,0.7814,-1,-1,-1
757,6,499.34,566.85,69.83,245.42,0.7103,-1,-1,-1
757,4,1717.95,453.38,80.26,213.31,0.6813,-1,-1,-1
758,83,454.11,188.28,65.62,190.67,0.4782,-1,-1,-1
758,81,404.47,204.65,49.32,162.91,0.4706,-1,-1,-1
758,79,271.64,200.96,53.78,170.47,0.3170,-1,-1,-1
758,78,1095.02,690.46,77.23,236.61,0.7667,-1,-1,-1
758,77,1166.00,671.64,85.28,258.78,0.7699,-1,-1,-1
758,60,300.47,458.54,81.25,220.14,0.7485,-1,-1,-1
758,39,1569.25,590.24,107.19,233.86,0.4389,-1,-1,-1
758,36,860.77,953.50,86.57,126.50,0.7723,-1,-1,-1
758,6,503.04,565.18,70.10,248.31,0.7181,-1,-1,-1
758,4,1718.20,452.84,79.28,213.13,0.7092,-1,-1,-1
759,83,452.68,188.48,67.21,188.98,0.4775,-1,-1,-1
759,81,404.67,205.81,49.20,163.04,0.5149,-1,-1,-1
759,79,273.64,207.54,51.26,163.52,0.2910,-1,-1,-1
759,78,1093.74,687.92,76.32,240.90,0.7503,-1,-1,-1
759,77,1162.28,671.24,89.42,260.01,0.7585,-1,-1,-1
759,60,300.67,459.09,81.02,223.58,0.7501,-1,-1,-1
759,39,1569.52,594.10,106.26,229.91,0.5477,-1,-1,-1
759,36,862.76,954.62,87.54,125.38,0.7556,-1,-1,-1
759,6,507.83,565.12,68.48,249.35,0.7153,-1,-1,-1
759,4,1718.52,452.81,78.34,213.18,0.6914,-1,-1,-1
760,83,450.96,186.37,68.69,188.91,0.4793,-1,-1,-1
760,81,404.78,207.32,51.22,167.11,0.4923,-1,-1,-1
760,79,274.85,205.54,50.11,165.98,0.3734,-1,-1,-1
760,78,1091.69,686.93,77.13,244.89,0.7464,-1,-1,-1
760,77,1160.80,669.68,89.30,259.26,0.7646,-1,-1,-1
760,60,300.97,462.63,80.85,224.13,0.7343,-1,-1,-1
760,39,1571.40,594.14,104.12,229.92,0.6344,-1,-1,-1
760,36,864.17,954.65,89.58,125.35,0.7563,-1,-1,-1
760,6,511.64,564.92,69.96,249.76,0.7246,-1,-1,-1
760,4,1718.54,452.96,77.83,212.84,0.6996,-1,-1,-1
761,85,540.69,110.06,74.11,181.49,0.2580,-1,-1,-1
761,83,449.99,190.23,70.09,184.86,0.4997,-1,-1,-1
761,81,404.46,208.12,52.04,168.14,0.4126,-1,-1,-1
761,79,275.55,202.57,49.45,168.54,0.2957,-1,-1,-1
761,78,1089.54,685.66,76.79,244.18,0.7419,-1,-1,-1
761,77,1158.07,668.23,89.85,261.44,0.7653,-1,-1,-1
761,60,300.82,464.88,80.77,222.80,0.7138,-1,-1,-1
761,39,1570.08,594.73,105.14,229.33,0.6089,-1,-1,-1
761,36,865.43,954.61,90.82,125.39,0.7727,-1,-1,-1
761,6,514.72,565.42,71.59,248.40,0.7488,-1,-1,-1
761,4,1716.24,453.20,79.45,211.72,0.7149,-1,-1,-1
762,86,332.86,212.64,54.07,154.76,0.2611,-1,-1,-1
762,83,451.56,192.46,68.55,185.43,0.5030,-1,-1,-1
762,81,404.99,209.13,53.31,169.90,0.5100,-1,-1,-1
762,79,276.12,204.40,48.28,165.68,0.3851,-1,-1,-1
762,78,1088.24,683.39,75.30,246.09,0.7447,-1,-1,-1
762,77,1156.35,667.27,89.20,262.10,0.7526,-1,-1,-1
762,60,301.22,467.15,79.78,222.80,0.7276,-1,-1,-1
762,39,1571.09,594.06,104.40,230.74,0.6269,-1,-1,-1
762,36,867.01,955.23,89.05,124.77,0.7774,-1,-1,-1
762,6,517.32,567.51,74.28,246.47,0.7713,-1,-1,-1
762,4,1717.36,453.95,78.60,210.32,0.7048,-1,-1,-1
763,86,331.08,202.47,56.00,164.82,0.3040,-1,-1,-1
763,85,540.79,111.55,72.08,179.99,0.2807,-1,-1,-1
763,83,454.28,202.69,62.64,176.94,0.4844,-1,-1,-1
763,81,405.48,209.38,52.16,170.22,0.5248,-1,-1,-1
763,79,277.12,199.77,48.46,169.81,0.4189,-1,-1,-1
763,78,1081.58,682.86,80.39,247.80,0.7477,-1,-1,-1
763,77,1155.01,664.53,85.74,260.33,0.7502,-1,-1,-1
763,60,301.10,468.73,77.78,224.41,0.7419,-1,-1,-1
763,39,1570.31,594.33,104.40,230.24,0.6041,-1,-1,-1
763,36,867.39,955.69,89.24,124.31,0.7777,-1,-1,-1
763,6,519.54,567.85,75.39,245.71,0.7637,-1,-1,-1
763,4,1718.63,454.85,78.77,211.99,0.7116,-1,-1,-1
764,87,408.58,64.77,47.43,151.84,0.2605,-1,-1,-1
764,86,331.60,203.53,55.31,162.18,0.2970,-1,-1,-1
764,85,540.08,108.30,72.03,182.28,0.2729,-1,-1,-1
764,83,454.66,204.11,61.53,178.66,0.5304,-1,-1,-1
764,81,404.26,208.33,52.91,173.28,0.5256,-1,-1,-1
764,79,277.73,195.62,47.24,174.19,0.3951,-1,-1,-1
764,78,1081.73,679.97,77.23,253.06,0.7463,-1,-1,-1
764,77,1152.19,660.06,86.81,261.78,0.7568,-1,-1,-1
764,60,299.35,468.70,77.50,227.81,0.7416,-1,-1,-1
764,39,1570.70,592.87,104.11,231.60,0.5384,-1,-1,-1
764,36,868.03,956.37,88.76,123.63,0.7732,-1,-1,-1
764,6,520.78,568.37,77.20,245.19,0.7566,-1,-1,-1
764,4,1718.39,453.70,79.08,212.22,0.7214,-1,-1,-1
765,86,331.82,196.46,55.03,169.51,0.2652,-1,-1,-1
765,85,540.21,107.94,72.87,181.81,0.3538,-1,-1,-1
765,83,454.97,205.22,61.05,179.84,0.5459,-1,-1,-1
765,81,401.32,209.13,55.41,173.62,0.5032,-1,-1,-1
765,79,278.62,188.84,47.91,181.11,0.3453,-1,-1,-1
765,78,1079.23,678.34,77.10,254.29,0.7339,-1,-1,-1
765,77,1150.03,660.27,86.31,258.71,0.7426,-1,-1,-1
765,60,299.09,469.40,75.89,229.79,0.7129,-1,-1,-1
765,39,1571.00,592.77,104.31,231.34,0.5520,-1,-1,-1
765,36,868.46,957.02,87.99,122.98,0.7694,-1,-1,-1
765,6,521.03,568.40,84.76,245.89,0.7481,-1,-1,-1
765,4,1719.00,453.14,77.92,213.64,0.7132,-1,-1,-1
766,86,326.49,193.40,56.45,172.18,0.3616,-1,-1,-1
766,83,454.39,202.86,60.38,185.85,0.4865,-1,-1,-1
766,81,400.36,211.01,55.44,171.15,0.4878,-1,-1,-1
766,79,278.93,199.86,49.66,169.75,0.3803,-1,-1,-1
766,78,1075.97,677.86,80.70,255.86,0.7217,-1,-1,-1
766,77,1146.42,656.76,89.21,256.31,0.7225,-1,-1,-1
766,60,297.51,470.25,74.06,228.41,0.6360,-1,-1,-1
766,39,1570.54,591.01,104.37,233.62,0.6039,-1,-1,-1
766,36,869.38,956.82,87.25,123.18,0.7581,-1,-1,-1
766,6,522.96,569.65,92.33,245.53,0.7485,-1,-1,-1
766,4,1718.66,455.56,77.51,209.54,0.7410,-1,-1,-1
767,87,409.75,68.77,52.68,158.92,0.2579,-1,-1,-1
767,86,328.65,193.27,56.23,171.98,0.3797,-1,-1,-1
767,85,542.56,103.58,68.96,188.31,0.2706,-1,-1,-1
767,83,454.05,202.52,59.99,186.86,0.4779,-1,-1,-1
767,81,400.58,210.92,55.38,172.14,0.4535,-1,-1,-1
767,79,278.78,197.61,50.66,169.65,0.3815,-1,-1,-1
767,78,1074.42,675.60,80.27,255.44,0.7360,-1,-1,-1
767,77,1145.22,653.30,85.96,252.20,0.7166,-1,-1,-1
767,60,295.95,471.71,74.27,227.20,0.5971,-1,-1,-1
767,39,1582.99,598.33,89.15,228.17,0.5035,-1,-1,-1
767,36,868.80,957.34,88.06,122.66,0.7592,-1,-1,-1
767,6,524.10,569.64,89.61,246.89,0.7564,-1,-1,-1
767,4,1718.65,455.36,77.78,211.53,0.7279,-1,-1,-1
768,86,326.49,193.24,57.15,168.44,0.3650,-1,-1,-1
768,85,542.39,110.32,67.25,180.10,0.2508,-1,-1,-1
768,83,452.32,198.02,61.84,194.44,0.5079,-1,-1,-1
768,81,402.43,208.84,53.22,174.42,0.3983,-1,-1,-1
768,79,279.47,192.79,51.18,174.32,0.3630,-1,-1,-1
768,78,1074.23,673.80,79.18,255.55,0.7419,-1,-1,-1
768,77,1142.48,650.37,85.13,246.81,0.7495,-1,-1,-1
768,60,294.52,472.57,74.33,226.17,0.6011,-1,-1,-1
768,39,1570.66,590.31,104.58,234.18,0.5492,-1,-1,-1
768,36,869.36,957.38,87.98,122.62,0.7705,-1,-1,-1
768,6,524.07,569.75,90.22,247.13,0.7622,-1,-1,-1
768,4,1720.21,452.83,76.39,213.66,0.7127,-1,-1,-1
769,86,329.57,193.78,55.17,167.04,0.3349,-1,-1,-1
769,83,452.93,194.50,60.87,197.55,0.4055,-1,-1,-1
769,81,402.76,204.57,54.20,178.88,0.3595,-1,-1,-1
769,79,280.27,197.54,49.47,168.68,0.3351,-1,-1,-1
769,78,1070.05,670.53,80.11,253.45,0.7828,-1,-1,-1
769,77,1141.43,647.81,81.53,243.44,0.7916,-1,-1,-1
769,60,293.99,472.87,75.58,226.46,0.6545,-1,-1,-1
769,39,1574.66,594.80,92.71,231.99,0.3886,-1,-1,-1
769,36,869.01,958.26,89.34,121.74,0.7753,-1,-1,-1
769,6,524.22,572.16,91.64,244.14,0.7593,-1,-1,-1
769,4,1720.04,454.20,76.16,210.26,0.7262,-1,-1,-1
770,86,327.87,192.98,55.47,166.27,0.3096,-1,-1,-1
770,85,543.08,114.38,67.40,177.10,0.2965,-1,-1,-1
770,83,452.27,197.64,61.21,193.97,0.3878,-1,-1,-1
770,81,404.11,208.14,51.81,177.21,0.3616,-1,-1,-1
770,79,279.97,199.85,50.04,165.82,0.3311,-1,-1,-1
770,78,1066.07,669.55,80.36,250.16,0.7981,-1,-1,-1
770,77,1140.22,646.24,79.45,240.51,0.8172,-1,-1,-1
770,60,293.88,473.95,75.58,224.40,0.6363,-1,-1,-1
770,39,1578.73,595.38,93.49,230.83,0.4257,-1,-1,-1
770,36,869.55,957.23,90.10,122.77,0.7877,-1,-1,-1
770,6,524.41,571.80,92.95,244.75,0.7696,-1,-1,-1
770,4,1720.74,455.29,75.90,209.44,0.7269,-1,-1,-1
771,86,330.91,196.03,59.53,166.21,0.3073,-1,-1,-1
771,85,544.03,113.43,66.54,178.04,0.2779,-1,-1,-1
771,83,452.39,200.69,59.72,193.23,0.5155,-1,-1,-1
771,81,403.78,207.49,51.60,177.67,0.3456,-1,-1,-1
771,79,280.77,201.55,48.88,162.62,0.3339,-1,-1,-1
771,78,1063.55,667.08,81.21,241.15,0.8049,-1,-1,-1
771,77,1138.27,644.54,79.19,242.87,0.8069,-1,-1,-1
771,60,292.58,474.05,74.81,224.15,0.6694,-1,-1,-1
771,39,1562.87,600.12,108.92,227.12,0.4350,-1,-1,-1
771,36,869.83,957.61,90.15,122.39,0.7910,-1,-1,-1
771,6,525.38,572.08,91.83,243.82,0.7606,-1,-1,-1
771,4,1722.54,452.59,74.95,213.93,0.7260,-1,-1,-1
772,86,324.66,193.57,58.49,165.39,0.2940,-1,-1,-1
772,85,544.34,115.96,64.05,173.38,0.2507,-1,-1,-1
772,83,452.54,202.66,59.81,190.42,0.5194,-1,-1,-1
772,81,403.65,213.13,50.89,172.11,0.4032,-1,-1,-1
772,79,281.36,199.84,48.13,162.81,0.2699,-1,-1,-1
772,78,1061.83,664.46,82.45,240.73,0.8002,-1,-1,-1
772,77,1136.51,642.04,79.67,246.66,0.7855,-1,-1,-1
772,60,292.62,475.64,74.19,222.77,0.6667,-1,-1,-1
772,39,1568.93,586.30,106.81,237.97,0.5411,-1,-1,-1
772,36,870.15,957.98,91.41,122.02,0.7938,-1,-1,-1
772,6,527.77,571.14,90.42,243.38,0.7494,-1,-1,-1
772,4,1722.70,453.35,74.98,212.07,0.7258,-1,-1,-1
773,87,415.98,77.08,49.69,153.21,0.2992,-1,-1,-1
773,86,324.25,193.31,59.23,166.81,0.2771,-1,-1,-1
773,83,451.87,206.71,60.32,185.73,0.4462,-1,-1,-1
773,81,403.48,213.70,50.46,168.33,0.4179,-1,-1,-1
773,79,281.64,198.03,47.55,166.53,0.2839,-1,-1,-1
773,78,1061.15,660.93,77.88,238.24,0.8115,-1,-1,-1
773,77,1135.25,641.09,78.52,246.55,0.7657,-1,-1,-1
773,60,292.33,476.37,75.19,222.49,0.6812,-1,-1,-1
773,39,1572.20,601.15,99.31,225.22,0.4883,-1,-1,-1
773,36,870.76,957.96,90.47,122.04,0.8032,-1,-1,-1
773,6,533.88,569.94,86.46,243.80,0.7285,-1,-1,-1
773,4,1722.12,451.77,73.72,211.89,0.7321,-1,-1,-1
774,83,452.31,203.79,59.39,187.57,0.3811,-1,-1,-1
774,81,402.33,213.02,50.35,171.89,0.3982,-1,-1,-1
774,79,282.71,198.20,48.64,165.56,0.2905,-1,-1,-1
774,78,1059.46,660.60,75.09,237.36,0.7760,-1,-1,-1
774,77,1132.50,640.09,80.90,246.46,0.7612,-1,-1,-1
774,60,291.26,477.60,77.55,221.90,0.7175,-1,-1,-1
774,39,1572.74,599.93,99.20,226.64,0.5106,-1,-1,-1
774,36,870.92,957.85,91.22,122.15,0.7989,-1,-1,-1
774,6,537.73,569.50,82.54,244.46,0.7211,-1,-1,-1
774,4,1723.66,452.09,72.43,212.01,0.7190,-1,-1,-1
775,85,545.09,112.93,62.31,177.14,0.2649,-1,-1,-1
775,83,451.35,202.77,59.59,188.10,0.4351,-1,-1,-1
775,81,401.36,219.33,52.04,167.39,0.4483,-1,-1,-1
775,79,282.93,194.73,47.49,169.41,0.2515,-1,-1,-1
775,78,1056.57,658.15,74.56,238.81,0.7551,-1,-1,-1
775,77,1126.52,639.20,85.58,250.87,0.7753,-1,-1,-1
775,60,290.66,478.60,77.12,222.34,0.7412,-1,-1,-1
775,39,1566.60,596.30,104.65,230.40,0.4857,-1,-1,-1
775,36,871.14,957.77,91.32,122.23,0.8051,-1,-1,-1
775,6,543.06,570.13,79.05,243.67,0.7006,-1,-1,-1
775,4,1723.41,453.26,72.39,209.62,0.7303,-1,-1,-1
776,83,450.52,200.72,60.51,190.23,0.3951,-1,-1,-1
776,81,401.44,215.42,49.99,171.85,0.4292,-1,-1,-1
776,79,282.18,196.18,47.14,165.60,0.2709,-1,-1,-1
776,78,1054.59,654.34,72.92,241.35,0.7632,-1,-1,-1
776,77,1128.25,637.08,81.34,253.12,0.7791,-1,-1,-1
776,60,289.93,480.01,77.00,223.02,0.7495,-1,-1,-1
776,39,1569.99,597.96,101.76,228.44,0.5500,-1,-1,-1
776,36,871.25,958.84,90.73,121.16,0.7916,-1,-1,-1
776,6,548.67,571.32,73.70,242.66,0.6932,-1,-1,-1
776,4,1723.12,452.40,72.41,211.16,0.7380,-1,-1,-1
777,83,448.92,203.32,60.92,187.87,0.2721,-1,-1,-1
777,81,402.34,218.63,49.61,168.94,0.3464,-1,-1,-1
777,78,1051.73,651.82,75.00,245.89,0.7512,-1,-1,-1
777,77,1125.91,635.65,81.07,254.45,0.7138,-1,-1,-1
777,60,289.42,480.95,76.93,226.77,0.7678,-1,-1,-1
777,39,1569.45,594.78,103.46,230.73,0.4944,-1,-1,-1
777,36,872.45,959.42,90.07,120.58,0.7870,-1,-1,-1
777,6,552.95,571.58,71.13,244.49,0.7099,-1,-1,-1
777,4,1723.89,452.33,71.87,210.21,0.7363,-1,-1,-1
778,85,545.97,119.38,62.84,170.20,0.3346,-1,-1,-1
778,83,448.19,203.30,61.59,187.04,0.3156,-1,-1,-1
778,81,400.64,217.26,50.45,171.55,0.2923,-1,-1,-1
778,78,1051.01,649.66,74.18,248.08,0.7582,-1,-1,-1
778,77,1126.22,633.98,79.41,253.19,0.7310,-1,-1,-1
778,60,290.00,484.21,75.73,224.79,0.7581,-1,-1,-1
778,39,1569.62,590.92,105.28,233.38,0.5991,-1,-1,-1
778,36,872.55,959.13,90.59,120.87,0.7888,-1,-1,-1
778,6,560.66,571.80,64.85,245.49,0.7168,-1,-1,-1
778,4,1723.43,452.55,72.49,210.45,0.7489,-1,-1,-1
779,83,448.01,211.73,60.15,182.70,0.2515,-1,-1,-1
779,81,398.58,222.91,53.05,171.10,0.3515,-1,-1,-1
779,78,1049.35,646.64,73.98,251.17,0.7556,-1,-1,-1
779,77,1118.32,631.99,84.74,254.47,0.7264,-1,-1,-1
779,60,289.42,487.13,75.05,224.24,0.7576,-1,-1,-1
779,39,1571.72,587.86,103.48,236.31,0.6004,-1,-1,-1
779,36,873.20,959.06,90.20,120.94,0.7901,-1,-1,-1
779,6,565.45,571.95,64.22,249.92,0.7204,-1,-1,-1
779,4,1722.43,452.13,73.45,211.22,0.7452,-1,-1,-1
780,83,448.73,219.32,55.74,177.21,0.2786,-1,-1,-1
780,81,399.29,225.29,52.19,170.05,0.3894,-1,-1,-1
780,78,1047.69,646.16,74.62,251.24,0.7534,-1,-1,-1
780,77,1117.39,629.35,83.65,256.00,0.7424,-1,-1,-1
780,60,289.73,489.85,74.41,225.17,0.7536,-1,-1,-1
780,39,1570.31,587.88,104.60,235.94,0.6154,-1,-1,-1
780,36,873.00,959.30,90.05,120.70,0.7827,-1,-1,-1
780,6,568.58,572.69,62.94,246.65,0.7032,-1,-1,-1
780,4,1723.10,452.14,73.17,211.68,0.7453,-1,-1,-1
781,83,450.19,216.05,54.88,184.01,0.3348,-1,-1,-1
781,81,400.45,224.01,52.09,171.49,0.3665,-1,-1,-1
781,78,1044.80,649.34,77.42,242.21,0.7499,-1,-1,-1
781,77,1113.10,627.06,84.10,255.31,0.7636,-1,-1,-1
781,60,289.41,491.11,74.34,226.88,0.7640,-1,-1,-1
781,39,1572.20,591.24,102.50,232.31,0.6610,-1,-1,-1
781,36,873.83,958.94,88.98,121.06,0.7806,-1,-1,-1
781,6,570.37,570.49,63.58,254.51,0.6855,-1,-1,-1
781,4,1723.72,451.51,72.10,211.37,0.7392,-1,-1,-1
782,86,324.28,190.13,55.05,167.86,0.2538,-1,-1,-1
782,83,447.46,215.14,57.92,186.56,0.3237,-1,-1,-1
782,81,399.99,226.87,53.24,168.06,0.3822,-1,-1,-1
782,78,1044.54,645.49,74.11,248.64,0.7431,-1,-1,-1
782,77,1111.00,624.74,81.83,245.56,0.7757,-1,-1,-1
782,60,289.97,492.50,73.97,231.14,0.7719,-1,-1,-1
782,39,1570.24,592.34,103.89,231.62,0.5873,-1,-1,-1
782,36,874.52,958.52,87.90,121.48,0.7725,-1,-1,-1
782,6,569.86,572.35,66.73,257.68,0.6348,-1,-1,-1
782,4,1722.56,451.21,73.47,211.06,0.7389,-1,-1,-1
783,83,445.54,216.35,59.52,189.20,0.3796,-1,-1,-1
783,81,398.40,222.90,52.17,170.43,0.3814,-1,-1,-1
783,78,1043.99,644.99,73.49,248.46,0.7381,-1,-1,-1
783,77,1110.40,622.07,79.47,241.63,0.7565,-1,-1,-1
783,60,290.20,493.59,73.68,234.26,0.7752,-1,-1,-1
783,39,1571.85,593.29,103.33,230.68,0.6517,-1,-1,-1
783,36,875.47,958.09,86.76,121.91,0.7679,-1,-1,-1
783,6,572.22,572.76,67.62,259.13,0.6389,-1,-1,-1
783,4,1722.87,452.31,74.62,210.90,0.7197,-1,-1,-1
784,83,445.83,217.36,62.49,189.10,0.3652,-1,-1,-1
784,81,400.25,227.67,50.83,168.48,0.4670,-1,-1,-1
784,78,1043.51,643.65,70.32,244.92,0.7440,-1,-1,-1
784,77,1106.88,618.69,79.68,237.85,0.7697,-1,-1,-1
784,60,290.05,494.53,74.18,234.37,0.7647,-1,-1,-1
784,39,1573.03,597.55,100.90,226.55,0.6968,-1,-1,-1
784,36,876.24,958.12,85.27,121.88,0.7525,-1,-1,-1
784,6,575.08,573.10,67.00,243.94,0.5587,-1,-1,-1
784,4,1722.62,451.96,74.37,212.48,0.7112,-1,-1,-1
785,83,444.72,218.08,63.43,190.65,0.4172,-1,-1,-1
785,81,399.48,227.02,50.68,169.12,0.4639,-1,-1,-1
785,78,1042.04,642.20,71.26,246.05,0.7486,-1,-1,-1
785,77,1104.80,615.75,79.78,239.78,0.7505,-1,-1,-1
785,60,290.56,495.50,73.77,233.61,0.7663,-1,-1,-1
785,39,1571.79,593.41,102.33,230.81,0.6283,-1,-1,-1
785,36,877.90,956.46,83.05,123.54,0.7629,-1,-1,-1
785,6,580.27,573.51,63.99,243.21,0.5798,-1,-1,-1
785,4,1722.55,452.08,74.79,211.48,0.7248,-1,-1,-1
786,88,468.78,72.13,63.80,175.47,0.3814,-1,-1,-1
786,83,444.78,220.47,62.31,189.35,0.4390,-1,-1,-1
786,81,399.17,229.45,50.71,166.10,0.4726,-1,-1,-1
786,78,1040.47,639.73,70.88,244.58,0.7316,-1,-1,-1
786,77,1102.84,615.38,76.37,238.32,0.7507,-1,-1,-1
786,60,290.12,496.73,74.58,232.47,0.7664,-1,-1,-1
786,39,1571.10,593.92,102.05,230.53,0.6496,-1,-1,-1
786,36,878.45,956.20,81.40,123.80,0.7565,-1,-1,-1
786,6,582.80,575.81,65.73,239.58,0.5837,-1,-1,-1
786,4,1722.89,451.19,72.94,211.85,0.7278,-1,-1,-1
787,88,468.97,71.86,63.88,178.82,0.4262,-1,-1,-1
787,85,545.84,112.99,61.90,176.77,0.2907,-1,-1,-1
787,83,442.35,221.29,65.39,185.96,0.4267,-1,-1,-1
787,81,398.59,232.65,50.71,163.43,0.4856,-1,-1,-1
787,79,283.13,191.00,46.27,174.39,0.3077,-1,-1,-1
787,78,1037.96,636.28,70.96,244.08,0.7425,-1,-1,-1
787,77,1102.54,611.76,74.67,244.27,0.7829,-1,-1,-1
787,60,290.10,497.78,76.11,230.75,0.7493,-1,-1,-1
787,39,1571.46,595.23,102.88,229.11,0.6599,-1,-1,-1
787,36,879.54,955.55,79.55,124.45,0.7696,-1,-1,-1
787,6,584.46,577.84,76.01,237.57,0.5939,-1,-1,-1
787,4,1723.07,452.72,74.49,211.04,0.7244,-1,-1,-1
788,88,469.30,73.15,63.21,179.68,0.4461,-1,-1,-1
788,85,545.54,111.81,62.86,179.34,0.3169,-1,-1,-1
788,83,443.58,222.22,61.84,187.05,0.4996,-1,-1,-1
788,81,396.63,229.86,52.98,165.94,0.4637,-1,-1,-1
788,79,283.22,189.50,46.18,173.34,0.2714,-1,-1,-1
788,78,1035.29,633.71,71.36,237.66,0.7376,-1,-1,-1
788,77,1100.07,610.84,75.32,246.28,0.7644,-1,-1,-1
788,60,289.09,499.03,77.70,229.24,0.7405,-1,-1,-1
788,39,1573.75,594.24,101.61,229.86,0.6773,-1,-1,-1
788,36,878.69,955.28,79.93,124.72,0.7730,-1,-1,-1
788,6,587.39,579.33,74.83,238.18,0.5401,-1,-1,-1
788,4,1723.05,452.67,73.74,211.78,0.7078,-1,-1,-1
789,88,468.63,74.11,64.83,184.92,0.4620,-1,-1,-1
789,85,545.53,115.62,61.53,177.25,0.3199,-1,-1,-1
789,83,444.22,222.81,58.79,186.15,0.4820,-1,-1,-1
789,81,396.19,228.73,55.02,168.39,0.4559,-1,-1,-1
789,78,1031.54,630.71,74.14,234.22,0.7270,-1,-1,-1
789,77,1096.22,609.01,77.86,250.86,0.7918,-1,-1,-1
789,60,288.13,500.63,79.16,227.31,0.7458,-1,-1,-1
789,39,1570.47,594.36,103.83,230.20,0.6657,-1,-1,-1
789,36,878.63,955.65,79.61,124.35,0.7689,-1,-1,-1
789,6,589.18,581.15,76.44,236.05,0.5920,-1,-1,-1
789,4,1723.77,452.95,73.57,213.31,0.7223,-1,-1,-1
790,88,471.46,73.48,62.58,182.93,0.4614,-1,-1,-1
790,85,546.21,114.44,61.98,177.23,0.3040,-1,-1,-1
790,83,444.64,224.88,58.57,184.83,0.4168,-1,-1,-1
790,81,398.47,231.89,53.72,168.41,0.4160,-1,-1,-1
790,79,283.76,188.03,45.60,176.64,0.2588,-1,-1,-1
790,78,1030.44,629.27,73.80,220.23,0.7184,-1,-1,-1
790,77,1095.11,607.63,78.76,251.61,0.7811,-1,-1,-1
790,60,288.67,501.61,78.77,224.24,0.7443,-1,-1,-1
790,39,1571.14,593.89,103.13,230.01,0.6714,-1,-1,-1
790,36,878.53,953.60,80.01,126.40,0.7737,-1,-1,-1
790,6,591.64,582.39,75.27,235.52,0.5954,-1,-1,-1
790,4,1723.53,452.04,71.84,212.36,0.7282,-1,-1,-1
791,88,471.52,72.35,62.32,182.17,0.4287,-1,-1,-1
791,85,546.34,112.03,62.08,179.17,0.3366,-1,-1,-1
791,83,442.25,222.56,61.40,185.82,0.4586,-1,-1,-1
791,81,396.70,231.45,54.13,169.29,0.4136,-1,-1,-1
791,79,283.60,186.23,46.83,177.94,0.2697,-1,-1,-1
791,78,1028.76,626.67,74.71,225.89,0.7302,-1,-1,-1
791,77,1092.84,607.11,81.75,253.55,0.7685,-1,-1,-1
791,60,288.30,502.27,79.00,224.96,0.7395,-1,-1,-1
791,39,1570.32,593.30,102.90,231.09,0.7028,-1,-1,-1
791,36,880.36,953.85,76.92,126.15,0.7573,-1,-1,-1
791,6,594.52,583.29,75.82,233.85,0.6071,-1,-1,-1
791,4,1722.61,453.00,74.29,213.07,0.7327,-1,-1,-1
792,88,471.03,72.13,62.92,187.39,0.3982,-1,-1,-1
792,85,547.68,112.91,60.23,178.90,0.3216,-1,-1,-1
792,83,442.17,224.98,60.99,185.23,0.4490,-1,-1,-1
792,81,395.21,233.30,56.20,170.70,0.4269,-1,-1,-1
792,79,283.76,182.68,47.53,181.13,0.2990,-1,-1,-1
792,78,1027.05,623.80,74.65,235.63,0.7442,-1,-1,-1
792,77,1091.95,606.86,83.39,255.65,0.7663,-1,-1,-1
792,60,288.00,503.49,79.07,224.45,0.7440,-1,-1,-1
792,39,1569.13,589.79,104.25,234.54,0.6777,-1,-1,-1
792,36,881.65,953.22,73.94,126.78,0.7582,-1,-1,-1
792,6,595.65,584.07,76.33,233.13,0.5912,-1,-1,-1
792,4,1722.40,452.47,73.80,212.38,0.7484,-1,-1,-1
793,88,470.27,72.43,64.43,192.80,0.3896,-1,-1,-1
793,87,426.75,87.94,47.08,146.03,0.2642,-1,-1,-1
793,86,338.72,185.61,50.48,175.11,0.2704,-1,-1,-1
793,85,547.44,114.06,59.73,176.73,0.3212,-1,-1,-1
793,83,442.06,225.90,59.69,184.38,0.4410,-1,-1,-1
793,81,394.68,236.27,55.07,169.80,0.4424,-1,-1,-1
793,79,284.18,182.40,46.35,182.25,0.4082,-1,-1,-1
793,78,1024.90,620.25,75.18,241.55,0.7598,-1,-1,-1
793,77,1091.02,606.01,83.52,255.75,0.7804,-1,-1,-1
793,60,288.39,506.77,78.91,225.92,0.7211,-1,-1,-1
793,39,1569.72,592.17,103.58,231.73,0.7004,-1,-1,-1
793,36,881.72,952.38,73.18,127.62,0.7587,-1,-1,-1
793,6,598.95,585.46,74.19,228.81,0.5967,-1,-1,-1
793,4,1723.05,452.41,72.65,211.97,0.7371,-1,-1,-1
794,88,469.00,73.35,66.35,191.37,0.4192,-1,-1,-1
794,86,341.31,185.62,47.30,175.17,0.2875,-1,-1,-1
794,85,548.38,115.21,59.44,176.17,0.2522,-1,-1,-1
794,83,440.27,226.99,61.70,184.69,0.4773,-1,-1,-1
794,81,396.11,240.40,52.69,165.86,0.4556,-1,-1,-1
794,79,284.07,184.47,46.81,180.21,0.3821,-1,-1,-1
794,78,1023.70,618.77,75.94,243.80,0.7604,-1,-1,-1
794,77,1089.22,606.45,86.11,255.11,0.7446,-1,-1,-1
794,60,288.46,509.56,79.11,229.09,0.7036,-1,-1,-1
794,39,1569.77,589.66,103.58,234.31,0.6843,-1,-1,-1
794,36,882.05,950.72,69.61,129.28,0.7508,-1,-1,-1
794,6,601.56,584.51,72.89,239.19,0.5291,-1,-1,-1
794,4,1722.35,452.66,75.06,212.75,0.7554,-1,-1,-1
795,88,470.22,73.91,65.62,191.85,0.4336,-1,-1,-1
795,87,426.53,88.08,47.25,146.57,0.2694,-1,-1,-1
795,86,342.11,185.95,48.13,173.92,0.2945,-1,-1,-1
795,83,438.76,224.62,63.19,187.47,0.4587,-1,-1,-1
795,81,394.69,233.63,56.04,175.78,0.4295,-1,-1,-1
795,79,284.27,183.33,47.23,181.86,0.3829,-1,-1,-1
795,78,1020.96,616.13,76.68,245.42,0.7830,-1,-1,-1
795,77,1087.12,604.26,87.13,256.27,0.7673,-1,-1,-1
795,60,288.50,511.21,77.45,232.27,0.7140,-1,-1,-1
795,39,1569.18,589.67,104.74,234.85,0.6855,-1,-1,-1
795,36,882.70,949.56,66.71,130.44,0.7328,-1,-1,-1
795,6,603.81,583.50,72.36,261.70,0.4696,-1,-1,-1
795,4,1722.04,452.72,73.75,210.90,0.7576,-1,-1,-1
796,88,468.96,75.37,68.11,187.60,0.3837,-1,-1,-1
796,86,342.31,186.10,48.45,172.09,0.3593,-1,-1,-1
796,83,440.70,227.15,61.00,186.06,0.4973,-1,-1,-1
796,81,394.37,239.55,53.12,170.92,0.4848,-1,-1,-1
796,79,284.15,185.12,47.71,180.32,0.3454,-1,-1,-1
796,78,1019.13,616.33,75.08,245.15,0.8024,-1,-1,-1
796,77,1086.18,602.85,84.29,253.93,0.7897,-1,-1,-1
796,60,288.22,513.51,77.71,234.35,0.7404,-1,-1,-1
796,39,1570.57,588.09,103.28,236.85,0.6234,-1,-1,-1
796,36,882.40,949.23,65.44,130.77,0.7514,-1,-1,-1
796,6,607.17,584.76,71.89,281.71,0.4863,-1,-1,-1
796,4,1723.27,451.98,73.17,211.92,0.7579,-1,-1,-1
797,88,470.60,76.27,66.60,179.87,0.3105,-1,-1,-1
797,87,425.54,88.16,50.15,147.15,0.2660,-1,-1,-1
797,86,342.80,187.36,47.40,170.75,0.3614,-1,-1,-1
797,83,444.63,235.66,52.97,179.71,0.5164,-1,-1,-1
797,81,395.60,241.11,52.19,169.65,0.4832,-1,-1,-1
797,79,283.97,186.47,47.56,174.56,0.3083,-1,-1,-1
797,78,1017.34,615.12,74.57,247.46,0.8130,-1,-1,-1
797,77,1085.56,600.36,82.34,255.44,0.8018,-1,-1,-1
797,60,288.22,516.01,75.06,233.04,0.7356,-1,-1,-1
797,39,1569.47,591.41,101.83,235.66,0.5986,-1,-1,-1
797,36,881.89,948.02,65.17,131.98,0.7462,-1,-1,-1
797,6,609.87,584.40,69.95,280.48,0.4509,-1,-1,-1
797,4,1723.65,451.32,72.94,214.05,0.7449,-1,-1,-1
798,88,472.37,77.13,63.55,176.86,0.2674,-1,-1,-1
798,86,342.30,187.04,48.29,170.96,0.3554,-1,-1,-1
798,83,444.24,235.22,54.16,183.70,0.5091,-1,-1,-1
798,81,395.36,237.40,54.65,175.46,0.4816,-1,-1,-1
798,79,284.19,184.91,47.25,178.57,0.3240,-1,-1,-1
798,78,1016.39,614.20,74.72,246.89,0.8082,-1,-1,-1
798,77,1083.59,598.45,83.03,254.47,0.8042,-1,-1,-1
798,60,287.17,516.25,76.83,236.34,0.7571,-1,-1,-1
798,39,1571.91,590.80,102.22,233.99,0.6816,-1,-1,-1
798,36,882.00,946.48,63.42,133.52,0.7296,-1,-1,-1
798,6,611.61,585.63,67.43,272.03,0.4428,-1,-1,-1
798,4,1723.30,451.87,72.89,212.50,0.7496,-1,-1,-1
799,88,473.83,78.08,61.26,171.04,0.2891,-1,-1,-1
799,87,424.66,88.74,51.78,153.71,0.2839,-1,-1,-1
799,86,343.27,187.75,47.40,164.67,0.2710,-1,-1,-1
799,83,443.92,237.36,55.98,184.28,0.5638,-1,-1,-1
799,81,395.03,239.85,54.05,173.48,0.5209,-1,-1,-1
799,79,283.40,186.41,48.32,177.01,0.3127,-1,-1,-1
799,78,1014.42,616.77,72.81,244.81,0.7763,-1,-1,-1
799,77,1082.44,594.37,81.94,252.09,0.7765,-1,-1,-1
799,60,286.45,519.61,76.63,233.47,0.7686,-1,-1,-1
799,39,1570.49,585.08,103.45,239.51,0.6096,-1,-1,-1
799,36,882.16,945.26,61.95,134.74,0.7111,-1,-1,-1
799,4,1724.18,451.97,71.44,212.12,0.7433,-1,-1,-1
800,88,474.17,79.83,62.43,173.60,0.3137,-1,-1,-1
800,87,423.86,88.88,52.76,157.02,0.2968,-1,-1,-1
800,86,344.19,188.29,47.60,166.51,0.3339,-1,-1,-1
800,83,441.55,235.03,57.44,188.56,0.5493,-1,-1,-1
800,81,395.32,238.56,54.15,174.59,0.5142,-1,-1,-1
800,79,283.37,186.43,48.16,173.84,0.2991,-1,-1,-1
800,78,1012.09,615.66,74.15,244.43,0.7838,-1,-1,-1
800,77,1082.00,590.71,82.24,240.96,0.7352,-1,-1,-1
800,60,284.92,522.47,76.97,236.88,0.7764,-1,-1,-1
800,39,1571.12,587.97,102.94,237.19,0.6178,-1,-1,-1
800,36,882.46,944.21,61.16,135.79,0.6973,-1,-1,-1
800,4,1723.16,452.19,72.60,211.15,0.7390,-1,-1,-1
801,88,476.03,81.67,60.24,176.77,0.3021,-1,-1,-1
801,87,423.88,90.05,54.27,160.62,0.2946,-1,-1,-1
801,86,345.50,189.11,47.35,163.87,0.2846,-1,-1,-1
801,83,441.99,236.48,57.46,188.95,0.5207,-1,-1,-1
801,81,397.05,241.02,51.86,170.24,0.5212,-1,-1,-1
801,79,283.21,185.60,48.56,178.39,0.2862,-1,-1,-1
801,78,1008.62,613.13,74.98,243.79,0.7725,-1,-1,-1
801,77,1078.54,587.88,82.26,235.26,0.7591,-1,-1,-1
801,60,283.32,522.88,77.18,236.60,0.8034,-1,-1,-1
801,39,1570.30,595.54,101.88,232.87,0.5842,-1,-1,-1
801,36,881.48,942.76,61.73,137.24,0.6649,-1,-1,-1
801,4,1722.52,452.56,73.08,212.46,0.7345,-1,-1,-1
802,86,346.34,189.44,46.43,164.60,0.2898,-1,-1,-1
802,83,442.37,236.45,56.97,190.24,0.5692,-1,-1,-1
802,81,395.57,239.07,54.88,173.83,0.4896,-1,-1,-1
802,79,283.18,187.76,49.05,173.16,0.2523,-1,-1,-1
802,78,1009.29,611.66,72.56,245.56,0.7647,-1,-1,-1
802,77,1077.15,584.73,79.70,231.27,0.7486,-1,-1,-1
802,60,282.30,524.17,76.27,234.75,0.8038,-1,-1,-1
802,39,1567.89,594.96,104.02,233.60,0.5788,-1,-1,-1
802,36,882.12,941.71,59.74,138.29,0.6458,-1,-1,-1
802,4,1722.69,451.79,72.92,211.58,0.7443,-1,-1,-1
803,88,474.98,83.94,60.77,184.52,0.3121,-1,-1,-1
803,83,442.41,238.43,56.21,189.04,0.5480,-1,-1,-1
803,81,395.77,238.44,53.65,174.46,0.4958,-1,-1,-1
803,79,283.43,188.53,48.52,174.11,0.2563,-1,-1,-1
803,78,1006.62,608.73,74.28,247.21,0.7584,-1,-1,-1
803,77,1077.13,582.56,76.58,235.78,0.7598,-1,-1,-1
803,60,281.47,525.09,76.90,234.41,0.7999,-1,-1,-1
803,39,1567.70,597.23,104.20,230.16,0.5048,-1,-1,-1
803,36,881.05,942.75,59.35,137.25,0.6700,-1,-1,-1
803,4,1722.58,452.83,72.88,212.08,0.7410,-1,-1,-1
804,88,475.90,84.05,58.93,185.71,0.4085,-1,-1,-1
804,86,347.65,192.93,44.72,157.06,0.2697,-1,-1,-1
804,85,546.65,109.26,66.97,181.39,0.2530,-1,-1,-1
804,83,442.60,239.21,56.09,189.12,0.5597,-1,-1,-1
804,81,395.82,239.73,53.05,172.74,0.5355,-1,-1,-1
804,79,283.04,187.33,48.78,173.49,0.2701,-1,-1,-1
804,78,1004.10,605.50,74.18,245.20,0.7368,-1,-1,-1
804,77,1076.65,579.40,74.67,238.85,0.7575,-1,-1,-1
804,60,280.72,526.59,75.24,232.48,0.7956,-1,-1,-1
804,39,1566.99,595.95,105.14,231.54,0.5809,-1,-1,-1
804,36,880.36,941.31,60.43,138.69,0.6741,-1,-1,-1
804,4,1722.35,452.52,73.11,212.34,0.7467,-1,-1,-1
805,88,474.88,82.99,59.83,186.34,0.3925,-1,-1,-1
805,87,424.35,96.31,49.47,158.05,0.2541,-1,-1,-1
805,86,347.09,193.24,44.28,155.39,0.2775,-1,-1,-1
805,85,548.08,112.97,65.28,178.51,0.2807,-1,-1,-1
805,83,442.88,240.26,57.20,187.60,0.6112,-1,-1,-1
805,81,395.39,242.39,51.82,170.57,0.5294,-1,-1,-1
805,79,282.72,177.94,48.97,184.36,0.2594,-1,-1,-1
805,78,1002.24,602.00,72.07,239.42,0.7568,-1,-1,-1
805,77,1075.88,577.43,73.83,243.31,0.7709,-1,-1,-1
805,60,278.81,527.15,76.74,232.26,0.8017,-1,-1,-1
805,39,1567.29,594.54,105.29,232.68,0.6034,-1,-1,-1
805,36,880.50,939.29,60.59,140.71,0.6638,-1,-1,-1
805,4,1721.38,453.19,74.37,212.40,0.7362,-1,-1,-1
806,88,474.03,83.07,60.91,187.40,0.4029,-1,-1,-1
806,86,347.73,192.64,44.22,157.96,0.3195,-1,-1,-1
806,85,548.12,112.96,67.17,176.47,0.2890,-1,-1,-1
806,83,444.20,238.83,55.66,188.52,0.4956,-1,-1,-1
806,81,394.47,236.33,53.94,178.03,0.4842,-1,-1,-1
806,79,283.40,174.95,49.76,188.07,0.2646,-1,-1,-1
806,78,1000.05,599.45,71.77,237.66,0.7664,-1,-1,-1
806,77,1076.38,575.17,71.90,245.96,0.7754,-1,-1,-1
806,60,277.59,528.08,77.41,231.34,0.8027,-1,-1,-1
806,39,1570.00,595.78,102.18,232.19,0.6064,-1,-1,-1
806,36,880.26,938.39,60.88,141.61,0.6661,-1,-1,-1
806,4,1721.67,452.54,74.22,212.36,0.7467,-1,-1,-1
807,88,476.61,83.13,60.01,188.31,0.3517,-1,-1,-1
807,86,347.86,192.70,43.52,155.10,0.2600,-1,-1,-1
807,85,548.90,109.94,65.40,179.97,0.2751,-1,-1,-1
807,83,444.08,238.61,55.46,187.73,0.4912,-1,-1,-1
807,81,393.64,238.34,55.05,178.95,0.4867,-1,-1,-1
807,79,282.79,186.74,49.99,176.45,0.3114,-1,-1,-1
807,78,997.94,597.16,71.74,234.69,0.7669,-1,-1,-1
807,77,1074.98,574.36,72.40,245.50,0.7761,-1,-1,-1
807,60,277.30,528.97,77.51,229.90,0.7920,-1,-1,-1
807,39,1569.69,598.26,102.21,229.44,0.6054,-1,-1,-1
807,36,880.28,937.44,59.92,142.56,0.6363,-1,-1,-1
807,4,1721.83,454.24,75.44,212.99,0.7261,-1,-1,-1
808,88,474.94,85.15,62.84,191.42,0.3452,-1,-1,-1
808,83,442.18,241.43,58.74,185.77,0.5656,-1,-1,-1
808,81,393.12,246.84,54.40,171.34,0.4967,-1,-1,-1
808,79,282.86,186.88,50.02,173.74,0.3022,-1,-1,-1
808,78,997.75,595.24,69.82,231.19,0.7694,-1,-1,-1
808,77,1071.88,573.64,74.69,245.05,0.7735,-1,-1,-1
808,60,277.11,530.12,76.75,228.88,0.7948,-1,-1,-1
808,39,1570.66,592.33,104.50,232.57,0.6528,-1,-1,-1
808,36,880.14,936.60,59.71,143.40,0.6369,-1,-1,-1
808,4,1722.07,453.92,75.17,212.36,0.7256,-1,-1,-1
809,88,473.07,83.72,65.07,192.68,0.2677,-1,-1,-1
809,83,439.26,240.30,62.09,186.57,0.5270,-1,-1,-1
809,81,391.69,248.25,54.79,174.30,0.4408,-1,-1,-1
809,79,283.25,187.26,49.57,177.58,0.3143,-1,-1,-1
809,78,996.52,593.67,68.22,234.56,0.7700,-1,-1,-1
809,77,1069.34,573.45,76.36,246.08,0.7829,-1,-1,-1
809,60,276.09,531.57,77.49,228.43,0.8009,-1,-1,-1
809,39,1569.98,595.21,103.75,229.43,0.6827,-1,-1,-1
809,36,880.54,937.09,59.21,142.62,0.6371,-1,-1,-1
809,4,1721.78,455.67,74.80,209.76,0.7303,-1,-1,-1
810,88,472.99,84.50,64.16,188.75,0.3252,-1,-1,-1
810,83,439.32,244.83,61.94,182.54,0.5846,-1,-1,-1
810,81,390.72,254.23,54.73,172.16,0.4384,-1,-1,-1
810,79,283.68,180.29,49.43,181.86,0.2836,-1,-1,-1
810,78,994.93,592.53,69.48,237.10,0.7628,-1,-1,-1
810,77,1066.54,573.50,77.46,244.14,0.7691,-1,-1,-1
810,60,275.70,533.21,77.27,229.03,0.7916,-1,-1,-1
810,39,1570.04,596.11,104.12,228.92,0.6897,-1,-1,-1
810,36,879.79,936.21,60.30,142.57,0.6507,-1,-1,-1
810,4,1722.44,452.20,73.51,213.83,0.7343,-1,-1,-1
811,88,472.92,84.01,66.83,195.44,0.3107,-1,-1,-1
811,83,439.82,244.26,61.90,183.96,0.5260,-1,-1,-1
811,81,391.11,252.37,55.41,175.42,0.4033,-1,-1,-1
811,79,284.06,178.57,49.46,181.44,0.2838,-1,-1,-1
811,78,992.28,592.07,68.90,236.99,0.7657,-1,-1,-1
811,77,1065.73,571.71,77.31,245.94,0.7716,-1,-1,-1
811,60,275.22,535.31,78.11,231.64,0.7994,-1,-1,-1
811,39,1571.10,598.98,102.85,225.32,0.7006,-1,-1,-1
811,36,878.74,935.66,63.32,143.19,0.6637,-1,-1,-1
811,4,1722.49,452.27,73.04,211.89,0.7315,-1,-1,-1
812,83,441.30,244.06,59.97,182.37,0.5486,-1,-1,-1
812,81,390.40,254.93,53.40,171.71,0.4490,-1,-1,-1
812,79,283.72,179.63,51.07,180.37,0.2844,-1,-1,-1
812,78,991.82,590.95,67.08,239.05,0.7567,-1,-1,-1
812,77,1063.75,571.01,75.68,245.18,0.7599,-1,-1,-1
812,60,274.98,536.80,77.80,233.70,0.7988,-1,-1,-1
812,39,1571.43,593.91,102.02,230.27,0.6665,-1,-1,-1
812,36,878.50,935.59,62.87,143.38,0.6739,-1,-1,-1
812,4,1723.51,451.86,72.73,213.47,0.7282,-1,-1,-1
813,88,472.38,88.23,65.86,183.99,0.2983,-1,-1,-1
813,83,440.18,241.46,60.85,185.28,0.4711,-1,-1,-1
813,81,389.49,256.07,53.42,173.90,0.4938,-1,-1,-1
813,79,283.57,174.24,50.92,182.67,0.2781,-1,-1,-1
813,78,988.80,590.80,68.06,239.47,0.7704,-1,-1,-1
813,77,1063.50,569.34,73.77,247.64,0.7509,-1,-1,-1
813,60,273.85,538.18,78.25,237.86,0.7925,-1,-1,-1
813,39,1570.58,597.45,103.99,227.00,0.6668,-1,-1,-1
813,36,877.67,935.75,64.01,143.22,0.6732,-1,-1,-1
813,4,1723.32,452.02,72.67,213.12,0.7349,-1,-1,-1
814,89,790.78,136.91,51.89,171.74,0.3234,-1,-1,-1
814,88,472.11,89.48,65.62,183.98,0.3127,-1,-1,-1
814,83,439.15,245.39,61.83,182.27,0.5475,-1,-1,-1
814,81,388.85,257.56,52.43,177.22,0.4726,-1,-1,-1
814,79,284.22,176.80,50.89,180.37,0.2727,-1,-1,-1
814,78,986.68,589.79,67.30,235.86,0.7692,-1,-1,-1
814,77,1062.06,567.14,73.62,241.89,0.7258,-1,-1,-1
814,60,272.84,540.07,78.93,235.03,0.7850,-1,-1,-1
814,39,1571.16,597.28,103.17,227.64,0.6823,-1,-1,-1
814,36,877.25,935.40,63.81,143.30,0.6512,-1,-1,-1
814,4,1723.77,452.67,72.50,212.13,0.7234,-1,-1,-1
815,89,792.01,142.31,55.47,166.52,0.2871,-1,-1,-1
815,88,471.97,89.76,64.11,184.54,0.3864,-1,-1,-1
815,83,438.07,244.06,63.20,186.92,0.4968,-1,-1,-1
815,81,388.18,260.33,52.16,174.14,0.4828,-1,-1,-1
815,79,284.51,185.12,51.74,173.98,0.3372,-1,-1,-1
815,78,985.77,589.89,67.12,231.40,0.7671,-1,-1,-1
815,77,1061.43,565.39,70.84,231.72,0.7496,-1,-1,-1
815,60,272.43,542.34,78.64,235.16,0.7997,-1,-1,-1
815,39,1571.42,595.92,104.11,228.41,0.6796,-1,-1,-1
815,36,877.32,935.02,63.90,144.17,0.6603,-1,-1,-1
815,4,1723.73,452.93,72.40,211.24,0.7359,-1,-1,-1
816,89,792.51,140.54,57.87,167.18,0.2951,-1,-1,-1
816,88,472.40,89.71,62.16,183.17,0.3831,-1,-1,-1
816,83,436.52,249.16,63.71,186.34,0.5226,-1,-1,-1
816,81,386.50,261.72,54.79,173.71,0.4869,-1,-1,-1
816,79,284.70,185.43,52.91,173.06,0.3134,-1,-1,-1
816,78,983.28,588.68,68.64,225.69,0.7579,-1,-1,-1
816,77,1060.32,564.22,69.22,228.95,0.7786,-1,-1,-1
816,60,271.34,545.53,79.83,238.45,0.8065,-1,-1,-1
816,39,1572.01,596.57,102.70,228.06,0.6864,-1,-1,-1
816,36,876.34,934.25,64.27,144.92,0.6881,-1,-1,-1
816,4,1724.34,452.07,71.51,213.19,0.7307,-1,-1,-1
817,90,1629.87,3.05,47.19,134.85,0.3795,-1,-1,-1
817,89,792.99,141.17,56.93,169.29,0.2604,-1,-1,-1
817,88,472.80,91.81,61.17,184.37,0.4446,-1,-1,-1
817,83,437.78,251.93,61.58,184.25,0.5880,-1,-1,-1
817,81,386.18,264.63,55.05,168.72,0.5315,-1,-1,-1
817,79,285.43,184.81,53.55,172.46,0.2871,-1,-1,-1
817,78,981.53,586.69,67.91,221.75,0.7636,-1,-1,-1
817,77,1058.27,560.82,67.19,229.73,0.8024,-1,-1,-1
817,60,270.98,548.42,80.25,235.60,0.8118,-1,-1,-1
817,39,1570.71,597.43,104.01,227.05,0.6840,-1,-1,-1
817,36,875.85,934.15,63.29,144.69,0.6947,-1,-1,-1
817,4,1723.44,455.19,72.98,208.94,0.7354,-1,-1,-1
818,91,1422.07,45.46,62.74,164.76,0.2696,-1,-1,-1
818,90,1630.01,2.23,47.99,138.63,0.2812,-1,-1,-1
818,89,787.79,129.23,66.26,181.70,0.3251,-1,-1,-1
818,88,474.04,93.72,58.22,183.49,0.3778,-1,-1,-1
818,85,556.06,121.12,63.58,167.53,0.2655,-1,-1,-1
818,83,438.06,256.14,60.84,183.77,0.5601,-1,-1,-1
818,81,385.80,266.70,52.68,166.34,0.5092,-1,-1,-1
818,79,285.72,185.19,53.82,172.61,0.3158,-1,-1,-1
818,78,981.05,585.65,66.95,216.51,0.7788,-1,-1,-1
818,77,1055.48,558.35,68.18,230.66,0.7995,-1,-1,-1
818,60,271.85,550.45,79.75,239.31,0.8097,-1,-1,-1
818,39,1569.33,593.14,104.83,232.01,0.6830,-1,-1,-1
818,36,874.36,933.69,64.72,145.64,0.7189,-1,-1,-1
818,4,1722.60,451.95,73.15,214.16,0.7295,-1,-1,-1
819,89,790.35,132.11,63.39,178.41,0.3421,-1,-1,-1
819,88,472.81,95.06,59.12,187.95,0.4015,-1,-1,-1
819,85,556.26,123.67,62.66,163.88,0.3197,-1,-1,-1
819,83,436.59,255.89,61.13,186.92,0.6074,-1,-1,-1
819,81,384.52,264.33,54.11,167.82,0.5218,-1,-1,-1
819,79,286.38,185.18,56.65,173.58,0.2881,-1,-1,-1
819,78,979.68,583.83,64.55,216.69,0.8201,-1,-1,-1
819,77,1050.88,554.05,72.39,235.72,0.8177,-1,-1,-1
819,60,272.41,551.57,78.77,238.87,0.7909,-1,-1,-1
819,39,1570.80,597.30,102.67,227.58,0.7102,-1,-1,-1
819,36,873.28,934.67,66.50,144.77,0.7202,-1,-1,-1
819,4,1723.47,453.78,73.51,212.33,0.7256,-1,-1,-1
820,89,789.05,131.03,64.89,180.62,0.3462,-1,-1,-1
820,88,473.09,93.13,58.44,193.22,0.5048,-1,-1,-1
820,85,556.28,120.21,63.09,167.97,0.2926,-1,-1,-1
820,83,436.59,260.73,61.90,183.72,0.6611,-1,-1,-1
820,81,383.39,265.07,55.11,169.08,0.5374,-1,-1,-1
820,79,286.56,186.77,57.28,172.81,0.2758,-1,-1,-1
820,78,977.12,579.57,65.86,219.51,0.8337,-1,-1,-1
820,77,1045.99,553.34,75.95,236.20,0.8183,-1,-1,-1
820,60,273.34,552.08,77.88,239.62,0.8013,-1,-1,-1
820,39,1570.71,596.08,103.75,228.37,0.7061,-1,-1,-1
820,36,873.00,935.10,64.78,144.90,0.7120,-1,-1,-1
820,4,1722.69,455.99,73.85,209.20,0.7247,-1,-1,-1
821,89,789.15,133.01,64.55,179.03,0.3238,-1,-1,-1
821,88,472.67,88.24,59.71,202.21,0.4890,-1,-1,-1
821,87,428.86,111.84,53.41,163.82,0.2901,-1,-1,-1
821,83,435.14,260.30,63.37,188.50,0.6442,-1,-1,-1
821,81,381.80,264.45,55.59,170.99,0.5341,-1,-1,-1
821,79,286.99,184.33,57.65,175.86,0.2930,-1,-1,-1
821,78,975.10,576.47,66.75,221.06,0.8353,-1,-1,-1
821,77,1043.72,551.80,78.63,236.45,0.8373,-1,-1,-1
821,60,273.09,552.51,78.39,238.13,0.7829,-1,-1,-1
821,39,1570.58,597.13,103.33,227.61,0.6987,-1,-1,-1
821,36,873.09,934.76,65.05,145.24,0.7218,-1,-1,-1
821,4,1723.61,452.35,72.35,213.10,0.7163,-1,-1,-1
822,89,788.29,133.87,65.56,176.95,0.3748,-1,-1,-1
822,88,472.68,89.63,58.94,202.35,0.4756,-1,-1,-1
822,87,429.62,112.72,50.14,163.23,0.2558,-1,-1,-1
822,83,436.12,261.25,62.52,187.19,0.6089,-1,-1,-1
822,81,383.75,263.95,53.23,171.11,0.4874,-1,-1,-1
822,79,287.71,181.46,55.71,179.91,0.2755,-1,-1,-1
822,78,973.09,573.51,67.97,215.06,0.8117,-1,-1,-1
822,77,1041.48,550.64,81.22,237.59,0.8330,-1,-1,-1
822,60,273.03,554.06,79.29,237.58,0.7678,-1,-1,-1
822,39,1572.21,596.08,102.24,228.29,0.7124,-1,-1,-1
822,36,872.40,935.67,65.70,144.33,0.7200,-1,-1,-1
822,4,1722.67,453.22,73.74,212.40,0.7224,-1,-1,-1
823,89,788.43,134.09,65.79,177.58,0.3527,-1,-1,-1
823,88,471.57,91.43,60.49,200.89,0.4623,-1,-1,-1
823,85,556.16,121.90,62.43,164.72,0.2737,-1,-1,-1
823,83,437.69,261.69,60.69,187.06,0.6338,-1,-1,-1
823,81,381.29,268.30,56.04,167.56,0.5640,-1,-1,-1
823,79,288.36,184.07,57.14,176.13,0.2552,-1,-1,-1
823,78,971.83,569.30,68.52,226.83,0.8128,-1,-1,-1
823,77,1041.10,549.61,82.84,241.02,0.8220,-1,-1,-1
823,60,273.26,554.74,79.37,236.53,0.7800,-1,-1,-1
823,39,1570.98,595.29,103.19,228.92,0.6904,-1,-1,-1
823,36,872.01,936.54,64.96,143.45,0.7137,-1,-1,-1
823,4,1722.47,453.28,73.43,212.51,0.7329,-1,-1,-1
824,89,788.33,133.02,66.36,178.68,0.3809,-1,-1,-1
824,88,472.42,92.48,59.03,200.63,0.4805,-1,-1,-1
824,83,437.08,262.06,60.90,187.36,0.6671,-1,-1,-1
824,81,382.67,270.76,54.23,166.76,0.5500,-1,-1,-1
824,78,967.19,568.39,69.46,231.88,0.7731,-1,-1,-1
824,77,1036.86,548.08,88.04,243.75,0.7979,-1,-1,-1
824,60,272.71,555.41,80.57,236.18,0.7697,-1,-1,-1
824,39,1570.60,596.45,104.26,228.22,0.6784,-1,-1,-1
824,36,870.98,936.76,66.38,141.97,0.7265,-1,-1,-1
824,4,1722.36,456.34,74.27,209.77,0.7124,-1,-1,-1
825,89,790.87,133.91,64.04,178.01,0.3884,-1,-1,-1
825,88,471.76,94.34,60.09,199.31,0.4360,-1,-1,-1
825,85,555.58,118.29,62.72,168.90,0.2569,-1,-1,-1
825,83,436.51,262.59,61.32,187.40,0.6560,-1,-1,-1
825,81,382.11,271.39,54.18,168.68,0.5607,-1,-1,-1
825,79,290.88,180.69,55.66,178.98,0.3279,-1,-1,-1
825,78,966.31,566.82,68.10,232.93,0.7745,-1,-1,-1
825,77,1036.43,548.50,91.72,244.69,0.7935,-1,-1,-1
825,60,272.25,557.25,81.06,233.82,0.7743,-1,-1,-1
825,39,1571.86,599.52,101.78,224.77,0.6947,-1,-1,-1
825,36,870.26,937.52,65.81,142.04,0.6986,-1,-1,-1
825,4,1721.51,454.21,75.53,212.09,0.7157,-1,-1,-1
826,90,1638.23,5.79,49.73,142.23,0.2903,-1,-1,-1
826,89,795.10,133.82,59.06,179.36,0.3374,-1,-1,-1
826,88,471.59,92.75,60.82,199.22,0.4360,-1,-1,-1
826,85,555.87,116.48,63.52,169.71,0.2584,-1,-1,-1
826,83,435.04,263.73,62.48,186.48,0.6906,-1,-1,-1
826,81,382.16,271.82,53.43,167.50,0.5281,-1,-1,-1
826,79,294.46,177.62,52.66,180.74,0.2602,-1,-1,-1
826,78,963.90,565.31,68.37,234.46,0.7710,-1,-1,-1
826,77,1035.78,547.71,92.00,241.78,0.7723,-1,-1,-1
826,60,272.10,559.10,81.41,231.90,0.7890,-1,-1,-1
826,39,1572.34,596.55,102.21,227.34,0.6844,-1,-1,-1
826,36,868.53,937.86,67.35,142.14,0.7043,-1,-1,-1
826,4,1720.11,455.84,76.77,209.03,0.7347,-1,-1,-1
827,90,1638.44,5.59,49.22,143.58,0.3146,-1,-1,-1
827,89,790.63,131.64,65.55,180.29,0.3421,-1,-1,-1
827,88,471.20,96.35,61.40,195.05,0.4097,-1,-1,-1
827,83,436.10,264.37,61.11,185.13,0.6712,-1,-1,-1
827,81,379.61,270.95,56.87,170.08,0.5155,-1,-1,-1
827,78,963.18,563.89,67.41,231.38,0.7662,-1,-1,-1
827,77,1034.12,546.79,92.78,241.61,0.7692,-1,-1,-1
827,60,271.78,559.97,81.78,231.09,0.7897,-1,-1,-1
827,39,1571.26,596.72,103.70,227.51,0.6700,-1,-1,-1
827,36,868.90,939.18,67.35,140.82,0.7116,-1,-1,-1
827,4,1721.12,454.33,76.13,211.41,0.7304,-1,-1,-1
828,89,791.05,132.74,65.42,178.98,0.3355,-1,-1,-1
828,88,471.53,96.73,60.83,194.23,0.4339,-1,-1,-1
828,83,436.50,263.99,60.55,185.08,0.6805,-1,-1,-1
828,81,375.82,271.59,58.60,173.73,0.5268,-1,-1,-1
828,78,959.95,563.47,69.28,230.60,0.7609,-1,-1,-1
828,77,1033.83,544.72,93.74,243.77,0.7914,-1,-1,-1
828,60,271.96,561.67,81.37,231.04,0.7897,-1,-1,-1
828,39,1572.86,595.77,102.35,228.57,0.6731,-1,-1,-1
828,36,868.46,939.37,67.22,140.63,0.7062,-1,-1,-1
828,4,1721.17,453.20,74.47,212.15,0.7414,-1,-1,-1
829,89,793.72,133.53,64.23,178.50,0.3186,-1,-1,-1
829,88,472.33,99.10,60.28,196.01,0.4349,-1,-1,-1
829,83,436.57,264.26,60.64,185.16,0.6976,-1,-1,-1
829,81,377.98,272.43,56.93,175.87,0.5470,-1,-1,-1
829,78,959.13,561.82,69.20,232.75,0.7776,-1,-1,-1
829,77,1032.50,543.11,91.88,244.03,0.7744,-1,-1,-1
829,60,271.82,562.37,81.56,234.28,0.7946,-1,-1,-1
829,39,1571.70,596.26,103.44,227.51,0.6827,-1,-1,-1
829,36,870.22,939.45,65.23,140.55,0.7154,-1,-1,-1
829,4,1721.98,452.79,73.91,212.61,0.7358,-1,-1,-1
830,92,1068.86,0.00,50.50,83.25,0.2558,-1,-1,-1
830,89,796.28,134.14,61.30,178.68,0.3173,-1,-1,-1
830,88,472.98,102.78,59.82,193.38,0.3676,-1,-1,-1
830,87,426.66,120.60,47.52,151.01,0.2520,-1,-1,-1
830,83,435.55,266.08,61.39,183.35,0.6685,-1,-1,-1
830,81,371.87,272.31,61.20,177.43,0.5588,-1,-1,-1
830,78,958.63,562.33,67.80,232.35,0.8001,-1,-1,-1
830,77,1032.86,540.78,92.25,245.76,0.7964,-1,-1,-1
830,60,272.70,563.59,80.22,238.87,0.7991,-1,-1,-1
830,39,1572.27,593.65,102.16,230.28,0.6846,-1,-1,-1
830,36,867.92,941.07,67.80,138.93,0.7042,-1,-1,-1
830,4,1721.46,452.60,74.38,212.81,0.7460,-1,-1,-1
831,89,799.07,134.28,57.88,179.96,0.3394,-1,-1,-1
831,88,471.59,103.60,63.91,194.71,0.3574,-1,-1,-1
831,83,435.39,266.53,61.45,183.96,0.6206,-1,-1,-1
831,81,371.59,273.60,60.20,180.69,0.5299,-1,-1,-1
831,78,957.25,562.82,67.98,232.70,0.8020,-1,-1,-1
831,77,1031.96,538.22,91.33,247.03,0.7989,-1,-1,-1
831,60,272.43,566.09,80.12,242.97,0.8095,-1,-1,-1
831,39,1573.18,593.74,100.97,230.54,0.7004,-1,-1,-1
831,36,869.23,941.40,66.04,138.60,0.7116,-1,-1,-1
831,4,1721.69,456.05,75.27,209.88,0.7314,-1,-1,-1
832,89,798.07,134.31,61.10,179.38,0.3398,-1,-1,-1
832,88,473.40,105.15,63.49,159.71,0.2600,-1,-1,-1
832,83,435.70,267.65,63.01,184.03,0.6231,-1,-1,-1
832,81,371.20,273.51,60.90,181.58,0.5162,-1,-1,-1
832,78,955.28,562.63,68.33,231.15,0.7727,-1,-1,-1
832,77,1031.19,535.32,86.69,245.18,0.7807,-1,-1,-1
832,60,271.86,569.24,80.78,242.62,0.8220,-1,-1,-1
832,39,1573.32,592.30,101.65,231.74,0.6935,-1,-1,-1
832,36,869.21,942.40,67.02,137.60,0.6851,-1,-1,-1
832,4,1721.01,452.80,74.82,212.94,0.7501,-1,-1,-1
833,89,798.41,135.10,60.71,177.56,0.3591,-1,-1,-1
833,83,435.34,267.24,63.06,187.73,0.6197,-1,-1,-1
833,81,369.63,271.55,62.22,184.52,0.4370,-1,-1,-1
833,78,953.36,560.24,68.66,232.26,0.7713,-1,-1,-1
833,77,1030.79,532.96,85.03,231.52,0.7930,-1,-1,-1
833,60,270.64,571.76,81.31,243.98,0.8198,-1,-1,-1
833,39,1572.43,590.76,102.06,233.34,0.6648,-1,-1,-1
833,36,869.28,943.51,67.30,136.49,0.7038,-1,-1,-1
833,4,1720.49,452.86,75.46,213.32,0.7514,-1,-1,-1
834,89,799.31,135.16,61.25,178.52,0.3472,-1,-1,-1
834,83,435.88,267.74,62.05,190.36,0.5854,-1,-1,-1
834,81,367.97,272.43,62.35,182.94,0.3901,-1,-1,-1
834,78,951.55,553.88,69.05,239.71,0.7570,-1,-1,-1
834,77,1031.45,528.37,82.20,231.54,0.8009,-1,-1,-1
834,60,270.02,574.10,81.03,243.58,0.8162,-1,-1,-1
834,39,1571.83,590.20,103.60,234.05,0.6831,-1,-1,-1
834,36,868.82,943.95,69.52,136.05,0.7143,-1,-1,-1
834,4,1719.26,455.38,77.94,209.96,0.7542,-1,-1,-1
835,89,803.82,135.27,56.37,176.31,0.3553,-1,-1,-1
835,83,438.12,271.25,60.34,189.20,0.6504,-1,-1,-1
835,81,372.99,280.37,56.80,171.97,0.4341,-1,-1,-1
835,78,949.17,552.39,69.35,238.44,0.7590,-1,-1,-1
835,77,1031.19,525.84,79.77,231.58,0.7955,-1,-1,-1
835,60,270.08,576.39,79.16,245.18,0.8265,-1,-1,-1
835,39,1570.55,588.69,104.54,235.37,0.6457,-1,-1,-1
835,36,867.55,943.19,72.14,136.81,0.6993,-1,-1,-1
835,4,1719.69,453.01,77.92,214.40,0.7452,-1,-1,-1
836,89,803.93,135.85,56.93,176.19,0.3887,-1,-1,-1
836,83,439.24,273.83,58.01,189.42,0.6297,-1,-1,-1
836,81,372.75,279.80,57.12,173.20,0.4678,-1,-1,-1
836,78,949.03,550.00,67.69,226.58,0.7773,-1,-1,-1
836,77,1032.60,523.04,75.65,233.66,0.7917,-1,-1,-1
836,60,269.25,579.05,79.79,244.73,0.8161,-1,-1,-1
836,39,1570.53,591.22,104.20,233.21,0.6680,-1,-1,-1
836,36,864.32,942.97,77.86,137.03,0.7308,-1,-1,-1
836,4,1718.43,456.42,78.55,209.81,0.7409,-1,-1,-1
837,89,799.76,134.82,63.87,178.47,0.3661,-1,-1,-1
837,83,440.48,277.88,56.31,187.06,0.6278,-1,-1,-1
837,81,371.37,279.92,58.37,172.83,0.4100,-1,-1,-1
837,78,946.99,547.67,67.86,226.43,0.7746,-1,-1,-1
837,77,1033.17,520.40,72.31,234.34,0.7737,-1,-1,-1
837,60,268.38,580.16,79.60,244.14,0.8030,-1,-1,-1
837,39,1568.92,589.61,107.17,235.06,0.6259,-1,-1,-1
837,36,865.30,943.26,76.78,136.74,0.7276,-1,-1,-1
837,4,1720.31,453.83,77.02,213.79,0.7495,-1,-1,-1
838,89,804.41,135.61,58.61,177.16,0.3662,-1,-1,-1
838,88,473.18,108.06,60.58,194.07,0.2601,-1,-1,-1
838,83,435.03,272.75,62.79,193.80,0.6387,-1,-1,-1
838,81,355.32,276.46,72.53,177.76,0.4530,-1,-1,-1
838,78,944.92,545.85,67.06,227.55,0.7840,-1,-1,-1
838,77,1033.80,519.54,70.54,234.92,0.7756,-1,-1,-1
838,60,267.84,581.64,79.13,242.06,0.7862,-1,-1,-1
838,39,1571.32,592.18,104.36,231.82,0.6796,-1,-1,-1
838,36,865.27,943.34,76.94,136.58,0.7209,-1,-1,-1
838,4,1718.26,456.12,79.01,207.59,0.7585,-1,-1,-1
839,89,804.34,137.02,60.33,176.14,0.3829,-1,-1,-1
839,83,436.06,276.71,61.24,190.88,0.6199,-1,-1,-1
839,81,371.13,280.99,56.25,171.92,0.4411,-1,-1,-1
839,78,944.68,543.25,66.49,229.25,0.7776,-1,-1,-1
839,77,1034.45,519.51,69.86,235.03,0.7688,-1,-1,-1
839,60,266.24,582.80,80.10,240.14,0.7661,-1,-1,-1
839,39,1570.47,591.53,105.72,232.31,0.6143,-1,-1,-1
839,36,865.27,942.28,77.58,137.35,0.7165,-1,-1,-1
839,4,1719.91,452.45,75.91,212.67,0.7574,-1,-1,-1
840,89,806.42,137.31,58.39,175.22,0.4496,-1,-1,-1
840,88,473.96,110.03,59.83,197.72,0.2691,-1,-1,-1
840,87,420.76,128.88,50.18,159.81,0.2587,-1,-1,-1
840,83,434.34,274.06,63.17,193.26,0.6562,-1,-1,-1
840,81,353.85,275.24,72.46,178.21,0.5066,-1,-1,-1
840,79,309.02,179.40,54.22,172.65,0.2559,-1,-1,-1
840,78,943.03,541.53,66.51,229.34,0.7689,-1,-1,-1
840,77,1033.87,519.12,69.55,233.67,0.7632,-1,-1,-1
840,60,263.63,583.90,81.00,239.13,0.7397,-1,-1,-1
840,39,1569.86,594.31,106.59,230.13,0.6462,-1,-1,-1
840,36,865.53,943.70,77.46,135.82,0.7147,-1,-1,-1
840,4,1720.32,452.81,75.87,212.05,0.7560,-1,-1,-1
841,89,803.32,136.03,64.38,175.56,0.3896,-1,-1,-1
841,88,472.93,111.80,61.47,197.69,0.3449,-1,-1,-1
841,83,437.51,279.27,57.56,190.24,0.6534,-1,-1,-1
841,81,356.04,275.57,69.63,179.67,0.5060,-1,-1,-1
841,78,941.58,540.14,66.58,231.17,0.7723,-1,-1,-1
841,77,1032.21,518.67,69.45,233.29,0.7485,-1,-1,-1
841,60,262.83,585.22,81.98,236.91,0.7613,-1,-1,-1
841,39,1571.30,593.95,105.26,230.79,0.6779,-1,-1,-1
841,36,867.25,943.57,78.37,135.99,0.7293,-1,-1,-1
841,4,1719.79,452.21,76.64,212.73,0.7450,-1,-1,-1
842,89,804.48,136.61,62.48,174.95,0.4138,-1,-1,-1
842,88,471.61,112.42,61.52,199.89,0.2923,-1,-1,-1
842,83,438.09,278.63,57.89,189.55,0.6421,-1,-1,-1
842,81,370.05,283.36,54.96,172.20,0.5130,-1,-1,-1
842,78,939.71,539.47,65.94,232.63,0.7718,-1,-1,-1
842,77,1027.40,517.30,73.06,232.91,0.7373,-1,-1,-1
842,60,262.36,585.56,82.62,236.88,0.7747,-1,-1,-1
842,39,1572.74,594.66,104.17,229.69,0.6525,-1,-1,-1
842,36,866.49,943.46,79.17,136.29,0.7153,-1,-1,-1
842,4,1719.47,456.21,77.62,209.09,0.7273,-1,-1,-1
843,89,806.25,137.25,61.81,174.99,0.3592,-1,-1,-1
843,88,468.99,110.56,64.24,202.17,0.3017,-1,-1,-1
843,83,438.19,280.86,58.62,187.41,0.6735,-1,-1,-1
843,81,367.20,283.22,58.91,175.58,0.5538,-1,-1,-1
843,78,938.57,538.87,65.92,232.17,0.7838,-1,-1,-1
843,77,1023.69,517.03,76.11,233.53,0.7530,-1,-1,-1
843,60,260.78,586.48,84.12,235.72,0.7886,-1,-1,-1
843,39,1570.73,592.95,105.54,232.13,0.6288,-1,-1,-1
843,36,866.96,943.71,80.16,135.77,0.7210,-1,-1,-1
843,4,1718.57,455.96,79.15,208.52,0.7329,-1,-1,-1
844,89,805.87,137.02,62.67,174.50,0.3836,-1,-1,-1
844,88,469.47,111.67,63.47,199.40,0.3065,-1,-1,-1
844,83,438.19,281.70,58.65,186.89,0.6719,-1,-1,-1
844,81,359.72,280.13,66.06,182.62,0.5284,-1,-1,-1
844,78,938.04,536.73,65.47,233.78,0.7891,-1,-1,-1
844,77,1021.50,516.78,75.54,231.70,0.7796,-1,-1,-1
844,60,261.46,587.55,83.27,235.30,0.7975,-1,-1,-1
844,39,1571.51,592.27,103.32,232.39,0.6327,-1,-1,-1
844,36,867.35,943.19,79.64,136.43,0.7210,-1,-1,-1
844,4,1719.36,453.36,78.26,212.47,0.7417,-1,-1,-1
845,89,805.31,137.50,63.65,174.31,0.3501,-1,-1,-1
845,83,438.51,280.77,57.57,188.43,0.6712,-1,-1,-1
845,81,360.98,282.96,63.81,181.88,0.5546,-1,-1,-1
845,78,936.43,536.36,66.77,233.99,0.7752,-1,-1,-1
845,77,1021.69,516.90,72.88,228.84,0.7743,-1,-1,-1
845,60,261.23,588.30,83.55,235.63,0.7997,-1,-1,-1
845,39,1570.57,592.82,103.77,231.38,0.6422,-1,-1,-1
845,36,866.55,943.55,80.66,136.03,0.7117,-1,-1,-1
845,4,1717.91,456.68,78.93,207.60,0.7516,-1,-1,-1
846,89,805.82,137.24,63.18,175.33,0.3673,-1,-1,-1
846,83,438.66,282.14,57.09,186.62,0.6583,-1,-1,-1
846,81,358.94,284.29,65.85,181.85,0.5691,-1,-1,-1
846,78,934.63,535.50,67.09,232.18,0.7836,-1,-1,-1
846,77,1020.24,515.63,74.02,229.15,0.7746,-1,-1,-1
846,60,260.91,589.42,84.36,237.13,0.7939,-1,-1,-1
846,39,1570.05,595.40,104.46,228.98,0.6632,-1,-1,-1
846,36,866.42,944.58,81.03,134.78,0.7198,-1,-1,-1
846,4,1718.15,455.85,79.10,208.32,0.7436,-1,-1,-1
847,89,802.08,138.13,69.31,174.64,0.3747,-1,-1,-1
847,83,439.19,281.31,56.09,186.28,0.6361,-1,-1,-1
847,81,359.29,288.53,65.27,179.39,0.5599,-1,-1,-1
847,78,933.71,534.47,66.97,230.24,0.7624,-1,-1,-1
847,77,1018.86,512.74,73.07,234.35,0.7548,-1,-1,-1
847,60,260.84,593.40,84.65,236.52,0.7787,-1,-1,-1
847,39,1569.81,593.75,104.55,230.24,0.6553,-1,-1,-1
847,36,866.88,944.61,81.92,134.97,0.6940,-1,-1,-1
847,4,1717.65,453.91,80.24,211.15,0.7454,-1,-1,-1
848,92,1069.04,0.00,58.96,111.21,0.2510,-1,-1,-1
848,89,803.91,139.18,68.38,172.99,0.3570,-1,-1,-1
848,83,437.10,280.22,57.57,188.50,0.6348,-1,-1,-1
848,81,357.87,288.35,65.48,180.29,0.5680,-1,-1,-1
848,78,932.97,532.69,66.40,230.23,0.7652,-1,-1,-1
848,77,1017.55,510.75,71.56,227.08,0.7527,-1,-1,-1
848,60,261.94,595.64,83.56,238.06,0.7985,-1,-1,-1
848,39,1570.35,593.60,104.64,230.08,0.6408,-1,-1,-1
848,36,866.40,944.54,82.17,134.76,0.7063,-1,-1,-1
848,4,1717.73,452.78,78.69,211.79,0.7521,-1,-1,-1
849,89,806.55,137.54,64.73,174.42,0.3705,-1,-1,-1
849,83,436.75,279.44,57.03,189.44,0.6423,-1,-1,-1
849,81,355.53,294.26,67.85,176.94,0.6079,-1,-1,-1
849,78,932.09,530.18,65.43,231.28,0.7695,-1,-1,-1
849,77,1015.48,509.16,68.28,222.04,0.7448,-1,-1,-1
849,60,261.78,597.62,84.09,242.77,0.7931,-1,-1,-1
849,39,1572.95,594.68,102.11,229.85,0.6756,-1,-1,-1
849,36,866.41,945.36,82.99,133.98,0.6871,-1,-1,-1
849,4,1717.91,453.57,79.51,211.05,0.7521,-1,-1,-1
850,89,807.35,137.53,64.45,174.48,0.3720,-1,-1,-1
850,88,469.20,121.37,63.94,188.75,0.2565,-1,-1,-1
850,83,436.69,276.76,60.40,197.75,0.6310,-1,-1,-1
850,81,353.10,296.99,70.44,175.79,0.5994,-1,-1,-1
850,78,931.83,527.46,63.65,232.44,0.7858,-1,-1,-1
850,77,1013.46,506.06,67.66,224.57,0.8029,-1,-1,-1
850,60,261.96,599.52,84.37,241.48,0.7987,-1,-1,-1
850,39,1572.67,595.01,103.08,229.32,0.6766,-1,-1,-1
850,36,867.21,945.02,82.55,133.76,0.6976,-1,-1,-1
850,4,1718.58,453.27,78.62,213.40,0.7484,-1,-1,-1
851,89,803.70,139.15,69.20,172.33,0.3803,-1,-1,-1
851,88,469.24,123.88,62.38,189.72,0.3290,-1,-1,-1
851,83,438.15,285.68,57.11,190.31,0.6274,-1,-1,-1
851,81,351.38,298.66,71.26,173.99,0.5636,-1,-1,-1
851,78,929.40,525.51,64.85,235.41,0.7970,-1,-1,-1
851,77,1008.42,503.46,70.23,225.39,0.8157,-1,-1,-1
851,60,262.10,600.84,84.59,243.11,0.8083,-1,-1,-1
851,39,1572.33,593.40,103.29,230.92,0.6592,-1,-1,-1
851,36,867.91,945.03,83.59,133.85,0.7022,-1,-1,-1
851,4,1717.57,452.77,78.44,210.83,0.7408,-1,-1,-1
852,89,808.66,137.63,63.24,173.88,0.3585,-1,-1,-1
852,88,467.47,124.04,64.17,188.05,0.4049,-1,-1,-1
852,83,437.62,289.12,55.30,188.07,0.5885,-1,-1,-1
852,81,349.46,298.46,72.89,175.63,0.5335,-1,-1,-1
852,78,928.73,522.85,63.53,216.22,0.7428,-1,-1,-1
852,77,1007.07,501.87,69.49,226.55,0.8069,-1,-1,-1
852,60,264.43,603.71,82.97,243.73,0.8040,-1,-1,-1
852,39,1570.72,593.67,105.31,230.46,0.6423,-1,-1,-1
852,36,868.83,945.11,83.30,133.96,0.7010,-1,-1,-1
852,4,1717.43,456.60,79.75,208.28,0.7370,-1,-1,-1
853,89,807.17,137.72,64.24,175.16,0.3884,-1,-1,-1
853,88,464.39,123.31,66.97,194.14,0.4540,-1,-1,-1
853,83,436.79,291.51,58.40,188.65,0.5937,-1,-1,-1
853,81,347.29,297.43,74.12,177.33,0.4829,-1,-1,-1
853,78,926.76,520.49,65.96,210.15,0.7777,-1,-1,-1
853,77,1002.52,500.48,72.42,227.55,0.8230,-1,-1,-1
853,60,264.94,606.33,84.07,243.89,0.8002,-1,-1,-1
853,39,1570.62,593.11,104.06,231.27,0.6011,-1,-1,-1
853,36,868.71,945.14,83.09,134.21,0.6998,-1,-1,-1
853,4,1719.24,453.31,78.52,211.45,0.7238,-1,-1,-1
854,92,1072.54,0.00,59.21,118.41,0.2716,-1,-1,-1
854,89,807.38,137.74,64.57,174.67,0.3738,-1,-1,-1
854,88,462.20,121.75,68.88,197.84,0.4868,-1,-1,-1
854,83,437.27,288.70,57.65,194.73,0.6079,-1,-1,-1
854,81,347.48,296.28,72.75,178.32,0.4770,-1,-1,-1
854,78,926.92,517.88,65.71,220.09,0.7968,-1,-1,-1
854,77,997.21,498.78,77.25,229.84,0.8230,-1,-1,-1
854,60,264.74,606.77,84.84,245.87,0.8175,-1,-1,-1
854,39,1568.34,594.30,106.97,229.95,0.6005,-1,-1,-1
854,36,868.72,944.81,83.75,134.11,0.7020,-1,-1,-1
854,4,1717.09,457.09,80.30,207.34,0.7267,-1,-1,-1
855,92,1074.50,0.00,57.38,117.12,0.3082,-1,-1,-1
855,89,806.81,137.57,65.22,176.52,0.3569,-1,-1,-1
855,88,465.70,124.37,65.20,197.29,0.5016,-1,-1,-1
855,83,435.83,290.71,58.87,194.61,0.6364,-1,-1,-1
855,81,343.71,300.74,75.22,174.47,0.4917,-1,-1,-1
855,78,926.34,515.22,64.91,221.86,0.7904,-1,-1,-1
855,77,997.15,496.80,77.08,231.95,0.7965,-1,-1,-1
855,60,266.78,608.65,83.67,246.07,0.8211,-1,-1,-1
855,39,1570.46,592.70,104.85,231.61,0.6233,-1,-1,-1
855,36,869.98,944.46,82.65,134.46,0.7196,-1,-1,-1
855,4,1717.31,456.66,80.13,207.60,0.7336,-1,-1,-1
856,92,1075.35,0.00,57.72,118.29,0.2510,-1,-1,-1
856,89,806.96,137.17,64.49,175.32,0.3597,-1,-1,-1
856,88,467.58,125.49,62.72,195.32,0.4606,-1,-1,-1
856,83,435.48,292.60,58.39,195.47,0.6008,-1,-1,-1
856,81,344.46,299.24,73.49,177.41,0.4821,-1,-1,-1
856,78,925.20,512.27,65.43,223.85,0.8040,-1,-1,-1
856,77,995.55,495.44,80.07,233.73,0.8204,-1,-1,-1
856,60,267.32,610.27,83.92,243.14,0.8048,-1,-1,-1
856,39,1571.50,591.98,104.81,232.66,0.6387,-1,-1,-1
856,36,872.24,944.52,81.33,134.19,0.7286,-1,-1,-1
856,4,1717.39,457.15,80.54,209.33,0.7431,-1,-1,-1
857,92,1077.37,0.00,55.31,117.83,0.2772,-1,-1,-1
857,89,807.80,137.56,63.54,174.30,0.3359,-1,-1,-1
857,88,468.70,128.70,61.74,196.21,0.4166,-1,-1,-1
857,83,434.89,294.10,59.44,194.93,0.6069,-1,-1,-1
857,81,350.15,304.59,66.13,168.96,0.5092,-1,-1,-1
857,78,921.32,511.12,67.09,226.13,0.7818,-1,-1,-1
857,77,995.60,495.08,80.67,234.87,0.8037,-1,-1,-1
857,60,269.15,610.61,82.69,241.51,0.7872,-1,-1,-1
857,39,1572.10,592.54,104.50,232.07,0.6290,-1,-1,-1
857,36,873.01,943.62,80.02,135.01,0.7175,-1,-1,-1
857,4,1718.56,454.77,78.51,213.09,0.7293,-1,-1,-1
858,92,1077.94,0.00,56.36,122.67,0.3708,-1,-1,-1
858,89,805.80,137.38,65.63,173.23,0.3386,-1,-1,-1
858,88,468.20,130.64,62.58,195.17,0.3981,-1,-1,-1
858,83,432.33,293.77,65.68,194.29,0.5714,-1,-1,-1
858,81,345.73,303.93,72.99,173.41,0.5352,-1,-1,-1
858,78,920.38,510.24,66.69,224.11,0.7669,-1,-1,-1
858,77,991.07,494.38,85.09,235.33,0.7998,-1,-1,-1
858,60,270.26,611.42,82.60,242.28,0.7963,-1,-1,-1
858,39,1573.28,594.93,102.60,229.56,0.6805,-1,-1,-1
858,36,873.64,943.46,80.14,135.45,0.7257,-1,-1,-1
858,4,1716.72,457.72,80.54,208.29,0.7343,-1,-1,-1
859,93,1405.03,1018.99,65.11,60.21,0.4434,-1,-1,-1
859,92,1078.91,0.00,55.95,122.44,0.3134,-1,-1,-1
859,89,807.43,137.22,63.89,173.91,0.3450,-1,-1,-1
859,88,470.15,133.00,61.74,194.23,0.3149,-1,-1,-1
859,83,435.33,299.83,59.52,187.73,0.5972,-1,-1,-1
859,81,345.88,303.17,73.35,174.30,0.5201,-1,-1,-1
859,78,918.31,507.07,66.71,228.23,0.7698,-1,-1,-1
859,77,992.43,494.77,83.98,234.21,0.7931,-1,-1,-1
859,60,269.37,610.84,84.93,243.81,0.8008,-1,-1,-1
859,39,1573.02,593.76,103.66,230.86,0.6466,-1,-1,-1
859,36,874.96,943.93,79.40,135.25,0.7382,-1,-1,-1
859,4,1715.14,457.54,82.11,209.75,0.7310,-1,-1,-1
860,93,1403.02,1017.03,69.67,62.97,0.5022,-1,-1,-1
860,92,1080.28,0.00,56.17,122.62,0.3291,-1,-1,-1
860,89,806.03,137.81,65.19,172.47,0.3364,-1,-1,-1
860,88,468.57,132.62,63.76,195.11,0.4130,-1,-1,-1
860,83,434.16,300.39,59.41,188.57,0.6099,-1,-1,-1
860,81,345.85,300.48,73.41,178.88,0.5333,-1,-1,-1
860,78,916.60,505.61,66.82,229.26,0.7680,-1,-1,-1
860,77,988.95,493.90,87.43,234.88,0.7729,-1,-1,-1
860,60,269.99,611.60,84.92,241.72,0.8107,-1,-1,-1
860,39,1572.48,593.28,104.59,230.69,0.6050,-1,-1,-1
860,36,875.49,942.25,79.59,137.29,0.7250,-1,-1,-1
860,4,1715.67,456.20,81.27,210.03,0.7427,-1,-1,-1
861,93,1399.75,1015.00,75.40,65.00,0.5851,-1,-1,-1
861,92,1081.01,0.00,55.93,122.58,0.2605,-1,-1,-1
861,89,806.09,137.54,64.88,173.32,0.3152,-1,-1,-1
861,88,469.17,132.12,63.85,195.98,0.4183,-1,-1,-1
861,83,431.10,299.75,64.53,188.37,0.5889,-1,-1,-1
861,81,348.51,302.24,66.71,178.53,0.5317,-1,-1,-1
861,78,915.26,503.16,66.39,232.50,0.7790,-1,-1,-1
861,77,988.74,492.94,87.86,234.47,0.7826,-1,-1,-1
861,60,270.00,612.95,86.08,240.55,0.8141,-1,-1,-1
861,39,1572.09,598.77,102.86,225.50,0.6548,-1,-1,-1
861,36,876.70,943.01,80.14,136.99,0.7458,-1,-1,-1
861,4,1714.99,456.36,82.52,209.63,0.7502,-1,-1,-1
862,93,1392.76,1012.36,81.51,67.64,0.6169,-1,-1,-1
862,92,1081.88,0.00,57.93,123.71,0.3265,-1,-1,-1
862,89,807.27,137.34,63.31,174.66,0.3174,-1,-1,-1
862,88,470.90,132.72,64.30,196.39,0.4279,-1,-1,-1
862,83,433.68,299.24,59.44,187.16,0.5822,-1,-1,-1
862,81,348.33,303.14,67.16,181.43,0.4918,-1,-1,-1
862,78,914.82,502.22,65.87,233.97,0.7649,-1,-1,-1
862,77,989.02,491.21,84.54,234.17,0.7791,-1,-1,-1
862,60,269.98,612.62,85.30,240.19,0.8134,-1,-1,-1
862,39,1571.64,596.77,104.84,227.06,0.6384,-1,-1,-1
862,36,877.98,943.86,78.51,136.14,0.7284,-1,-1,-1
862,4,1715.99,456.62,81.92,210.53,0.7357,-1,-1,-1
863,93,1390.16,1009.26,82.50,70.74,0.6326,-1,-1,-1
863,92,1083.07,0.00,57.35,124.15,0.3439,-1,-1,-1
863,89,805.19,138.48,65.37,172.58,0.2905,-1,-1,-1
863,88,471.69,134.22,65.34,192.39,0.3789,-1,-1,-1
863,83,432.74,301.08,60.41,187.40,0.5950,-1,-1,-1
863,81,346.77,308.22,68.26,180.19,0.5689,-1,-1,-1
863,78,913.16,501.33,66.06,232.45,0.7731,-1,-1,-1
863,77,989.55,488.99,84.78,235.12,0.7991,-1,-1,-1
863,60,270.23,613.41,85.77,240.77,0.8161,-1,-1,-1
863,39,1571.50,594.23,105.03,229.53,0.6400,-1,-1,-1
863,36,879.80,942.43,78.02,137.19,0.7323,-1,-1,-1
863,4,1716.43,456.51,81.27,210.33,0.7414,-1,-1,-1
864,93,1387.06,1004.89,85.19,75.11,0.6629,-1,-1,-1
864,92,1083.98,0.00,57.42,127.20,0.3953,-1,-1,-1
864,89,805.96,138.15,64.98,173.27,0.2930,-1,-1,-1
864,88,472.77,137.18,64.33,187.69,0.3041,-1,-1,-1
864,83,432.55,302.43,61.95,187.07,0.5667,-1,-1,-1
864,81,346.87,309.95,67.03,178.47,0.5456,-1,-1,-1
864,78,912.98,500.73,65.44,232.10,0.7635,-1,-1,-1
864,77,986.32,486.01,84.66,236.31,0.8033,-1,-1,-1
864,60,271.05,614.94,85.51,239.81,0.8133,-1,-1,-1
864,39,1572.70,594.11,104.34,229.56,0.6344,-1,-1,-1
864,36,880.86,942.43,78.36,137.06,0.7421,-1,-1,-1
864,4,1716.29,457.35,82.24,209.76,0.7389,-1,-1,-1
865,93,1384.61,1001.12,89.03,78.88,0.6824,-1,-1,-1
865,92,1084.82,1.40,57.56,127.96,0.3845,-1,-1,-1
865,89,807.14,137.20,62.75,173.94,0.2976,-1,-1,-1
865,88,472.28,138.35,64.58,185.42,0.2999,-1,-1,-1
865,83,432.23,302.80,62.69,187.06,0.5809,-1,-1,-1
865,81,346.78,312.47,69.99,178.85,0.5943,-1,-1,-1
865,78,911.20,499.10,65.40,227.89,0.7625,-1,-1,-1
865,77,986.24,483.98,83.57,235.72,0.7998,-1,-1,-1
865,60,272.92,617.96,84.00,244.78,0.8341,-1,-1,-1
865,39,1571.82,594.09,105.15,229.91,0.6472,-1,-1,-1
865,36,882.22,942.73,78.74,137.27,0.7301,-1,-1,-1
865,4,1717.37,456.64,80.84,208.04,0.7307,-1,-1,-1
866,93,1382.11,997.78,91.28,82.22,0.6803,-1,-1,-1
866,92,1085.71,1.23,57.50,131.83,0.3089,-1,-1,-1
866,89,805.15,137.53,65.02,172.27,0.3058,-1,-1,-1
866,88,471.73,138.29,64.24,185.72,0.3209,-1,-1,-1
866,83,432.39,303.82,62.66,186.24,0.5396,-1,-1,-1
866,81,344.87,313.92,71.82,177.62,0.5725,-1,-1,-1
866,78,909.51,497.47,66.44,226.18,0.7879,-1,-1,-1
866,77,985.04,481.27,83.65,233.68,0.7927,-1,-1,-1
866,60,273.63,620.00,83.60,248.51,0.8295,-1,-1,-1
866,39,1572.24,594.34,104.93,229.18,0.6134,-1,-1,-1
866,36,883.44,942.64,80.03,137.36,0.7358,-1,-1,-1
866,4,1718.31,456.96,79.93,209.03,0.7200,-1,-1,-1
867,94,1403.75,13.60,57.59,151.84,0.2630,-1,-1,-1
867,93,1381.15,993.67,92.43,86.33,0.6756,-1,-1,-1
867,92,1086.07,0.00,57.29,133.73,0.3157,-1,-1,-1
867,89,804.77,137.40,64.24,172.42,0.3247,-1,-1,-1
867,88,471.73,137.38,62.62,185.91,0.3144,-1,-1,-1
867,83,432.60,300.14,59.47,191.36,0.5466,-1,-1,-1
867,81,345.22,318.80,69.72,174.35,0.5576,-1,-1,-1
867,78,906.66,496.43,68.58,220.86,0.7792,-1,-1,-1
867,77,984.65,478.05,82.39,228.38,0.7733,-1,-1,-1
867,60,273.94,620.82,84.13,251.18,0.8260,-1,-1,-1
867,39,1572.51,592.81,104.41,230.87,0.6162,-1,-1,-1
867,36,886.39,941.73,78.82,138.27,0.7370,-1,-1,-1
867,4,1718.20,456.91,80.14,210.26,0.7130,-1,-1,-1
868,94,1402.67,13.15,60.07,151.76,0.2753,-1,-1,-1
868,93,1379.99,988.81,93.08,91.19,0.6572,-1,-1,-1
868,92,1087.47,0.00,53.88,135.30,0.3571,-1,-1,-1
868,89,805.46,138.10,64.15,173.37,0.2839,-1,-1,-1
868,83,433.04,300.15,57.91,197.73,0.5587,-1,-1,-1
868,81,344.95,317.91,69.40,174.92,0.5316,-1,-1,-1
868,78,904.42,494.80,69.50,218.33,0.7650,-1,-1,-1
868,77,987.17,475.48,77.28,221.51,0.7794,-1,-1,-1
868,60,272.70,622.10,85.93,253.33,0.8356,-1,-1,-1
868,39,1573.72,592.40,102.23,230.85,0.6528,-1,-1,-1
868,36,888.65,941.43,78.65,138.57,0.7426,-1,-1,-1
868,4,1718.33,456.85,78.91,208.86,0.7022,-1,-1,-1
869,94,1403.18,14.66,59.38,149.63,0.2669,-1,-1,-1
869,93,1380.23,984.31,92.44,95.69,0.6839,-1,-1,-1
869,92,1087.70,0.59,53.49,134.19,0.3376,-1,-1,-1
869,89,806.19,137.43,63.65,174.75,0.2824,-1,-1,-1
869,83,432.06,301.95,61.17,199.34,0.4982,-1,-1,-1
869,81,346.98,314.17,68.10,177.99,0.4884,-1,-1,-1
869,78,903.08,492.57,70.87,212.88,0.7707,-1,-1,-1
869,77,988.17,473.04,74.35,224.26,0.7592,-1,-1,-1
869,60,273.43,625.28,85.72,248.63,0.8312,-1,-1,-1
869,39,1573.16,594.42,103.55,229.13,0.6357,-1,-1,-1
869,36,892.72,940.83,77.52,139.17,0.7293,-1,-1,-1
869,4,1718.28,457.37,80.08,208.69,0.7090,-1,-1,-1
870,94,1403.25,13.78,60.26,150.01,0.2592,-1,-1,-1
870,93,1379.81,982.90,92.45,97.10,0.7182,-1,-1,-1
870,92,1087.77,0.00,52.24,134.79,0.3200,-1,-1,-1
870,89,807.35,137.12,62.08,175.20,0.2735,-1,-1,-1
870,87,415.30,157.04,51.79,158.06,0.2512,-1,-1,-1
870,83,434.79,315.99,56.27,190.43,0.5622,-1,-1,-1
870,81,359.19,318.89,57.93,171.25,0.5095,-1,-1,-1
870,78,901.32,490.91,70.32,215.52,0.7295,-1,-1,-1
870,77,989.85,472.37,69.74,223.41,0.7484,-1,-1,-1
870,60,273.97,627.97,85.81,251.36,0.8335,-1,-1,-1
870,39,1574.28,594.79,102.18,229.16,0.6513,-1,-1,-1
870,36,894.60,940.74,76.50,139.26,0.7350,-1,-1,-1
870,4,1717.84,458.06,80.39,205.68,0.7190,-1,-1,-1
871,93,1377.90,980.02,93.57,99.98,0.7133,-1,-1,-1
871,92,1087.97,0.00,51.44,134.13,0.3003,-1,-1,-1
871,89,806.29,137.47,62.50,175.64,0.2897,-1,-1,-1
871,87,416.05,159.29,52.08,158.05,0.3011,-1,-1,-1
871,83,435.10,315.77,55.13,190.29,0.5790,-1,-1,-1
871,81,355.77,315.37,59.05,176.81,0.4931,-1,-1,-1
871,78,899.81,488.37,70.46,215.96,0.7350,-1,-1,-1
871,77,989.73,469.69,67.92,225.78,0.7535,-1,-1,-1
871,60,275.43,630.64,85.56,254.55,0.8330,-1,-1,-1
871,39,1573.65,594.63,102.16,230.02,0.6157,-1,-1,-1
871,36,897.03,941.82,74.98,138.18,0.7383,-1,-1,-1
871,4,1717.43,457.42,80.79,208.60,0.7026,-1,-1,-1
872,94,1402.85,13.51,61.84,150.29,0.2746,-1,-1,-1
872,93,1375.45,976.64,96.00,103.36,0.7118,-1,-1,-1
872,92,1087.24,0.00,52.58,137.35,0.3738,-1,-1,-1
872,89,806.01,138.12,63.17,175.21,0.2935,-1,-1,-1
872,88,462.13,141.38,73.74,201.26,0.2781,-1,-1,-1
872,87,416.24,158.41,51.30,162.26,0.3161,-1,-1,-1
872,83,434.34,317.71,54.88,191.78,0.5831,-1,-1,-1
872,81,355.73,312.94,58.34,179.90,0.4965,-1,-1,-1
872,78,898.34,487.52,70.91,217.59,0.7405,-1,-1,-1
872,77,988.84,468.55,67.45,226.76,0.7478,-1,-1,-1
872,60,277.52,633.06,82.62,255.12,0.8343,-1,-1,-1
872,39,1571.34,595.96,104.56,228.40,0.6102,-1,-1,-1
872,36,898.07,941.61,76.43,138.39,0.7319,-1,-1,-1
872,4,1717.13,458.07,80.94,208.33,0.7106,-1,-1,-1
873,94,1404.04,12.25,60.89,151.07,0.3323,-1,-1,-1
873,93,1373.26,975.15,96.64,104.85,0.7211,-1,-1,-1
873,92,1087.16,2.32,53.49,142.28,0.3507,-1,-1,-1
873,89,805.80,137.97,62.50,173.59,0.2888,-1,-1,-1
873,88,465.73,140.85,69.40,198.99,0.2953,-1,-1,-1
873,87,415.37,159.20,49.61,162.60,0.3099,-1,-1,-1
873,83,433.47,316.33,58.09,194.23,0.6031,-1,-1,-1
873,81,355.73,314.71,58.26,177.16,0.5162,-1,-1,-1
873,78,898.38,486.70,70.40,220.82,0.7346,-1,-1,-1
873,77,989.90,468.69,66.32,224.79,0.7413,-1,-1,-1
873,60,276.98,633.94,83.96,255.21,0.8348,-1,-1,-1
873,39,1570.94,596.25,105.26,227.83,0.5872,-1,-1,-1
873,36,900.33,941.59,76.42,138.41,0.7335,-1,-1,-1
873,4,1717.05,458.16,80.65,207.83,0.7084,-1,-1,-1
874,94,1404.67,10.78,61.30,152.96,0.3245,-1,-1,-1
874,93,1371.41,974.63,97.04,105.37,0.7277,-1,-1,-1
874,92,1087.15,1.00,55.09,141.11,0.3401,-1,-1,-1
874,89,804.10,137.52,63.33,173.95,0.2800,-1,-1,-1
874,88,468.45,143.69,68.72,197.26,0.2873,-1,-1,-1
874,87,414.85,160.44,46.41,161.69,0.2972,-1,-1,-1
874,83,431.47,313.12,59.78,196.95,0.6155,-1,-1,-1
874,81,355.02,315.30,56.82,177.63,0.5330,-1,-1,-1
874,78,898.31,483.87,69.60,222.18,0.7179,-1,-1,-1
874,77,989.86,467.87,66.14,225.06,0.7302,-1,-1,-1
874,60,277.11,634.95,85.62,254.47,0.8304,-1,-1,-1
874,39,1572.60,597.29,104.26,226.93,0.6304,-1,-1,-1
874,36,900.17,940.85,77.34,139.15,0.7370,-1,-1,-1
874,4,1718.59,458.37,79.34,208.14,0.6922,-1,-1,-1
875,94,1406.05,9.65,60.79,153.82,0.3099,-1,-1,-1
875,93,1370.37,972.66,96.38,107.34,0.7076,-1,-1,-1
875,92,1086.58,0.00,56.93,143.88,0.2980,-1,-1,-1
875,89,804.34,137.76,62.74,174.13,0.2879,-1,-1,-1
875,88,469.15,145.45,68.26,197.92,0.2621,-1,-1,-1
875,87,413.69,161.58,47.64,160.98,0.2801,-1,-1,-1
875,83,431.68,311.96,60.28,198.71,0.5709,-1,-1,-1
875,81,354.78,318.90,58.56,174.58,0.5193,-1,-1,-1
875,78,896.27,483.20,69.28,221.03,0.7289,-1,-1,-1
875,77,990.06,467.50,65.65,225.46,0.7285,-1,-1,-1
875,60,279.89,635.31,83.00,252.95,0.8215,-1,-1,-1
875,39,1572.74,597.26,103.94,226.36,0.6248,-1,-1,-1
875,36,902.24,940.01,76.38,139.99,0.7269,-1,-1,-1
875,4,1717.88,458.47,79.46,206.88,0.6883,-1,-1,-1
876,94,1407.45,9.09,60.02,152.20,0.2904,-1,-1,-1
876,93,1367.64,971.45,97.16,108.55,0.7049,-1,-1,-1
876,92,1086.78,0.00,57.70,146.83,0.3065,-1,-1,-1
876,89,804.33,137.00,62.30,172.99,0.2760,-1,-1,-1
876,88,468.48,145.59,68.57,193.16,0.2940,-1,-1,-1
876,87,413.61,160.92,46.36,162.64,0.3113,-1,-1,-1
876,83,431.97,313.79,59.83,195.83,0.5738,-1,-1,-1
876,81,352.89,319.41,62.47,176.13,0.4850,-1,-1,-1
876,78,896.10,482.79,68.33,223.17,0.7300,-1,-1,-1
876,77,989.26,467.71,65.55,226.61,0.7275,-1,-1,-1
876,60,279.88,635.84,85.13,253.41,0.8136,-1,-1,-1
876,39,1573.21,598.52,101.97,225.28,0.6201,-1,-1,-1
876,36,901.73,940.03,78.95,139.97,0.7461,-1,-1,-1
876,4,1718.87,457.81,79.05,207.79,0.6893,-1,-1,-1
877,94,1410.53,7.57,57.18,152.71,0.2634,-1,-1,-1
877,93,1365.51,968.67,98.20,111.33,0.6995,-1,-1,-1
877,92,1086.31,0.00,59.01,148.99,0.3410,-1,-1,-1
877,89,806.45,136.75,59.81,174.34,0.2807,-1,-1,-1
877,88,469.43,148.88,68.22,188.27,0.2865,-1,-1,-1
877,83,430.88,314.11,61.68,194.98,0.5502,-1,-1,-1
877,81,353.54,321.62,60.39,178.29,0.5167,-1,-1,-1
877,78,895.82,482.87,68.66,223.47,0.7216,-1,-1,-1
877,77,986.99,466.41,67.24,227.48,0.7182,-1,-1,-1
877,60,281.40,637.38,82.23,252.51,0.7989,-1,-1,-1
877,39,1573.24,597.35,103.26,226.69,0.6016,-1,-1,-1
877,36,902.59,939.24,78.35,140.76,0.7302,-1,-1,-1
877,4,1718.52,458.00,79.60,207.65,0.6725,-1,-1,-1
878,95,1775.18,684.33,62.95,221.05,0.3678,-1,-1,-1
878,94,1411.58,8.25,56.77,148.52,0.2961,-1,-1,-1
878,93,1361.48,966.38,101.92,113.62,0.7181,-1,-1,-1
878,92,1085.67,0.00,60.47,149.41,0.4435,-1,-1,-1
878,89,806.99,136.37,59.21,175.45,0.2766,-1,-1,-1
878,83,429.50,316.88,61.43,193.44,0.5515,-1,-1,-1
878,81,355.38,321.33,58.20,182.99,0.4856,-1,-1,-1
878,78,895.51,480.74,67.31,224.50,0.7170,-1,-1,-1
878,77,987.09,465.28,66.04,226.75,0.7105,-1,-1,-1
878,60,282.58,638.87,84.75,251.23,0.7851,-1,-1,-1
878,39,1574.01,596.92,102.19,227.56,0.5765,-1,-1,-1
878,36,903.60,939.21,80.14,140.79,0.7353,-1,-1,-1
878,4,1719.46,457.44,77.95,207.52,0.6347,-1,-1,-1
879,95,1771.51,680.67,66.85,252.43,0.3985,-1,-1,-1
879,94,1411.44,7.63,59.13,150.36,0.2901,-1,-1,-1
879,93,1361.75,963.70,100.74,116.30,0.7325,-1,-1,-1
879,92,1085.91,0.00,60.56,152.62,0.4387,-1,-1,-1
879,89,808.17,136.25,57.65,175.67,0.2862,-1,-1,-1
879,83,428.90,312.96,61.78,197.70,0.5047,-1,-1,-1
879,81,352.21,323.33,61.52,183.55,0.4128,-1,-1,-1
879,78,894.78,480.90,66.48,223.14,0.7190,-1,-1,-1
879,77,984.43,464.67,67.17,226.40,0.6856,-1,-1,-1
879,60,283.15,640.38,85.79,249.76,0.7809,-1,-1,-1
879,39,1573.87,599.80,100.79,225.00,0.5909,-1,-1,-1
879,36,903.15,939.00,80.86,141.00,0.7363,-1,-1,-1
879,4,1719.30,457.01,78.41,208.20,0.6276,-1,-1,-1
880,95,1768.44,680.10,67.56,261.11,0.4024,-1,-1,-1
880,94,1412.99,7.14,57.49,149.92,0.2671,-1,-1,-1
880,93,1362.11,960.07,100.22,119.93,0.7306,-1,-1,-1
880,92,1086.13,0.00,61.30,154.27,0.3939,-1,-1,-1
880,89,806.91,136.69,58.47,177.12,0.2795,-1,-1,-1
880,83,428.07,319.27,62.60,189.35,0.5744,-1,-1,-1
880,81,337.17,323.16,77.40,185.33,0.4250,-1,-1,-1
880,78,894.49,478.34,66.81,223.28,0.6968,-1,-1,-1
880,77,983.73,462.46,67.03,225.25,0.6941,-1,-1,-1
880,60,284.52,641.28,83.39,249.08,0.7549,-1,-1,-1
880,39,1574.38,596.70,100.96,227.07,0.6108,-1,-1,-1
880,36,904.82,937.88,79.78,142.12,0.7405,-1,-1,-1
880,4,1720.23,457.34,77.08,207.85,0.6365,-1,-1,-1
881,95,1767.04,681.25,70.63,256.15,0.3958,-1,-1,-1
881,93,1360.66,956.94,99.30,123.06,0.7436,-1,-1,-1
881,92,1087.94,0.00,59.41,155.86,0.3406,-1,-1,-1
881,89,806.97,137.25,57.89,174.22,0.2910,-1,-1,-1
881,83,428.48,320.55,60.84,188.35,0.5265,-1,-1,-1
881,81,338.08,324.80,74.69,188.04,0.4010,-1,-1,-1
881,78,894.58,477.01,65.73,220.68,0.6617,-1,-1,-1
881,77,982.33,459.71,65.55,223.54,0.7037,-1,-1,-1
881,60,284.90,642.31,85.62,248.05,0.7754,-1,-1,-1
881,39,1573.22,598.88,102.76,225.53,0.5647,-1,-1,-1
881,36,904.59,937.72,80.88,142.28,0.7480,-1,-1,-1
881,4,1719.63,457.58,78.60,208.06,0.6282,-1,-1,-1
882,95,1763.63,681.45,71.71,250.39,0.4366,-1,-1,-1
882,93,1359.29,951.94,98.92,128.06,0.7455,-1,-1,-1
882,92,1087.87,0.00,62.40,156.00,0.2644,-1,-1,-1
882,89,807.63,137.86,56.81,175.38,0.3031,-1,-1,-1
882,83,428.91,321.21,60.34,187.25,0.5302,-1,-1,-1
882,81,338.02,329.31,73.59,183.71,0.3439,-1,-1,-1
882,78,894.12,474.21,65.08,226.45,0.6662,-1,-1,-1
882,77,980.50,456.25,65.34,221.78,0.6957,-1,-1,-1
882,60,285.40,643.61,86.18,246.88,0.7642,-1,-1,-1
882,39,1574.89,597.24,100.59,227.10,0.6035,-1,-1,-1
882,36,904.92,937.19,81.78,142.81,0.7538,-1,-1,-1
882,4,1720.68,457.88,76.42,208.19,0.6413,-1,-1,-1
883,95,1763.03,683.48,73.31,243.01,0.4770,-1,-1,-1
883,93,1358.61,948.63,97.66,130.59,0.7895,-1,-1,-1
883,89,806.03,136.68,58.47,173.27,0.2915,-1,-1,-1
883,88,468.53,159.61,70.35,185.36,0.3001,-1,-1,-1
883,83,426.93,319.60,62.15,188.34,0.5489,-1,-1,-1
883,81,336.17,331.82,75.59,181.87,0.4040,-1,-1,-1
883,78,893.46,470.63,63.72,206.29,0.6739,-1,-1,-1
883,77,978.88,454.19,66.53,218.49,0.7292,-1,-1,-1
883,60,285.98,645.20,87.19,245.69,0.7838,-1,-1,-1
883,39,1575.26,596.71,98.86,227.52,0.5790,-1,-1,-1
883,36,904.46,937.06,81.72,142.94,0.7435,-1,-1,-1
883,4,1721.64,457.88,76.12,207.66,0.6434,-1,-1,-1
884,95,1762.05,683.98,72.55,225.78,0.5461,-1,-1,-1
884,93,1356.95,943.37,95.95,135.42,0.7984,-1,-1,-1
884,89,804.99,136.18,59.28,176.80,0.2872,-1,-1,-1
884,83,427.92,319.44,59.94,191.68,0.5481,-1,-1,-1
884,81,332.98,335.07,77.63,178.89,0.3967,-1,-1,-1
884,78,892.19,466.75,62.61,219.79,0.6513,-1,-1,-1
884,77,976.02,451.62,67.50,219.62,0.6876,-1,-1,-1
884,60,287.01,648.47,85.93,243.60,0.7817,-1,-1,-1
884,39,1576.26,598.22,98.30,226.24,0.5572,-1,-1,-1
884,36,905.81,938.23,81.60,141.77,0.7342,-1,-1,-1
884,4,1722.35,457.70,74.88,207.80,0.6226,-1,-1,-1
885,95,1759.40,684.57,75.79,220.43,0.5182,-1,-1,-1
885,93,1357.27,939.12,93.98,140.88,0.8064,-1,-1,-1
885,89,805.36,137.32,58.91,175.40,0.2639,-1,-1,-1
885,83,427.62,319.03,60.66,197.13,0.5347,-1,-1,-1
885,81,336.82,331.97,74.62,182.15,0.3670,-1,-1,-1
885,78,892.00,464.57,62.28,221.06,0.6925,-1,-1,-1
885,77,974.03,449.15,69.00,219.88,0.7032,-1,-1,-1
885,60,287.08,649.93,85.69,244.63,0.7683,-1,-1,-1
885,39,1574.75,599.62,99.61,224.79,0.5472,-1,-1,-1
885,36,907.17,937.38,80.66,142.62,0.7218,-1,-1,-1
885,4,1722.08,457.85,75.53,206.97,0.6053,-1,-1,-1
886,95,1757.78,684.59,79.35,225.23,0.4778,-1,-1,-1
886,93,1356.21,935.16,92.68,144.48,0.8078,-1,-1,-1
886,83,427.55,320.53,59.13,198.42,0.4820,-1,-1,-1
886,81,332.76,335.96,78.36,177.77,0.3753,-1,-1,-1
886,78,891.48,460.77,62.58,220.13,0.6870,-1,-1,-1
886,77,970.29,446.08,72.01,222.92,0.7013,-1,-1,-1
886,60,288.33,652.17,84.47,246.61,0.7486,-1,-1,-1
886,39,1575.26,598.06,100.95,226.63,0.5656,-1,-1,-1
886,36,906.62,936.72,81.62,143.28,0.7281,-1,-1,-1
886,4,1721.62,457.48,75.22,207.66,0.6144,-1,-1,-1
887,95,1758.40,684.63,75.39,222.91,0.5126,-1,-1,-1
887,93,1353.96,931.20,95.35,146.49,0.7671,-1,-1,-1
887,88,467.82,160.39,69.55,196.84,0.2997,-1,-1,-1
887,83,426.34,323.54,61.81,199.59,0.4812,-1,-1,-1
887,81,329.65,337.36,79.88,176.02,0.3579,-1,-1,-1
887,78,890.82,462.34,62.86,214.02,0.7274,-1,-1,-1
887,77,970.24,444.78,72.10,224.28,0.7185,-1,-1,-1
887,60,288.65,654.23,83.56,246.98,0.7594,-1,-1,-1
887,39,1575.09,599.79,100.22,224.54,0.5512,-1,-1,-1
887,36,908.25,937.35,80.95,142.65,0.7180,-1,-1,-1
887,4,1721.73,457.01,75.27,207.95,0.6174,-1,-1,-1
888,95,1756.40,685.45,77.50,223.97,0.5525,-1,-1,-1
888,93,1354.12,930.27,93.50,149.73,0.7716,-1,-1,-1
888,92,1099.24,2.41,60.31,153.95,0.2760,-1,-1,-1
888,89,804.82,137.28,59.13,176.95,0.2582,-1,-1,-1
888,88,470.14,160.25,68.79,200.05,0.3335,-1,-1,-1
888,83,427.10,326.26,61.10,199.74,0.5073,-1,-1,-1
888,81,329.69,338.49,78.70,175.01,0.4269,-1,-1,-1
888,78,890.80,457.79,63.24,221.63,0.7336,-1,-1,-1
888,77,969.03,444.39,74.03,223.03,0.7356,-1,-1,-1
888,60,290.10,655.79,82.15,248.57,0.7448,-1,-1,-1
888,39,1575.50,599.13,100.95,225.96,0.5527,-1,-1,-1
888,36,908.68,937.05,80.16,142.95,0.7099,-1,-1,-1
888,4,1720.70,458.34,76.44,206.52,0.6292,-1,-1,-1
889,95,1757.36,683.32,76.90,230.37,0.5119,-1,-1,-1
889,93,1349.94,926.04,97.82,153.52,0.7714,-1,-1,-1
889,92,1101.48,0.60,59.18,160.37,0.3397,-1,-1,-1
889,88,467.86,162.49,70.16,198.63,0.3031,-1,-1,-1
889,83,427.41,324.30,60.44,199.73,0.5061,-1,-1,-1
889,81,331.15,340.10,76.58,172.79,0.4199,-1,-1,-1
889,78,890.68,456.52,62.82,222.27,0.7346,-1,-1,-1
889,77,968.16,443.87,75.83,224.58,0.7421,-1,-1,-1
889,60,291.91,658.95,80.10,247.26,0.7298,-1,-1,-1
889,39,1575.59,599.74,98.57,224.61,0.5395,-1,-1,-1
889,36,909.69,937.59,80.35,142.41,0.7268,-1,-1,-1
889,4,1720.41,456.80,77.49,208.46,0.6432,-1,-1,-1
890,95,1755.43,682.66,78.18,237.30,0.4968,-1,-1,-1
890,93,1346.53,925.50,99.18,154.50,0.7559,-1,-1,-1
890,92,1101.79,5.79,59.95,155.27,0.3596,-1,-1,-1
890,88,465.99,162.85,72.38,198.98,0.3463,-1,-1,-1
890,83,423.42,329.24,62.84,201.24,0.5096,-1,-1,-1
890,81,333.79,341.66,72.05,170.89,0.4892,-1,-1,-1
890,78,890.15,457.41,62.31,218.61,0.7162,-1,-1,-1
890,77,965.80,443.51,77.17,224.87,0.7271,-1,-1,-1
890,60,291.56,659.63,80.79,251.26,0.7123,-1,-1,-1
890,39,1575.03,599.80,99.41,225.09,0.5307,-1,-1,-1
890,36,911.60,937.30,78.06,142.70,0.7379,-1,-1,-1
890,4,1720.01,456.38,78.38,209.94,0.6657,-1,-1,-1
891,95,1753.95,683.08,79.37,236.64,0.5387,-1,-1,-1
891,93,1345.56,926.26,99.41,153.74,0.7919,-1,-1,-1
891,92,1102.89,5.55,60.11,156.34,0.3885,-1,-1,-1
891,88,470.02,165.82,68.29,194.81,0.3708,-1,-1,-1
891,83,422.71,329.63,63.30,201.14,0.5162,-1,-1,-1
891,81,338.32,340.15,66.68,173.96,0.4814,-1,-1,-1
891,78,889.36,455.35,62.37,218.96,0.7332,-1,-1,-1
891,77,963.19,443.58,81.83,226.01,0.7230,-1,-1,-1
891,60,293.81,662.14,79.10,252.64,0.7014,-1,-1,-1
891,39,1576.07,597.04,99.20,227.66,0.5411,-1,-1,-1
891,36,910.75,937.82,78.99,142.18,0.7350,-1,-1,-1
891,4,1721.48,457.03,75.65,208.91,0.6460,-1,-1,-1
892,95,1753.68,682.35,79.40,234.74,0.5396,-1,-1,-1
892,93,1341.62,924.40,103.94,155.60,0.7791,-1,-1,-1
892,92,1104.77,7.77,58.50,155.94,0.4673,-1,-1,-1
892,88,469.02,165.46,69.78,197.58,0.4126,-1,-1,-1
892,83,421.13,331.73,64.66,199.64,0.5440,-1,-1,-1
892,81,338.57,342.03,65.25,172.17,0.5027,-1,-1,-1
892,78,887.98,456.53,62.71,219.91,0.6966,-1,-1,-1
892,77,961.91,443.75,83.70,226.76,0.7298,-1,-1,-1
892,60,295.09,664.23,78.59,253.54,0.7619,-1,-1,-1
892,39,1573.67,596.09,100.96,228.64,0.5356,-1,-1,-1
892,36,911.22,937.72,78.00,142.28,0.7294,-1,-1,-1
892,4,1720.86,456.51,76.92,209.16,0.6454,-1,-1,-1
893,95,1752.58,681.79,81.42,237.90,0.5608,-1,-1,-1
893,93,1337.97,921.01,106.51,158.99,0.7804,-1,-1,-1
893,92,1104.57,8.62,59.54,156.38,0.3934,-1,-1,-1
893,88,478.35,172.41,60.24,189.47,0.4135,-1,-1,-1
893,83,422.11,333.76,64.37,196.58,0.5463,-1,-1,-1
893,81,339.30,345.21,66.19,171.14,0.5257,-1,-1,-1
893,78,885.56,455.71,63.29,219.23,0.7203,-1,-1,-1
893,77,961.66,442.08,83.76,226.83,0.7444,-1,-1,-1
893,60,297.45,664.24,77.96,255.52,0.7771,-1,-1,-1
893,39,1574.88,595.29,100.01,229.09,0.5352,-1,-1,-1
893,36,912.69,937.95,77.39,142.05,0.7337,-1,-1,-1
893,4,1721.68,457.15,76.19,208.52,0.6383,-1,-1,-1
894,95,1751.65,680.23,82.94,242.97,0.5686,-1,-1,-1
894,93,1334.68,917.36,106.40,162.64,0.7873,-1,-1,-1
894,92,1105.09,11.90,59.97,155.96,0.2992,-1,-1,-1
894,89,809.59,136.53,54.52,177.27,0.2627,-1,-1,-1
894,88,470.78,168.76,68.63,192.38,0.4280,-1,-1,-1
894,83,420.57,333.09,65.58,198.33,0.5134,-1,-1,-1
894,81,340.87,345.22,65.27,173.45,0.4433,-1,-1,-1
894,78,885.83,455.75,62.26,218.58,0.6970,-1,-1,-1
894,77,961.63,441.28,84.40,226.77,0.7481,-1,-1,-1
894,60,297.40,666.64,79.07,254.67,0.7551,-1,-1,-1
894,39,1573.56,592.88,101.47,232.24,0.5021,-1,-1,-1
894,36,913.16,937.96,75.93,142.04,0.7382,-1,-1,-1
894,4,1720.22,457.32,77.61,208.16,0.6373,-1,-1,-1
895,95,1751.23,681.86,82.71,237.86,0.5807,-1,-1,-1
895,93,1331.91,917.24,106.16,162.76,0.7861,-1,-1,-1
895,92,1106.33,14.22,59.05,153.98,0.3732,-1,-1,-1
895,89,809.01,136.08,55.19,177.91,0.2576,-1,-1,-1
895,88,475.39,170.88,64.78,191.28,0.4873,-1,-1,-1
895,83,420.08,333.33,65.03,197.86,0.5186,-1,-1,-1
895,81,340.18,345.62,64.21,179.78,0.4965,-1,-1,-1
895,78,883.59,455.42,62.24,218.80,0.7142,-1,-1,-1
895,77,962.32,441.04,84.17,225.80,0.7441,-1,-1,-1
895,60,298.03,668.05,79.75,252.82,0.7257,-1,-1,-1
895,39,1573.14,596.36,101.33,228.34,0.5249,-1,-1,-1
895,36,913.28,938.33,76.68,141.67,0.7412,-1,-1,-1
895,4,1720.11,456.74,77.35,208.77,0.6305,-1,-1,-1
896,95,1750.00,682.10,84.15,238.76,0.5841,-1,-1,-1
896,93,1332.52,913.42,101.98,166.58,0.7729,-1,-1,-1
896,92,1107.63,16.04,58.39,151.90,0.4140,-1,-1,-1
896,88,474.38,169.92,66.62,191.64,0.4867,-1,-1,-1
896,83,420.34,333.60,64.66,197.49,0.5078,-1,-1,-1
896,81,339.87,346.67,64.28,178.93,0.5137,-1,-1,-1
896,78,884.86,455.69,60.25,215.83,0.6946,-1,-1,-1
896,77,962.04,438.71,84.31,226.47,0.7395,-1,-1,-1
896,60,298.67,668.00,81.75,251.95,0.7386,-1,-1,-1
896,39,1572.97,597.86,101.38,226.88,0.5781,-1,-1,-1
896,36,913.29,938.67,75.31,141.33,0.7137,-1,-1,-1
896,4,1719.64,457.30,77.58,208.54,0.6308,-1,-1,-1
897,95,1750.42,680.49,82.07,238.61,0.5734,-1,-1,-1
897,93,1331.17,908.24,100.43,171.76,0.7777,-1,-1,-1
897,92,1108.01,16.25,57.85,153.49,0.3376,-1,-1,-1
897,89,809.52,138.50,54.18,175.43,0.2518,-1,-1,-1
897,88,469.76,170.26,70.34,192.83,0.4452,-1,-1,-1
897,83,419.67,335.24,65.66,194.55,0.4865,-1,-1,-1
897,81,339.77,349.12,65.66,180.60,0.4862,-1,-1,-1
897,78,882.53,451.93,62.52,219.73,0.7089,-1,-1,-1
897,77,963.27,435.93,82.06,227.31,0.7411,-1,-1,-1
897,60,297.74,668.60,86.07,253.42,0.7482,-1,-1,-1
897,39,1573.42,598.66,100.78,226.04,0.5733,-1,-1,-1
897,36,913.07,939.07,76.08,140.93,0.7348,-1,-1,-1
897,4,1719.84,457.13,77.50,207.53,0.6421,-1,-1,-1
898,95,1751.30,680.71,80.60,239.37,0.5425,-1,-1,-1
898,93,1328.96,903.66,99.06,176.34,0.7875,-1,-1,-1
898,92,1108.81,16.90,55.41,152.09,0.3033,-1,-1,-1
898,88,468.66,171.72,73.54,190.22,0.4353,-1,-1,-1
898,83,418.56,334.49,65.43,194.62,0.5060,-1,-1,-1
898,81,339.78,354.77,62.73,179.36,0.4903,-1,-1,-1
898,78,881.21,450.43,62.38,218.62,0.6762,-1,-1,-1
898,77,962.79,433.72,81.03,225.69,0.7278,-1,-1,-1
898,60,297.23,669.95,90.39,251.40,0.7631,-1,-1,-1
898,39,1574.36,596.97,101.80,227.26,0.5850,-1,-1,-1
898,36,911.53,940.01,75.64,139.89,0.7346,-1,-1,-1
898,4,1720.14,457.05,76.97,208.64,0.6441,-1,-1,-1
899,95,1751.21,680.14,79.67,240.45,0.5104,-1,-1,-1
899,93,1328.20,899.46,96.50,180.54,0.7948,-1,-1,-1
899,92,1109.89,16.79,52.93,152.37,0.3599,-1,-1,-1
899,89,811.09,137.61,52.86,175.66,0.2758,-1,-1,-1
899,88,468.55,170.64,74.19,192.92,0.4397,-1,-1,-1
899,83,418.06,336.23,65.89,193.02,0.5085,-1,-1,-1
899,81,338.36,356.83,65.71,177.69,0.5337,-1,-1,-1
899,78,879.57,446.86,62.59,211.92,0.6648,-1,-1,-1
899,77,962.46,431.48,80.12,222.28,0.7278,-1,-1,-1
899,60,298.01,669.99,91.49,252.34,0.7684,-1,-1,-1
899,39,1574.78,600.50,101.33,223.61,0.5776,-1,-1,-1
899,36,912.26,941.02,73.82,138.93,0.7419,-1,-1,-1
899,4,1720.45,457.07,75.53,209.02,0.6370,-1,-1,-1
900,95,1752.14,681.14,77.68,238.29,0.5399,-1,-1,-1
900,93,1327.04,895.22,97.46,184.78,0.7992,-1,-1,-1
900,92,1110.57,14.87,52.02,155.40,0.3770,-1,-1,-1
900,89,811.27,137.54,52.62,176.69,0.2636,-1,-1,-1
900,88,468.43,171.28,75.61,190.46,0.4060,-1,-1,-1
900,83,417.58,335.74,66.25,197.19,0.5182,-1,-1,-1
900,81,337.10,355.59,65.31,181.06,0.5390,-1,-1,-1
900,78,877.98,445.20,61.73,213.74,0.6727,-1,-1,-1
900,77,962.52,428.15,78.73,222.51,0.7234,-1,-1,-1
900,60,297.92,670.96,95.39,252.26,0.7702,-1,-1,-1
900,39,1574.83,600.77,100.01,223.45,0.5745,-1,-1,-1
900,36,912.78,942.77,72.36,136.74,0.7255,-1,-1,-1
900,4,1720.62,455.79,75.97,209.76,0.6205,-1,-1,-1
901,95,1749.60,683.02,78.20,236.86,0.5598,-1,-1,-1
901,93,1325.11,892.16,97.30,187.84,0.8131,-1,-1,-1
901,92,1110.16,14.95,52.92,158.08,0.3343,-1,-1,-1
901,88,468.70,172.99,77.57,189.15,0.3448,-1,-1,-1
901,83,415.47,337.99,67.85,197.53,0.5250,-1,-1,-1
901,81,334.92,352.18,69.67,181.61,0.4904,-1,-1,-1
901,78,876.45,442.13,63.28,210.85,0.6633,-1,-1,-1
901,77,964.56,424.42,75.21,222.59,0.7157,-1,-1,-1
901,60,297.70,672.70,97.79,249.17,0.7863,-1,-1,-1
901,39,1575.72,598.67,101.78,225.88,0.5803,-1,-1,-1
901,36,912.93,943.39,71.89,135.81,0.7374,-1,-1,-1
901,4,1721.71,457.40,75.64,207.00,0.6042,-1,-1,-1
902,95,1749.86,682.11,78.31,238.88,0.5497,-1,-1,-1
902,93,1323.20,888.97,95.83,191.03,0.8060,-1,-1,-1
902,92,1110.54,17.16,52.24,158.42,0.3088,-1,-1,-1
902,89,810.74,137.56,53.13,177.91,0.2543,-1,-1,-1
902,88,470.44,173.92,75.67,183.54,0.3177,-1,-1,-1
902,83,418.01,338.03,65.88,202.13,0.5160,-1,-1,-1
902,81,333.81,352.10,71.84,181.26,0.4256,-1,-1,-1
902,78,874.98,440.28,63.38,210.73,0.6952,-1,-1,-1
902,77,965.99,422.52,72.36,217.55,0.7301,-1,-1,-1
902,60,297.53,675.05,99.28,249.73,0.8124,-1,-1,-1
902,39,1577.48,598.96,98.91,225.00,0.5816,-1,-1,-1
902,36,913.76,944.38,69.19,134.79,0.7258,-1,-1,-1
902,4,1721.48,456.75,75.36,208.09,0.6087,-1,-1,-1
903,95,1751.35,680.34,78.63,242.22,0.5654,-1,-1,-1
903,93,1320.92,884.80,96.24,195.19,0.7816,-1,-1,-1
903,92,1110.92,18.44,52.31,159.70,0.3008,-1,-1,-1
903,89,809.30,137.68,54.32,176.50,0.2576,-1,-1,-1
903,88,470.77,174.17,75.70,182.43,0.3094,-1,-1,-1
903,83,415.66,340.90,67.90,202.30,0.5507,-1,-1,-1
903,81,332.01,351.48,73.59,181.98,0.3668,-1,-1,-1
903,78,874.63,438.22,63.09,210.84,0.6913,-1,-1,-1
903,77,966.71,420.97,70.14,217.58,0.7165,-1,-1,-1
903,60,298.12,676.70,98.51,254.49,0.8222,-1,-1,-1
903,39,1578.38,598.79,97.95,225.64,0.5929,-1,-1,-1
903,36,913.03,945.44,69.59,134.56,0.7350,-1,-1,-1
903,4,1720.75,457.45,75.78,208.40,0.5954,-1,-1,-1
904,95,1751.64,682.40,80.17,240.17,0.5874,-1,-1,-1
904,93,1318.33,880.89,94.84,199.11,0.7712,-1,-1,-1
904,92,1110.95,20.08,53.45,158.46,0.3789,-1,-1,-1
904,89,807.20,138.09,56.66,176.31,0.2708,-1,-1,-1
904,88,470.63,173.48,68.93,190.93,0.3135,-1,-1,-1
904,83,419.75,343.99,64.04,202.54,0.4946,-1,-1,-1
904,81,325.85,353.49,78.56,179.43,0.3808,-1,-1,-1
904,78,873.86,437.08,63.49,214.75,0.7106,-1,-1,-1
904,77,967.22,420.60,68.99,217.14,0.7102,-1,-1,-1
904,60,299.05,678.93,97.53,254.02,0.8373,-1,-1,-1
904,39,1576.97,599.42,99.29,224.54,0.5482,-1,-1,-1
904,36,913.77,946.40,68.45,133.60,0.7204,-1,-1,-1
904,4,1722.39,457.17,74.50,207.44,0.6278,-1,-1,-1
905,95,1752.91,682.60,78.69,244.25,0.5766,-1,-1,-1
905,93,1316.53,878.05,94.62,200.58,0.7483,-1,-1,-1
905,92,1110.87,21.61,54.48,159.92,0.3495,-1,-1,-1
905,89,806.09,138.45,57.97,173.69,0.2628,-1,-1,-1
905,88,470.89,173.63,67.18,196.20,0.2662,-1,-1,-1
905,83,418.14,349.03,64.16,198.87,0.4796,-1,-1,-1
905,81,348.40,354.83,54.65,178.88,0.4179,-1,-1,-1
905,78,874.43,435.18,61.43,213.51,0.7178,-1,-1,-1
905,77,966.34,418.76,70.17,219.28,0.7310,-1,-1,-1
905,60,300.97,680.48,96.24,259.27,0.8372,-1,-1,-1
905,39,1576.74,598.44,99.50,226.18,0.5778,-1,-1,-1
905,36,913.10,947.63,68.94,132.37,0.7273,-1,-1,-1
905,4,1722.14,456.76,74.76,208.25,0.6414,-1,-1,-1
906,95,1752.72,683.05,79.45,238.54,0.6098,-1,-1,-1
906,93,1315.45,876.54,92.17,202.56,0.7587,-1,-1,-1
906,92,1109.81,22.74,56.08,159.47,0.3372,-1,-1,-1
906,88,469.87,169.76,69.73,201.91,0.3098,-1,-1,-1
906,83,414.75,348.89,65.69,201.73,0.5886,-1,-1,-1
906,81,349.88,353.83,52.77,181.12,0.4331,-1,-1,-1
906,78,873.08,434.95,61.23,214.82,0.7389,-1,-1,-1
906,77,966.28,418.11,69.02,217.77,0.7330,-1,-1,-1
906,60,303.31,682.65,94.00,261.41,0.8410,-1,-1,-1
906,39,1578.24,599.03,98.34,225.28,0.5947,-1,-1,-1
906,36,912.81,949.44,68.99,130.56,0.7259,-1,-1,-1
906,4,1721.00,456.60,75.04,209.10,0.6354,-1,-1,-1
907,95,1753.44,683.02,79.66,240.66,0.6242,-1,-1,-1
907,93,1313.01,877.06,94.32,202.94,0.7326,-1,-1,-1
907,92,1108.47,25.42,58.85,160.27,0.3286,-1,-1,-1
907,88,468.38,169.60,72.42,203.12,0.3333,-1,-1,-1
907,83,413.20,344.38,70.21,207.47,0.5854,-1,-1,-1
907,81,348.24,359.42,52.97,175.60,0.4181,-1,-1,-1
907,78,871.73,432.78,62.89,215.05,0.7308,-1,-1,-1
907,77,966.74,417.92,69.22,220.45,0.6835,-1,-1,-1
907,60,305.37,685.19,91.49,255.32,0.8388,-1,-1,-1
907,39,1580.26,599.36,95.71,224.67,0.5617,-1,-1,-1
907,36,908.49,949.10,73.83,130.90,0.7462,-1,-1,-1
907,4,1721.18,457.40,74.99,207.53,0.6209,-1,-1,-1
908,95,1755.11,684.19,78.64,240.75,0.6296,-1,-1,-1
908,93,1309.65,876.50,95.70,203.50,0.7337,-1,-1,-1
908,89,806.83,137.21,57.71,174.32,0.2559,-1,-1,-1
908,88,468.67,172.04,72.42,206.37,0.3506,-1,-1,-1
908,83,412.83,346.20,70.04,206.69,0.5883,-1,-1,-1
908,81,321.30,355.56,80.24,178.70,0.4345,-1,-1,-1
908,78,870.99,432.22,62.45,218.99,0.7243,-1,-1,-1
908,77,966.82,417.82,67.40,219.77,0.7235,-1,-1,-1
908,60,307.39,687.72,89.81,257.39,0.8392,-1,-1,-1
908,39,1577.02,598.08,98.01,226.65,0.6041,-1,-1,-1
908,36,910.77,950.98,71.46,129.02,0.7264,-1,-1,-1
908,4,1721.76,457.52,74.31,206.69,0.6251,-1,-1,-1
909,95,1755.47,684.40,78.76,238.62,0.6276,-1,-1,-1
909,93,1308.30,874.44,93.49,205.56,0.7356,-1,-1,-1
909,88,467.99,173.78,83.24,207.98,0.2793,-1,-1,-1
909,83,415.50,355.37,63.32,197.26,0.5975,-1,-1,-1
909,81,322.51,358.77,76.91,179.55,0.5404,-1,-1,-1
909,78,870.72,432.06,61.83,219.30,0.7266,-1,-1,-1
909,77,966.35,417.27,67.32,223.39,0.7150,-1,-1,-1
909,60,307.88,689.92,89.56,260.17,0.8416,-1,-1,-1
909,39,1579.14,597.26,95.90,226.77,0.5940,-1,-1,-1
909,36,908.23,950.12,73.40,129.88,0.7385,-1,-1,-1
909,4,1721.95,457.02,73.25,207.34,0.6055,-1,-1,-1
910,95,1756.78,683.35,77.07,240.12,0.6108,-1,-1,-1
910,93,1307.35,872.41,92.27,207.59,0.7561,-1,-1,-1
910,89,807.40,137.27,57.24,173.32,0.2965,-1,-1,-1
910,88,468.49,177.86,88.16,196.58,0.3873,-1,-1,-1
910,83,413.63,350.55,66.09,201.45,0.6179,-1,-1,-1
910,81,322.17,358.26,78.41,184.07,0.5747,-1,-1,-1
910,78,870.51,431.49,62.60,219.36,0.7140,-1,-1,-1
910,77,964.37,417.28,68.84,222.59,0.7157,-1,-1,-1
910,60,307.69,692.02,89.79,262.70,0.8392,-1,-1,-1
910,39,1574.46,598.42,101.25,225.92,0.5762,-1,-1,-1
910,36,907.59,951.09,74.69,128.91,0.7349,-1,-1,-1
910,4,1721.88,456.52,74.38,208.92,0.6293,-1,-1,-1
911,95,1757.27,683.53,76.78,239.99,0.6091,-1,-1,-1
911,93,1304.96,869.36,90.70,210.64,0.7714,-1,-1,-1
911,89,807.45,137.31,57.26,175.32,0.2773,-1,-1,-1
911,88,469.65,177.85,81.44,200.47,0.3049,-1,-1,-1
911,83,415.09,356.53,61.91,196.08,0.6224,-1,-1,-1
911,81,324.21,364.34,76.91,181.68,0.5650,-1,-1,-1
911,78,869.99,430.55,62.46,220.59,0.7112,-1,-1,-1
911,77,965.40,415.84,67.15,223.79,0.7069,-1,-1,-1
911,60,307.68,693.71,89.03,261.93,0.8372,-1,-1,-1
911,39,1574.82,599.27,100.47,225.08,0.5517,-1,-1,-1
911,36,907.98,951.67,74.14,128.33,0.7432,-1,-1,-1
911,4,1721.25,457.69,76.55,206.64,0.6300,-1,-1,-1
912,95,1757.84,683.57,76.61,240.74,0.6186,-1,-1,-1
912,93,1303.15,866.44,90.59,213.53,0.7657,-1,-1,-1
912,89,807.36,137.37,57.43,174.54,0.2917,-1,-1,-1
912,83,412.94,352.06,64.04,201.77,0.6217,-1,-1,-1
912,81,325.35,366.99,74.39,181.13,0.5704,-1,-1,-1
912,78,869.79,429.22,62.54,218.27,0.6910,-1,-1,-1
912,77,964.26,415.06,66.72,219.95,0.7015,-1,-1,-1
912,60,307.91,695.22,88.31,263.34,0.8344,-1,-1,-1
912,39,1573.72,597.62,101.69,226.61,0.5382,-1,-1,-1
912,36,909.46,953.10,73.22,126.90,0.7405,-1,-1,-1
912,4,1721.80,456.49,75.48,207.71,0.6296,-1,-1,-1
913,95,1757.67,681.71,77.32,242.19,0.6183,-1,-1,-1
913,93,1302.07,861.04,89.63,218.96,0.7719,-1,-1,-1
913,92,1111.11,33.56,63.18,162.10,0.2728,-1,-1,-1
913,89,808.26,137.73,56.63,173.35,0.3024,-1,-1,-1
913,83,411.92,351.78,65.76,201.98,0.6023,-1,-1,-1
913,81,327.28,367.61,74.64,183.17,0.5168,-1,-1,-1
913,78,868.72,426.43,63.27,222.19,0.7050,-1,-1,-1
913,77,962.92,412.53,66.99,217.57,0.6853,-1,-1,-1
913,60,307.64,696.25,87.91,261.75,0.8276,-1,-1,-1
913,39,1575.85,598.55,98.85,225.75,0.5480,-1,-1,-1
913,36,909.42,952.78,72.95,127.22,0.7404,-1,-1,-1
913,4,1721.52,455.90,75.74,208.47,0.5952,-1,-1,-1
914,97,1719.44,93.49,52.10,165.05,0.3677,-1,-1,-1
914,95,1758.97,680.40,76.22,244.41,0.5936,-1,-1,-1
914,93,1298.87,857.18,91.04,222.82,0.7724,-1,-1,-1
914,89,807.97,137.31,56.82,174.70,0.2716,-1,-1,-1
914,83,412.19,355.78,64.41,196.97,0.5551,-1,-1,-1
914,81,327.58,366.73,74.58,185.52,0.5374,-1,-1,-1
914,78,868.18,426.01,61.90,216.94,0.6770,-1,-1,-1
914,77,961.61,410.15,66.76,212.13,0.6977,-1,-1,-1
914,60,307.57,696.67,88.04,261.04,0.8217,-1,-1,-1
914,39,1573.90,597.56,102.15,226.50,0.4648,-1,-1,-1
914,36,908.16,953.18,74.60,126.82,0.7459,-1,-1,-1
914,4,1722.71,456.08,74.17,208.30,0.6206,-1,-1,-1
915,97,1721.76,92.70,49.21,165.38,0.3628,-1,-1,-1
915,95,1758.21,677.51,76.12,246.33,0.5840,-1,-1,-1
915,93,1298.50,853.43,92.20,226.57,0.7733,-1,-1,-1
915,92,1113.94,33.86,60.64,162.13,0.2620,-1,-1,-1
915,89,809.75,137.44,54.98,171.82,0.3105,-1,-1,-1
915,83,411.36,355.45,65.12,196.99,0.5402,-1,-1,-1
915,81,329.51,368.71,71.94,185.25,0.5386,-1,-1,-1
915,78,867.96,421.82,60.77,204.05,0.6630,-1,-1,-1
915,77,960.70,408.47,65.70,209.50,0.7019,-1,-1,-1
915,60,307.47,697.76,87.53,260.03,0.8160,-1,-1,-1
915,39,1574.28,598.76,100.79,225.62,0.5320,-1,-1,-1
915,36,907.19,953.67,75.18,126.33,0.7473,-1,-1,-1
915,4,1722.33,456.68,73.20,207.28,0.6136,-1,-1,-1
916,97,1724.60,92.28,46.34,165.48,0.4355,-1,-1,-1
916,96,310.35,167.36,77.13,190.83,0.2714,-1,-1,-1
916,95,1757.42,676.40,76.36,252.41,0.5584,-1,-1,-1
916,93,1295.96,849.68,93.22,230.32,0.7695,-1,-1,-1
916,92,1115.11,34.05,58.48,161.74,0.2921,-1,-1,-1
916,89,806.25,138.03,59.25,177.14,0.3084,-1,-1,-1
916,88,466.30,181.77,69.79,194.08,0.3003,-1,-1,-1
916,83,406.48,347.03,70.89,206.16,0.4996,-1,-1,-1
916,81,328.43,371.40,71.06,183.38,0.5293,-1,-1,-1
916,78,867.99,419.98,60.27,206.71,0.6705,-1,-1,-1
916,77,959.24,406.49,64.93,206.89,0.7080,-1,-1,-1
916,60,307.01,699.46,87.17,258.18,0.7994,-1,-1,-1
916,39,1573.63,600.15,100.10,223.62,0.5469,-1,-1,-1
916,36,906.94,953.77,75.53,126.23,0.7438,-1,-1,-1
916,4,1721.86,456.11,74.45,208.18,0.6024,-1,-1,-1
917,98,1607.76,65.12,49.18,154.88,0.2549,-1,-1,-1
917,97,1725.52,94.21,45.11,162.77,0.4417,-1,-1,-1
917,96,309.93,170.39,76.74,188.11,0.2908,-1,-1,-1
917,95,1758.39,675.67,76.38,251.39,0.5495,-1,-1,-1
917,93,1294.68,845.13,94.54,234.87,0.7740,-1,-1,-1
917,92,1117.16,33.76,56.78,164.45,0.3198,-1,-1,-1
917,89,807.03,137.32,58.10,175.86,0.3114,-1,-1,-1
917,88,461.95,183.09,69.11,196.28,0.4039,-1,-1,-1
917,83,410.47,355.47,63.77,196.76,0.5350,-1,-1,-1
917,81,328.06,371.28,72.25,183.67,0.5524,-1,-1,-1
917,78,867.50,415.79,59.76,212.64,0.6915,-1,-1,-1
917,77,957.64,403.80,64.60,208.95,0.7381,-1,-1,-1
917,60,306.58,701.98,86.69,255.83,0.8085,-1,-1,-1
917,39,1573.76,599.68,100.94,224.38,0.4558,-1,-1,-1
917,36,906.63,953.68,75.62,126.32,0.7449,-1,-1,-1
917,4,1721.23,456.50,74.14,207.87,0.6350,-1,-1,-1
918,98,1608.41,65.91,50.14,159.63,0.2882,-1,-1,-1
918,97,1726.89,93.87,44.04,166.32,0.4065,-1,-1,-1
918,95,1756.43,674.22,77.46,252.86,0.5500,-1,-1,-1
918,93,1291.03,841.63,94.70,238.37,0.7655,-1,-1,-1
918,92,1117.83,34.50,57.09,167.46,0.3414,-1,-1,-1
918,89,808.54,136.92,56.42,176.00,0.2959,-1,-1,-1
918,88,461.12,180.64,68.61,204.19,0.4239,-1,-1,-1
918,83,407.76,350.36,70.06,203.35,0.5584,-1,-1,-1
918,81,328.05,371.37,72.34,183.59,0.5275,-1,-1,-1
918,78,866.76,414.65,59.87,212.42,0.7006,-1,-1,-1
918,77,954.02,400.81,66.32,210.92,0.7146,-1,-1,-1
918,60,306.73,702.49,86.12,254.05,0.7996,-1,-1,-1
918,39,1574.46,600.81,99.50,223.36,0.5710,-1,-1,-1
918,36,906.92,954.55,75.43,125.45,0.7496,-1,-1,-1
918,4,1721.70,455.63,73.54,209.37,0.6127,-1,-1,-1
919,98,1609.97,67.04,49.60,162.55,0.2791,-1,-1,-1
919,97,1726.46,95.57,44.68,166.15,0.3183,-1,-1,-1
919,95,1759.22,677.14,75.00,250.72,0.5602,-1,-1,-1
919,93,1290.73,839.11,95.14,240.89,0.7650,-1,-1,-1
919,92,1119.65,34.89,58.54,165.31,0.3074,-1,-1,-1
919,89,807.49,136.51,57.41,175.72,0.2967,-1,-1,-1
919,88,457.63,183.79,71.99,205.05,0.4636,-1,-1,-1
919,83,406.61,351.58,71.02,206.88,0.5700,-1,-1,-1
919,81,326.37,373.40,74.01,181.79,0.4928,-1,-1,-1
919,78,865.92,413.21,61.50,214.11,0.7218,-1,-1,-1
919,77,952.87,398.63,67.68,213.08,0.7157,-1,-1,-1
919,60,306.97,703.35,86.31,252.30,0.7890,-1,-1,-1
919,39,1574.56,598.64,99.38,225.10,0.5450,-1,-1,-1
919,36,906.76,954.72,76.26,125.28,0.7419,-1,-1,-1
919,4,1721.75,455.46,74.16,210.53,0.6047,-1,-1,-1
920,98,1611.13,69.04,50.07,159.12,0.2585,-1,-1,-1
920,96,309.74,168.21,76.53,188.22,0.2659,-1,-1,-1
920,95,1759.44,678.66,75.80,250.51,0.5529,-1,-1,-1
920,93,1287.60,835.60,95.79,244.40,0.7743,-1,-1,-1
920,92,1119.35,35.61,59.70,167.47,0.3686,-1,-1,-1
920,89,807.97,137.44,57.12,172.86,0.2894,-1,-1,-1
920,88,458.17,185.14,71.09,205.06,0.3805,-1,-1,-1
920,83,408.27,354.33,67.89,205.54,0.5471,-1,-1,-1
920,81,327.96,373.68,73.85,182.22,0.4566,-1,-1,-1
920,78,866.16,408.26,60.93,214.32,0.7462,-1,-1,-1
920,77,950.92,396.25,68.83,215.73,0.7451,-1,-1,-1
920,60,306.30,705.46,88.15,253.78,0.7921,-1,-1,-1
920,39,1575.39,599.83,98.36,224.05,0.5438,-1,-1,-1
920,36,906.40,955.61,76.44,124.39,0.7426,-1,-1,-1
920,4,1720.60,455.99,75.32,208.91,0.6085,-1,-1,-1
921,98,1612.39,70.36,48.65,159.54,0.2615,-1,-1,-1
921,95,1759.32,678.86,75.96,249.96,0.5605,-1,-1,-1
921,93,1288.05,833.93,93.19,246.07,0.7703,-1,-1,-1
921,92,1120.49,38.61,59.23,167.12,0.3984,-1,-1,-1
921,89,806.97,137.32,58.00,174.03,0.2906,-1,-1,-1
921,88,458.45,185.82,69.93,209.11,0.3454,-1,-1,-1
921,83,406.89,356.00,68.96,207.58,0.5534,-1,-1,-1
921,81,327.31,373.77,73.89,181.25,0.4752,-1,-1,-1
921,78,865.80,407.85,61.16,217.34,0.7615,-1,-1,-1
921,77,947.81,394.92,72.61,217.10,0.7421,-1,-1,-1
921,60,306.46,706.78,87.42,254.44,0.7886,-1,-1,-1
921,39,1574.64,601.23,99.94,222.90,0.5399,-1,-1,-1
921,36,906.20,954.94,75.29,124.94,0.7192,-1,-1,-1
921,4,1720.94,455.32,75.05,210.65,0.6016,-1,-1,-1
922,98,1614.01,73.04,46.98,159.83,0.2752,-1,-1,-1
922,96,310.23,168.52,72.39,188.75,0.2796,-1,-1,-1
922,95,1759.50,677.49,75.81,250.93,0.5393,-1,-1,-1
922,93,1285.57,832.07,93.32,247.57,0.7847,-1,-1,-1
922,92,1121.37,41.72,59.09,164.09,0.4622,-1,-1,-1
922,89,806.97,136.20,57.78,177.16,0.3108,-1,-1,-1
922,88,457.05,190.45,71.61,201.98,0.4119,-1,-1,-1
922,83,405.85,359.29,68.57,204.56,0.5433,-1,-1,-1
922,81,325.69,374.31,76.80,181.26,0.4934,-1,-1,-1
922,78,866.05,407.31,60.31,216.39,0.7643,-1,-1,-1
922,77,946.79,393.57,73.61,218.23,0.7359,-1,-1,-1
922,60,306.58,708.36,87.30,257.96,0.7726,-1,-1,-1
922,39,1575.75,599.59,98.41,224.18,0.4991,-1,-1,-1
922,36,905.58,955.12,76.43,124.88,0.7306,-1,-1,-1
922,4,1720.64,455.40,74.73,209.60,0.6096,-1,-1,-1
923,96,310.05,169.45,71.02,188.50,0.2594,-1,-1,-1
923,95,1759.07,677.74,74.14,249.81,0.5803,-1,-1,-1
923,93,1285.14,830.36,93.23,249.40,0.7879,-1,-1,-1
923,92,1121.95,42.16,58.93,168.36,0.4178,-1,-1,-1
923,89,806.37,137.82,57.97,174.71,0.2890,-1,-1,-1
923,88,454.52,192.19,73.61,199.20,0.4586,-1,-1,-1
923,83,405.05,360.91,68.84,204.96,0.5237,-1,-1,-1
923,81,327.16,374.55,73.76,181.16,0.4717,-1,-1,-1
923,78,865.95,406.85,59.57,217.63,0.7657,-1,-1,-1
923,77,945.47,393.04,76.33,219.99,0.7380,-1,-1,-1
923,60,306.65,710.18,87.13,258.45,0.7700,-1,-1,-1
923,39,1573.39,598.38,101.77,225.74,0.5149,-1,-1,-1
923,36,906.15,955.64,76.80,124.36,0.7327,-1,-1,-1
923,4,1719.62,455.96,75.78,210.01,0.6226,-1,-1,-1
924,98,1615.39,74.56,48.45,160.25,0.3123,-1,-1,-1
924,97,1728.39,98.84,50.04,179.60,0.3204,-1,-1,-1
924,96,309.78,168.95,71.63,189.37,0.2877,-1,-1,-1
924,95,1755.54,675.34,75.97,248.51,0.5566,-1,-1,-1
924,93,1282.50,829.75,95.42,248.06,0.7902,-1,-1,-1
924,92,1123.18,44.92,58.65,164.12,0.4011,-1,-1,-1
924,89,806.26,137.33,58.28,175.44,0.3316,-1,-1,-1
924,88,456.82,194.16,71.25,198.38,0.4407,-1,-1,-1
924,83,403.45,362.07,71.46,209.48,0.5491,-1,-1,-1
924,81,328.63,376.33,71.01,179.98,0.5067,-1,-1,-1
924,78,865.63,406.55,60.07,215.11,0.7513,-1,-1,-1
924,77,943.72,392.24,79.05,222.04,0.7564,-1,-1,-1
924,60,307.22,711.65,86.07,262.58,0.7529,-1,-1,-1
924,39,1574.41,598.56,99.87,225.63,0.4705,-1,-1,-1
924,36,906.17,955.77,76.69,124.23,0.7354,-1,-1,-1
924,4,1719.12,455.53,77.10,209.80,0.6281,-1,-1,-1
925,98,1616.45,74.69,49.60,160.06,0.3161,-1,-1,-1
925,96,310.41,168.31,70.67,190.37,0.2955,-1,-1,-1
925,95,1755.91,676.61,76.75,248.12,0.5363,-1,-1,-1
925,93,1279.78,829.51,97.34,247.19,0.7776,-1,-1,-1
925,92,1122.73,46.60,58.25,162.91,0.4260,-1,-1,-1
925,89,805.98,137.11,58.21,175.78,0.2986,-1,-1,-1
925,88,455.64,196.16,72.81,199.02,0.3688,-1,-1,-1
925,83,401.73,363.39,71.68,211.83,0.5781,-1,-1,-1
925,81,328.13,377.29,70.42,180.27,0.5645,-1,-1,-1
925,78,864.64,406.33,60.78,215.35,0.7590,-1,-1,-1
925,77,942.31,392.29,79.10,221.92,0.7580,-1,-1,-1
925,60,308.10,714.69,85.26,261.39,0.7441,-1,-1,-1
925,39,1577.32,597.87,95.72,228.89,0.3544,-1,-1,-1
925,36,906.48,954.76,75.58,125.24,0.7234,-1,-1,-1
925,4,1718.53,455.31,77.01,210.60,0.6065,-1,-1,-1
926,98,1616.49,74.42,49.42,161.15,0.2511,-1,-1,-1
926,96,311.97,167.55,72.63,187.54,0.2756,-1,-1,-1
926,95,1756.66,677.19,77.21,250.34,0.5901,-1,-1,-1
926,93,1279.69,827.52,93.34,250.75,0.7913,-1,-1,-1
926,92,1123.55,46.39,58.80,164.57,0.4174,-1,-1,-1
926,89,806.22,136.75,58.13,176.12,0.3223,-1,-1,-1
926,88,455.19,200.03,72.46,200.64,0.4078,-1,-1,-1
926,83,400.28,363.53,73.18,212.55,0.5019,-1,-1,-1
926,81,329.17,379.26,68.97,180.22,0.5365,-1,-1,-1
926,78,864.24,405.87,60.59,215.33,0.7058,-1,-1,-1
926,77,940.49,392.14,81.03,221.92,0.7611,-1,-1,-1
926,60,308.19,717.71,86.66,261.08,0.7453,-1,-1,-1
926,39,1577.82,598.32,94.64,228.65,0.3226,-1,-1,-1
926,36,907.09,955.38,76.80,124.62,0.7305,-1,-1,-1
926,4,1719.17,456.11,76.59,209.31,0.5820,-1,-1,-1
927,98,1617.23,75.30,51.01,161.78,0.3159,-1,-1,-1
927,96,310.66,168.96,69.95,188.76,0.2896,-1,-1,-1
927,95,1757.04,676.74,77.33,253.40,0.5866,-1,-1,-1
927,93,1276.49,825.51,94.06,252.25,0.8028,-1,-1,-1
927,92,1124.68,46.89,57.51,164.03,0.4168,-1,-1,-1
927,89,806.40,137.11,57.74,175.24,0.3412,-1,-1,-1
927,88,456.23,201.61,71.20,200.43,0.3875,-1,-1,-1
927,83,401.64,364.96,71.24,211.55,0.4960,-1,-1,-1
927,81,329.71,382.96,67.33,181.15,0.5716,-1,-1,-1
927,78,863.46,405.11,60.69,213.50,0.7405,-1,-1,-1
927,77,940.58,391.32,81.00,220.29,0.7727,-1,-1,-1
927,60,308.84,720.59,85.92,264.26,0.7485,-1,-1,-1
927,39,1573.73,597.76,100.64,226.19,0.4310,-1,-1,-1
927,36,907.41,954.85,74.93,125.15,0.7390,-1,-1,-1
927,4,1719.09,456.14,76.42,209.24,0.6106,-1,-1,-1
928,98,1617.63,75.97,51.88,159.61,0.2906,-1,-1,-1
928,96,310.28,169.27,71.04,189.89,0.3389,-1,-1,-1
928,95,1756.08,675.76,78.25,253.01,0.5879,-1,-1,-1
928,93,1274.41,822.43,92.47,256.30,0.7776,-1,-1,-1
928,92,1125.48,46.31,57.59,166.79,0.4995,-1,-1,-1
928,89,804.70,136.94,59.42,175.16,0.3212,-1,-1,-1
928,88,456.68,204.40,69.17,198.17,0.3637,-1,-1,-1
928,83,399.28,363.60,73.35,212.36,0.5134,-1,-1,-1
928,81,329.72,384.27,67.77,185.41,0.5213,-1,-1,-1
928,78,862.63,404.23,61.04,214.69,0.7356,-1,-1,-1
928,77,941.28,389.96,80.02,220.89,0.7680,-1,-1,-1
928,60,311.81,725.68,83.39,264.14,0.7732,-1,-1,-1
928,39,1578.98,598.11,94.12,228.75,0.4136,-1,-1,-1
928,36,906.82,954.70,76.11,125.30,0.7214,-1,-1,-1
928,4,1718.76,456.35,76.41,208.77,0.6037,-1,-1,-1
929,99,371.45,214.33,48.34,159.77,0.2720,-1,-1,-1
929,98,1617.76,77.08,53.44,159.86,0.3462,-1,-1,-1
929,97,1731.50,101.12,46.05,179.50,0.3092,-1,-1,-1
929,96,311.75,170.70,69.84,187.08,0.2668,-1,-1,-1
929,95,1755.39,676.84,79.37,251.45,0.5932,-1,-1,-1
929,93,1273.44,816.98,91.32,260.74,0.7776,-1,-1,-1
929,92,1126.24,46.09,56.83,163.91,0.5008,-1,-1,-1
929,89,807.99,136.84,56.07,176.28,0.3260,-1,-1,-1
929,88,454.48,204.40,74.03,199.73,0.3313,-1,-1,-1
929,83,398.43,364.29,74.07,211.84,0.5725,-1,-1,-1
929,81,329.59,385.55,70.23,187.57,0.5342,-1,-1,-1
929,78,860.77,401.59,62.82,216.69,0.7445,-1,-1,-1
929,77,941.01,388.32,78.92,221.40,0.7690,-1,-1,-1
929,60,312.99,726.94,83.90,265.17,0.7942,-1,-1,-1
929,39,1580.86,598.73,91.78,227.69,0.3675,-1,-1,-1
929,36,907.37,954.99,76.05,125.01,0.7311,-1,-1,-1
929,4,1718.46,456.17,76.57,209.39,0.6081,-1,-1,-1
930,99,369.07,218.98,51.04,159.08,0.2971,-1,-1,-1
930,98,1618.34,78.50,53.49,159.02,0.3847,-1,-1,-1
930,97,1732.92,106.23,48.12,178.85,0.3697,-1,-1,-1
930,96,310.26,168.06,70.47,191.41,0.3114,-1,-1,-1
930,95,1751.90,677.26,83.94,251.20,0.5857,-1,-1,-1
930,93,1271.76,813.66,92.26,266.34,0.7958,-1,-1,-1
930,92,1126.16,45.45,56.60,163.58,0.4963,-1,-1,-1
930,89,807.53,137.42,56.76,174.82,0.3352,-1,-1,-1
930,88,455.68,203.11,71.46,200.30,0.2851,-1,-1,-1
930,83,397.94,364.73,72.97,208.28,0.5126,-1,-1,-1
930,81,329.53,387.27,72.00,187.93,0.4997,-1,-1,-1
930,78,860.81,399.25,62.80,214.18,0.7167,-1,-1,-1
930,77,940.88,385.76,78.64,222.79,0.7703,-1,-1,-1
930,60,314.14,728.84,83.43,261.02,0.7750,-1,-1,-1
930,39,1580.91,598.27,91.27,227.87,0.3754,-1,-1,-1
930,36,905.79,954.35,76.55,125.50,0.7199,-1,-1,-1
930,4,1719.50,456.38,75.69,209.10,0.5979,-1,-1,-1
931,98,1620.68,78.69,51.48,158.20,0.3553,-1,-1,-1
931,97,1733.62,106.95,47.99,177.73,0.3078,-1,-1,-1
931,96,312.61,170.32,71.38,186.60,0.2642,-1,-1,-1
931,95,1750.54,675.52,84.01,252.81,0.6232,-1,-1,-1
931,93,1270.97,809.37,90.70,270.63,0.7848,-1,-1,-1
931,92,1126.09,46.36,56.64,164.18,0.4466,-1,-1,-1
931,89,807.99,137.56,56.42,173.43,0.3165,-1,-1,-1
931,83,396.37,367.62,74.19,204.06,0.4995,-1,-1,-1
931,81,328.89,388.25,72.03,189.49,0.5056,-1,-1,-1
931,78,860.41,399.46,61.89,201.15,0.6987,-1,-1,-1
931,77,941.36,383.71,76.81,219.94,0.7590,-1,-1,-1
931,60,315.56,730.53,83.89,258.21,0.7858,-1,-1,-1
931,39,1576.02,597.58,97.57,226.42,0.5221,-1,-1,-1
931,36,906.87,955.08,77.30,124.92,0.7312,-1,-1,-1
931,4,1719.14,456.32,76.23,208.79,0.5658,-1,-1,-1
932,98,1621.04,79.59,51.03,159.46,0.3495,-1,-1,-1
932,97,1734.82,107.62,48.07,176.26,0.3083,-1,-1,-1
932,96,312.31,169.39,71.26,187.56,0.2895,-1,-1,-1
932,95,1749.46,675.57,85.74,251.88,0.6178,-1,-1,-1
932,93,1269.79,804.77,90.75,275.23,0.7910,-1,-1,-1
932,92,1125.59,47.69,58.19,166.09,0.4086,-1,-1,-1
932,89,808.31,136.87,56.27,175.51,0.3137,-1,-1,-1
932,83,397.13,364.83,73.08,209.55,0.4781,-1,-1,-1
932,81,328.92,388.55,71.07,187.29,0.4638,-1,-1,-1
932,78,859.60,396.36,62.26,201.41,0.6499,-1,-1,-1
932,77,942.62,381.00,75.98,217.37,0.7427,-1,-1,-1
932,60,317.40,731.43,83.11,256.02,0.7791,-1,-1,-1
932,39,1576.68,598.13,96.87,226.04,0.5566,-1,-1,-1
932,36,907.59,954.40,76.55,125.60,0.7308,-1,-1,-1
932,4,1720.11,455.96,75.12,209.73,0.5774,-1,-1,-1
933,98,1622.75,80.99,49.89,159.64,0.3202,-1,-1,-1
933,97,1735.08,106.38,50.47,176.59,0.3054,-1,-1,-1
933,96,313.81,169.13,69.95,186.53,0.3069,-1,-1,-1
933,95,1749.10,674.67,84.38,254.23,0.6322,-1,-1,-1
933,93,1269.59,801.96,89.60,274.70,0.7759,-1,-1,-1
933,92,1126.36,50.21,57.41,165.53,0.3777,-1,-1,-1
933,89,809.23,137.13,55.12,175.29,0.3000,-1,-1,-1
933,83,394.26,366.18,75.22,207.38,0.5205,-1,-1,-1
933,81,329.26,389.83,69.85,187.03,0.4273,-1,-1,-1
933,78,858.82,394.93,62.57,198.40,0.6494,-1,-1,-1
933,77,941.73,378.76,76.62,213.11,0.7366,-1,-1,-1
933,60,317.66,733.01,84.89,257.04,0.7950,-1,-1,-1
933,39,1574.98,595.25,99.25,229.15,0.5289,-1,-1,-1
933,36,907.54,954.49,77.16,125.51,0.7422,-1,-1,-1
933,4,1720.05,455.88,74.78,209.90,0.5547,-1,-1,-1
934,98,1620.97,83.23,52.76,157.02,0.2798,-1,-1,-1
934,97,1736.66,106.12,50.24,173.79,0.3335,-1,-1,-1
934,96,314.05,170.72,69.56,184.23,0.2726,-1,-1,-1
934,95,1748.85,675.54,85.48,251.77,0.6116,-1,-1,-1
934,93,1268.50,799.13,88.95,272.37,0.7781,-1,-1,-1
934,92,1127.46,53.93,57.13,161.85,0.3719,-1,-1,-1
934,89,808.09,137.41,55.86,175.83,0.3121,-1,-1,-1
934,83,393.37,368.18,75.11,206.16,0.5513,-1,-1,-1
934,81,330.42,391.38,69.82,186.28,0.3430,-1,-1,-1
934,78,858.12,392.95,63.23,202.22,0.6634,-1,-1,-1
934,77,943.06,376.26,74.58,213.68,0.7236,-1,-1,-1
934,60,318.07,734.19,86.16,256.06,0.8048,-1,-1,-1
934,39,1576.41,596.04,97.72,228.56,0.5557,-1,-1,-1
934,36,907.58,953.78,77.55,126.22,0.7532,-1,-1,-1
934,4,1720.18,455.90,74.54,210.12,0.5788,-1,-1,-1
935,98,1619.74,84.66,55.25,157.23,0.3242,-1,-1,-1
935,97,1735.69,109.33,51.99,170.79,0.3071,-1,-1,-1
935,96,312.32,168.76,69.60,189.73,0.2698,-1,-1,-1
935,95,1748.96,674.26,86.97,255.43,0.6215,-1,-1,-1
935,93,1268.03,796.22,89.44,272.21,0.7687,-1,-1,-1
935,92,1127.48,55.97,57.58,163.84,0.4230,-1,-1,-1
935,89,808.15,137.20,56.14,175.65,0.3050,-1,-1,-1
935,83,391.30,369.23,77.66,205.62,0.5372,-1,-1,-1
935,81,344.04,395.15,57.71,181.29,0.3333,-1,-1,-1
935,78,858.28,390.74,63.08,201.81,0.6730,-1,-1,-1
935,77,944.73,374.09,70.34,210.60,0.7354,-1,-1,-1
935,60,318.43,735.88,89.19,256.27,0.8270,-1,-1,-1
935,39,1575.83,596.05,98.65,228.99,0.5820,-1,-1,-1
935,36,907.30,953.52,77.53,126.48,0.7411,-1,-1,-1
935,4,1720.50,456.42,74.79,209.27,0.5758,-1,-1,-1
936,99,363.80,231.99,52.06,160.49,0.2752,-1,-1,-1
936,98,1620.20,85.26,55.79,164.04,0.2625,-1,-1,-1
936,96,313.63,171.17,67.85,190.92,0.2552,-1,-1,-1
936,95,1749.31,674.36,86.38,253.73,0.6005,-1,-1,-1
936,93,1266.93,792.99,90.56,278.26,0.7685,-1,-1,-1
936,92,1126.92,57.74,59.59,164.34,0.4374,-1,-1,-1
936,89,806.46,137.00,57.91,175.27,0.2632,-1,-1,-1
936,83,390.01,368.52,78.85,214.35,0.6009,-1,-1,-1
936,81,342.26,394.77,58.96,180.80,0.3718,-1,-1,-1
936,78,858.99,388.85,62.40,208.72,0.6700,-1,-1,-1
936,77,944.59,373.93,68.82,210.30,0.7076,-1,-1,-1
936,60,318.76,736.53,90.65,254.39,0.8219,-1,-1,-1
936,39,1576.88,596.65,98.04,227.35,0.5668,-1,-1,-1
936,36,907.97,951.75,76.60,127.64,0.7264,-1,-1,-1
936,4,1721.20,455.86,72.97,208.73,0.5626,-1,-1,-1
937,95,1749.00,674.07,86.33,255.33,0.6190,-1,-1,-1
937,93,1264.99,790.94,91.99,279.62,0.7772,-1,-1,-1
937,92,1125.85,58.90,60.91,167.19,0.4209,-1,-1,-1
937,89,808.57,136.68,55.56,175.83,0.2691,-1,-1,-1
937,83,388.98,368.77,79.46,218.79,0.6128,-1,-1,-1
937,81,343.11,394.48,57.69,181.76,0.3771,-1,-1,-1
937,78,858.63,388.56,62.25,209.68,0.6908,-1,-1,-1
937,77,944.99,373.25,67.07,211.20,0.6931,-1,-1,-1
937,60,319.01,737.75,93.58,253.42,0.8362,-1,-1,-1
937,39,1575.33,595.84,100.08,228.40,0.5395,-1,-1,-1
937,36,908.04,952.53,77.25,127.47,0.7439,-1,-1,-1
937,4,1721.49,456.53,73.00,208.96,0.5540,-1,-1,-1
938,95,1747.86,673.67,87.26,254.76,0.6238,-1,-1,-1
938,93,1263.35,788.29,91.39,283.86,0.7856,-1,-1,-1
938,92,1127.22,61.01,60.36,165.23,0.4437,-1,-1,-1
938,89,806.96,137.18,57.22,174.52,0.2718,-1,-1,-1
938,83,390.22,371.18,78.50,218.11,0.5661,-1,-1,-1
938,81,343.53,393.52,58.37,182.34,0.3944,-1,-1,-1
938,78,858.11,386.38,62.18,209.66,0.6817,-1,-1,-1
938,77,944.64,370.68,65.49,214.74,0.7006,-1,-1,-1
938,60,319.20,738.26,95.20,255.14,0.8322,-1,-1,-1
938,39,1576.25,597.15,98.29,227.30,0.5624,-1,-1,-1
938,36,909.54,951.37,75.86,128.63,0.7531,-1,-1,-1
938,4,1720.20,456.76,74.48,208.89,0.5748,-1,-1,-1
939,95,1747.08,675.12,85.96,253.95,0.6275,-1,-1,-1
939,93,1262.66,786.29,90.97,284.69,0.7899,-1,-1,-1
939,92,1126.43,61.86,61.91,166.99,0.4555,-1,-1,-1
939,89,808.42,136.94,55.83,174.25,0.2711,-1,-1,-1
939,83,391.16,379.86,78.02,212.52,0.5988,-1,-1,-1
939,81,343.53,393.09,58.01,183.53,0.3961,-1,-1,-1
939,78,858.32,386.88,61.78,210.74,0.6651,-1,-1,-1
939,77,944.82,370.11,65.48,214.77,0.6721,-1,-1,-1
939,60,319.70,739.62,94.50,258.58,0.8306,-1,-1,-1
939,39,1574.82,594.45,99.12,229.92,0.5193,-1,-1,-1
939,36,912.08,950.46,74.70,129.54,0.7241,-1,-1,-1
939,4,1720.98,456.43,73.15,210.16,0.5562,-1,-1,-1
940,98,1624.89,94.90,53.56,161.42,0.2608,-1,-1,-1
940,95,1746.28,673.75,86.33,253.56,0.6366,-1,-1,-1
940,93,1260.87,784.98,89.48,284.89,0.7855,-1,-1,-1
940,92,1126.46,63.74,63.55,167.78,0.4520,-1,-1,-1
940,89,807.83,136.61,55.94,174.40,0.2870,-1,-1,-1
940,83,391.49,383.40,75.94,209.73,0.5960,-1,-1,-1
940,81,342.37,393.14,58.04,183.74,0.4059,-1,-1,-1
940,78,859.10,386.75,61.11,210.96,0.6761,-1,-1,-1
940,77,943.59,369.93,66.08,214.83,0.6938,-1,-1,-1
940,60,320.81,740.67,93.26,262.95,0.8255,-1,-1,-1
940,39,1574.89,595.56,98.75,228.65,0.5341,-1,-1,-1
940,36,912.20,949.30,74.61,130.70,0.7624,-1,-1,-1
940,4,1720.78,456.11,73.50,209.94,0.5603,-1,-1,-1
941,98,1626.94,96.26,51.42,159.32,0.2742,-1,-1,-1
941,95,1747.07,674.14,87.50,254.32,0.6634,-1,-1,-1
941,93,1259.06,783.73,89.46,287.73,0.7845,-1,-1,-1
941,92,1128.33,65.23,62.49,167.40,0.4473,-1,-1,-1
941,89,807.25,136.87,56.74,175.64,0.2788,-1,-1,-1
941,88,483.08,211.73,54.23,179.62,0.3003,-1,-1,-1
941,83,390.08,383.17,76.67,212.73,0.6217,-1,-1,-1
941,81,342.45,393.96,55.60,183.60,0.3776,-1,-1,-1
941,78,858.54,386.17,61.83,211.91,0.7099,-1,-1,-1
941,77,942.33,368.83,65.65,216.62,0.7172,-1,-1,-1
941,60,321.84,743.24,93.55,269.42,0.8185,-1,-1,-1
941,39,1574.72,595.41,98.74,229.52,0.5660,-1,-1,-1
941,36,912.28,948.32,75.46,131.68,0.7510,-1,-1,-1
941,4,1719.43,456.55,74.65,208.65,0.5797,-1,-1,-1
942,98,1628.83,95.77,50.39,159.59,0.2872,-1,-1,-1
942,95,1746.50,672.26,88.39,253.61,0.6572,-1,-1,-1
942,93,1256.77,783.75,90.10,285.99,0.7772,-1,-1,-1
942,92,1129.21,66.21,63.12,168.64,0.4669,-1,-1,-1
942,89,807.01,137.24,56.98,174.10,0.2687,-1,-1,-1
942,88,483.49,211.94,53.59,179.02,0.2982,-1,-1,-1
942,83,391.50,385.77,75.85,211.81,0.5923,-1,-1,-1
942,81,341.33,393.35,58.31,185.92,0.3791,-1,-1,-1
942,78,858.61,385.13,61.88,212.67,0.7004,-1,-1,-1
942,77,941.78,368.69,65.83,215.73,0.7135,-1,-1,-1
942,60,322.63,747.46,92.83,269.10,0.8174,-1,-1,-1
942,39,1574.57,594.76,99.00,230.06,0.5421,-1,-1,-1
942,36,913.48,947.14,74.19,132.86,0.7629,-1,-1,-1
942,4,1720.09,456.10,73.97,210.28,0.5560,-1,-1,-1
943,95,1745.78,671.25,87.87,255.22,0.6666,-1,-1,-1
943,93,1255.83,782.52,89.01,285.95,0.7747,-1,-1,-1
943,92,1129.62,66.31,62.29,166.65,0.4227,-1,-1,-1
943,89,811.01,135.99,53.85,174.05,0.2710,-1,-1,-1
943,88,480.33,213.30,56.58,183.24,0.3024,-1,-1,-1
943,83,392.87,387.30,74.93,210.48,0.5724,-1,-1,-1
943,81,338.62,396.43,58.28,186.06,0.3423,-1,-1,-1
943,78,858.16,383.70,62.56,212.12,0.6830,-1,-1,-1
943,77,940.28,366.94,67.10,217.31,0.7137,-1,-1,-1
943,60,323.13,751.01,92.89,266.26,0.8185,-1,-1,-1
943,39,1575.01,595.71,98.55,228.52,0.5498,-1,-1,-1
943,36,914.38,945.49,73.86,134.51,0.7552,-1,-1,-1
943,4,1720.02,456.35,73.71,209.25,0.5679,-1,-1,-1
944,95,1745.69,673.59,86.98,253.86,0.6759,-1,-1,-1
944,93,1253.18,779.87,90.58,286.40,0.7733,-1,-1,-1
944,92,1131.78,64.82,61.37,165.61,0.4175,-1,-1,-1
944,89,806.35,137.42,57.67,174.58,0.2609,-1,-1,-1
944,88,479.38,214.86,56.88,184.65,0.2874,-1,-1,-1
944,83,392.33,387.77,75.36,209.26,0.5443,-1,-1,-1
944,81,338.21,402.54,58.44,186.63,0.3287,-1,-1,-1
944,78,858.07,381.76,62.15,214.08,0.6919,-1,-1,-1
944,77,938.64,366.20,66.88,216.75,0.6970,-1,-1,-1
944,60,323.61,754.48,92.03,262.43,0.8223,-1,-1,-1
944,39,1575.04,594.38,97.83,229.99,0.5492,-1,-1,-1
944,36,915.85,944.26,73.93,135.74,0.7346,-1,-1,-1
944,4,1720.30,456.48,72.87,210.42,0.5652,-1,-1,-1
945,95,1745.06,673.82,87.19,253.03,0.6790,-1,-1,-1
945,93,1252.88,777.28,89.20,288.64,0.7646,-1,-1,-1
945,92,1133.11,65.62,59.84,163.88,0.4167,-1,-1,-1
945,89,806.36,137.06,57.50,175.29,0.2671,-1,-1,-1
945,88,475.77,214.57,60.41,185.83,0.3323,-1,-1,-1
945,83,392.80,388.28,75.39,209.29,0.5453,-1,-1,-1
945,81,338.13,412.10,61.28,183.60,0.3736,-1,-1,-1
945,78,857.28,379.02,63.09,212.31,0.6941,-1,-1,-1
945,77,940.68,364.24,63.47,216.58,0.6920,-1,-1,-1
945,60,323.95,756.62,91.03,263.60,0.8238,-1,-1,-1
945,39,1575.64,596.17,98.02,228.38,0.5617,-1,-1,-1
945,36,916.12,943.70,74.11,136.30,0.7563,-1,-1,-1
945,4,1719.60,455.88,73.83,211.43,0.5428,-1,-1,-1
946,95,1742.56,673.09,89.85,252.91,0.6627,-1,-1,-1
946,93,1250.38,774.70,89.84,281.79,0.7754,-1,-1,-1
946,92,1135.08,66.04,58.77,164.72,0.4413,-1,-1,-1
946,89,808.00,135.61,55.58,177.49,0.3111,-1,-1,-1
946,88,477.43,215.34,58.79,184.90,0.3412,-1,-1,-1
946,83,390.77,388.13,75.69,209.87,0.5929,-1,-1,-1
946,81,326.69,408.91,69.77,188.66,0.4700,-1,-1,-1
946,78,856.83,376.64,64.58,214.51,0.6505,-1,-1,-1
946,77,939.05,362.42,62.98,215.86,0.6465,-1,-1,-1
946,60,324.45,759.87,90.79,264.57,0.8211,-1,-1,-1
946,39,1576.74,597.56,96.58,225.77,0.5650,-1,-1,-1
946,36,918.72,943.61,72.08,136.39,0.7573,-1,-1,-1
946,4,1719.54,457.43,74.18,208.14,0.5701,-1,-1,-1
947,95,1743.83,668.45,88.88,255.02,0.6927,-1,-1,-1
947,93,1249.36,771.38,89.10,280.07,0.7635,-1,-1,-1
947,92,1138.27,67.19,55.16,161.84,0.3950,-1,-1,-1
947,88,476.49,215.60,60.35,185.21,0.3209,-1,-1,-1
947,83,392.37,387.97,74.07,210.24,0.5918,-1,-1,-1
947,81,329.08,411.70,67.30,187.59,0.4790,-1,-1,-1
947,78,856.22,374.07,64.64,210.79,0.6627,-1,-1,-1
947,77,937.62,360.75,62.44,210.00,0.6497,-1,-1,-1
947,60,323.81,760.38,91.36,268.03,0.8234,-1,-1,-1
947,39,1576.65,597.21,97.94,227.10,0.5839,-1,-1,-1
947,36,918.97,941.41,72.03,138.59,0.7545,-1,-1,-1
947,4,1719.88,457.79,73.18,208.79,0.5716,-1,-1,-1
948,98,1634.02,96.79,52.41,161.85,0.2918,-1,-1,-1
948,95,1739.61,669.60,94.71,255.40,0.6819,-1,-1,-1
948,93,1248.21,768.62,86.32,277.05,0.7740,-1,-1,-1
948,92,1139.33,68.07,57.58,163.34,0.4262,-1,-1,-1
948,88,476.93,215.34,60.54,184.58,0.3205,-1,-1,-1
948,83,391.77,388.10,74.48,209.90,0.5570,-1,-1,-1
948,81,329.35,412.76,65.41,188.17,0.4744,-1,-1,-1
948,78,856.06,370.63,64.19,211.60,0.6636,-1,-1,-1
948,77,936.92,357.41,61.20,207.69,0.6516,-1,-1,-1
948,60,323.19,762.59,90.33,269.37,0.8271,-1,-1,-1
948,39,1575.98,595.17,98.48,228.89,0.5928,-1,-1,-1
948,36,919.63,940.02,72.55,139.98,0.7535,-1,-1,-1
948,4,1719.90,457.16,72.89,209.05,0.5740,-1,-1,-1
949,95,1743.19,670.50,88.34,249.97,0.6772,-1,-1,-1
949,93,1248.02,763.62,85.37,273.51,0.7645,-1,-1,-1
949,92,1140.73,68.71,59.01,166.16,0.3905,-1,-1,-1
949,89,807.69,135.84,56.05,175.63,0.2811,-1,-1,-1
949,88,475.44,216.38,61.56,181.68,0.3145,-1,-1,-1
949,83,392.12,390.17,73.63,207.94,0.5632,-1,-1,-1
949,81,323.78,412.79,68.81,191.10,0.5555,-1,-1,-1
949,78,855.39,368.52,64.64,211.53,0.6665,-1,-1,-1
949,77,934.49,355.45,62.99,209.90,0.6397,-1,-1,-1
949,60,323.47,763.77,90.83,268.09,0.8215,-1,-1,-1
949,39,1577.07,594.47,97.70,230.15,0.5769,-1,-1,-1
949,36,920.92,939.12,72.08,140.88,0.7384,-1,-1,-1
949,4,1719.76,456.69,72.78,208.93,0.5778,-1,-1,-1
950,95,1742.81,666.97,89.52,257.47,0.6784,-1,-1,-1
950,93,1246.56,758.74,85.12,265.63,0.7694,-1,-1,-1
950,92,1143.18,68.19,61.29,167.97,0.3584,-1,-1,-1
950,89,808.73,135.73,54.98,176.74,0.2631,-1,-1,-1
950,88,474.52,216.65,61.70,180.60,0.3310,-1,-1,-1
950,83,390.50,389.55,74.60,209.34,0.5832,-1,-1,-1
950,81,326.05,413.85,67.18,189.82,0.5093,-1,-1,-1
950,78,856.11,366.64,64.42,204.18,0.6536,-1,-1,-1
950,77,930.50,351.91,65.47,209.53,0.6465,-1,-1,-1
950,60,322.54,764.80,90.13,266.90,0.8229,-1,-1,-1
950,39,1575.58,595.02,98.88,228.74,0.5695,-1,-1,-1
950,36,922.70,937.27,70.21,142.73,0.7546,-1,-1,-1
950,4,1719.89,456.05,73.18,210.39,0.5724,-1,-1,-1
951,95,1743.14,667.64,88.81,254.89,0.6551,-1,-1,-1
951,93,1245.04,753.90,85.17,266.27,0.7681,-1,-1,-1
951,92,1143.94,71.11,62.01,163.14,0.3807,-1,-1,-1
951,89,809.27,136.01,54.38,176.20,0.2905,-1,-1,-1
951,88,474.86,218.32,62.50,179.13,0.3399,-1,-1,-1
951,83,390.79,390.38,74.54,206.80,0.5050,-1,-1,-1
951,81,322.04,414.19,72.32,189.57,0.4992,-1,-1,-1
951,78,854.93,365.16,65.57,205.73,0.6687,-1,-1,-1
951,77,930.04,349.24,65.71,210.80,0.6530,-1,-1,-1
951,60,322.03,766.53,90.71,265.08,0.8162,-1,-1,-1
951,39,1575.78,594.71,99.37,229.44,0.5818,-1,-1,-1
951,36,922.16,936.77,71.26,143.23,0.7624,-1,-1,-1
951,4,1719.71,456.05,73.42,211.17,0.5729,-1,-1,-1
952,95,1742.12,668.17,90.97,256.66,0.6680,-1,-1,-1
952,93,1242.17,751.32,86.87,267.53,0.7632,-1,-1,-1
952,92,1146.71,73.74,59.04,163.47,0.3474,-1,-1,-1
952,89,808.98,135.60,54.62,174.92,0.2659,-1,-1,-1
952,88,474.42,220.54,63.64,176.29,0.3209,-1,-1,-1
952,83,392.48,390.40,73.09,206.73,0.5193,-1,-1,-1
952,81,324.41,414.40,69.84,189.12,0.4301,-1,-1,-1
952,78,854.24,363.85,66.28,206.00,0.6924,-1,-1,-1
952,77,929.67,346.99,65.66,212.85,0.6932,-1,-1,-1
952,60,322.21,768.06,89.90,264.27,0.8045,-1,-1,-1
952,39,1575.06,596.15,100.51,227.86,0.5733,-1,-1,-1
952,36,923.60,935.96,70.92,144.04,0.7730,-1,-1,-1
952,4,1719.43,456.40,73.30,210.95,0.5726,-1,-1,-1
953,95,1741.97,668.64,90.90,255.41,0.6718,-1,-1,-1
953,93,1241.36,750.64,86.43,266.03,0.7808,-1,-1,-1
953,92,1146.58,74.47,59.12,166.14,0.3897,-1,-1,-1
953,89,809.30,136.35,54.62,176.72,0.2910,-1,-1,-1
953,88,476.32,220.41,62.43,176.39,0.3689,-1,-1,-1
953,83,391.02,394.25,75.23,208.22,0.5568,-1,-1,-1
953,81,321.69,413.40,72.40,190.86,0.4324,-1,-1,-1
953,78,852.50,362.45,68.69,207.32,0.6849,-1,-1,-1
953,77,927.20,346.24,67.22,211.74,0.7091,-1,-1,-1
953,60,321.37,769.69,89.45,262.74,0.8139,-1,-1,-1
953,39,1576.16,594.49,99.54,229.35,0.6085,-1,-1,-1
953,36,924.76,935.35,70.77,144.65,0.7790,-1,-1,-1
953,4,1719.22,457.07,73.99,209.40,0.5690,-1,-1,-1
954,95,1742.06,669.77,90.92,254.72,0.6843,-1,-1,-1
954,93,1237.52,748.96,89.19,266.89,0.7783,-1,-1,-1
954,92,1147.24,77.29,59.39,165.94,0.3980,-1,-1,-1
954,89,808.21,136.47,54.89,175.16,0.3037,-1,-1,-1
954,88,476.80,221.50,63.15,175.78,0.3804,-1,-1,-1
954,83,388.67,394.01,77.00,211.47,0.6116,-1,-1,-1
954,81,321.93,414.32,68.97,189.14,0.4591,-1,-1,-1
954,78,852.24,360.94,67.69,208.34,0.6722,-1,-1,-1
954,77,925.49,345.42,68.65,211.85,0.7075,-1,-1,-1
954,60,322.56,771.23,88.59,261.46,0.8179,-1,-1,-1
954,39,1576.46,596.74,98.48,227.85,0.5793,-1,-1,-1
954,36,925.45,934.63,70.19,145.37,0.7648,-1,-1,-1
954,4,1719.90,456.55,73.77,209.63,0.5802,-1,-1,-1
955,95,1742.12,668.55,90.55,253.83,0.6738,-1,-1,-1
955,93,1237.30,746.41,87.72,268.99,0.7885,-1,-1,-1
955,92,1148.24,79.61,60.74,164.31,0.3762,-1,-1,-1
955,89,807.89,137.30,55.27,175.03,0.2793,-1,-1,-1
955,88,476.71,222.89,65.16,176.87,0.3835,-1,-1,-1
955,83,389.13,396.97,78.05,213.11,0.5808,-1,-1,-1
955,81,320.24,417.84,70.33,178.32,0.4158,-1,-1,-1
955,78,852.50,360.73,67.05,209.03,0.6672,-1,-1,-1
955,77,925.70,344.11,69.24,212.00,0.6882,-1,-1,-1
955,60,322.32,772.92,88.44,259.60,0.8191,-1,-1,-1
955,39,1576.23,593.51,99.28,230.40,0.5887,-1,-1,-1
955,36,926.38,934.45,68.87,145.55,0.7774,-1,-1,-1
955,4,1718.94,455.93,74.86,210.52,0.5750,-1,-1,-1
956,95,1741.70,667.79,90.99,254.10,0.6595,-1,-1,-1
956,93,1235.07,744.33,87.67,269.87,0.7904,-1,-1,-1
956,92,1149.44,80.70,61.11,163.05,0.3010,-1,-1,-1
956,89,807.42,137.43,55.67,176.48,0.2890,-1,-1,-1
956,88,478.75,221.56,65.09,180.58,0.4051,-1,-1,-1
956,83,389.47,400.82,77.19,212.64,0.6062,-1,-1,-1
956,81,321.23,418.39,68.91,180.58,0.4537,-1,-1,-1
956,78,851.37,360.82,67.62,210.54,0.6592,-1,-1,-1
956,77,924.00,344.28,71.62,215.46,0.6934,-1,-1,-1
956,60,321.69,772.81,88.87,259.25,0.8291,-1,-1,-1
956,39,1579.32,594.81,96.35,229.14,0.5549,-1,-1,-1
956,36,926.03,933.58,70.05,146.42,0.7814,-1,-1,-1
956,4,1719.93,456.57,73.74,210.15,0.5839,-1,-1,-1
957,100,424.88,235.38,59.42,189.53,0.4077,-1,-1,-1
957,98,1641.10,108.70,54.47,156.08,0.2610,-1,-1,-1
957,95,1738.96,669.82,94.38,250.73,0.6712,-1,-1,-1
957,93,1232.01,743.48,91.57,256.04,0.7516,-1,-1,-1
957,92,1149.83,80.08,60.29,161.69,0.2780,-1,-1,-1
957,89,807.33,136.64,55.62,175.92,0.2786,-1,-1,-1
957,88,477.28,225.22,67.92,177.43,0.4349,-1,-1,-1
957,83,388.06,404.47,77.76,213.34,0.6148,-1,-1,-1
957,81,323.03,418.74,66.33,181.80,0.4295,-1,-1,-1
957,78,850.73,361.32,67.24,207.31,0.6747,-1,-1,-1
957,77,921.04,344.19,74.08,215.06,0.6919,-1,-1,-1
957,60,321.99,773.66,87.97,259.60,0.8345,-1,-1,-1
957,39,1582.20,593.27,93.55,230.66,0.5683,-1,-1,-1
957,36,925.99,933.28,71.04,146.72,0.7785,-1,-1,-1
957,4,1719.03,456.16,74.39,210.11,0.5704,-1,-1,-1
958,100,424.10,236.75,59.84,194.18,0.4598,-1,-1,-1
958,98,1642.96,108.97,52.91,157.36,0.2772,-1,-1,-1
958,95,1739.14,667.67,94.62,254.46,0.6619,-1,-1,-1
958,93,1231.12,742.11,91.04,260.09,0.7563,-1,-1,-1
958,92,1150.62,79.78,59.78,162.97,0.3161,-1,-1,-1
958,89,807.23,136.45,55.49,177.65,0.2891,-1,-1,-1
958,88,480.69,228.59,65.57,176.79,0.3702,-1,-1,-1
958,83,387.32,405.05,77.56,215.88,0.6000,-1,-1,-1
958,81,324.09,419.22,66.14,184.22,0.4485,-1,-1,-1
958,78,850.03,360.34,68.05,207.78,0.6794,-1,-1,-1
958,77,923.39,343.82,72.87,215.57,0.6939,-1,-1,-1
958,60,322.12,774.83,87.77,263.50,0.8282,-1,-1,-1
958,39,1580.02,595.65,95.75,227.93,0.5444,-1,-1,-1
958,36,926.79,932.86,70.88,147.14,0.7846,-1,-1,-1
958,4,1719.10,455.86,74.56,210.64,0.5803,-1,-1,-1
959,100,423.05,237.01,61.06,194.14,0.4961,-1,-1,-1
959,98,1644.37,109.71,52.46,159.08,0.2700,-1,-1,-1
959,95,1741.87,668.74,88.90,251.73,0.6475,-1,-1,-1
959,93,1227.74,741.01,93.53,250.43,0.7575,-1,-1,-1
959,92,1151.45,80.13,59.63,165.12,0.3746,-1,-1,-1
959,89,806.52,136.61,56.52,175.83,0.2547,-1,-1,-1
959,88,486.03,232.24,61.62,176.59,0.3642,-1,-1,-1
959,83,386.31,409.01,77.22,213.39,0.6066,-1,-1,-1
959,81,321.49,420.93,68.06,187.23,0.5241,-1,-1,-1
959,78,850.41,359.33,67.82,205.12,0.6791,-1,-1,-1
959,77,924.50,343.34,71.22,216.21,0.6844,-1,-1,-1
959,60,321.86,777.34,87.25,263.36,0.7966,-1,-1,-1
959,39,1581.08,596.70,94.02,227.70,0.5649,-1,-1,-1
959,36,927.18,932.98,70.65,147.02,0.7850,-1,-1,-1
959,4,1719.04,456.55,74.47,208.95,0.5795,-1,-1,-1
960,100,422.52,237.11,61.69,196.41,0.5243,-1,-1,-1
960,98,1645.94,110.88,52.50,158.77,0.2772,-1,-1,-1
960,95,1741.75,668.91,90.89,252.25,0.6831,-1,-1,-1
960,93,1224.67,739.10,94.11,258.26,0.7922,-1,-1,-1
960,92,1151.76,80.38,59.60,166.57,0.4256,-1,-1,-1
960,89,807.62,136.71,55.16,175.62,0.2651,-1,-1,-1
960,88,487.02,232.29,62.06,178.70,0.3806,-1,-1,-1
960,83,391.81,412.80,74.02,210.68,0.5337,-1,-1,-1
960,81,323.97,419.67,63.90,188.79,0.4976,-1,-1,-1
960,78,849.99,355.34,67.22,207.50,0.6896,-1,-1,-1
960,77,924.48,341.42,71.18,216.22,0.6972,-1,-1,-1
960,60,321.74,779.80,86.96,263.03,0.8038,-1,-1,-1
960,39,1579.30,591.97,97.49,231.89,0.5783,-1,-1,-1
960,36,927.29,932.33,71.25,147.67,0.7895,-1,-1,-1
960,4,1719.00,455.44,74.87,210.79,0.5901,-1,-1,-1
961,100,422.54,239.13,61.80,196.61,0.4805,-1,-1,-1
961,98,1645.98,110.27,53.87,159.80,0.2720,-1,-1,-1
961,95,1741.53,670.07,91.11,252.50,0.6778,-1,-1,-1
961,93,1221.51,736.56,95.39,256.73,0.7768,-1,-1,-1
961,92,1152.99,78.49,57.88,168.38,0.4790,-1,-1,-1
961,88,487.88,229.06,62.10,183.21,0.3742,-1,-1,-1
961,83,391.16,412.56,74.54,211.10,0.5708,-1,-1,-1
961,81,320.91,422.01,65.47,191.76,0.5798,-1,-1,-1
961,78,848.97,352.05,66.02,205.42,0.6869,-1,-1,-1
961,77,924.64,340.34,71.59,217.27,0.6922,-1,-1,-1
961,60,322.65,784.76,86.10,260.86,0.8185,-1,-1,-1
961,39,1576.71,593.60,99.47,230.17,0.5440,-1,-1,-1
961,36,927.95,931.96,70.73,148.04,0.7791,-1,-1,-1
961,4,1719.41,455.54,74.85,210.59,0.5980,-1,-1,-1
962,100,420.62,242.56,63.65,195.77,0.4940,-1,-1,-1
962,95,1741.52,665.63,92.44,260.54,0.6728,-1,-1,-1
962,93,1220.65,732.63,93.41,256.54,0.7651,-1,-1,-1
962,92,1153.77,81.34,58.32,167.93,0.4089,-1,-1,-1
962,88,489.47,231.73,61.22,181.96,0.3572,-1,-1,-1
962,83,392.54,415.16,73.76,208.64,0.5328,-1,-1,-1
962,81,319.63,420.41,66.29,197.40,0.5731,-1,-1,-1
962,78,848.31,349.30,66.53,202.99,0.6835,-1,-1,-1
962,77,925.74,338.31,71.17,216.40,0.6877,-1,-1,-1
962,60,322.63,786.83,85.76,260.10,0.8293,-1,-1,-1
962,39,1576.39,590.08,100.98,233.71,0.5479,-1,-1,-1
962,36,928.02,932.10,71.19,147.90,0.7876,-1,-1,-1
962,4,1719.40,455.44,73.90,209.51,0.5954,-1,-1,-1
963,100,420.00,241.89,64.15,196.41,0.4983,-1,-1,-1
963,95,1741.41,668.39,91.85,253.93,0.6641,-1,-1,-1
963,93,1219.51,730.04,91.48,261.48,0.7674,-1,-1,-1
963,92,1153.84,83.00,58.64,166.51,0.2928,-1,-1,-1
963,88,489.03,231.65,62.96,181.54,0.3813,-1,-1,-1
963,83,392.21,415.02,74.14,209.02,0.5554,-1,-1,-1
963,81,319.97,419.56,66.03,201.40,0.5824,-1,-1,-1
963,78,848.88,347.94,64.23,202.98,0.6765,-1,-1,-1
963,77,924.64,335.82,70.57,218.53,0.6829,-1,-1,-1
963,60,323.51,789.74,86.44,264.06,0.8184,-1,-1,-1
963,39,1574.03,591.78,104.21,232.26,0.5532,-1,-1,-1
963,36,928.53,931.85,70.96,148.15,0.7774,-1,-1,-1
963,4,1719.45,455.33,74.19,209.79,0.5760,-1,-1,-1
964,100,420.50,242.65,61.63,200.56,0.4693,-1,-1,-1
964,95,1741.41,664.84,92.16,258.54,0.6723,-1,-1,-1
964,93,1219.11,727.17,88.57,269.35,0.7784,-1,-1,-1
964,92,1151.36,86.34,61.70,166.47,0.3099,-1,-1,-1
964,88,490.42,230.92,61.95,181.59,0.3874,-1,-1,-1
964,83,392.03,416.39,73.88,207.56,0.5665,-1,-1,-1
964,81,319.93,420.85,67.19,202.97,0.6054,-1,-1,-1
964,78,848.02,346.70,63.13,202.43,0.6549,-1,-1,-1
964,77,923.22,333.48,71.29,217.09,0.6621,-1,-1,-1
964,60,325.05,792.60,84.78,268.60,0.8266,-1,-1,-1
964,39,1575.22,588.75,101.14,235.86,0.5435,-1,-1,-1
964,36,928.09,932.18,71.43,147.82,0.7844,-1,-1,-1
964,4,1719.05,455.80,74.05,210.24,0.5696,-1,-1,-1
965,100,419.84,243.76,61.12,199.24,0.4530,-1,-1,-1
965,98,1644.48,118.63,59.60,156.55,0.2993,-1,-1,-1
965,97,1766.58,153.02,53.46,159.61,0.2957,-1,-1,-1
965,95,1741.82,669.66,92.55,254.12,0.6873,-1,-1,-1
965,93,1217.09,722.57,89.40,266.41,0.7903,-1,-1,-1
965,92,1152.71,89.06,63.29,164.18,0.3250,-1,-1,-1
965,89,807.35,136.17,54.84,175.92,0.2505,-1,-1,-1
965,88,490.61,230.41,63.34,183.55,0.4310,-1,-1,-1
965,83,392.21,416.98,73.23,206.40,0.5661,-1,-1,-1
965,81,318.30,428.94,67.34,193.70,0.6127,-1,-1,-1
965,78,849.39,343.94,60.54,200.79,0.6582,-1,-1,-1
965,77,924.06,331.07,71.39,213.45,0.6830,-1,-1,-1
965,60,326.18,795.44,84.52,273.58,0.8257,-1,-1,-1
965,39,1575.52,589.58,100.58,234.79,0.5982,-1,-1,-1
965,36,928.33,931.95,71.40,147.92,0.7785,-1,-1,-1
965,4,1719.47,455.84,74.31,209.10,0.5921,-1,-1,-1
966,100,419.88,243.90,60.30,199.59,0.4309,-1,-1,-1
966,98,1645.81,120.49,59.21,158.20,0.3065,-1,-1,-1
966,97,1768.07,151.23,56.77,162.23,0.2791,-1,-1,-1
966,95,1742.41,669.49,92.42,254.95,0.6890,-1,-1,-1
966,93,1216.38,719.20,89.65,259.96,0.7830,-1,-1,-1
966,92,1152.32,91.18,64.45,165.44,0.3650,-1,-1,-1
966,88,491.25,230.60,63.36,182.53,0.4289,-1,-1,-1
966,83,388.05,413.89,76.22,209.87,0.5526,-1,-1,-1
966,81,319.53,434.35,65.45,188.10,0.6087,-1,-1,-1
966,78,849.34,342.81,60.62,200.31,0.6746,-1,-1,-1
966,77,924.77,330.14,70.31,206.88,0.7020,-1,-1,-1
966,60,327.78,798.10,82.88,276.75,0.8303,-1,-1,-1
966,39,1574.78,591.03,102.39,233.03,0.6058,-1,-1,-1
966,36,927.86,932.33,72.19,147.67,0.7740,-1,-1,-1
966,4,1719.08,455.92,74.06,209.94,0.5744,-1,-1,-1
967,100,417.58,245.28,64.32,197.19,0.3989,-1,-1,-1
967,98,1646.81,121.86,59.62,161.00,0.2519,-1,-1,-1
967,95,1741.81,670.15,91.53,253.92,0.7124,-1,-1,-1
967,93,1217.26,715.39,87.21,260.39,0.7860,-1,-1,-1
967,92,1152.41,92.29,65.04,166.16,0.2847,-1,-1,-1
967,88,492.64,230.92,62.49,183.05,0.4408,-1,-1,-1
967,83,392.82,418.46,72.12,204.21,0.5481,-1,-1,-1
967,81,314.50,432.77,70.77,191.72,0.5866,-1,-1,-1
967,78,850.09,340.79,60.73,202.62,0.6840,-1,-1,-1
967,77,926.59,328.24,68.66,207.29,0.7081,-1,-1,-1
967,60,328.90,799.02,82.36,273.78,0.7980,-1,-1,-1
967,39,1573.30,590.42,104.52,233.63,0.5921,-1,-1,-1
967,36,927.64,932.17,72.71,147.83,0.7771,-1,-1,-1
967,4,1719.11,455.80,74.11,210.25,0.5816,-1,-1,-1
968,100,415.35,245.36,66.74,196.56,0.3636,-1,-1,-1
968,98,1647.45,123.66,58.70,164.80,0.3132,-1,-1,-1
968,95,1740.60,668.57,94.02,256.10,0.6957,-1,-1,-1
968,93,1215.17,712.38,88.23,262.28,0.7838,-1,-1,-1
968,92,1152.56,93.08,65.75,171.57,0.3211,-1,-1,-1
968,88,493.20,231.22,61.93,183.69,0.5034,-1,-1,-1
968,83,393.62,418.65,71.76,203.36,0.5530,-1,-1,-1
968,81,312.49,433.01,71.99,191.70,0.5853,-1,-1,-1
968,78,848.21,339.76,61.89,204.72,0.6944,-1,-1,-1
968,77,926.82,325.25,68.84,208.34,0.7236,-1,-1,-1
968,60,329.70,799.95,84.08,274.97,0.7967,-1,-1,-1
968,39,1574.51,589.35,103.07,234.88,0.6154,-1,-1,-1
968,36,927.37,931.60,72.51,148.40,0.7810,-1,-1,-1
968,4,1718.98,456.02,73.75,210.58,0.5839,-1,-1,-1
969,98,1648.14,124.93,58.37,164.88,0.3088,-1,-1,-1
969,95,1740.11,668.20,93.13,254.14,0.6979,-1,-1,-1
969,93,1213.33,709.41,90.28,264.72,0.7817,-1,-1,-1
969,88,492.95,233.44,63.00,184.20,0.4683,-1,-1,-1
969,83,393.71,420.80,71.46,202.68,0.5214,-1,-1,-1
969,81,306.14,432.81,79.84,192.25,0.5698,-1,-1,-1
969,78,848.87,339.00,60.77,206.14,0.6959,-1,-1,-1
969,77,927.20,323.99,68.34,207.64,0.7284,-1,-1,-1
969,60,330.60,801.81,85.28,272.98,0.7831,-1,-1,-1
969,39,1574.10,590.80,105.38,233.28,0.6189,-1,-1,-1
969,36,927.51,932.21,71.62,147.79,0.7816,-1,-1,-1
969,4,1719.03,456.47,73.53,210.42,0.5898,-1,-1,-1
970,98,1649.29,125.28,57.12,164.70,0.3220,-1,-1,-1
970,95,1739.82,668.31,93.67,253.01,0.6945,-1,-1,-1
970,93,1211.92,707.87,90.94,267.06,0.7812,-1,-1,-1
970,88,493.98,235.17,63.83,185.14,0.4771,-1,-1,-1
970,83,389.22,416.48,76.23,212.14,0.5198,-1,-1,-1
970,81,301.53,436.19,84.55,188.53,0.4562,-1,-1,-1
970,78,848.68,338.72,60.82,206.50,0.6998,-1,-1,-1
970,77,927.86,323.38,65.97,208.32,0.7034,-1,-1,-1
970,60,331.47,803.33,86.15,271.81,0.7936,-1,-1,-1
970,39,1575.44,591.79,103.33,232.67,0.6189,-1,-1,-1
970,36,926.96,932.05,71.74,147.95,0.7810,-1,-1,-1
970,4,1719.05,455.75,73.72,210.02,0.5885,-1,-1,-1
971,100,414.62,248.59,64.69,194.68,0.2971,-1,-1,-1
971,98,1649.81,126.49,56.68,164.19,0.3217,-1,-1,-1
971,95,1740.22,670.59,91.95,251.83,0.6853,-1,-1,-1
971,93,1210.37,707.31,90.80,268.78,0.7935,-1,-1,-1
971,88,493.93,236.27,64.09,187.04,0.4627,-1,-1,-1
971,83,392.29,422.91,74.40,214.28,0.5192,-1,-1,-1
971,81,301.57,434.71,84.68,190.50,0.3817,-1,-1,-1
971,78,848.64,338.22,60.43,208.09,0.7057,-1,-1,-1
971,77,927.92,322.99,65.88,207.84,0.7119,-1,-1,-1
971,60,329.95,803.36,90.00,271.26,0.7873,-1,-1,-1
971,39,1575.15,590.41,103.93,233.88,0.5857,-1,-1,-1
971,36,926.86,932.46,71.30,147.54,0.7792,-1,-1,-1
971,4,1719.13,456.16,74.59,210.62,0.5864,-1,-1,-1
972,98,1651.09,128.06,56.09,161.52,0.2631,-1,-1,-1
972,95,1740.51,668.80,92.37,255.69,0.6971,-1,-1,-1
972,93,1207.74,707.10,92.54,268.81,0.7897,-1,-1,-1
972,88,493.44,239.10,64.90,184.94,0.4046,-1,-1,-1
972,83,386.82,418.24,78.71,217.47,0.5286,-1,-1,-1
972,81,326.30,437.75,60.26,187.38,0.3574,-1,-1,-1
972,78,848.48,338.20,60.32,208.49,0.6767,-1,-1,-1
972,77,927.59,322.29,65.74,207.25,0.6952,-1,-1,-1
972,60,329.52,804.36,93.03,269.58,0.7706,-1,-1,-1
972,39,1575.09,590.28,103.61,233.74,0.5744,-1,-1,-1
972,36,926.90,932.66,69.72,147.34,0.7640,-1,-1,-1
972,4,1719.76,455.86,73.40,209.71,0.5876,-1,-1,-1
973,101,328.29,254.88,62.50,186.67,0.2950,-1,-1,-1
973,100,413.85,250.05,64.67,191.15,0.3061,-1,-1,-1
973,95,1740.26,668.30,93.28,254.55,0.6943,-1,-1,-1
973,93,1206.93,705.36,89.57,268.66,0.7942,-1,-1,-1
973,88,494.89,240.80,62.80,184.46,0.4474,-1,-1,-1
973,83,387.79,419.17,77.41,219.44,0.5479,-1,-1,-1
973,81,327.51,434.78,58.42,192.16,0.4686,-1,-1,-1
973,78,847.27,336.40,61.87,208.09,0.6859,-1,-1,-1
973,77,927.85,321.74,64.98,207.54,0.6989,-1,-1,-1
973,60,329.20,806.20,95.89,266.85,0.7740,-1,-1,-1
973,39,1574.81,591.15,103.73,233.19,0.6070,-1,-1,-1
973,36,926.18,933.67,70.58,146.33,0.7777,-1,-1,-1
973,4,1718.89,455.81,74.14,210.70,0.5748,-1,-1,-1
974,101,326.05,259.21,63.72,186.71,0.2511,-1,-1,-1
974,100,413.65,250.66,64.94,189.01,0.3227,-1,-1,-1
974,95,1740.30,670.77,92.16,253.02,0.6885,-1,-1,-1
974,93,1205.45,703.34,91.09,270.42,0.7963,-1,-1,-1
974,88,496.34,243.11,61.84,184.69,0.4493,-1,-1,-1
974,83,387.65,421.90,76.23,218.83,0.5679,-1,-1,-1
974,81,327.18,435.98,58.81,190.79,0.4757,-1,-1,-1
974,78,847.60,335.47,61.32,208.60,0.6668,-1,-1,-1
974,77,926.98,321.80,65.14,207.16,0.7107,-1,-1,-1
974,60,328.43,807.10,98.13,266.35,0.7683,-1,-1,-1
974,39,1576.95,589.02,102.05,234.95,0.6301,-1,-1,-1
974,36,926.02,932.79,69.27,147.21,0.7695,-1,-1,-1
974,4,1719.39,455.33,72.79,209.87,0.5490,-1,-1,-1
975,101,325.01,251.46,62.73,191.09,0.2702,-1,-1,-1
975,100,410.82,251.42,69.30,191.17,0.4295,-1,-1,-1
975,98,1651.79,127.41,58.86,162.69,0.3286,-1,-1,-1
975,95,1737.41,669.05,96.65,254.83,0.6922,-1,-1,-1
975,93,1204.00,702.74,88.79,270.26,0.7914,-1,-1,-1
975,88,495.96,244.42,63.39,187.33,0.4649,-1,-1,-1
975,83,387.59,424.05,76.71,217.99,0.5707,-1,-1,-1
975,81,326.79,437.39,58.70,191.15,0.4974,-1,-1,-1
975,78,846.97,333.34,61.60,208.48,0.6642,-1,-1,-1
975,77,926.88,321.01,64.42,209.40,0.6910,-1,-1,-1
975,60,328.13,808.83,99.52,264.39,0.7801,-1,-1,-1
975,39,1577.95,589.82,101.46,234.36,0.6052,-1,-1,-1
975,36,924.49,933.77,69.92,146.23,0.7596,-1,-1,-1
975,4,1718.69,455.14,73.97,210.91,0.5852,-1,-1,-1
976,101,323.58,249.40,64.57,195.22,0.2841,-1,-1,-1
976,100,411.03,252.41,68.13,190.92,0.4356,-1,-1,-1
976,98,1656.80,127.67,54.24,157.46,0.3451,-1,-1,-1
976,97,1777.63,159.79,58.09,176.75,0.2821,-1,-1,-1
976,95,1737.52,671.36,96.62,251.88,0.7114,-1,-1,-1
976,93,1201.28,700.85,89.70,270.30,0.8039,-1,-1,-1
976,92,1168.54,100.11,63.65,169.14,0.3276,-1,-1,-1
976,88,496.16,245.69,63.59,189.49,0.4561,-1,-1,-1
976,83,388.31,426.44,75.45,218.42,0.5750,-1,-1,-1
976,81,325.05,436.66,59.93,191.34,0.5094,-1,-1,-1
976,78,846.37,332.28,61.81,204.41,0.6729,-1,-1,-1
976,77,925.04,320.38,65.32,211.78,0.6928,-1,-1,-1
976,60,328.46,811.29,100.33,264.39,0.7746,-1,-1,-1
976,39,1578.77,588.67,101.07,235.30,0.6046,-1,-1,-1
976,36,924.18,934.05,68.62,145.95,0.7339,-1,-1,-1
976,4,1719.41,457.48,73.34,208.36,0.5703,-1,-1,-1
977,100,407.22,255.72,70.91,188.10,0.4153,-1,-1,-1
977,98,1657.78,129.36,55.26,158.85,0.4569,-1,-1,-1
977,97,1780.03,161.99,56.43,174.74,0.3463,-1,-1,-1
977,95,1737.07,669.27,96.40,252.74,0.7138,-1,-1,-1
977,93,1201.51,698.53,86.51,273.64,0.7907,-1,-1,-1
977,92,1170.94,103.27,62.81,168.77,0.2521,-1,-1,-1
977,88,495.05,247.83,64.45,187.95,0.4398,-1,-1,-1
977,83,387.14,428.71,75.60,216.47,0.5714,-1,-1,-1
977,81,323.10,436.30,63.87,195.31,0.4868,-1,-1,-1
977,78,846.33,330.27,61.49,202.63,0.6665,-1,-1,-1
977,77,922.64,317.26,65.13,214.33,0.6804,-1,-1,-1
977,60,328.45,813.47,101.81,265.88,0.7844,-1,-1,-1
977,39,1577.20,588.24,103.20,236.24,0.6110,-1,-1,-1
977,36,921.91,933.68,70.21,146.32,0.7409,-1,-1,-1
977,4,1719.27,456.56,73.47,210.27,0.5578,-1,-1,-1
978,100,407.84,259.98,69.50,185.62,0.4139,-1,-1,-1
978,98,1658.59,131.15,54.53,160.00,0.4042,-1,-1,-1
978,97,1780.15,164.30,56.62,170.74,0.3127,-1,-1,-1
978,95,1737.13,669.81,95.37,252.83,0.7108,-1,-1,-1
978,93,1199.74,695.75,85.93,274.18,0.7883,-1,-1,-1
978,92,1173.91,102.06,60.01,169.97,0.2814,-1,-1,-1
978,88,495.42,249.35,64.48,186.80,0.4550,-1,-1,-1
978,83,387.95,429.79,73.72,216.10,0.5476,-1,-1,-1
978,81,321.12,438.90,67.00,196.34,0.4367,-1,-1,-1
978,78,845.26,327.94,62.65,199.36,0.6667,-1,-1,-1
978,77,922.88,316.99,64.97,211.32,0.6791,-1,-1,-1
978,60,329.32,816.40,99.98,263.60,0.7920,-1,-1,-1
978,39,1577.38,589.53,102.52,234.75,0.6099,-1,-1,-1
978,36,922.35,934.38,68.40,145.62,0.7365,-1,-1,-1
978,4,1719.31,457.52,73.58,208.83,0.5441,-1,-1,-1
979,100,405.06,260.88,70.83,185.12,0.4541,-1,-1,-1
979,98,1660.23,132.59,54.02,159.23,0.3730,-1,-1,-1
979,95,1736.99,669.08,96.18,252.94,0.7057,-1,-1,-1
979,93,1199.65,691.77,85.76,276.11,0.7898,-1,-1,-1
979,92,1175.44,105.50,61.19,171.17,0.3000,-1,-1,-1
979,88,496.34,249.38,63.22,186.82,0.4908,-1,-1,-1
979,83,388.13,432.09,74.89,214.71,0.5977,-1,-1,-1
979,81,307.68,439.07,81.45,201.51,0.5159,-1,-1,-1
979,78,845.09,324.95,62.55,198.46,0.6507,-1,-1,-1
979,77,922.51,316.11,63.82,208.68,0.6810,-1,-1,-1
979,60,330.42,818.79,99.14,261.21,0.8079,-1,-1,-1
979,39,1575.43,590.55,104.12,233.26,0.6149,-1,-1,-1
979,36,921.99,935.07,67.62,144.93,0.7401,-1,-1,-1
979,4,1718.79,456.61,73.53,210.00,0.5312,-1,-1,-1
980,101,323.22,254.80,57.85,191.57,0.2840,-1,-1,-1
980,100,403.90,257.35,73.76,189.02,0.4444,-1,-1,-1
980,98,1661.77,133.67,53.66,160.69,0.4010,-1,-1,-1
980,95,1737.49,667.54,97.22,255.04,0.6970,-1,-1,-1
980,93,1199.39,687.80,86.25,271.47,0.7733,-1,-1,-1
980,92,1176.88,110.89,61.28,164.42,0.3730,-1,-1,-1
980,88,494.87,248.62,65.73,188.28,0.4460,-1,-1,-1
980,83,388.30,431.56,75.09,216.49,0.6381,-1,-1,-1
980,81,308.21,437.93,80.17,208.47,0.6052,-1,-1,-1
980,78,845.22,324.64,60.54,198.42,0.6299,-1,-1,-1
980,77,921.98,314.81,63.27,208.10,0.6858,-1,-1,-1
980,60,330.05,822.27,98.32,257.73,0.8204,-1,-1,-1
980,39,1574.55,590.82,105.84,233.53,0.6263,-1,-1,-1
980,36,921.30,935.92,66.45,144.08,0.7513,-1,-1,-1
980,4,1720.02,456.74,72.52,209.11,0.5466,-1,-1,-1
981,101,321.47,256.21,59.28,190.10,0.2878,-1,-1,-1
981,100,402.98,256.62,75.18,192.19,0.4358,-1,-1,-1
981,98,1661.58,136.26,55.12,158.86,0.3925,-1,-1,-1
981,95,1739.90,669.72,91.35,252.40,0.6991,-1,-1,-1
981,93,1198.09,684.20,85.76,265.44,0.7782,-1,-1,-1
981,92,1178.04,112.30,61.15,163.65,0.3763,-1,-1,-1
981,88,495.43,248.41,64.33,186.52,0.4566,-1,-1,-1
981,83,387.89,432.95,73.66,215.60,0.5307,-1,-1,-1
981,81,309.62,440.49,78.93,206.45,0.5151,-1,-1,-1
981,78,844.62,322.45,59.96,200.12,0.6150,-1,-1,-1
981,77,920.15,313.00,63.67,207.17,0.6629,-1,-1,-1
981,60,330.11,826.23,98.18,253.77,0.8241,-1,-1,-1
981,39,1575.23,590.22,104.74,234.25,0.6280,-1,-1,-1
981,36,920.54,936.59,66.63,143.41,0.7436,-1,-1,-1
981,4,1718.94,456.68,74.48,209.78,0.5472,-1,-1,-1
982,101,322.27,256.11,58.00,187.24,0.2828,-1,-1,-1
982,100,399.69,259.70,77.66,191.76,0.4462,-1,-1,-1
982,98,1660.95,139.14,56.41,156.75,0.4028,-1,-1,-1
982,95,1737.02,668.15,97.46,254.78,0.7034,-1,-1,-1
982,93,1196.86,680.51,85.85,263.38,0.7701,-1,-1,-1
982,92,1179.97,114.37,61.27,164.17,0.3617,-1,-1,-1
982,88,495.29,248.89,64.45,184.42,0.4606,-1,-1,-1
982,83,391.29,441.94,70.91,206.46,0.5091,-1,-1,-1
982,81,311.14,443.27,77.98,207.07,0.4848,-1,-1,-1
982,78,840.69,319.36,65.05,198.33,0.6028,-1,-1,-1
982,77,922.03,310.67,61.58,203.58,0.6541,-1,-1,-1
982,60,330.46,829.34,96.82,250.66,0.8211,-1,-1,-1
982,39,1575.21,589.89,106.05,233.85,0.6247,-1,-1,-1
982,36,918.76,937.26,67.65,142.74,0.7422,-1,-1,-1
982,4,1719.52,457.19,73.71,209.09,0.5404,-1,-1,-1
983,101,321.22,258.57,57.71,186.70,0.3627,-1,-1,-1
983,100,396.65,259.05,81.10,193.63,0.4450,-1,-1,-1
983,98,1660.60,139.88,58.22,157.02,0.3756,-1,-1,-1
983,95,1739.85,671.02,89.85,250.59,0.6795,-1,-1,-1
983,93,1194.55,677.56,87.34,256.55,0.7636,-1,-1,-1
983,92,1180.49,114.37,62.04,166.15,0.3236,-1,-1,-1
983,88,494.24,249.10,65.69,184.62,0.4811,-1,-1,-1
983,83,388.84,435.09,71.61,214.22,0.5050,-1,-1,-1
983,81,309.81,446.37,75.31,205.56,0.5077,-1,-1,-1
983,78,840.07,317.65,64.85,205.21,0.6484,-1,-1,-1
983,77,922.76,308.78,61.00,204.69,0.6713,-1,-1,-1
983,60,330.26,832.76,94.69,247.24,0.8260,-1,-1,-1
983,39,1575.32,588.79,105.53,235.29,0.6067,-1,-1,-1
983,36,917.06,937.79,67.89,142.21,0.7389,-1,-1,-1
983,4,1719.93,456.78,73.78,210.36,0.5343,-1,-1,-1
984,101,320.51,260.89,58.21,184.84,0.3921,-1,-1,-1
984,100,398.47,259.07,81.41,192.42,0.3964,-1,-1,-1
984,98,1661.79,140.93,57.74,158.39,0.3632,-1,-1,-1
984,95,1739.88,669.05,92.48,252.74,0.6942,-1,-1,-1
984,93,1193.60,673.73,88.49,255.61,0.7554,-1,-1,-1
984,92,1181.94,117.38,60.21,163.16,0.3194,-1,-1,-1
984,88,493.99,250.42,65.87,184.09,0.5100,-1,-1,-1
984,83,392.71,443.73,69.24,204.72,0.5211,-1,-1,-1
984,81,310.99,451.06,73.33,202.57,0.4627,-1,-1,-1
984,78,839.06,317.28,67.76,201.55,0.6540,-1,-1,-1
984,77,921.58,308.23,61.97,203.65,0.6786,-1,-1,-1
984,60,329.47,834.64,95.40,245.36,0.8257,-1,-1,-1
984,39,1575.14,585.88,106.41,237.84,0.6224,-1,-1,-1
984,36,917.67,938.79,67.06,141.21,0.7369,-1,-1,-1
984,4,1719.11,457.57,74.97,210.24,0.5415,-1,-1,-1
985,101,319.79,262.45,55.86,185.21,0.3793,-1,-1,-1
985,100,398.46,260.33,79.09,191.24,0.3299,-1,-1,-1
985,98,1663.70,141.81,56.62,159.95,0.3612,-1,-1,-1
985,95,1740.04,670.92,89.79,250.82,0.6753,-1,-1,-1
985,93,1191.56,670.72,89.86,260.26,0.7660,-1,-1,-1
985,92,1182.95,118.26,60.67,162.20,0.3211,-1,-1,-1
985,88,493.90,251.07,66.80,185.70,0.5410,-1,-1,-1
985,83,391.00,443.97,70.80,205.24,0.5318,-1,-1,-1
985,81,304.94,456.68,75.36,192.73,0.4349,-1,-1,-1
985,78,837.03,316.47,70.23,201.97,0.6295,-1,-1,-1
985,77,920.74,305.65,62.30,205.01,0.6608,-1,-1,-1
985,60,329.04,836.19,95.18,243.81,0.8159,-1,-1,-1
985,39,1574.99,587.55,107.28,236.39,0.6105,-1,-1,-1
985,36,915.16,940.06,67.73,139.94,0.7295,-1,-1,-1
985,4,1719.43,458.25,74.98,208.69,0.5177,-1,-1,-1
986,101,320.28,263.89,54.98,185.62,0.3512,-1,-1,-1
986,100,395.78,258.42,82.60,195.12,0.3928,-1,-1,-1
986,98,1665.77,142.83,55.10,156.24,0.3691,-1,-1,-1
986,95,1740.02,670.14,90.91,252.48,0.6861,-1,-1,-1
986,93,1190.52,667.93,88.41,257.87,0.7547,-1,-1,-1
986,92,1184.82,119.28,57.93,160.29,0.2585,-1,-1,-1
986,88,493.42,253.24,67.59,185.00,0.5204,-1,-1,-1
986,83,391.57,444.65,70.16,205.40,0.5418,-1,-1,-1
986,81,302.20,458.53,77.72,192.42,0.4426,-1,-1,-1
986,78,838.56,317.11,66.57,206.15,0.6411,-1,-1,-1
986,77,920.07,303.73,63.56,206.39,0.6641,-1,-1,-1
986,60,329.28,837.06,94.53,242.94,0.7984,-1,-1,-1
986,39,1574.90,584.19,107.49,239.95,0.6148,-1,-1,-1
986,36,915.12,940.54,67.35,139.46,0.7141,-1,-1,-1
986,4,1720.44,457.53,73.70,208.89,0.4970,-1,-1,-1
987,101,318.27,265.22,55.22,187.54,0.3699,-1,-1,-1
987,100,395.79,256.11,79.08,197.10,0.3741,-1,-1,-1
987,98,1668.21,144.41,54.30,154.88,0.3995,-1,-1,-1
987,95,1740.27,670.43,90.98,251.84,0.6777,-1,-1,-1
987,93,1191.26,666.51,87.69,258.13,0.7518,-1,-1,-1
987,92,1186.92,120.01,56.07,160.85,0.2540,-1,-1,-1
987,88,494.04,253.93,67.08,188.15,0.5080,-1,-1,-1
987,83,391.15,444.85,70.58,206.08,0.5454,-1,-1,-1
987,81,301.45,457.34,78.70,194.89,0.4659,-1,-1,-1
987,78,835.01,315.74,71.40,203.16,0.6326,-1,-1,-1
987,77,919.17,302.28,65.54,205.64,0.6766,-1,-1,-1
987,60,329.73,838.53,93.03,241.47,0.7835,-1,-1,-1
987,39,1574.60,585.69,106.81,238.84,0.6257,-1,-1,-1
987,36,912.38,940.72,68.80,139.28,0.7142,-1,-1,-1
987,4,1719.40,457.39,74.94,209.46,0.5074,-1,-1,-1
988,101,314.62,270.62,56.26,182.45,0.3982,-1,-1,-1
988,100,398.61,256.27,74.54,197.30,0.4434,-1,-1,-1
988,98,1671.16,144.20,52.85,154.63,0.4021,-1,-1,-1
988,95,1740.02,668.90,91.33,252.79,0.6805,-1,-1,-1
988,93,1189.68,665.12,88.33,258.71,0.7258,-1,-1,-1
988,92,1187.20,119.40,56.87,163.60,0.2732,-1,-1,-1
988,88,494.15,255.47,67.90,187.75,0.4961,-1,-1,-1
988,83,387.34,440.23,73.67,215.12,0.5704,-1,-1,-1
988,81,299.97,458.97,78.98,194.25,0.4701,-1,-1,-1
988,78,835.28,314.93,70.90,204.60,0.6252,-1,-1,-1
988,77,919.36,301.11,66.49,208.35,0.6515,-1,-1,-1
988,60,328.96,839.85,93.36,240.15,0.7764,-1,-1,-1
988,39,1575.22,586.27,105.53,238.05,0.6249,-1,-1,-1
988,36,913.22,941.24,66.85,138.76,0.7182,-1,-1,-1
988,4,1720.49,457.79,74.42,209.98,0.5129,-1,-1,-1
989,101,314.16,275.04,56.08,176.00,0.3821,-1,-1,-1
989,100,399.07,258.02,72.27,199.68,0.4672,-1,-1,-1
989,98,1672.16,145.36,52.82,157.45,0.4346,-1,-1,-1
989,95,1740.45,669.60,91.38,252.67,0.6842,-1,-1,-1
989,93,1187.66,664.93,88.97,244.28,0.7232,-1,-1,-1
989,92,1188.91,123.31,52.56,166.46,0.3304,-1,-1,-1
989,88,494.63,257.06,66.52,186.75,0.4882,-1,-1,-1
989,83,387.83,442.57,72.57,218.28,0.6148,-1,-1,-1
989,81,299.50,459.79,78.39,193.91,0.4848,-1,-1,-1
989,78,835.08,313.67,70.57,203.91,0.6211,-1,-1,-1
989,77,919.04,300.74,67.59,208.14,0.6210,-1,-1,-1
989,60,328.17,841.73,94.43,238.27,0.7704,-1,-1,-1
989,39,1575.90,584.74,104.61,239.71,0.6467,-1,-1,-1
989,36,911.91,941.57,66.40,138.43,0.7061,-1,-1,-1
989,4,1720.56,458.91,75.52,208.41,0.4905,-1,-1,-1
990,101,315.24,275.75,54.92,175.07,0.3136,-1,-1,-1
990,100,407.40,262.52,60.96,199.07,0.4406,-1,-1,-1
990,98,1673.20,144.77,53.54,160.31,0.4372,-1,-1,-1
990,95,1740.41,668.50,90.30,253.19,0.6723,-1,-1,-1
990,93,1186.96,663.91,86.76,239.54,0.7090,-1,-1,-1
990,92,1191.08,121.44,50.87,168.42,0.3998,-1,-1,-1
990,88,497.84,259.50,63.61,185.79,0.4605,-1,-1,-1
990,83,388.04,444.58,72.96,218.05,0.6316,-1,-1,-1
990,81,298.98,459.63,77.94,194.86,0.4838,-1,-1,-1
990,78,835.19,312.72,70.85,204.83,0.6358,-1,-1,-1
990,77,920.33,300.65,66.58,206.67,0.6093,-1,-1,-1
990,60,327.67,843.47,94.55,236.53,0.7773,-1,-1,-1
990,39,1574.25,585.17,105.70,239.22,0.6418,-1,-1,-1
990,36,910.01,941.67,66.92,138.33,0.7078,-1,-1,-1
990,4,1721.30,457.52,75.60,208.35,0.5165,-1,-1,-1
991,101,315.38,273.63,56.53,178.84,0.3036,-1,-1,-1
991,100,401.62,262.98,65.70,202.70,0.4704,-1,-1,-1
991,98,1673.31,145.37,55.50,161.91,0.4348,-1,-1,-1
991,95,1739.20,667.81,90.51,254.63,0.6912,-1,-1,-1
991,93,1186.62,661.37,87.39,255.53,0.7375,-1,-1,-1
991,92,1191.10,117.75,57.27,171.13,0.2973,-1,-1,-1
991,88,498.73,260.65,61.92,186.92,0.5421,-1,-1,-1
991,83,386.68,444.98,73.49,220.54,0.5911,-1,-1,-1
991,81,299.04,458.30,77.64,195.31,0.4329,-1,-1,-1
991,78,835.60,312.02,69.53,202.90,0.6165,-1,-1,-1
991,77,920.51,299.69,65.91,211.97,0.5673,-1,-1,-1
991,60,327.50,844.97,94.08,235.03,0.7793,-1,-1,-1
991,39,1574.42,585.76,107.86,238.80,0.6629,-1,-1,-1
991,36,910.00,942.86,66.70,137.14,0.7296,-1,-1,-1
991,4,1719.57,458.02,78.56,208.78,0.5167,-1,-1,-1
992,101,313.49,275.14,56.43,177.75,0.2705,-1,-1,-1
992,100,399.81,263.09,68.50,206.41,0.5012,-1,-1,-1
992,98,1672.33,146.66,58.61,161.91,0.4461,-1,-1,-1
992,95,1739.91,668.71,89.25,254.30,0.6793,-1,-1,-1
992,93,1183.96,660.05,87.61,259.08,0.7233,-1,-1,-1
992,92,1190.93,118.80,59.98,173.79,0.3279,-1,-1,-1
992,88,496.23,261.82,64.49,187.81,0.5682,-1,-1,-1
992,83,385.22,448.59,73.92,218.24,0.6131,-1,-1,-1
992,81,299.82,456.54,77.91,197.08,0.4761,-1,-1,-1
992,78,835.46,311.17,68.61,196.75,0.6176,-1,-1,-1
992,77,919.70,300.25,66.85,211.17,0.6108,-1,-1,-1
992,60,327.59,846.45,93.04,233.55,0.7837,-1,-1,-1
992,39,1575.24,585.07,106.98,239.31,0.6800,-1,-1,-1
992,36,908.94,943.10,66.62,136.90,0.7290,-1,-1,-1
992,4,1719.01,458.01,79.55,208.49,0.5468,-1,-1,-1
993,101,313.05,278.12,57.59,177.52,0.3276,-1,-1,-1
993,100,399.12,265.02,70.05,200.95,0.5002,-1,-1,-1
993,98,1671.98,147.75,60.48,164.86,0.3877,-1,-1,-1
993,95,1740.19,667.48,91.45,255.79,0.6832,-1,-1,-1
993,93,1182.48,658.62,88.40,253.84,0.7072,-1,-1,-1
993,92,1191.75,120.31,61.16,174.22,0.3518,-1,-1,-1
993,88,497.25,263.18,63.96,186.18,0.5463,-1,-1,-1
993,83,383.29,452.52,75.24,218.59,0.6141,-1,-1,-1
993,81,302.89,461.55,75.80,193.60,0.5129,-1,-1,-1
993,78,837.07,310.56,66.57,197.67,0.6129,-1,-1,-1
993,77,921.83,299.16,63.89,211.05,0.5871,-1,-1,-1
993,60,327.57,847.65,92.60,232.35,0.7815,-1,-1,-1
993,39,1574.80,585.49,106.85,238.58,0.6829,-1,-1,-1
993,36,908.53,943.97,67.50,136.03,0.7398,-1,-1,-1
993,4,1719.55,457.08,78.23,210.50,0.5242,-1,-1,-1
994,101,315.57,279.64,58.71,173.68,0.3575,-1,-1,-1
994,100,401.75,265.84,65.52,203.56,0.5157,-1,-1,-1
994,98,1669.64,150.05,63.55,162.22,0.3430,-1,-1,-1
994,95,1737.34,670.99,98.06,253.21,0.6778,-1,-1,-1
994,93,1181.22,656.08,87.97,260.31,0.7176,-1,-1,-1
994,92,1192.57,122.27,60.78,176.90,0.3024,-1,-1,-1
994,88,499.45,264.68,62.57,184.10,0.5246,-1,-1,-1
994,83,381.23,454.51,76.08,216.92,0.6202,-1,-1,-1
994,81,305.58,462.99,72.68,194.29,0.5320,-1,-1,-1
994,78,839.27,307.36,62.95,200.74,0.6285,-1,-1,-1
994,77,922.55,297.50,65.91,210.00,0.5908,-1,-1,-1
994,60,328.75,849.88,90.07,230.12,0.7850,-1,-1,-1
994,39,1575.80,585.38,105.51,238.87,0.6778,-1,-1,-1
994,36,906.46,943.88,70.00,136.12,0.7347,-1,-1,-1
994,4,1718.67,458.12,79.76,209.34,0.5427,-1,-1,-1
995,101,313.25,279.08,59.08,179.46,0.3528,-1,-1,-1
995,100,402.57,265.39,63.68,207.61,0.5071,-1,-1,-1
995,98,1668.94,153.18,65.84,161.36,0.3461,-1,-1,-1
995,95,1737.78,670.34,96.89,254.61,0.6802,-1,-1,-1
995,93,1177.49,654.37,86.58,252.29,0.7368,-1,-1,-1
995,88,499.85,265.80,62.52,184.06,0.4960,-1,-1,-1
995,83,381.73,455.37,74.92,217.75,0.6161,-1,-1,-1
995,81,305.99,463.24,71.96,197.66,0.5615,-1,-1,-1
995,78,839.95,305.88,62.45,196.29,0.5833,-1,-1,-1
995,77,921.86,295.31,66.61,210.41,0.5854,-1,-1,-1
995,60,329.38,852.54,90.44,227.46,0.7780,-1,-1,-1
995,39,1576.78,586.63,103.84,237.58,0.6636,-1,-1,-1
995,36,906.65,944.68,69.17,135.32,0.7333,-1,-1,-1
995,4,1719.37,458.31,79.16,208.69,0.5498,-1,-1,-1
996,101,311.87,278.36,57.94,179.32,0.3618,-1,-1,-1
996,100,402.87,268.43,62.85,208.11,0.5284,-1,-1,-1
996,98,1670.20,153.87,64.10,164.33,0.3361,-1,-1,-1
996,95,1740.45,669.93,90.16,252.60,0.6783,-1,-1,-1
996,93,1177.33,651.42,85.70,258.72,0.7636,-1,-1,-1
996,88,499.70,265.41,63.46,185.33,0.4854,-1,-1,-1
996,83,380.24,456.10,76.03,216.90,0.6265,-1,-1,-1
996,81,307.75,463.01,69.38,205.05,0.5759,-1,-1,-1
996,78,840.45,304.15,62.07,195.39,0.6334,-1,-1,-1
996,77,922.09,293.63,68.75,209.61,0.5695,-1,-1,-1
996,60,329.43,853.55,90.45,226.45,0.7834,-1,-1,-1
996,39,1575.97,586.01,104.23,237.98,0.6561,-1,-1,-1
996,36,906.99,945.24,67.82,134.76,0.7313,-1,-1,-1
996,4,1720.18,458.41,77.92,207.98,0.5566,-1,-1,-1
997,101,310.76,277.76,57.60,184.45,0.3520,-1,-1,-1
997,100,400.70,266.97,64.24,209.17,0.4743,-1,-1,-1
997,98,1669.76,156.31,65.87,162.33,0.3438,-1,-1,-1
997,97,1802.83,189.27,53.09,180.71,0.2643,-1,-1,-1
997,95,1741.33,670.35,88.21,251.74,0.6762,-1,-1,-1
997,93,1176.16,647.85,84.22,256.66,0.7587,-1,-1,-1
997,88,503.27,263.75,60.93,185.97,0.5056,-1,-1,-1
997,83,381.01,456.71,76.00,216.59,0.6300,-1,-1,-1
997,81,307.52,464.94,70.35,204.92,0.5939,-1,-1,-1
997,78,841.78,302.12,60.17,194.79,0.6102,-1,-1,-1
997,77,922.92,290.72,65.58,211.46,0.5851,-1,-1,-1
997,60,328.97,857.50,91.71,222.50,0.7797,-1,-1,-1
997,39,1576.31,586.65,103.17,237.17,0.6557,-1,-1,-1
997,36,906.14,945.51,68.72,134.49,0.7350,-1,-1,-1
997,4,1720.19,458.00,78.62,208.79,0.5357,-1,-1,-1
998,101,311.47,278.77,59.34,183.02,0.3914,-1,-1,-1
998,100,400.20,269.04,63.55,206.19,0.4004,-1,-1,-1
998,98,1669.80,159.72,66.65,158.88,0.4059,-1,-1,-1
998,97,1803.26,188.23,54.94,184.28,0.2572,-1,-1,-1
998,95,1741.35,669.90,87.84,255.02,0.6841,-1,-1,-1
998,93,1176.25,641.99,83.43,256.62,0.7624,-1,-1,-1
998,92,1193.62,132.15,65.55,175.74,0.2685,-1,-1,-1
998,88,503.96,264.04,60.89,186.32,0.5320,-1,-1,-1
998,83,379.93,457.42,78.17,216.25,0.5856,-1,-1,-1
998,81,307.47,468.85,71.22,202.29,0.5816,-1,-1,-1
998,78,842.50,298.46,60.99,196.80,0.5724,-1,-1,-1
998,77,923.13,288.41,67.02,210.39,0.5798,-1,-1,-1
998,60,329.37,860.70,91.26,219.30,0.7688,-1,-1,-1
998,39,1576.60,586.66,104.09,237.95,0.6740,-1,-1,-1
998,36,905.30,945.49,69.24,134.51,0.7315,-1,-1,-1
998,4,1721.78,458.33,76.47,209.10,0.5768,-1,-1,-1
999,101,310.07,276.87,60.15,188.26,0.2927,-1,-1,-1
999,100,401.54,269.84,61.75,204.64,0.4262,-1,-1,-1
999,98,1671.54,161.99,65.01,160.52,0.4192,-1,-1,-1
999,97,1804.18,188.61,58.11,184.39,0.2605,-1,-1,-1
999,95,1741.40,669.23,88.74,254.31,0.6789,-1,-1,-1
999,93,1175.96,638.53,82.41,254.42,0.7533,-1,-1,-1
999,88,502.43,265.59,62.16,185.92,0.5100,-1,-1,-1
999,83,378.86,457.08,79.87,216.79,0.5330,-1,-1,-1
999,81,307.86,467.21,70.48,206.03,0.5903,-1,-1,-1
999,78,843.11,296.49,60.59,197.88,0.5640,-1,-1,-1
999,77,924.24,286.11,69.32,210.64,0.5776,-1,-1,-1
999,60,329.79,864.54,91.68,215.46,0.7804,-1,-1,-1
999,39,1578.26,586.86,102.38,237.08,0.6479,-1,-1,-1
999,36,905.45,945.92,68.85,134.08,0.7228,-1,-1,-1
999,4,1721.05,458.18,76.70,209.49,0.5490,-1,-1,-1
1000,101,309.80,279.64,59.51,186.34,0.3017,-1,-1,-1
1000,100,400.26,269.31,66.37,207.60,0.3392,-1,-1,-1
1000,98,1673.15,163.01,62.85,161.91,0.3709,-1,-1,-1
1000,97,1805.54,193.38,61.22,186.13,0.2558,-1,-1,-1
1000,95,1742.05,672.15,88.89,251.83,0.6623,-1,-1,-1
1000,93,1174.13,636.90,84.73,252.67,0.7514,-1,-1,-1
1000,88,503.44,264.63,62.04,185.84,0.4712,-1,-1,-1
1000,83,377.17,457.65,83.64,216.74,0.5382,-1,-1,-1
1000,81,306.89,470.88,71.73,203.26,0.6244,-1,-1,-1
1000,78,842.93,295.14,60.94,200.92,0.5322,-1,-1,-1
1000,77,925.91,284.49,65.37,205.64,0.5485,-1,-1,-1
1000,60,330.60,867.82,91.36,212.18,0.7948,-1,-1,-1
1000,39,1576.85,586.10,102.47,237.95,0.6526,-1,-1,-1
1000,36,905.75,946.13,68.24,133.87,0.7308,-1,-1,-1
1000,4,1721.40,457.54,75.46,209.77,0.5495,-1,-1,-1
1001,102,592.86,563.96,86.15,228.72,0.2549,-1,-1,-1
1001,101,308.29,280.21,60.63,186.01,0.3204,-1,-1,-1
1001,100,399.03,269.51,68.38,205.70,0.3873,-1,-1,-1
1001,98,1674.09,163.87,61.37,161.07,0.3797,-1,-1,-1
1001,95,1741.76,667.91,86.17,256.07,0.6401,-1,-1,-1
1001,93,1175.16,634.88,84.41,254.28,0.7635,-1,-1,-1
1001,92,1200.13,138.02,64.16,172.47,0.2690,-1,-1,-1
1001,88,503.03,267.33,61.98,186.42,0.4797,-1,-1,-1
1001,83,377.06,457.71,80.81,216.50,0.5264,-1,-1,-1
1001,81,306.48,472.02,72.68,201.69,0.5707,-1,-1,-1
1001,78,843.45,294.70,60.36,201.15,0.5516,-1,-1,-1
1001,77,926.47,283.03,65.41,202.00,0.5578,-1,-1,-1
1001,60,332.89,870.37,90.77,209.63,0.7964,-1,-1,-1
1001,39,1574.23,586.20,105.61,237.77,0.6566,-1,-1,-1
1001,36,905.26,946.61,69.14,133.39,0.7317,-1,-1,-1
1001,4,1720.49,458.64,75.48,208.98,0.5613,-1,-1,-1
1002,102,595.49,564.61,83.45,227.51,0.2563,-1,-1,-1
1002,101,306.48,280.40,63.19,188.65,0.3107,-1,-1,-1
1002,100,397.64,261.51,70.05,211.92,0.2995,-1,-1,-1
1002,98,1674.83,163.99,60.77,160.67,0.3241,-1,-1,-1
1002,95,1743.13,671.58,83.12,252.83,0.6524,-1,-1,-1
1002,93,1175.69,633.08,84.05,256.67,0.7692,-1,-1,-1
1002,88,502.09,268.31,63.23,188.33,0.5034,-1,-1,-1
1002,83,379.23,458.15,80.33,216.04,0.5529,-1,-1,-1
1002,81,304.73,476.63,74.46,197.74,0.5346,-1,-1,-1
1002,78,843.18,294.49,60.22,203.25,0.5459,-1,-1,-1
1002,77,927.50,282.10,62.49,203.61,0.5644,-1,-1,-1
1002,60,334.61,873.71,90.77,206.29,0.7895,-1,-1,-1
1002,39,1573.01,586.83,107.34,237.46,0.6613,-1,-1,-1
1002,36,904.07,946.68,69.69,133.32,0.7411,-1,-1,-1
1002,4,1721.05,458.19,73.88,210.43,0.5530,-1,-1,-1
1003,102,592.06,563.26,87.87,229.44,0.3194,-1,-1,-1
1003,101,307.16,281.47,63.55,187.54,0.3870,-1,-1,-1
1003,100,397.46,263.33,71.31,212.25,0.3290,-1,-1,-1
1003,98,1676.63,163.21,59.01,161.67,0.3418,-1,-1,-1
1003,95,1744.12,673.62,85.03,251.96,0.6628,-1,-1,-1
1003,93,1174.30,629.71,84.44,260.27,0.7757,-1,-1,-1
1003,88,500.68,270.15,65.09,191.42,0.5766,-1,-1,-1
1003,83,379.19,459.30,78.82,215.59,0.5892,-1,-1,-1
1003,81,302.73,473.24,76.76,200.80,0.5409,-1,-1,-1
1003,78,842.99,293.95,60.83,203.00,0.5563,-1,-1,-1
1003,77,926.91,279.78,64.90,202.89,0.5803,-1,-1,-1
1003,60,336.69,875.86,89.06,204.14,0.7922,-1,-1,-1
1003,39,1574.06,588.22,106.76,235.85,0.6750,-1,-1,-1
1003,36,905.42,947.56,68.40,132.44,0.7488,-1,-1,-1
1003,4,1720.68,459.82,73.25,209.12,0.5566,-1,-1,-1
1004,102,592.93,549.17,87.34,243.17,0.4450,-1,-1,-1
1004,101,306.39,284.13,63.50,183.39,0.4083,-1,-1,-1
1004,98,1679.07,163.81,57.74,162.03,0.3161,-1,-1,-1
1004,95,1744.34,673.08,86.56,254.00,0.6367,-1,-1,-1
1004,93,1172.45,630.31,85.53,258.06,0.7750,-1,-1,-1
1004,88,501.40,272.39,64.11,190.56,0.5788,-1,-1,-1
1004,83,379.64,457.96,79.53,219.70,0.6274,-1,-1,-1
1004,81,301.37,473.37,76.06,199.28,0.4458,-1,-1,-1
1004,78,844.71,294.18,57.43,205.48,0.5929,-1,-1,-1
1004,77,926.69,280.73,63.28,202.34,0.6028,-1,-1,-1
1004,60,338.71,877.85,89.27,202.15,0.7993,-1,-1,-1
1004,39,1574.23,587.82,106.54,236.51,0.6682,-1,-1,-1
1004,36,904.53,947.60,68.95,132.40,0.7352,-1,-1,-1
1004,4,1719.42,458.27,74.74,210.78,0.5258,-1,-1,-1
1005,102,600.92,547.74,75.17,243.15,0.4577,-1,-1,-1
1005,101,305.68,285.97,63.83,184.16,0.4612,-1,-1,-1
1005,98,1678.51,164.99,59.16,158.54,0.3720,-1,-1,-1
1005,95,1744.51,673.86,87.85,253.68,0.6365,-1,-1,-1
1005,93,1170.92,628.54,85.66,260.17,0.7776,-1,-1,-1
1005,92,1206.82,89.62,67.75,226.30,0.2688,-1,-1,-1
1005,88,500.09,275.11,64.69,187.27,0.6123,-1,-1,-1
1005,83,379.99,459.51,79.15,222.54,0.5915,-1,-1,-1
1005,81,319.79,483.41,59.58,187.80,0.4009,-1,-1,-1
1005,78,844.57,293.86,57.45,204.94,0.6135,-1,-1,-1
1005,77,927.82,279.46,63.11,202.80,0.6234,-1,-1,-1
1005,60,341.09,878.68,88.87,201.32,0.8003,-1,-1,-1
1005,39,1574.86,587.67,106.29,237.03,0.6474,-1,-1,-1
1005,36,904.24,947.72,69.27,132.28,0.7349,-1,-1,-1
1005,4,1720.11,457.90,73.40,212.23,0.5425,-1,-1,-1
1006,102,598.16,547.42,79.10,244.56,0.4774,-1,-1,-1
1006,101,308.02,288.89,62.13,184.78,0.4340,-1,-1,-1
1006,98,1680.11,165.54,59.48,157.85,0.3659,-1,-1,-1
1006,95,1745.55,670.87,88.20,254.63,0.5951,-1,-1,-1
1006,93,1168.94,628.11,87.59,261.40,0.7661,-1,-1,-1
1006,92,1209.26,90.54,65.90,223.38,0.2705,-1,-1,-1
1006,88,502.29,277.31,62.04,186.57,0.5681,-1,-1,-1
1006,83,381.59,460.53,78.27,222.32,0.5397,-1,-1,-1
1006,81,321.07,483.32,58.49,186.83,0.4030,-1,-1,-1
1006,78,843.99,292.27,59.29,203.13,0.6555,-1,-1,-1
1006,77,929.07,279.22,61.79,202.18,0.5952,-1,-1,-1
1006,60,342.35,880.82,89.85,199.18,0.8023,-1,-1,-1
1006,39,1574.55,588.75,106.40,235.82,0.6679,-1,-1,-1
1006,36,904.85,949.03,68.39,130.97,0.7280,-1,-1,-1
1006,4,1719.43,457.88,73.99,210.79,0.5260,-1,-1,-1
1007,102,597.95,548.04,79.19,243.52,0.4773,-1,-1,-1
1007,101,306.74,291.39,63.15,186.01,0.4826,-1,-1,-1
1007,98,1683.80,165.77,56.61,157.75,0.3579,-1,-1,-1
1007,95,1746.44,670.37,89.01,257.81,0.6236,-1,-1,-1
1007,93,1167.13,628.53,88.42,258.69,0.7634,-1,-1,-1
1007,92,1211.42,88.70,64.75,224.79,0.2514,-1,-1,-1
1007,88,502.27,279.92,62.43,187.80,0.5992,-1,-1,-1
1007,83,385.00,466.65,79.51,225.78,0.5609,-1,-1,-1
1007,81,320.06,482.09,60.19,188.49,0.4479,-1,-1,-1
1007,78,844.15,291.14,59.51,201.41,0.6929,-1,-1,-1
1007,77,931.29,275.02,58.39,206.64,0.6569,-1,-1,-1
1007,60,343.82,882.54,91.24,197.46,0.8143,-1,-1,-1
1007,39,1575.53,590.01,104.76,234.26,0.6650,-1,-1,-1
1007,36,905.09,948.72,67.81,131.28,0.7240,-1,-1,-1
1007,4,1719.05,458.43,75.90,210.74,0.5488,-1,-1,-1
1008,102,597.15,548.24,79.86,244.06,0.5269,-1,-1,-1
1008,101,305.65,292.15,63.90,186.84,0.4917,-1,-1,-1
1008,100,390.74,277.02,76.01,153.39,0.3341,-1,-1,-1
1008,98,1685.74,165.79,55.59,157.38,0.3615,-1,-1,-1
1008,95,1746.16,672.87,88.33,255.38,0.5958,-1,-1,-1
1008,93,1165.16,626.84,87.33,259.52,0.7601,-1,-1,-1
1008,92,1210.84,89.14,69.35,227.14,0.2540,-1,-1,-1
1008,88,500.38,280.81,63.73,189.51,0.5668,-1,-1,-1
1008,83,382.20,463.75,79.28,223.43,0.5745,-1,-1,-1
1008,81,318.62,483.42,62.49,189.73,0.4967,-1,-1,-1
1008,78,844.70,288.50,59.30,201.87,0.6848,-1,-1,-1
1008,77,931.58,273.91,57.72,208.36,0.6631,-1,-1,-1
1008,60,344.93,883.40,92.35,196.60,0.8084,-1,-1,-1
1008,39,1575.36,588.59,105.59,236.36,0.6718,-1,-1,-1
1008,36,904.81,949.22,68.06,130.78,0.7354,-1,-1,-1
1008,4,1718.87,458.41,75.50,211.27,0.5498,-1,-1,-1
1009,102,593.35,548.01,83.69,244.48,0.5682,-1,-1,-1
1009,101,305.29,294.20,62.70,182.04,0.4540,-1,-1,-1
1009,100,388.48,280.58,77.70,197.67,0.3299,-1,-1,-1
1009,98,1687.15,167.21,54.87,158.83,0.3435,-1,-1,-1
1009,97,1821.26,199.97,70.23,183.51,0.2821,-1,-1,-1
1009,95,1744.95,671.82,90.64,252.61,0.5845,-1,-1,-1
1009,93,1160.27,624.97,87.16,260.10,0.7598,-1,-1,-1
1009,88,501.44,279.68,61.66,191.25,0.5671,-1,-1,-1
1009,83,381.20,465.73,82.23,224.52,0.5719,-1,-1,-1
1009,81,318.01,484.01,63.51,190.17,0.4910,-1,-1,-1
1009,78,844.67,287.81,59.96,195.92,0.6425,-1,-1,-1
1009,77,929.04,277.88,60.80,204.17,0.6116,-1,-1,-1
1009,60,345.27,886.19,96.48,193.81,0.8106,-1,-1,-1
1009,39,1575.42,589.36,105.98,235.64,0.6871,-1,-1,-1
1009,36,904.95,949.78,67.81,130.22,0.7391,-1,-1,-1
1009,4,1719.74,458.07,77.03,212.30,0.5567,-1,-1,-1
1010,102,592.26,549.99,84.95,242.35,0.5755,-1,-1,-1
1010,101,305.53,294.18,61.19,182.10,0.4088,-1,-1,-1
1010,100,386.41,279.19,75.68,201.01,0.2799,-1,-1,-1
1010,98,1688.62,167.20,54.98,158.98,0.3136,-1,-1,-1
1010,97,1822.59,204.35,71.91,181.34,0.2811,-1,-1,-1
1010,95,1742.98,670.86,94.07,250.55,0.5453,-1,-1,-1
1010,93,1157.71,623.34,89.46,258.59,0.7589,-1,-1,-1
1010,88,501.53,282.77,60.45,189.40,0.5172,-1,-1,-1
1010,83,380.86,467.15,82.26,226.80,0.5127,-1,-1,-1
1010,81,316.69,483.75,64.73,192.81,0.4849,-1,-1,-1
1010,78,844.27,285.18,60.53,197.61,0.6316,-1,-1,-1
1010,77,929.49,276.72,61.12,206.49,0.6290,-1,-1,-1
1010,60,346.29,887.89,96.44,192.11,0.8098,-1,-1,-1
1010,39,1575.55,588.94,105.61,235.06,0.6755,-1,-1,-1
1010,36,904.40,949.55,68.85,130.45,0.7318,-1,-1,-1
1010,4,1718.74,457.70,78.75,212.29,0.5378,-1,-1,-1
1011,102,592.00,548.99,85.64,243.47,0.5555,-1,-1,-1
1011,101,306.68,295.77,58.78,183.94,0.3645,-1,-1,-1
1011,98,1688.80,169.15,55.33,158.47,0.3306,-1,-1,-1
1011,95,1737.51,672.00,99.79,251.24,0.4293,-1,-1,-1
1011,93,1156.42,621.39,90.13,260.16,0.7504,-1,-1,-1
1011,88,501.37,282.42,59.70,190.82,0.4518,-1,-1,-1
1011,83,379.90,467.79,82.90,228.42,0.4549,-1,-1,-1
1011,81,315.82,484.59,64.99,196.26,0.4333,-1,-1,-1
1011,78,845.28,282.46,60.97,194.56,0.5817,-1,-1,-1
1011,77,928.45,276.51,62.54,205.18,0.6180,-1,-1,-1
1011,60,348.31,890.47,96.80,189.53,0.7999,-1,-1,-1
1011,39,1575.02,590.22,105.23,234.61,0.6667,-1,-1,-1
1011,36,904.25,949.59,68.47,130.41,0.7365,-1,-1,-1
1011,4,1717.89,456.71,79.24,213.30,0.5524,-1,-1,-1
1012,102,590.14,550.32,87.32,242.65,0.5633,-1,-1,-1
1012,101,305.93,296.45,58.09,183.73,0.3185,-1,-1,-1
1012,100,385.34,280.11,72.86,201.37,0.3035,-1,-1,-1
1012,98,1688.62,170.72,56.78,157.47,0.3018,-1,-1,-1
1012,97,1824.19,208.88,72.80,182.85,0.2909,-1,-1,-1
1012,95,1735.76,676.00,100.63,251.15,0.4112,-1,-1,-1
1012,93,1154.44,618.48,89.94,261.13,0.7545,-1,-1,-1
1012,88,499.26,283.81,61.58,188.08,0.4219,-1,-1,-1
1012,83,380.29,469.71,80.78,226.94,0.4323,-1,-1,-1
1012,81,315.34,486.14,66.15,201.98,0.4082,-1,-1,-1
1012,78,844.88,281.37,59.72,194.11,0.5904,-1,-1,-1
1012,77,930.69,273.73,60.97,205.90,0.5726,-1,-1,-1
1012,60,348.36,893.20,100.16,186.80,0.8094,-1,-1,-1
1012,39,1574.20,588.17,106.21,236.53,0.6595,-1,-1,-1
1012,36,903.81,949.34,69.66,130.66,0.7305,-1,-1,-1
1012,4,1718.02,456.29,78.89,213.12,0.5417,-1,-1,-1
1013,102,589.27,550.70,88.35,242.72,0.6114,-1,-1,-1
1013,101,300.24,297.53,63.24,188.32,0.3835,-1,-1,-1
1013,100,384.14,277.57,74.61,202.70,0.3611,-1,-1,-1
1013,98,1690.62,171.57,56.11,157.52,0.2710,-1,-1,-1
1013,97,1826.80,211.14,68.16,182.51,0.2628,-1,-1,-1
1013,95,1732.25,673.00,105.93,254.97,0.3506,-1,-1,-1
1013,93,1154.91,616.32,88.20,258.29,0.7502,-1,-1,-1
1013,88,496.89,283.93,62.67,188.02,0.4207,-1,-1,-1
1013,83,380.38,471.39,80.96,226.47,0.4633,-1,-1,-1
1013,81,313.83,487.15,66.35,207.10,0.3970,-1,-1,-1
1013,78,845.46,279.74,59.10,197.07,0.6109,-1,-1,-1
1013,77,929.97,271.81,61.56,206.50,0.5835,-1,-1,-1
1013,60,349.73,895.89,100.89,184.11,0.8034,-1,-1,-1
1013,39,1574.98,589.58,106.06,235.09,0.6646,-1,-1,-1
1013,36,903.95,949.14,68.88,130.86,0.7069,-1,-1,-1
1013,4,1717.25,456.15,80.14,212.87,0.5708,-1,-1,-1
1014,102,588.33,551.07,87.92,242.69,0.5941,-1,-1,-1
1014,101,301.16,298.63,61.57,185.77,0.3518,-1,-1,-1
1014,100,383.41,275.61,76.73,201.22,0.2682,-1,-1,-1
1014,98,1692.69,173.16,54.90,157.77,0.2756,-1,-1,-1
1014,95,1721.45,669.92,114.95,256.96,0.4743,-1,-1,-1
1014,93,1153.42,612.95,88.10,260.43,0.7436,-1,-1,-1
1014,88,494.99,285.12,64.98,187.82,0.4462,-1,-1,-1
1014,83,381.39,473.39,76.61,226.20,0.4530,-1,-1,-1
1014,81,293.18,488.97,84.66,207.60,0.4494,-1,-1,-1
1014,78,843.09,278.52,60.83,197.90,0.5992,-1,-1,-1
1014,77,929.68,270.68,60.70,198.80,0.5361,-1,-1,-1
1014,60,350.06,897.57,101.87,182.43,0.8027,-1,-1,-1
1014,39,1572.77,587.28,107.01,236.94,0.6498,-1,-1,-1
1014,36,904.67,948.65,69.08,131.35,0.7124,-1,-1,-1
1014,4,1717.44,456.26,80.81,212.62,0.5494,-1,-1,-1
1015,102,588.73,551.86,85.88,241.25,0.5569,-1,-1,-1
1015,101,299.35,299.77,63.25,184.78,0.3008,-1,-1,-1
1015,98,1694.16,175.30,53.03,154.64,0.2927,-1,-1,-1
1015,95,1719.67,670.81,117.12,258.06,0.4078,-1,-1,-1
1015,93,1154.96,611.24,83.12,254.41,0.7574,-1,-1,-1
1015,88,496.86,286.17,62.50,188.08,0.4476,-1,-1,-1
1015,83,380.49,474.01,80.44,226.13,0.5081,-1,-1,-1
1015,81,292.88,492.35,82.50,207.08,0.4842,-1,-1,-1
1015,78,841.96,274.51,62.51,203.82,0.5941,-1,-1,-1
1015,77,929.65,270.25,58.76,200.74,0.5482,-1,-1,-1
1015,60,351.39,900.87,101.05,179.13,0.7934,-1,-1,-1
1015,39,1573.67,589.24,107.15,235.76,0.6604,-1,-1,-1
1015,36,903.74,949.21,69.47,130.79,0.7080,-1,-1,-1
1015,4,1717.28,455.86,81.72,212.76,0.5462,-1,-1,-1
1016,102,587.14,550.91,86.73,242.74,0.5579,-1,-1,-1
1016,101,297.32,299.01,65.30,190.12,0.3596,-1,-1,-1
1016,98,1695.34,176.92,53.19,156.06,0.3252,-1,-1,-1
1016,97,1828.64,218.83,65.36,176.56,0.2676,-1,-1,-1
1016,95,1716.75,668.15,119.05,260.42,0.3897,-1,-1,-1
1016,93,1153.84,607.14,82.97,248.70,0.7732,-1,-1,-1
1016,88,495.86,286.09,62.78,188.23,0.4501,-1,-1,-1
1016,83,379.32,477.72,78.38,224.34,0.5189,-1,-1,-1
1016,81,293.52,496.00,80.57,204.97,0.4959,-1,-1,-1
1016,78,842.70,276.95,61.90,198.64,0.5849,-1,-1,-1
1016,77,929.65,268.74,58.14,197.51,0.5465,-1,-1,-1
1016,60,351.94,903.71,102.37,176.09,0.8085,-1,-1,-1
1016,39,1573.33,587.73,106.92,237.20,0.6537,-1,-1,-1
1016,36,904.04,948.54,68.09,131.46,0.7221,-1,-1,-1
1016,4,1716.93,456.20,81.87,211.87,0.5176,-1,-1,-1
1017,102,587.52,551.82,83.41,239.17,0.5837,-1,-1,-1
1017,101,296.60,298.82,66.25,191.02,0.3540,-1,-1,-1
1017,98,1694.76,177.97,56.37,160.06,0.3132,-1,-1,-1
1017,97,1829.34,219.93,67.35,181.85,0.2768,-1,-1,-1
1017,95,1723.05,676.29,107.42,252.66,0.4354,-1,-1,-1
1017,93,1152.47,603.55,82.95,245.64,0.7647,-1,-1,-1
1017,88,493.78,287.06,64.85,188.84,0.4708,-1,-1,-1
1017,83,379.02,479.25,78.07,222.73,0.4750,-1,-1,-1
1017,81,291.66,505.13,81.63,198.79,0.4686,-1,-1,-1
1017,78,844.04,276.76,61.53,199.82,0.5926,-1,-1,-1
1017,77,929.29,265.61,59.16,197.10,0.5282,-1,-1,-1
1017,60,353.18,907.74,101.80,171.30,0.8149,-1,-1,-1
1017,39,1573.70,588.30,105.54,237.04,0.6685,-1,-1,-1
1017,36,903.89,948.65,68.30,131.35,0.7081,-1,-1,-1
1017,4,1717.14,456.85,81.59,212.97,0.4716,-1,-1,-1
1018,102,586.75,551.61,83.59,239.26,0.5340,-1,-1,-1
1018,101,296.86,299.14,64.79,189.73,0.3592,-1,-1,-1
1018,98,1699.78,177.76,54.10,159.52,0.3385,-1,-1,-1
1018,97,1830.28,222.49,66.31,182.35,0.2730,-1,-1,-1
1018,95,1723.27,680.64,101.39,245.61,0.4475,-1,-1,-1
1018,93,1153.03,600.78,80.66,247.36,0.7486,-1,-1,-1
1018,92,1237.78,163.81,58.50,157.31,0.2866,-1,-1,-1
1018,88,493.65,288.47,64.34,190.96,0.4834,-1,-1,-1
1018,83,379.88,479.92,76.30,219.40,0.5373,-1,-1,-1
1018,81,289.95,507.46,83.38,198.95,0.4969,-1,-1,-1
1018,78,843.33,276.23,62.25,201.18,0.5863,-1,-1,-1
1018,77,929.91,261.91,60.82,200.49,0.5212,-1,-1,-1
1018,60,353.78,911.54,102.96,167.21,0.8027,-1,-1,-1
1018,39,1573.72,591.25,104.44,233.92,0.6463,-1,-1,-1
1018,36,904.30,948.51,67.66,131.49,0.7167,-1,-1,-1
1018,4,1716.22,457.76,83.34,209.66,0.4678,-1,-1,-1
1019,102,587.15,550.77,83.74,242.05,0.4863,-1,-1,-1
1019,101,294.68,298.87,64.70,190.97,0.3830,-1,-1,-1
1019,98,1701.26,176.73,54.26,161.16,0.3697,-1,-1,-1
1019,95,1721.73,676.85,97.65,247.16,0.4617,-1,-1,-1
1019,93,1152.62,598.85,81.15,247.59,0.7363,-1,-1,-1
1019,92,1240.84,157.53,55.89,164.30,0.2567,-1,-1,-1
1019,88,493.19,288.83,65.35,195.37,0.4634,-1,-1,-1
1019,83,379.80,482.16,76.58,215.87,0.5526,-1,-1,-1
1019,81,288.98,508.45,83.09,198.61,0.5360,-1,-1,-1
1019,78,843.20,273.10,61.78,203.48,0.5803,-1,-1,-1
1019,77,926.35,260.35,65.71,200.85,0.5773,-1,-1,-1
1019,60,354.02,914.64,102.68,163.75,0.8017,-1,-1,-1
1019,39,1573.67,590.47,104.08,235.38,0.6634,-1,-1,-1
1019,36,903.12,948.20,67.74,131.80,0.7166,-1,-1,-1
1019,4,1716.29,457.45,83.10,209.65,0.4866,-1,-1,-1
1020,102,584.98,551.52,85.15,240.21,0.5325,-1,-1,-1
1020,101,294.33,298.53,64.49,190.70,0.4011,-1,-1,-1
1020,98,1703.05,177.29,53.00,161.55,0.4361,-1,-1,-1
1020,97,1832.69,223.34,65.81,178.93,0.2579,-1,-1,-1
1020,95,1720.39,671.91,96.24,252.93,0.4647,-1,-1,-1
1020,93,1150.21,596.17,83.65,250.30,0.7272,-1,-1,-1
1020,92,1242.88,149.46,56.29,171.57,0.2664,-1,-1,-1
1020,88,494.07,292.14,64.96,192.43,0.4686,-1,-1,-1
1020,83,379.60,482.90,77.43,214.80,0.5439,-1,-1,-1
1020,81,287.53,508.35,83.19,197.53,0.4308,-1,-1,-1
1020,78,843.54,275.92,62.08,199.41,0.5936,-1,-1,-1
1020,77,924.30,260.12,66.89,198.78,0.5338,-1,-1,-1
1020,60,354.80,917.17,102.60,161.75,0.8049,-1,-1,-1
1020,39,1575.10,589.32,103.51,236.60,0.6435,-1,-1,-1
1020,36,903.47,947.33,67.80,132.58,0.7098,-1,-1,-1
1020,4,1718.17,454.67,80.92,204.57,0.4875,-1,-1,-1
1021,102,583.93,550.50,86.32,240.38,0.5172,-1,-1,-1
1021,101,292.42,299.62,66.40,193.47,0.4328,-1,-1,-1
1021,100,376.27,294.98,77.88,202.91,0.2875,-1,-1,-1
1021,98,1703.46,178.19,54.30,161.51,0.4319,-1,-1,-1
1021,95,1715.98,672.45,92.36,250.50,0.5408,-1,-1,-1
1021,93,1147.95,593.71,84.15,251.69,0.7216,-1,-1,-1
1021,92,1242.12,151.96,60.46,168.17,0.2725,-1,-1,-1
1021,88,492.21,294.75,66.48,189.60,0.4923,-1,-1,-1
1021,83,378.53,484.66,79.06,215.83,0.5568,-1,-1,-1
1021,81,284.04,506.53,88.30,199.18,0.5323,-1,-1,-1
1021,78,843.66,274.68,61.91,199.85,0.6059,-1,-1,-1
1021,77,926.39,258.27,65.72,196.06,0.5384,-1,-1,-1
1021,60,356.31,918.19,100.97,160.58,0.8076,-1,-1,-1
1021,39,1575.00,589.42,103.41,237.48,0.6528,-1,-1,-1
1021,36,902.25,945.62,68.86,134.38,0.7018,-1,-1,-1
1021,4,1718.75,454.65,80.90,202.65,0.5039,-1,-1,-1
1022,102,583.59,549.76,85.22,240.88,0.5294,-1,-1,-1
1022,101,292.41,299.55,65.25,193.57,0.4440,-1,-1,-1
1022,100,376.09,296.36,73.02,195.06,0.3464,-1,-1,-1
1022,98,1702.40,178.02,57.48,163.32,0.4384,-1,-1,-1
1022,95,1714.65,671.89,92.08,247.43,0.5990,-1,-1,-1
1022,93,1147.54,593.43,85.89,252.77,0.7304,-1,-1,-1
1022,92,1242.40,154.19,59.70,166.05,0.2617,-1,-1,-1
1022,88,492.48,296.46,66.11,188.15,0.4947,-1,-1,-1
1022,83,378.06,485.35,80.78,226.48,0.5686,-1,-1,-1
1022,81,308.47,508.94,63.53,194.98,0.4174,-1,-1,-1
1022,78,843.59,273.31,61.76,199.01,0.6096,-1,-1,-1
1022,77,925.34,258.53,66.91,197.26,0.5721,-1,-1,-1
1022,60,358.36,920.12,98.97,158.81,0.8162,-1,-1,-1
1022,39,1576.82,589.12,101.34,237.54,0.6495,-1,-1,-1
1022,36,902.84,946.51,67.41,133.26,0.7124,-1,-1,-1
1022,4,1718.76,454.70,80.34,198.22,0.5131,-1,-1,-1
1023,102,583.40,550.05,83.74,239.56,0.4700,-1,-1,-1
1023,101,290.08,300.72,66.65,191.75,0.4703,-1,-1,-1
1023,100,376.09,297.75,70.23,196.93,0.3456,-1,-1,-1
1023,98,1701.88,178.63,58.71,165.82,0.4245,-1,-1,-1
1023,95,1712.88,674.70,92.86,245.54,0.6407,-1,-1,-1
1023,93,1147.87,591.08,84.80,255.19,0.7125,-1,-1,-1
1023,88,491.53,297.94,67.04,191.99,0.5006,-1,-1,-1
1023,83,378.24,485.66,80.84,229.88,0.5627,-1,-1,-1
1023,81,287.25,503.92,83.75,201.58,0.4447,-1,-1,-1
1023,78,843.34,273.59,61.68,194.49,0.5968,-1,-1,-1
1023,77,926.93,257.50,64.91,199.69,0.5376,-1,-1,-1
1023,60,358.48,922.48,98.92,156.27,0.8094,-1,-1,-1
1023,39,1574.58,587.59,103.83,239.28,0.5953,-1,-1,-1
1023,36,902.76,945.81,66.92,133.82,0.7107,-1,-1,-1
1023,4,1719.14,455.11,80.71,193.44,0.5303,-1,-1,-1
1024,102,584.95,549.62,80.97,239.87,0.4886,-1,-1,-1
1024,101,289.09,302.20,66.47,191.94,0.4823,-1,-1,-1
1024,98,1701.41,180.29,60.34,166.87,0.3550,-1,-1,-1
1024,95,1711.84,675.88,92.03,244.10,0.5929,-1,-1,-1
1024,93,1145.99,589.72,86.65,254.87,0.6897,-1,-1,-1
1024,88,491.88,298.60,66.25,194.93,0.5337,-1,-1,-1
1024,83,378.44,487.43,80.43,229.15,0.5556,-1,-1,-1
1024,81,286.51,504.98,83.63,200.19,0.4666,-1,-1,-1
1024,78,842.78,271.74,62.12,192.61,0.6215,-1,-1,-1
1024,77,927.86,257.35,63.81,202.59,0.5891,-1,-1,-1
1024,60,359.09,924.73,98.99,154.39,0.8090,-1,-1,-1
1024,39,1574.75,587.53,103.37,239.20,0.5996,-1,-1,-1
1024,36,903.43,946.45,66.91,133.52,0.7229,-1,-1,-1
1024,4,1719.27,454.64,79.28,191.12,0.5641,-1,-1,-1
1025,102,584.56,546.44,78.68,242.95,0.4627,-1,-1,-1
1025,101,288.17,303.04,66.90,193.63,0.4818,-1,-1,-1
1025,98,1699.10,181.94,62.63,173.43,0.3623,-1,-1,-1
1025,95,1711.24,678.21,87.94,242.13,0.6033,-1,-1,-1
1025,93,1143.69,588.68,88.99,254.19,0.6881,-1,-1,-1
1025,88,492.62,300.25,66.07,194.97,0.5055,-1,-1,-1
1025,83,377.84,488.30,78.58,232.47,0.5158,-1,-1,-1
1025,81,286.75,506.45,82.09,198.42,0.4789,-1,-1,-1
1025,78,842.77,268.01,61.93,196.23,0.6657,-1,-1,-1
1025,77,930.75,257.58,60.52,204.39,0.5802,-1,-1,-1
1025,60,360.28,926.09,98.15,153.54,0.8115,-1,-1,-1
1025,39,1574.53,587.49,102.41,239.50,0.5713,-1,-1,-1
1025,36,902.97,946.03,65.77,133.74,0.7141,-1,-1,-1
1025,4,1718.78,454.37,80.86,192.58,0.5436,-1,-1,-1
1026,102,585.36,546.58,76.50,242.14,0.4331,-1,-1,-1
1026,101,288.91,304.50,66.55,194.24,0.4595,-1,-1,-1
1026,100,371.58,300.16,69.93,191.78,0.4341,-1,-1,-1
1026,98,1697.81,184.77,65.67,175.94,0.3756,-1,-1,-1
1026,97,1837.99,229.05,61.98,180.63,0.2695,-1,-1,-1
1026,95,1710.51,683.54,84.34,238.55,0.6238,-1,-1,-1
1026,93,1143.32,588.74,87.17,249.98,0.6916,-1,-1,-1
1026,88,492.84,300.26,66.87,195.70,0.5992,-1,-1,-1
1026,83,377.70,491.70,76.93,232.03,0.5378,-1,-1,-1
1026,81,289.17,503.96,79.66,200.02,0.4844,-1,-1,-1
1026,78,843.81,267.05,61.20,189.86,0.6340,-1,-1,-1
1026,77,932.65,256.85,59.28,203.95,0.5992,-1,-1,-1
1026,60,361.99,927.97,96.92,151.14,0.8076,-1,-1,-1
1026,39,1576.26,589.12,101.49,238.05,0.6187,-1,-1,-1
1026,36,902.01,945.75,66.59,134.08,0.7179,-1,-1,-1
1026,4,1718.87,454.19,80.51,190.61,0.5663,-1,-1,-1
1027,102,585.02,546.97,72.14,242.59,0.4397,-1,-1,-1
1027,101,290.09,306.86,65.34,192.85,0.4439,-1,-1,-1
1027,100,370.22,302.18,70.47,193.45,0.5205,-1,-1,-1
1027,98,1697.86,188.19,66.83,174.74,0.3432,-1,-1,-1
1027,97,1839.16,231.14,59.75,189.70,0.2888,-1,-1,-1
1027,95,1705.43,672.47,84.33,243.91,0.5733,-1,-1,-1
1027,93,1142.26,588.58,86.26,252.57,0.7254,-1,-1,-1
1027,88,493.50,302.26,65.99,193.74,0.6037,-1,-1,-1
1027,83,376.59,494.11,73.84,232.30,0.5658,-1,-1,-1
1027,81,292.01,505.27,76.01,199.35,0.5623,-1,-1,-1
1027,78,845.42,265.25,59.18,188.13,0.6329,-1,-1,-1
1027,77,934.17,256.58,57.79,205.49,0.5791,-1,-1,-1
1027,60,364.16,929.87,96.83,148.89,0.8121,-1,-1,-1
1027,39,1575.13,589.46,103.06,237.85,0.6725,-1,-1,-1
1027,36,902.47,945.84,64.34,133.67,0.7182,-1,-1,-1
1027,4,1719.02,454.82,81.53,190.08,0.5371,-1,-1,-1
1028,102,585.94,546.11,70.64,243.75,0.4766,-1,-1,-1
1028,101,289.74,308.63,63.46,192.43,0.4424,-1,-1,-1
1028,100,370.21,306.53,70.52,190.82,0.5325,-1,-1,-1
1028,98,1698.49,191.53,65.90,171.33,0.3509,-1,-1,-1
1028,97,1840.10,232.85,60.26,188.10,0.2709,-1,-1,-1
1028,95,1705.54,658.00,82.32,256.34,0.5210,-1,-1,-1
1028,93,1141.42,587.04,84.75,248.81,0.7231,-1,-1,-1
1028,88,495.96,303.61,63.24,192.02,0.5130,-1,-1,-1
1028,83,375.24,497.13,76.88,229.99,0.5985,-1,-1,-1
1028,81,296.49,509.86,70.60,196.40,0.5644,-1,-1,-1
1028,78,846.30,262.56,59.18,188.38,0.6017,-1,-1,-1
1028,77,935.87,256.25,58.06,198.02,0.5854,-1,-1,-1
1028,60,365.29,931.82,95.97,147.36,0.8203,-1,-1,-1
1028,39,1574.88,589.27,102.36,238.14,0.6741,-1,-1,-1
1028,36,902.35,945.68,64.31,134.32,0.7134,-1,-1,-1
1028,4,1717.53,457.76,82.65,201.91,0.5754,-1,-1,-1
1029,102,586.51,545.41,65.06,244.73,0.5004,-1,-1,-1
1029,101,290.52,311.26,62.18,192.52,0.3666,-1,-1,-1
1029,100,370.56,307.40,68.12,193.20,0.5064,-1,-1,-1
1029,98,1699.29,193.22,65.83,168.87,0.3558,-1,-1,-1
1029,97,1840.60,235.48,61.26,190.30,0.3093,-1,-1,-1
1029,95,1702.68,639.25,83.47,274.30,0.4048,-1,-1,-1
1029,93,1141.30,586.21,81.55,249.01,0.7394,-1,-1,-1
1029,88,493.92,304.46,64.75,191.15,0.5337,-1,-1,-1
1029,83,374.81,499.84,77.43,227.70,0.6166,-1,-1,-1
1029,81,295.22,512.56,70.73,197.27,0.5984,-1,-1,-1
1029,78,847.63,261.71,58.44,189.96,0.5966,-1,-1,-1
1029,77,936.46,255.53,58.68,202.02,0.6221,-1,-1,-1
1029,60,367.67,932.68,94.97,145.90,0.8128,-1,-1,-1
1029,39,1574.20,589.66,103.12,237.75,0.6888,-1,-1,-1
1029,36,901.64,945.36,63.64,134.64,0.6993,-1,-1,-1
1029,4,1717.85,459.17,83.79,201.27,0.5819,-1,-1,-1
1030,102,586.09,544.53,65.95,245.73,0.4714,-1,-1,-1
1030,101,291.99,312.04,62.19,189.30,0.4058,-1,-1,-1
1030,100,368.60,308.40,69.21,194.42,0.5656,-1,-1,-1
1030,98,1700.35,196.30,64.62,161.83,0.3170,-1,-1,-1
1030,97,1842.64,237.83,60.86,189.03,0.3157,-1,-1,-1
1030,95,1701.82,639.12,83.78,273.74,0.4543,-1,-1,-1
1030,93,1140.65,584.05,79.21,249.52,0.7753,-1,-1,-1
1030,88,493.33,302.68,65.36,193.29,0.5337,-1,-1,-1
1030,83,373.35,500.71,71.79,226.79,0.6118,-1,-1,-1
1030,81,294.93,511.99,71.32,202.61,0.6497,-1,-1,-1
1030,78,848.27,261.00,57.08,192.86,0.5862,-1,-1,-1
1030,77,936.57,254.36,59.24,200.22,0.5628,-1,-1,-1
1030,60,368.05,935.83,95.34,142.67,0.8000,-1,-1,-1
1030,39,1573.98,588.27,101.77,239.74,0.6457,-1,-1,-1
1030,36,901.38,945.00,62.07,135.00,0.7175,-1,-1,-1
1030,4,1717.82,457.94,82.68,201.96,0.5787,-1,-1,-1
1031,102,585.61,544.34,63.93,246.77,0.4734,-1,-1,-1
1031,101,293.15,314.49,62.61,190.50,0.4000,-1,-1,-1
1031,100,367.53,309.76,69.79,193.67,0.5661,-1,-1,-1
1031,98,1701.20,198.31,63.71,163.37,0.3379,-1,-1,-1
1031,97,1844.47,241.25,58.29,187.10,0.3028,-1,-1,-1
1031,95,1684.13,637.83,98.56,277.88,0.5307,-1,-1,-1
1031,93,1139.94,578.17,78.29,248.39,0.7787,-1,-1,-1
1031,88,492.97,302.23,65.26,189.77,0.5711,-1,-1,-1
1031,83,373.25,500.38,79.16,229.24,0.6372,-1,-1,-1
1031,81,294.52,513.87,71.05,211.58,0.6805,-1,-1,-1
1031,78,848.37,259.34,57.40,194.26,0.5695,-1,-1,-1
1031,77,938.48,250.73,57.59,197.09,0.5689,-1,-1,-1
1031,60,371.29,937.25,92.65,141.04,0.7950,-1,-1,-1
1031,39,1572.92,590.67,103.45,236.91,0.6568,-1,-1,-1
1031,36,900.01,944.50,61.84,135.50,0.7216,-1,-1,-1
1031,4,1717.78,458.56,82.96,205.42,0.6016,-1,-1,-1
1032,102,586.00,543.65,62.16,247.20,0.4720,-1,-1,-1
1032,101,293.13,316.27,64.91,190.11,0.4099,-1,-1,-1
1032,100,366.61,310.75,69.81,193.37,0.5062,-1,-1,-1
1032,98,1701.52,200.32,62.83,164.70,0.3728,-1,-1,-1
1032,97,1846.37,241.92,59.20,189.33,0.3019,-1,-1,-1
1032,95,1680.28,641.16,98.46,276.03,0.4875,-1,-1,-1
1032,93,1139.40,574.87,77.27,245.57,0.7700,-1,-1,-1
1032,88,493.93,304.78,63.26,187.26,0.4875,-1,-1,-1
1032,83,373.92,500.71,77.82,229.90,0.6623,-1,-1,-1
1032,81,294.79,516.21,71.20,213.09,0.6872,-1,-1,-1
1032,78,848.46,256.19,58.18,194.51,0.5797,-1,-1,-1
1032,77,939.57,248.62,56.70,194.06,0.6193,-1,-1,-1
1032,60,372.96,941.06,91.03,137.32,0.7708,-1,-1,-1
1032,39,1573.57,590.30,101.58,237.55,0.6400,-1,-1,-1
1032,36,899.52,944.02,61.01,135.97,0.7003,-1,-1,-1
1032,4,1717.95,458.54,82.84,207.80,0.5971,-1,-1,-1
1033,102,585.41,542.09,61.40,237.79,0.4311,-1,-1,-1
1033,101,293.32,317.59,65.31,190.66,0.3548,-1,-1,-1
1033,100,365.55,311.54,70.29,192.60,0.5324,-1,-1,-1
1033,98,1701.41,200.49,62.92,162.30,0.2970,-1,-1,-1
1033,97,1849.28,243.94,57.58,186.60,0.2870,-1,-1,-1
1033,95,1676.17,638.52,101.02,279.33,0.5396,-1,-1,-1
1033,93,1139.26,572.18,76.36,241.97,0.7704,-1,-1,-1
1033,88,492.35,306.24,64.71,190.24,0.4653,-1,-1,-1
1033,83,373.01,501.60,77.60,228.70,0.6446,-1,-1,-1
1033,81,294.27,518.16,71.43,213.58,0.6683,-1,-1,-1
1033,78,847.96,255.74,59.11,195.39,0.5531,-1,-1,-1
1033,77,940.12,247.15,58.51,194.58,0.6343,-1,-1,-1
1033,60,373.22,943.93,91.88,133.66,0.7610,-1,-1,-1
1033,39,1574.74,591.74,98.92,236.61,0.6251,-1,-1,-1
1033,36,898.77,944.00,59.85,136.00,0.6956,-1,-1,-1
1033,4,1718.37,458.34,81.95,206.93,0.5883,-1,-1,-1
1034,102,585.04,541.45,59.22,248.89,0.4507,-1,-1,-1
1034,101,294.55,319.23,65.74,189.80,0.3831,-1,-1,-1
1034,100,365.66,312.35,69.33,193.85,0.5751,-1,-1,-1
1034,98,1702.28,201.35,63.46,157.78,0.2704,-1,-1,-1
1034,97,1852.27,242.58,59.75,186.93,0.2939,-1,-1,-1
1034,95,1675.31,637.82,100.10,279.77,0.5390,-1,-1,-1
1034,93,1140.11,568.92,74.66,242.67,0.7689,-1,-1,-1
1034,88,489.48,308.10,66.42,192.75,0.4872,-1,-1,-1
1034,83,372.52,503.30,73.91,226.88,0.6249,-1,-1,-1
1034,81,293.97,521.07,73.15,212.70,0.6708,-1,-1,-1
1034,78,847.89,256.18,59.95,194.23,0.5589,-1,-1,-1
1034,77,940.07,244.38,57.88,195.48,0.6029,-1,-1,-1
1034,60,376.38,947.49,88.42,131.27,0.7542,-1,-1,-1
1034,39,1573.77,595.25,100.93,231.90,0.5891,-1,-1,-1
1034,36,897.17,943.71,60.94,136.29,0.7086,-1,-1,-1
1034,4,1717.30,457.70,82.47,206.23,0.5862,-1,-1,-1
1035,102,585.18,540.53,59.45,250.18,0.4084,-1,-1,-1
1035,101,294.56,320.69,65.55,187.97,0.4263,-1,-1,-1
1035,100,365.90,312.39,68.84,195.33,0.5546,-1,-1,-1
1035,98,1704.36,201.58,61.65,153.99,0.2781,-1,-1,-1
1035,97,1852.50,241.80,58.97,187.97,0.2933,-1,-1,-1
1035,95,1676.46,635.43,92.02,279.82,0.6029,-1,-1,-1
1035,93,1138.43,568.08,75.90,241.64,0.7609,-1,-1,-1
1035,88,488.61,311.73,67.56,193.14,0.4532,-1,-1,-1
1035,83,371.60,504.14,77.34,224.20,0.6207,-1,-1,-1
1035,81,290.89,523.62,80.06,211.36,0.6428,-1,-1,-1
1035,78,848.55,255.20,58.94,194.40,0.5656,-1,-1,-1
1035,77,939.71,242.74,58.99,197.77,0.6447,-1,-1,-1
1035,60,377.75,950.85,88.86,128.71,0.7442,-1,-1,-1
1035,39,1572.79,594.14,100.54,232.98,0.6067,-1,-1,-1
1035,36,896.67,942.87,59.72,137.13,0.7046,-1,-1,-1
1035,4,1718.49,458.59,80.13,203.20,0.5958,-1,-1,-1
1036,102,585.07,541.76,59.82,249.19,0.4099,-1,-1,-1
1036,101,293.46,320.12,67.85,191.85,0.4070,-1,-1,-1
1036,100,364.75,314.52,69.06,183.51,0.3821,-1,-1,-1
1036,98,1704.52,203.29,63.22,157.09,0.2969,-1,-1,-1
1036,97,1853.91,239.52,59.66,193.08,0.2562,-1,-1,-1
1036,95,1676.41,633.75,88.73,281.36,0.6314,-1,-1,-1
1036,93,1137.74,566.03,75.32,246.99,0.7364,-1,-1,-1
1036,92,1275.76,181.07,58.84,140.27,0.3394,-1,-1,-1
1036,88,488.90,309.02,68.55,195.96,0.4481,-1,-1,-1
1036,83,371.34,504.18,77.44,224.33,0.6310,-1,-1,-1
1036,81,292.02,525.86,78.03,208.97,0.5835,-1,-1,-1
1036,78,849.71,254.37,57.75,195.54,0.5765,-1,-1,-1
1036,77,939.78,241.00,57.84,197.63,0.6591,-1,-1,-1
1036,60,380.32,953.81,88.85,126.19,0.7313,-1,-1,-1
1036,39,1573.52,595.30,99.36,232.21,0.6057,-1,-1,-1
1036,36,895.49,941.41,59.72,138.59,0.7199,-1,-1,-1
1036,4,1718.78,460.64,80.25,202.19,0.5846,-1,-1,-1
1037,102,586.92,539.84,56.89,251.75,0.4475,-1,-1,-1
1037,101,292.80,321.20,67.91,188.28,0.4189,-1,-1,-1
1037,100,363.05,319.46,72.45,156.70,0.3068,-1,-1,-1
1037,98,1707.38,203.17,60.96,161.19,0.4038,-1,-1,-1
1037,97,1853.90,240.36,58.98,190.83,0.2542,-1,-1,-1
1037,95,1674.96,631.37,87.41,280.21,0.6195,-1,-1,-1
1037,93,1136.65,563.96,75.77,249.31,0.7504,-1,-1,-1
1037,92,1275.22,179.68,59.01,143.21,0.3303,-1,-1,-1
1037,88,488.77,310.81,70.84,195.84,0.4499,-1,-1,-1
1037,83,371.02,505.19,79.52,222.42,0.6695,-1,-1,-1
1037,81,287.25,527.90,82.46,206.94,0.5522,-1,-1,-1
1037,78,849.50,252.78,58.74,196.34,0.5737,-1,-1,-1
1037,77,940.15,240.83,57.93,198.12,0.6871,-1,-1,-1
1037,60,383.74,956.36,87.85,123.64,0.7573,-1,-1,-1
1037,39,1572.96,595.26,98.71,231.80,0.6302,-1,-1,-1
1037,36,895.60,940.40,57.86,139.60,0.7298,-1,-1,-1
1037,4,1718.78,460.08,79.70,202.85,0.6309,-1,-1,-1
1038,102,586.85,539.53,57.60,251.73,0.4578,-1,-1,-1
1038,101,294.82,321.75,62.71,187.57,0.3785,-1,-1,-1
1038,100,362.19,319.52,74.98,158.49,0.3117,-1,-1,-1
1038,98,1709.81,204.15,59.10,162.48,0.3252,-1,-1,-1
1038,95,1669.71,631.40,93.33,279.61,0.6216,-1,-1,-1
1038,93,1134.33,563.31,79.36,253.62,0.7534,-1,-1,-1
1038,88,488.79,313.57,70.28,195.93,0.4431,-1,-1,-1
1038,83,371.22,505.37,78.62,223.25,0.6655,-1,-1,-1
1038,81,298.25,531.34,67.77,203.40,0.4904,-1,-1,-1
1038,78,849.50,251.95,59.72,196.66,0.5643,-1,-1,-1
1038,77,940.13,239.99,57.35,199.08,0.6840,-1,-1,-1
1038,60,385.07,958.72,90.43,121.28,0.7811,-1,-1,-1
1038,39,1573.48,595.07,97.84,232.01,0.6313,-1,-1,-1
1038,36,893.66,938.63,57.76,141.37,0.7232,-1,-1,-1
1038,4,1718.97,460.47,79.30,201.58,0.6311,-1,-1,-1
1039,102,587.33,539.25,56.73,252.40,0.4548,-1,-1,-1
1039,101,293.86,321.82,64.29,188.50,0.3927,-1,-1,-1
1039,100,360.65,318.76,77.17,157.21,0.3401,-1,-1,-1
1039,98,1712.13,206.07,57.80,161.66,0.3334,-1,-1,-1
1039,97,1854.52,239.66,64.04,194.28,0.3064,-1,-1,-1
1039,95,1663.58,632.30,96.31,278.52,0.6262,-1,-1,-1
1039,93,1129.82,562.67,82.65,254.22,0.7656,-1,-1,-1
1039,88,488.00,314.66,67.78,197.35,0.4423,-1,-1,-1
1039,83,370.89,506.19,77.34,223.24,0.6573,-1,-1,-1
1039,81,301.33,532.39,61.95,202.10,0.5367,-1,-1,-1
1039,78,850.28,251.53,59.00,195.36,0.5381,-1,-1,-1
1039,77,940.04,238.88,56.97,199.50,0.6593,-1,-1,-1
1039,60,389.21,959.16,87.42,120.84,0.7460,-1,-1,-1
1039,39,1572.74,593.55,98.58,233.23,0.6040,-1,-1,-1
1039,36,892.81,939.43,58.76,140.57,0.7283,-1,-1,-1
1039,4,1718.84,459.97,79.18,204.01,0.6353,-1,-1,-1
1040,102,587.97,538.69,55.96,251.97,0.4956,-1,-1,-1
1040,101,291.32,323.62,72.63,188.05,0.3842,-1,-1,-1
1040,100,360.34,320.44,77.73,155.65,0.3176,-1,-1,-1
1040,98,1713.32,206.93,57.47,157.54,0.3709,-1,-1,-1
1040,97,1855.84,239.54,62.96,191.07,0.2666,-1,-1,-1
1040,95,1661.01,633.74,96.15,279.62,0.6283,-1,-1,-1
1040,93,1126.62,562.61,82.67,254.64,0.7761,-1,-1,-1
1040,88,487.71,319.94,66.09,194.74,0.4490,-1,-1,-1
1040,83,371.31,508.07,79.39,225.69,0.6862,-1,-1,-1
1040,81,301.60,535.73,59.79,199.48,0.4555,-1,-1,-1
1040,78,851.09,248.88,59.65,192.79,0.5337,-1,-1,-1
1040,77,939.32,238.42,57.74,199.38,0.6257,-1,-1,-1
1040,60,391.97,961.30,87.58,118.70,0.7248,-1,-1,-1
1040,39,1572.67,595.73,98.78,230.68,0.6027,-1,-1,-1
1040,36,891.25,938.61,59.44,141.39,0.7287,-1,-1,-1
1040,4,1719.20,459.67,78.51,204.94,0.6542,-1,-1,-1
1041,102,588.35,538.89,56.09,253.98,0.4993,-1,-1,-1
1041,101,291.85,324.58,73.52,185.72,0.4102,-1,-1,-1
1041,100,361.26,320.72,76.33,156.36,0.2563,-1,-1,-1
1041,98,1713.69,209.14,58.36,154.10,0.3558,-1,-1,-1
1041,97,1857.42,237.85,61.43,195.43,0.2783,-1,-1,-1
1041,95,1661.17,636.29,92.36,275.65,0.5459,-1,-1,-1
1041,93,1125.86,561.01,84.31,252.80,0.7936,-1,-1,-1
1041,88,486.55,323.64,65.61,191.29,0.4601,-1,-1,-1
1041,83,371.66,510.46,78.68,227.34,0.6521,-1,-1,-1
1041,81,302.64,534.74,58.48,199.35,0.4485,-1,-1,-1
1041,78,850.11,247.07,61.83,190.37,0.5407,-1,-1,-1
1041,77,939.58,237.60,57.92,200.45,0.6498,-1,-1,-1
1041,60,395.26,963.71,89.48,116.29,0.7476,-1,-1,-1
1041,39,1572.85,593.57,99.59,232.22,0.6040,-1,-1,-1
1041,36,889.02,938.43,57.43,141.57,0.7126,-1,-1,-1
1041,4,1719.14,459.40,79.11,205.85,0.6579,-1,-1,-1
1042,102,588.09,539.00,56.75,251.99,0.4919,-1,-1,-1
1042,101,291.43,325.44,73.45,187.73,0.3874,-1,-1,-1
1042,100,360.92,322.65,75.60,156.39,0.2783,-1,-1,-1
1042,98,1715.49,211.01,56.69,153.90,0.2811,-1,-1,-1
1042,97,1859.18,243.49,59.59,193.50,0.2643,-1,-1,-1
1042,95,1658.96,638.11,93.07,272.72,0.5479,-1,-1,-1
1042,93,1125.34,559.85,83.34,249.64,0.7838,-1,-1,-1
1042,88,487.18,325.40,63.75,189.59,0.4334,-1,-1,-1
1042,83,371.58,510.20,79.73,230.90,0.6639,-1,-1,-1
1042,81,300.55,536.21,58.72,195.33,0.3849,-1,-1,-1
1042,78,850.66,244.31,63.10,187.73,0.5138,-1,-1,-1
1042,77,940.33,237.83,57.60,199.94,0.6363,-1,-1,-1
1042,60,396.87,964.46,93.30,115.44,0.7535,-1,-1,-1
1042,39,1572.66,592.08,100.03,232.73,0.5838,-1,-1,-1
1042,36,887.30,937.76,57.83,142.24,0.7265,-1,-1,-1
1042,4,1719.49,460.43,77.29,205.40,0.6193,-1,-1,-1
1043,102,588.62,538.28,55.66,252.65,0.5036,-1,-1,-1
1043,101,291.67,325.80,71.41,195.12,0.3642,-1,-1,-1
1043,100,358.75,324.05,75.35,153.51,0.3147,-1,-1,-1
1043,98,1717.89,213.34,55.13,155.83,0.2820,-1,-1,-1
1043,95,1661.72,641.03,88.93,271.53,0.4609,-1,-1,-1
1043,93,1123.51,559.25,83.54,247.36,0.7814,-1,-1,-1
1043,88,483.99,324.56,65.47,190.07,0.4372,-1,-1,-1
1043,83,371.70,511.38,80.28,232.29,0.6771,-1,-1,-1
1043,81,301.34,535.59,59.02,196.80,0.3842,-1,-1,-1
1043,78,850.18,241.58,64.26,190.47,0.5048,-1,-1,-1
1043,77,941.14,237.41,56.33,199.33,0.6317,-1,-1,-1
1043,60,397.07,965.91,95.63,114.09,0.7560,-1,-1,-1
1043,39,1571.43,592.99,102.14,231.89,0.5413,-1,-1,-1
1043,36,885.72,937.60,58.99,142.40,0.7180,-1,-1,-1
1043,4,1719.74,458.52,77.61,207.90,0.6047,-1,-1,-1
1044,102,588.45,538.91,56.79,251.93,0.4969,-1,-1,-1
1044,101,290.36,325.21,70.00,202.52,0.4067,-1,-1,-1
1044,100,353.65,322.58,85.45,203.89,0.3860,-1,-1,-1
1044,98,1716.98,213.35,57.82,164.56,0.2922,-1,-1,-1
1044,95,1657.11,642.35,94.68,273.99,0.5199,-1,-1,-1
1044,93,1122.55,557.37,81.52,248.00,0.7760,-1,-1,-1
1044,88,485.10,324.05,65.42,191.79,0.4430,-1,-1,-1
1044,83,372.80,514.74,78.12,233.84,0.6528,-1,-1,-1
1044,81,279.19,533.00,84.28,201.54,0.3495,-1,-1,-1
1044,78,851.26,240.06,64.10,189.84,0.4892,-1,-1,-1
1044,77,941.40,236.49,55.78,199.10,0.6271,-1,-1,-1
1044,60,398.41,968.10,97.32,111.90,0.7457,-1,-1,-1
1044,39,1571.13,589.61,104.11,234.06,0.4595,-1,-1,-1
1044,36,884.06,937.55,59.07,142.45,0.7013,-1,-1,-1
1044,4,1719.40,459.13,77.08,207.54,0.6030,-1,-1,-1
1045,102,588.74,538.27,55.52,252.81,0.4988,-1,-1,-1
1045,101,290.08,325.66,69.13,201.76,0.4345,-1,-1,-1
1045,100,354.03,323.74,82.00,207.17,0.5336,-1,-1,-1
1045,98,1718.07,214.52,57.34,165.18,0.3120,-1,-1,-1
1045,95,1651.00,642.92,97.35,271.70,0.5494,-1,-1,-1
1045,93,1119.87,554.44,82.76,250.18,0.7755,-1,-1,-1
1045,88,483.47,324.75,65.62,191.24,0.4036,-1,-1,-1
1045,83,373.19,517.68,79.30,232.78,0.6511,-1,-1,-1
1045,81,299.99,538.03,61.70,198.85,0.4003,-1,-1,-1
1045,78,851.67,238.75,63.81,192.44,0.5566,-1,-1,-1
1045,77,941.26,235.04,55.67,199.75,0.6046,-1,-1,-1
1045,60,398.54,968.54,101.98,111.46,0.7485,-1,-1,-1
1045,39,1570.65,592.62,104.00,231.08,0.4726,-1,-1,-1
1045,36,883.99,937.24,60.37,142.76,0.7092,-1,-1,-1
1045,4,1719.42,461.30,76.88,206.38,0.6020,-1,-1,-1
1046,102,588.96,539.11,55.25,251.61,0.4668,-1,-1,-1
1046,101,290.97,327.92,66.38,202.15,0.4216,-1,-1,-1
1046,100,350.28,327.11,82.06,206.23,0.5153,-1,-1,-1
1046,98,1720.20,215.74,57.29,166.52,0.2706,-1,-1,-1
1046,95,1652.06,643.85,94.66,269.89,0.5411,-1,-1,-1
1046,93,1120.22,553.39,80.88,246.67,0.7769,-1,-1,-1
1046,88,482.72,324.23,67.30,191.80,0.4167,-1,-1,-1
1046,83,374.11,520.24,75.73,233.85,0.6337,-1,-1,-1
1046,81,283.76,537.10,78.50,207.05,0.4970,-1,-1,-1
1046,78,850.83,238.57,64.73,192.26,0.5473,-1,-1,-1
1046,77,941.11,234.36,54.70,200.32,0.5951,-1,-1,-1
1046,60,399.68,970.93,103.41,109.07,0.7448,-1,-1,-1
1046,39,1575.42,593.10,100.39,231.58,0.4330,-1,-1,-1
1046,36,882.06,935.99,59.33,144.01,0.6695,-1,-1,-1
1046,4,1718.46,461.07,77.55,206.32,0.6036,-1,-1,-1
1047,102,588.40,538.55,57.06,253.15,0.4660,-1,-1,-1
1047,101,288.73,333.24,66.54,199.63,0.4336,-1,-1,-1
1047,100,349.67,329.47,80.97,206.28,0.5401,-1,-1,-1
1047,98,1722.43,216.23,56.44,163.81,0.2746,-1,-1,-1
1047,95,1655.11,651.83,89.77,260.76,0.6157,-1,-1,-1
1047,93,1119.05,550.94,81.09,249.33,0.7554,-1,-1,-1
1047,88,482.52,326.48,66.50,188.93,0.4613,-1,-1,-1
1047,83,373.46,522.45,77.39,232.41,0.6458,-1,-1,-1
1047,81,276.98,539.69,85.01,210.80,0.5358,-1,-1,-1
1047,78,849.66,235.47,68.44,195.03,0.5413,-1,-1,-1
1047,77,938.86,233.25,56.28,199.87,0.5753,-1,-1,-1
1047,60,400.17,974.23,105.83,105.77,0.7391,-1,-1,-1
1047,39,1574.11,590.88,100.60,233.56,0.3958,-1,-1,-1
1047,36,881.31,936.05,60.04,143.95,0.6672,-1,-1,-1
1047,4,1717.95,462.75,77.71,204.55,0.6151,-1,-1,-1
1048,102,587.96,538.86,58.00,253.32,0.4507,-1,-1,-1
1048,101,288.38,334.75,65.32,199.55,0.3927,-1,-1,-1
1048,100,348.96,330.47,80.32,204.18,0.4541,-1,-1,-1
1048,98,1723.68,218.77,55.77,150.11,0.2620,-1,-1,-1
1048,95,1651.06,652.62,91.59,258.61,0.6472,-1,-1,-1
1048,93,1117.74,547.35,81.49,245.64,0.7450,-1,-1,-1
1048,88,481.63,326.17,66.83,191.25,0.4615,-1,-1,-1
1048,83,372.73,522.09,77.31,232.38,0.6372,-1,-1,-1
1048,81,275.10,541.68,86.11,213.00,0.5876,-1,-1,-1
1048,78,850.62,235.12,68.35,194.66,0.5539,-1,-1,-1
1048,77,939.10,230.89,55.03,191.68,0.5805,-1,-1,-1
1048,60,402.61,977.72,106.53,102.28,0.7365,-1,-1,-1
1048,39,1575.31,590.40,99.73,233.75,0.3943,-1,-1,-1
1048,36,881.39,935.16,59.36,144.84,0.6474,-1,-1,-1
1048,4,1719.20,461.90,76.40,205.26,0.5860,-1,-1,-1
1049,102,587.97,537.79,57.23,253.42,0.4952,-1,-1,-1
1049,101,286.64,334.73,64.38,200.45,0.3945,-1,-1,-1
1049,100,345.91,330.59,83.30,205.43,0.4497,-1,-1,-1
1049,95,1650.67,648.63,90.83,262.04,0.6961,-1,-1,-1
1049,93,1117.95,544.87,77.51,242.44,0.7429,-1,-1,-1
1049,88,479.37,325.96,69.37,193.10,0.5068,-1,-1,-1
1049,83,372.10,523.72,77.03,230.65,0.6467,-1,-1,-1
1049,81,279.13,544.34,81.46,211.40,0.5539,-1,-1,-1
1049,78,851.40,235.25,68.09,193.88,0.5661,-1,-1,-1
1049,77,938.04,229.24,56.13,191.62,0.6102,-1,-1,-1
1049,60,403.57,979.69,107.50,100.31,0.7477,-1,-1,-1
1049,39,1572.49,593.58,100.31,231.52,0.4404,-1,-1,-1
1049,36,879.93,933.89,60.80,146.11,0.6695,-1,-1,-1
1049,4,1718.67,462.17,77.18,206.14,0.6215,-1,-1,-1
1050,102,588.14,538.01,58.59,253.64,0.5120,-1,-1,-1
1050,101,287.80,336.39,63.37,199.17,0.4398,-1,-1,-1
1050,100,346.03,331.84,82.54,201.49,0.4350,-1,-1,-1
1050,98,1724.53,217.58,56.25,167.63,0.3084,-1,-1,-1
1050,95,1649.76,648.97,88.62,260.07,0.6887,-1,-1,-1
1050,93,1115.30,542.30,77.66,236.38,0.7529,-1,-1,-1
1050,88,479.52,327.56,68.31,195.13,0.4494,-1,-1,-1
1050,83,372.44,523.91,78.38,229.52,0.6636,-1,-1,-1
1050,81,279.79,547.84,79.50,211.67,0.6141,-1,-1,-1
1050,78,852.94,234.90,66.23,193.73,0.5900,-1,-1,-1
1050,77,937.76,227.83,56.30,190.65,0.6088,-1,-1,-1
1050,60,407.64,983.14,104.92,96.86,0.7518,-1,-1,-1
1050,39,1570.48,592.67,103.14,232.02,0.4435,-1,-1,-1
1050,36,879.17,933.00,61.32,147.00,0.6681,-1,-1,-1
1050,4,1718.31,461.08,77.88,206.96,0.6452,-1,-1,-1
