1,6,1058.84,293.54,82.75,324.71,0.4006,-1,-1,-1
1,5,740.97,330.80,42.17,124.86,0.4068,-1,-1,-1
1,4,404.00,277.97,107.41,319.41,0.8107,-1,-1,-1
1,3,546.17,271.42,94.47,315.80,0.8121,-1,-1,-1
1,2,874.76,152.62,238.79,626.86,0.8143,-1,-1,-1
1,1,0.00,8.84,351.23,1061.85,0.9275,-1,-1,-1
2,6,1053.54,291.45,87.62,330.30,0.4812,-1,-1,-1
2,4,397.44,274.20,111.18,321.47,0.8139,-1,-1,-1
2,3,542.37,266.27,95.58,322.62,0.8087,-1,-1,-1
2,2,869.90,148.58,234.29,629.18,0.8054,-1,-1,-1
2,1,0.35,6.11,344.95,1064.53,0.9307,-1,-1,-1
3,6,1047.81,293.71,91.77,333.77,0.5743,-1,-1,-1
3,4,390.27,274.49,108.40,322.74,0.8447,-1,-1,-1
3,3,536.25,265.84,97.33,327.54,0.8046,-1,-1,-1
3,2,864.87,152.68,225.73,627.15,0.8284,-1,-1,-1
3,1,0.48,5.06,338.76,1062.25,0.9292,-1,-1,-1
4,6,1044.02,292.52,90.68,344.46,0.5790,-1,-1,-1
4,5,732.74,324.51,41.53,129.63,0.4027,-1,-1,-1
4,4,381.02,270.56,112.41,328.28,0.8422,-1,-1,-1
4,3,531.73,264.82,95.92,328.88,0.8075,-1,-1,-1
4,2,870.60,153.17,216.98,629.10,0.8343,-1,-1,-1
4,1,0.43,3.39,324.55,1061.39,0.9252,-1,-1,-1
5,6,1049.60,292.16,82.06,343.43,0.5788,-1,-1,-1
5,4,376.60,264.06,111.33,332.43,0.8345,-1,-1,-1
5,3,526.08,262.09,97.59,334.85,0.8087,-1,-1,-1
5,2,880.19,151.49,204.91,638.46,0.8185,-1,-1,-1
5,1,0.66,3.43,308.87,1062.93,0.9159,-1,-1,-1
6,6,1046.34,293.57,81.61,344.60,0.5866,-1,-1,-1
6,4,372.56,261.78,110.82,334.84,0.8306,-1,-1,-1
6,3,519.69,262.35,102.17,335.23,0.7971,-1,-1,-1
6,2,885.40,150.71,197.18,624.60,0.8033,-1,-1,-1
6,1,0.73,21.69,288.58,1053.24,0.8777,-1,-1,-1
7,8,864.09,254.69,80.29,307.20,0.5748,-1,-1,-1
7,7,684.82,332.01,41.82,120.81,0.4066,-1,-1,-1
7,6,1040.54,296.98,85.00,346.14,0.6038,-1,-1,-1
7,5,726.08,321.41,39.47,124.32,0.4656,-1,-1,-1
7,4,363.00,260.79,114.47,338.42,0.8223,-1,-1,-1
7,3,515.25,258.95,101.99,345.71,0.7801,-1,-1,-1
7,2,892.17,153.31,189.06,619.34,0.8162,-1,-1,-1
7,1,0.90,79.60,270.39,990.63,0.9035,-1,-1,-1
8,8,863.31,265.38,71.97,298.49,0.5865,-1,-1,-1
8,7,682.68,331.90,39.90,120.97,0.5014,-1,-1,-1
8,6,1037.07,299.85,88.30,345.91,0.6755,-1,-1,-1
8,5,723.46,321.07,41.43,127.39,0.5086,-1,-1,-1
8,4,352.63,260.13,119.51,342.44,0.8268,-1,-1,-1
8,3,511.33,263.31,101.30,345.25,0.8152,-1,-1,-1
8,2,889.49,152.42,191.39,628.85,0.7932,-1,-1,-1
8,1,0.78,89.22,257.83,981.58,0.8959,-1,-1,-1
9,8,862.41,263.39,72.78,300.99,0.5886,-1,-1,-1
9,7,679.69,333.96,37.01,120.41,0.4076,-1,-1,-1
9,6,1036.77,303.89,84.13,348.25,0.6621,-1,-1,-1
9,5,721.41,321.23,38.67,131.82,0.5794,-1,-1,-1
9,4,348.08,261.11,120.09,343.24,0.8185,-1,-1,-1
9,3,506.55,262.45,103.19,342.59,0.8362,-1,-1,-1
9,2,886.75,154.37,188.50,625.92,0.7894,-1,-1,-1
9,1,0.06,99.86,220.95,972.56,0.8638,-1,-1,-1
10,9,776.90,297.03,49.90,156.60,0.4917,-1,-1,-1
10,8,861.71,260.27,72.84,304.40,0.5662,-1,-1,-1
10,7,676.50,336.69,41.69,123.55,0.4886,-1,-1,-1
10,6,1037.42,299.92,81.43,353.68,0.7005,-1,-1,-1
10,5,720.62,324.88,40.51,131.30,0.5865,-1,-1,-1
10,4,346.25,259.39,116.48,347.07,0.8078,-1,-1,-1
10,3,499.51,264.93,107.44,347.16,0.8258,-1,-1,-1
10,2,879.59,157.55,190.78,622.91,0.8160,-1,-1,-1
10,1,1.08,104.89,204.00,962.15,0.7273,-1,-1,-1
11,9,777.14,320.21,46.77,133.32,0.5637,-1,-1,-1
11,8,862.25,278.45,66.95,288.90,0.5335,-1,-1,-1
11,7,676.51,341.57,40.74,115.87,0.4720,-1,-1,-1
11,6,1039.35,295.54,73.44,360.96,0.6633,-1,-1,-1
11,5,719.26,326.60,38.65,129.07,0.5183,-1,-1,-1
11,4,337.18,262.54,121.46,348.77,0.7891,-1,-1,-1
11,3,492.56,261.79,109.99,354.10,0.8231,-1,-1,-1
11,2,878.46,156.27,188.64,631.71,0.8167,-1,-1,-1
11,1,0.92,108.33,174.57,957.81,0.7327,-1,-1,-1
12,9,773.80,320.11,53.13,134.24,0.5498,-1,-1,-1
12,7,673.84,339.18,40.57,121.71,0.4352,-1,-1,-1
12,6,1037.27,296.72,71.32,362.04,0.6772,-1,-1,-1
12,5,717.92,327.54,41.73,132.25,0.5501,-1,-1,-1
12,4,324.39,265.42,129.48,351.70,0.8275,-1,-1,-1
12,3,490.37,257.77,110.35,358.99,0.7971,-1,-1,-1
12,2,868.47,158.53,190.69,633.30,0.8356,-1,-1,-1
12,1,0.35,115.16,160.69,677.17,0.7881,-1,-1,-1
13,9,772.23,321.63,52.03,133.53,0.5429,-1,-1,-1
13,7,672.78,340.56,39.24,123.11,0.4351,-1,-1,-1
13,6,1035.50,300.44,73.80,351.39,0.6954,-1,-1,-1
13,5,717.11,328.04,40.31,133.16,0.4863,-1,-1,-1
13,4,317.75,264.92,134.82,356.39,0.8302,-1,-1,-1
13,3,482.32,255.15,114.44,362.08,0.8272,-1,-1,-1
13,2,860.51,155.15,198.81,640.35,0.8252,-1,-1,-1
13,1,0.52,141.86,139.13,592.95,0.8203,-1,-1,-1
14,10,828.28,325.22,44.03,122.70,0.4667,-1,-1,-1
14,9,773.22,324.21,46.54,129.18,0.5627,-1,-1,-1
14,6,1033.52,290.90,74.34,358.92,0.6846,-1,-1,-1
14,5,714.75,327.48,44.78,133.61,0.5336,-1,-1,-1
14,4,313.59,266.84,135.78,359.01,0.8352,-1,-1,-1
14,3,478.96,254.93,115.07,364.25,0.8362,-1,-1,-1
14,2,852.19,152.85,203.93,645.11,0.7863,-1,-1,-1
14,1,0.33,181.61,116.81,581.92,0.8184,-1,-1,-1
15,10,827.74,329.14,43.63,120.06,0.4353,-1,-1,-1
15,9,772.58,322.56,47.20,129.59,0.5426,-1,-1,-1
15,7,671.90,345.96,33.74,110.40,0.4074,-1,-1,-1
15,6,1028.87,282.00,79.40,371.66,0.6678,-1,-1,-1
15,5,713.70,330.64,46.52,129.82,0.5308,-1,-1,-1
15,4,316.23,269.89,130.85,359.52,0.8285,-1,-1,-1
15,3,474.90,257.26,119.93,360.77,0.8392,-1,-1,-1
15,2,839.19,153.21,211.25,637.10,0.7982,-1,-1,-1
15,1,0.00,244.23,83.05,548.64,0.5546,-1,-1,-1
16,10,828.72,333.60,42.22,115.86,0.4194,-1,-1,-1
16,9,770.98,323.43,49.90,129.23,0.5741,-1,-1,-1
16,7,671.20,349.26,32.27,108.28,0.4415,-1,-1,-1
16,6,1026.11,274.65,83.43,380.04,0.6328,-1,-1,-1
16,5,713.90,330.61,45.38,130.48,0.5307,-1,-1,-1
16,4,310.32,269.70,134.68,366.44,0.8398,-1,-1,-1
16,3,472.84,256.47,123.03,366.30,0.8448,-1,-1,-1
16,2,836.07,153.39,215.09,640.35,0.8021,-1,-1,-1
17,10,829.33,338.58,41.16,116.48,0.4211,-1,-1,-1
17,9,770.23,325.67,52.32,129.57,0.5937,-1,-1,-1
17,7,671.17,346.28,33.19,119.60,0.4486,-1,-1,-1
17,6,1022.56,275.40,89.20,377.73,0.6610,-1,-1,-1
17,5,713.16,329.73,46.85,136.37,0.5727,-1,-1,-1
17,4,309.39,275.41,132.76,367.57,0.8503,-1,-1,-1
17,3,471.80,259.02,123.12,367.20,0.8427,-1,-1,-1
17,2,834.97,155.02,218.14,643.54,0.8270,-1,-1,-1
18,9,772.57,316.15,50.02,144.99,0.4273,-1,-1,-1
18,6,1020.87,254.25,89.72,397.28,0.6972,-1,-1,-1
18,5,714.37,333.12,46.47,136.18,0.4779,-1,-1,-1
18,4,311.30,278.66,131.40,369.36,0.8303,-1,-1,-1
18,3,469.00,259.29,126.92,374.49,0.8380,-1,-1,-1
18,2,838.43,158.43,213.50,655.69,0.8572,-1,-1,-1
19,9,772.91,334.55,50.76,129.08,0.5105,-1,-1,-1
19,6,1013.84,255.22,96.13,398.78,0.7188,-1,-1,-1
19,5,715.97,338.53,45.39,138.68,0.4876,-1,-1,-1
19,4,294.37,281.09,147.63,379.34,0.8303,-1,-1,-1
19,3,467.36,264.84,130.85,379.45,0.8216,-1,-1,-1
19,2,845.40,159.73,199.32,658.82,0.8586,-1,-1,-1
20,9,773.02,334.79,51.98,131.51,0.5669,-1,-1,-1
20,6,1010.86,249.71,99.67,410.72,0.7664,-1,-1,-1
20,5,718.13,342.95,42.60,140.42,0.5283,-1,-1,-1
20,4,297.84,287.45,145.70,378.89,0.8285,-1,-1,-1
20,3,469.18,273.12,129.45,379.01,0.8268,-1,-1,-1
20,2,847.77,168.20,194.20,654.47,0.8635,-1,-1,-1
21,6,1015.79,248.77,108.04,415.48,0.8078,-1,-1,-1
21,4,305.06,287.33,144.64,384.48,0.8442,-1,-1,-1
21,3,472.33,273.76,134.09,389.12,0.8123,-1,-1,-1
21,2,863.42,170.02,184.14,656.81,0.8511,-1,-1,-1
22,9,798.14,340.90,52.09,136.79,0.5643,-1,-1,-1
22,6,1032.31,251.81,107.78,417.99,0.7957,-1,-1,-1
22,4,324.26,288.31,143.44,386.29,0.8276,-1,-1,-1
22,3,496.37,276.49,127.43,390.65,0.8249,-1,-1,-1
22,2,881.81,168.41,187.59,660.24,0.8537,-1,-1,-1
23,6,1040.17,255.19,113.76,421.01,0.8009,-1,-1,-1
23,5,705.43,366.36,40.39,126.92,0.4200,-1,-1,-1
23,4,332.27,291.54,144.89,386.24,0.8291,-1,-1,-1
23,3,508.08,281.91,128.53,392.98,0.8267,-1,-1,-1
23,2,882.98,170.94,190.55,664.27,0.8619,-1,-1,-1
24,10,824.68,347.58,47.35,132.65,0.5155,-1,-1,-1
24,6,1046.83,258.57,120.95,414.62,0.8175,-1,-1,-1
24,5,716.64,368.08,41.94,126.18,0.5328,-1,-1,-1
24,4,342.73,293.26,146.48,391.16,0.8329,-1,-1,-1
24,3,517.21,285.39,130.95,396.37,0.8445,-1,-1,-1
24,2,879.34,173.43,203.52,662.88,0.8683,-1,-1,-1
25,12,777.53,351.90,48.39,140.21,0.4210,-1,-1,-1
25,6,1057.66,259.51,123.59,417.55,0.8356,-1,-1,-1
25,5,731.93,368.14,39.21,130.15,0.4549,-1,-1,-1
25,4,355.26,294.79,144.53,387.70,0.8319,-1,-1,-1
25,3,523.56,284.75,134.74,405.18,0.8442,-1,-1,-1
25,2,874.13,173.30,210.92,658.26,0.8634,-1,-1,-1
26,6,1065.90,262.81,134.90,421.91,0.8313,-1,-1,-1
26,4,365.34,295.34,150.93,395.95,0.8540,-1,-1,-1
26,3,540.61,294.81,130.45,404.00,0.7982,-1,-1,-1
26,2,879.19,174.37,217.57,653.45,0.8693,-1,-1,-1
27,6,1081.98,268.22,138.61,416.58,0.8298,-1,-1,-1
27,4,382.58,300.02,143.66,396.99,0.8406,-1,-1,-1
27,3,554.42,293.36,132.68,412.16,0.8312,-1,-1,-1
27,2,880.15,177.21,227.74,656.71,0.8629,-1,-1,-1
28,12,768.94,382.77,39.52,126.47,0.4183,-1,-1,-1
28,9,818.27,364.92,41.34,131.07,0.4381,-1,-1,-1
28,6,1087.20,275.49,139.03,415.71,0.8358,-1,-1,-1
28,4,385.12,306.73,148.48,398.51,0.8611,-1,-1,-1
28,3,562.31,300.19,131.68,412.79,0.8469,-1,-1,-1
28,2,883.21,185.70,234.56,658.11,0.8747,-1,-1,-1
29,9,819.34,368.22,45.40,145.37,0.5042,-1,-1,-1
29,6,1091.34,280.01,143.25,429.62,0.8127,-1,-1,-1
29,4,392.52,309.95,141.38,405.41,0.8420,-1,-1,-1
29,3,564.50,299.79,133.95,417.22,0.8638,-1,-1,-1
29,2,883.67,192.30,224.20,659.64,0.8794,-1,-1,-1
30,10,826.48,371.00,49.32,141.09,0.4917,-1,-1,-1
30,6,1097.74,282.10,150.99,432.58,0.8323,-1,-1,-1
30,4,396.94,312.59,144.47,412.77,0.8391,-1,-1,-1
30,3,567.78,299.44,137.85,416.22,0.8518,-1,-1,-1
30,2,887.62,196.60,224.87,661.07,0.8922,-1,-1,-1
31,10,837.75,380.13,42.79,137.87,0.5136,-1,-1,-1
31,6,1101.94,285.61,154.05,435.55,0.8543,-1,-1,-1
31,4,400.21,318.65,145.16,418.69,0.8435,-1,-1,-1
31,3,572.90,301.67,136.43,419.48,0.8356,-1,-1,-1
31,2,888.24,202.05,227.67,665.28,0.8832,-1,-1,-1
32,10,841.17,380.19,42.72,147.37,0.5931,-1,-1,-1
32,6,1103.27,290.81,155.39,430.42,0.8579,-1,-1,-1
32,4,401.78,323.96,145.54,418.18,0.8573,-1,-1,-1
32,3,577.86,304.91,134.20,429.71,0.8522,-1,-1,-1
32,2,889.81,209.65,232.09,669.07,0.8842,-1,-1,-1
33,10,845.99,388.92,44.86,144.69,0.5305,-1,-1,-1
33,6,1105.76,299.96,163.26,428.77,0.8557,-1,-1,-1
33,4,403.70,329.54,148.97,417.93,0.8585,-1,-1,-1
33,3,580.46,307.46,139.37,431.06,0.8462,-1,-1,-1
33,2,894.13,213.34,232.96,669.86,0.8824,-1,-1,-1
34,10,847.42,392.62,48.48,147.49,0.5588,-1,-1,-1
34,6,1107.96,303.00,163.24,421.76,0.8549,-1,-1,-1
34,4,399.73,333.10,149.89,427.06,0.8418,-1,-1,-1
34,3,585.53,308.98,135.48,433.72,0.8414,-1,-1,-1
34,2,895.02,220.47,241.36,672.81,0.8748,-1,-1,-1
35,10,849.60,396.99,48.67,146.03,0.5384,-1,-1,-1
35,9,802.60,408.36,49.76,135.27,0.4810,-1,-1,-1
35,6,1110.52,306.70,165.20,418.54,0.8459,-1,-1,-1
35,4,397.20,336.63,151.80,435.56,0.8271,-1,-1,-1
35,3,589.20,313.95,135.42,439.78,0.8297,-1,-1,-1
35,2,902.35,227.97,235.14,677.04,0.8777,-1,-1,-1
36,9,804.93,413.37,50.11,134.38,0.4318,-1,-1,-1
36,6,1113.75,311.60,161.86,418.34,0.8510,-1,-1,-1
36,4,392.14,340.80,152.21,440.46,0.8544,-1,-1,-1
36,3,591.40,319.28,140.34,441.56,0.8214,-1,-1,-1
36,2,906.37,233.92,230.91,678.08,0.8840,-1,-1,-1
37,10,861.59,414.60,42.58,131.96,0.4535,-1,-1,-1
37,6,1118.21,315.97,162.08,425.97,0.8438,-1,-1,-1
37,4,388.51,342.98,148.71,447.19,0.8667,-1,-1,-1
37,3,593.33,323.05,134.19,446.73,0.8041,-1,-1,-1
37,2,905.69,242.83,231.96,676.41,0.8902,-1,-1,-1
38,10,865.48,416.91,40.06,136.69,0.6134,-1,-1,-1
38,6,1118.64,321.50,162.90,420.57,0.8462,-1,-1,-1
38,4,381.30,347.32,153.75,447.85,0.8688,-1,-1,-1
38,3,594.27,329.08,135.12,450.47,0.8260,-1,-1,-1
38,2,913.43,248.31,226.50,676.54,0.8888,-1,-1,-1
39,10,863.70,424.80,43.84,134.45,0.5075,-1,-1,-1
39,6,1125.16,328.38,157.55,429.42,0.8542,-1,-1,-1
39,4,375.96,350.64,157.37,453.11,0.8802,-1,-1,-1
39,3,591.07,333.19,139.10,461.90,0.8164,-1,-1,-1
39,2,923.41,254.79,218.90,679.16,0.8845,-1,-1,-1
40,10,862.72,426.82,48.66,148.37,0.5478,-1,-1,-1
40,6,1128.13,335.56,157.13,432.66,0.8541,-1,-1,-1
40,4,371.10,356.01,159.45,455.45,0.8741,-1,-1,-1
40,3,584.48,344.36,146.05,469.05,0.7966,-1,-1,-1
40,2,928.08,256.19,214.63,686.81,0.8765,-1,-1,-1
41,10,862.58,432.94,48.00,145.05,0.4790,-1,-1,-1
41,6,1133.60,339.35,152.65,429.82,0.8499,-1,-1,-1
41,4,355.89,355.34,169.33,458.16,0.8626,-1,-1,-1
41,3,581.50,342.54,145.60,474.93,0.8022,-1,-1,-1
41,2,927.25,258.62,211.64,682.28,0.8803,-1,-1,-1
42,10,863.26,435.69,46.00,147.06,0.4655,-1,-1,-1
42,6,1134.71,348.25,149.21,427.52,0.8557,-1,-1,-1
42,4,343.50,357.03,174.26,466.43,0.8717,-1,-1,-1
42,3,576.48,347.59,149.79,480.60,0.7104,-1,-1,-1
42,2,931.50,266.01,207.25,672.32,0.8822,-1,-1,-1
43,6,1130.88,354.03,151.53,429.51,0.8571,-1,-1,-1
43,4,331.00,363.57,177.89,470.41,0.8483,-1,-1,-1
43,3,572.40,352.49,142.36,481.15,0.8052,-1,-1,-1
43,2,933.25,273.25,200.58,659.73,0.8819,-1,-1,-1
44,6,1128.01,363.14,152.10,423.54,0.8563,-1,-1,-1
44,4,315.92,366.43,183.79,477.60,0.8580,-1,-1,-1
44,3,566.92,357.12,141.60,491.95,0.8117,-1,-1,-1
44,2,931.48,279.56,199.74,657.74,0.8857,-1,-1,-1
45,10,847.12,450.25,49.80,146.65,0.4302,-1,-1,-1
45,6,1124.30,368.76,150.53,426.46,0.8407,-1,-1,-1
45,4,302.92,371.89,189.32,489.69,0.8455,-1,-1,-1
45,3,561.51,361.81,138.97,502.13,0.8244,-1,-1,-1
45,2,929.68,284.56,198.45,660.60,0.8876,-1,-1,-1
46,10,845.55,457.20,50.35,147.66,0.4778,-1,-1,-1
46,6,1121.59,376.91,150.08,434.09,0.8507,-1,-1,-1
46,4,292.55,379.29,188.89,504.03,0.8412,-1,-1,-1
46,3,554.46,364.21,140.79,507.90,0.8215,-1,-1,-1
46,2,925.42,293.69,198.26,667.43,0.8866,-1,-1,-1
47,6,1117.40,382.25,146.38,434.67,0.8357,-1,-1,-1
47,4,270.00,383.53,202.55,522.35,0.8436,-1,-1,-1
47,3,545.96,370.13,145.14,513.74,0.8247,-1,-1,-1
47,2,921.49,303.25,194.85,670.39,0.8781,-1,-1,-1
48,10,838.34,466.93,47.34,153.91,0.6837,-1,-1,-1
48,6,1113.64,390.13,138.35,435.59,0.8321,-1,-1,-1
48,4,256.56,393.31,206.53,529.43,0.8568,-1,-1,-1
48,3,531.81,372.10,151.84,525.13,0.8576,-1,-1,-1
48,2,915.66,309.95,196.57,680.60,0.8773,-1,-1,-1
49,10,831.79,472.52,50.20,151.32,0.4992,-1,-1,-1
49,6,1104.73,395.46,147.16,434.32,0.8528,-1,-1,-1
49,4,239.64,399.63,212.04,534.40,0.8718,-1,-1,-1
49,3,524.35,376.65,154.18,532.23,0.8507,-1,-1,-1
49,2,908.63,319.92,194.53,685.08,0.8784,-1,-1,-1
50,10,821.89,476.48,51.63,154.77,0.5763,-1,-1,-1
50,6,1099.77,399.56,142.70,440.14,0.8538,-1,-1,-1
50,4,223.85,406.83,219.30,521.38,0.8354,-1,-1,-1
50,3,520.20,383.41,154.98,537.64,0.8387,-1,-1,-1
50,2,903.88,328.38,193.30,684.24,0.8773,-1,-1,-1
51,10,815.81,480.01,56.35,156.26,0.5902,-1,-1,-1
51,6,1094.97,403.15,145.28,439.70,0.8680,-1,-1,-1
51,4,207.46,413.22,223.02,517.03,0.8442,-1,-1,-1
51,3,510.03,385.68,157.09,544.87,0.8470,-1,-1,-1
51,2,898.64,335.74,190.28,685.68,0.8694,-1,-1,-1
52,6,1091.94,404.18,146.32,443.01,0.8645,-1,-1,-1
52,4,195.39,417.05,225.94,559.59,0.8294,-1,-1,-1
52,3,501.30,388.03,160.22,545.61,0.8374,-1,-1,-1
52,2,893.40,342.51,189.40,684.32,0.8759,-1,-1,-1
53,10,810.84,491.91,52.88,146.89,0.6576,-1,-1,-1
53,6,1083.33,408.35,154.80,443.16,0.8651,-1,-1,-1
53,4,186.18,419.71,220.47,567.21,0.8703,-1,-1,-1
53,3,494.01,396.23,162.57,549.15,0.8403,-1,-1,-1
53,2,888.07,348.09,190.24,681.21,0.8783,-1,-1,-1
54,9,811.45,493.08,50.60,138.32,0.5957,-1,-1,-1
54,6,1077.27,409.20,160.24,446.09,0.8711,-1,-1,-1
54,4,175.05,420.67,224.57,574.71,0.8822,-1,-1,-1
54,3,483.12,395.66,170.93,558.38,0.8509,-1,-1,-1
54,2,881.91,350.40,193.90,678.69,0.8833,-1,-1,-1
55,9,807.37,492.40,52.97,143.69,0.4662,-1,-1,-1
55,6,1073.76,410.36,162.94,445.08,0.8755,-1,-1,-1
55,4,167.01,418.73,223.39,583.61,0.8952,-1,-1,-1
55,3,475.30,396.68,179.13,565.84,0.8581,-1,-1,-1
55,2,872.27,348.99,198.11,679.61,0.8837,-1,-1,-1
56,10,805.84,492.93,53.17,154.26,0.4630,-1,-1,-1
56,6,1076.23,412.08,162.11,439.57,0.8743,-1,-1,-1
56,4,159.12,417.56,221.90,594.41,0.8826,-1,-1,-1
56,3,470.50,398.93,185.11,578.94,0.8728,-1,-1,-1
56,2,868.72,348.03,197.41,683.51,0.8791,-1,-1,-1
57,6,1074.30,414.26,164.91,437.52,0.8675,-1,-1,-1
57,4,146.43,418.45,225.71,600.64,0.8887,-1,-1,-1
57,3,463.50,402.63,192.00,593.07,0.8756,-1,-1,-1
57,2,861.39,347.71,200.72,687.57,0.8752,-1,-1,-1
58,6,1070.07,411.64,168.15,445.52,0.8718,-1,-1,-1
58,4,138.55,417.15,228.45,611.81,0.8760,-1,-1,-1
58,3,458.46,398.42,196.52,609.76,0.8814,-1,-1,-1
58,2,856.28,347.20,204.60,676.57,0.8683,-1,-1,-1
59,6,1069.21,414.62,169.30,440.32,0.8703,-1,-1,-1
59,4,126.71,416.58,234.43,616.81,0.8969,-1,-1,-1
59,3,453.85,393.00,193.42,624.66,0.8829,-1,-1,-1
59,2,842.98,343.91,209.68,667.49,0.8826,-1,-1,-1
60,6,1065.89,415.00,173.86,442.68,0.8683,-1,-1,-1
60,4,114.39,415.89,239.28,622.26,0.9068,-1,-1,-1
60,3,452.74,397.53,190.59,623.84,0.8772,-1,-1,-1
60,2,835.92,345.20,211.31,664.87,0.8872,-1,-1,-1
61,9,797.77,498.12,53.40,139.69,0.4122,-1,-1,-1
61,6,1063.44,416.35,177.24,443.07,0.8658,-1,-1,-1
61,4,105.19,415.49,242.12,632.57,0.9052,-1,-1,-1
61,3,445.34,399.47,193.59,637.37,0.8643,-1,-1,-1
61,2,821.92,346.09,222.84,668.28,0.8888,-1,-1,-1
62,6,1065.17,415.33,179.51,442.43,0.8628,-1,-1,-1
62,4,99.58,411.70,243.52,657.93,0.9003,-1,-1,-1
62,3,445.78,397.92,193.18,643.49,0.8512,-1,-1,-1
62,2,818.81,345.83,227.28,668.39,0.8799,-1,-1,-1
63,16,1018.34,430.79,67.76,322.17,0.7155,-1,-1,-1
63,6,1066.85,414.13,184.03,442.73,0.8705,-1,-1,-1
63,4,98.80,406.03,236.05,671.82,0.8923,-1,-1,-1
63,3,442.46,392.98,198.60,651.06,0.8613,-1,-1,-1
63,2,818.77,341.83,225.19,675.17,0.8810,-1,-1,-1
64,16,1020.02,435.20,68.38,314.81,0.7917,-1,-1,-1
64,6,1068.32,414.37,186.07,442.93,0.8701,-1,-1,-1
64,4,92.87,402.82,236.15,674.70,0.8872,-1,-1,-1
64,3,448.96,386.13,197.89,660.27,0.8708,-1,-1,-1
64,2,820.00,340.81,221.58,677.86,0.8783,-1,-1,-1
65,16,1021.29,435.91,71.00,312.24,0.7871,-1,-1,-1
65,15,740.47,508.68,59.47,143.02,0.5810,-1,-1,-1
65,10,803.10,489.85,45.88,157.56,0.4024,-1,-1,-1
65,6,1072.10,411.61,186.40,444.69,0.8628,-1,-1,-1
65,4,82.27,404.22,240.01,674.21,0.8833,-1,-1,-1
65,3,446.49,379.65,203.61,667.81,0.8721,-1,-1,-1
65,2,815.91,339.29,227.81,680.80,0.8889,-1,-1,-1
66,16,1022.51,434.58,74.35,311.93,0.7800,-1,-1,-1
66,15,743.32,503.43,58.65,146.89,0.4668,-1,-1,-1
66,6,1081.80,405.10,187.81,452.99,0.8391,-1,-1,-1
66,4,73.74,402.22,244.76,673.31,0.8884,-1,-1,-1
66,3,443.87,372.45,211.12,676.20,0.8764,-1,-1,-1
66,2,819.11,337.60,225.36,682.87,0.8875,-1,-1,-1
67,16,1023.17,430.95,77.51,308.98,0.7465,-1,-1,-1
67,15,745.45,495.89,60.01,150.67,0.6050,-1,-1,-1
67,6,1085.39,402.04,190.94,457.80,0.8460,-1,-1,-1
67,4,63.28,396.79,246.53,680.38,0.8879,-1,-1,-1
67,3,443.61,366.33,215.16,682.69,0.8733,-1,-1,-1
67,2,819.59,337.68,226.91,683.38,0.8930,-1,-1,-1
68,16,1026.73,422.76,79.23,315.60,0.7264,-1,-1,-1
68,15,747.54,498.02,60.06,145.08,0.5304,-1,-1,-1
68,6,1091.91,399.48,180.35,454.06,0.8457,-1,-1,-1
68,4,48.09,394.59,253.86,675.90,0.8889,-1,-1,-1
68,3,441.56,355.47,221.85,691.79,0.8708,-1,-1,-1
68,2,822.40,336.15,227.12,684.74,0.8934,-1,-1,-1
69,16,1030.90,419.27,77.93,315.82,0.7207,-1,-1,-1
69,15,750.83,490.78,59.42,149.70,0.6033,-1,-1,-1
69,6,1094.70,395.10,181.44,456.29,0.8726,-1,-1,-1
69,4,34.41,383.07,263.50,684.27,0.8998,-1,-1,-1
69,3,441.99,347.15,225.33,700.29,0.8775,-1,-1,-1
69,2,830.57,330.78,222.62,685.59,0.8878,-1,-1,-1
70,16,1032.65,415.77,78.89,315.53,0.7092,-1,-1,-1
70,15,753.09,486.95,58.96,151.43,0.5372,-1,-1,-1
70,6,1097.30,390.90,182.31,456.44,0.8719,-1,-1,-1
70,4,15.85,375.19,274.09,695.97,0.9134,-1,-1,-1
70,3,436.90,341.24,232.75,707.67,0.8913,-1,-1,-1
70,2,829.86,328.22,225.85,682.18,0.8966,-1,-1,-1
71,16,1033.04,412.31,80.20,316.26,0.7218,-1,-1,-1
71,15,753.06,484.96,60.16,151.17,0.5793,-1,-1,-1
71,6,1100.54,386.46,179.61,453.49,0.8643,-1,-1,-1
71,4,2.91,368.03,267.59,703.59,0.9096,-1,-1,-1
71,3,431.95,334.02,236.64,721.76,0.8900,-1,-1,-1
71,2,833.43,325.61,224.09,681.21,0.8904,-1,-1,-1
72,17,1553.13,445.40,50.72,61.92,0.4075,-1,-1,-1
72,16,1034.61,410.93,78.71,314.84,0.7229,-1,-1,-1
72,15,754.35,484.78,60.17,150.08,0.5617,-1,-1,-1
72,6,1103.02,384.61,178.65,450.61,0.8592,-1,-1,-1
72,4,0.00,360.50,257.27,711.68,0.9195,-1,-1,-1
72,3,426.89,323.90,240.00,748.02,0.8916,-1,-1,-1
72,2,832.67,319.22,226.44,682.30,0.8905,-1,-1,-1
73,17,1544.87,442.17,60.32,61.42,0.4264,-1,-1,-1
73,16,1035.90,410.69,77.60,312.39,0.6759,-1,-1,-1
73,15,753.24,476.55,56.18,153.11,0.4696,-1,-1,-1
73,6,1104.59,381.39,176.96,444.22,0.8557,-1,-1,-1
73,4,0.00,347.29,241.96,725.05,0.9111,-1,-1,-1
73,3,420.67,314.29,243.66,762.26,0.8933,-1,-1,-1
73,2,834.44,313.16,224.53,678.63,0.8854,-1,-1,-1
74,17,1547.14,440.84,62.71,61.72,0.4309,-1,-1,-1
74,16,1035.21,410.26,79.36,310.86,0.6850,-1,-1,-1
74,15,750.05,475.21,59.76,152.48,0.5565,-1,-1,-1
74,6,1106.04,377.80,172.76,441.61,0.8567,-1,-1,-1
74,4,0.19,342.76,223.95,733.30,0.9065,-1,-1,-1
74,3,412.34,310.71,247.06,763.44,0.8907,-1,-1,-1
74,2,833.39,308.27,224.91,664.09,0.8805,-1,-1,-1
75,17,1546.53,438.41,64.79,61.93,0.4433,-1,-1,-1
75,16,1035.32,425.33,75.41,292.88,0.6645,-1,-1,-1
75,15,748.87,471.71,58.01,153.43,0.5620,-1,-1,-1
75,6,1105.34,375.35,173.39,440.49,0.8615,-1,-1,-1
75,4,0.56,329.74,207.57,746.53,0.8957,-1,-1,-1
75,3,401.80,302.69,250.01,771.46,0.8954,-1,-1,-1
75,2,837.18,304.36,219.26,661.95,0.8722,-1,-1,-1
76,17,1543.33,438.02,69.70,61.97,0.4531,-1,-1,-1
76,16,1035.89,437.38,76.02,276.55,0.7228,-1,-1,-1
76,15,747.04,472.52,63.03,146.86,0.5175,-1,-1,-1
76,6,1109.41,373.41,166.85,439.92,0.8560,-1,-1,-1
76,4,0.69,322.76,192.02,749.78,0.8883,-1,-1,-1
76,3,391.32,296.53,254.76,774.15,0.8894,-1,-1,-1
76,2,842.49,300.53,215.24,661.37,0.8690,-1,-1,-1
77,17,1540.64,437.72,72.22,60.91,0.4096,-1,-1,-1
77,16,1034.08,436.36,77.41,278.16,0.6326,-1,-1,-1
77,15,745.69,471.35,65.82,148.64,0.5044,-1,-1,-1
77,10,817.37,450.65,44.59,159.87,0.4092,-1,-1,-1
77,6,1109.35,371.94,167.04,443.06,0.8656,-1,-1,-1
77,4,0.79,317.48,176.36,758.03,0.8803,-1,-1,-1
77,3,381.81,294.47,257.58,772.06,0.8912,-1,-1,-1
77,2,847.35,298.36,207.32,664.74,0.8786,-1,-1,-1
78,17,1544.41,437.17,67.97,61.73,0.4215,-1,-1,-1
78,16,1029.61,417.00,78.47,300.25,0.7076,-1,-1,-1
78,15,743.56,464.40,65.94,157.60,0.5503,-1,-1,-1
78,10,814.72,451.46,45.93,162.27,0.6319,-1,-1,-1
78,6,1108.82,370.79,166.60,444.13,0.8639,-1,-1,-1
78,4,0.59,311.77,157.80,760.09,0.8674,-1,-1,-1
78,3,366.56,289.95,265.09,781.02,0.8972,-1,-1,-1
78,2,852.19,295.82,197.92,667.61,0.8637,-1,-1,-1
79,16,1024.42,400.62,80.40,314.80,0.7194,-1,-1,-1
79,15,742.85,471.02,50.55,150.55,0.4966,-1,-1,-1
79,10,811.21,449.45,47.16,166.42,0.6451,-1,-1,-1
79,6,1108.42,367.74,165.67,445.56,0.8599,-1,-1,-1
79,4,0.35,310.81,143.55,762.59,0.8289,-1,-1,-1
79,3,350.39,284.91,266.95,786.50,0.9002,-1,-1,-1
79,2,852.93,292.11,197.77,673.35,0.8592,-1,-1,-1
80,16,1023.13,398.08,74.54,317.81,0.7099,-1,-1,-1
80,15,738.50,470.24,51.35,153.67,0.5412,-1,-1,-1
80,10,801.07,445.65,57.93,172.37,0.6156,-1,-1,-1
80,6,1105.92,363.94,162.17,448.62,0.8434,-1,-1,-1
80,4,0.49,430.55,118.91,362.94,0.5083,-1,-1,-1
80,3,331.59,275.39,276.24,794.92,0.8964,-1,-1,-1
80,2,851.61,289.62,192.41,677.24,0.8566,-1,-1,-1
81,16,1017.33,406.00,73.94,307.98,0.6942,-1,-1,-1
81,15,732.16,462.70,52.80,154.67,0.5614,-1,-1,-1
81,10,796.94,444.47,56.25,168.15,0.6194,-1,-1,-1
81,6,1103.88,364.32,156.70,445.82,0.8567,-1,-1,-1
81,4,0.32,438.08,92.10,435.15,0.6415,-1,-1,-1
81,3,314.88,266.21,279.37,803.20,0.9018,-1,-1,-1
81,2,849.77,293.71,190.09,675.85,0.8514,-1,-1,-1
82,16,1014.87,390.90,74.49,316.35,0.6471,-1,-1,-1
82,15,725.28,455.50,54.21,159.78,0.6338,-1,-1,-1
82,10,793.52,440.93,56.08,168.99,0.6750,-1,-1,-1
82,6,1098.63,359.54,154.79,448.10,0.8628,-1,-1,-1
82,4,0.31,444.19,70.98,355.23,0.7813,-1,-1,-1
82,3,291.37,252.02,297.58,820.26,0.8974,-1,-1,-1
82,2,846.49,294.54,186.09,674.74,0.8528,-1,-1,-1
83,16,1001.85,381.65,82.90,325.06,0.5457,-1,-1,-1
83,10,792.07,436.56,52.59,164.54,0.5787,-1,-1,-1
83,6,1095.71,358.38,151.99,452.73,0.8515,-1,-1,-1
83,3,268.32,239.42,303.55,830.96,0.8896,-1,-1,-1
83,2,845.30,292.59,178.82,673.50,0.8514,-1,-1,-1
84,16,995.16,376.10,80.92,321.08,0.7453,-1,-1,-1
84,15,712.39,450.16,55.17,154.66,0.5918,-1,-1,-1
84,10,782.10,434.77,55.70,164.05,0.5583,-1,-1,-1
84,6,1086.45,354.37,155.16,457.59,0.8584,-1,-1,-1
84,3,239.00,228.02,304.64,844.92,0.9033,-1,-1,-1
84,2,835.72,292.34,178.19,675.27,0.8476,-1,-1,-1
85,16,984.33,374.01,82.15,317.16,0.7613,-1,-1,-1
85,15,707.02,452.13,52.86,150.58,0.4584,-1,-1,-1
85,10,772.04,425.73,55.30,171.94,0.5994,-1,-1,-1
85,6,1079.50,354.44,149.14,452.86,0.8485,-1,-1,-1
85,3,205.65,215.91,333.24,858.31,0.9170,-1,-1,-1
85,2,824.39,290.42,178.18,671.17,0.8275,-1,-1,-1
86,18,480.47,412.12,80.02,286.51,0.7154,-1,-1,-1
86,16,970.89,369.42,90.58,320.00,0.8070,-1,-1,-1
86,15,695.41,444.21,58.34,155.63,0.5363,-1,-1,-1
86,10,770.35,419.73,46.36,177.27,0.5162,-1,-1,-1
86,6,1071.54,348.82,151.39,454.16,0.8316,-1,-1,-1
86,3,184.97,202.46,323.26,872.23,0.9056,-1,-1,-1
86,2,809.57,283.57,183.75,671.87,0.8417,-1,-1,-1
87,18,472.99,410.92,76.41,285.48,0.7299,-1,-1,-1
87,16,962.67,366.93,91.48,319.95,0.7798,-1,-1,-1
87,15,689.12,448.35,59.92,150.30,0.4636,-1,-1,-1
87,10,760.51,413.16,48.15,181.63,0.6888,-1,-1,-1
87,6,1062.40,346.99,153.57,451.95,0.8507,-1,-1,-1
87,3,152.58,187.51,332.37,887.64,0.9104,-1,-1,-1
87,2,796.20,277.79,190.71,676.90,0.8524,-1,-1,-1
88,18,445.64,408.12,95.17,286.72,0.7607,-1,-1,-1
88,16,949.03,358.30,96.45,325.28,0.7447,-1,-1,-1
88,15,680.50,439.64,56.45,155.51,0.6147,-1,-1,-1
88,10,747.55,410.05,50.62,175.87,0.4645,-1,-1,-1
88,6,1052.44,339.60,152.35,454.60,0.8485,-1,-1,-1
88,3,129.14,180.04,338.51,896.52,0.9154,-1,-1,-1
88,2,779.81,274.30,201.40,669.90,0.8571,-1,-1,-1
89,18,428.97,396.52,105.62,301.54,0.7740,-1,-1,-1
89,16,941.12,359.59,99.09,316.71,0.8164,-1,-1,-1
89,15,672.15,436.33,59.28,157.59,0.5576,-1,-1,-1
89,6,1042.41,333.60,161.06,454.48,0.8535,-1,-1,-1
89,3,100.41,167.75,353.06,907.01,0.9201,-1,-1,-1
89,2,765.20,267.78,203.79,668.76,0.8476,-1,-1,-1
90,18,421.24,388.86,104.77,303.43,0.7801,-1,-1,-1
90,16,937.85,355.07,95.83,314.80,0.7825,-1,-1,-1
90,15,666.46,433.17,62.77,155.78,0.4326,-1,-1,-1
90,6,1037.02,328.08,159.40,460.62,0.8483,-1,-1,-1
90,3,70.45,151.77,375.04,922.75,0.9242,-1,-1,-1
90,2,747.70,260.02,218.55,655.89,0.8689,-1,-1,-1
91,18,413.75,386.85,103.51,305.05,0.7616,-1,-1,-1
91,16,930.06,350.10,100.57,318.55,0.7998,-1,-1,-1
91,15,658.98,425.39,53.71,156.84,0.4532,-1,-1,-1
91,6,1030.59,324.55,164.60,455.75,0.8684,-1,-1,-1
91,3,49.34,141.53,384.33,930.52,0.9225,-1,-1,-1
91,2,734.94,257.03,224.60,647.68,0.8808,-1,-1,-1
92,18,404.03,385.07,106.82,307.07,0.8225,-1,-1,-1
92,16,923.90,349.63,96.53,316.61,0.7896,-1,-1,-1
92,15,654.03,423.09,59.99,158.45,0.5491,-1,-1,-1
92,6,1024.60,317.42,167.72,453.79,0.8636,-1,-1,-1
92,3,20.23,125.63,405.48,946.54,0.9221,-1,-1,-1
92,2,722.96,250.63,227.85,652.02,0.8787,-1,-1,-1
93,19,1496.94,389.93,43.43,62.58,0.4661,-1,-1,-1
93,18,397.34,379.06,107.69,312.27,0.8069,-1,-1,-1
93,16,922.49,347.76,97.78,316.85,0.7761,-1,-1,-1
93,6,1017.43,313.71,172.28,454.32,0.8705,-1,-1,-1
93,3,0.43,116.34,413.00,956.26,0.9244,-1,-1,-1
93,2,714.80,244.58,235.83,656.45,0.8890,-1,-1,-1
94,19,1495.73,390.69,41.62,58.53,0.4161,-1,-1,-1
94,18,389.50,378.81,110.89,308.13,0.8026,-1,-1,-1
94,16,918.76,346.50,99.91,319.29,0.8030,-1,-1,-1
94,6,1012.88,312.83,175.67,453.76,0.8727,-1,-1,-1
94,3,0.00,106.79,403.58,969.20,0.9323,-1,-1,-1
94,2,708.15,241.21,229.60,660.48,0.8729,-1,-1,-1
95,18,384.27,374.98,111.82,314.85,0.8174,-1,-1,-1
95,16,917.03,344.04,98.60,320.52,0.7808,-1,-1,-1
95,6,1007.21,311.67,179.45,453.53,0.8643,-1,-1,-1
95,3,0.25,96.65,401.80,978.88,0.9307,-1,-1,-1
95,2,701.82,240.05,230.97,667.20,0.8860,-1,-1,-1
96,20,1723.56,856.05,97.84,220.91,0.4045,-1,-1,-1
96,18,379.82,374.63,110.71,321.85,0.8098,-1,-1,-1
96,16,912.17,345.36,102.46,319.98,0.7540,-1,-1,-1
96,6,1003.59,311.19,183.90,456.60,0.8599,-1,-1,-1
96,3,0.49,84.97,379.66,990.30,0.9349,-1,-1,-1
96,2,693.35,243.17,231.74,665.46,0.9045,-1,-1,-1
97,20,1727.32,855.61,97.00,221.32,0.4501,-1,-1,-1
97,18,377.73,370.31,112.36,327.08,0.8189,-1,-1,-1
97,16,903.70,342.76,108.67,319.17,0.7325,-1,-1,-1
97,15,632.71,418.19,61.26,162.57,0.5597,-1,-1,-1
97,6,1001.86,311.26,187.35,456.53,0.8617,-1,-1,-1
97,3,0.51,75.26,368.57,999.76,0.9338,-1,-1,-1
97,2,695.51,241.64,227.49,673.03,0.8996,-1,-1,-1
98,20,1731.87,857.54,97.58,220.35,0.4006,-1,-1,-1
98,18,377.07,368.50,112.54,330.46,0.8258,-1,-1,-1
98,16,907.46,343.47,104.52,321.00,0.7304,-1,-1,-1
98,15,632.13,415.52,59.39,167.25,0.6313,-1,-1,-1
98,6,1001.10,310.80,192.21,459.45,0.8590,-1,-1,-1
98,3,0.32,56.03,358.48,1015.03,0.9344,-1,-1,-1
98,2,694.16,243.94,226.30,676.60,0.8995,-1,-1,-1
99,18,375.59,366.59,113.59,334.00,0.8214,-1,-1,-1
99,16,908.79,343.59,104.26,320.96,0.7369,-1,-1,-1
99,15,633.30,416.42,54.25,165.10,0.6340,-1,-1,-1
99,6,1002.52,311.50,197.48,461.16,0.8700,-1,-1,-1
99,3,0.79,46.56,347.37,1025.59,0.9272,-1,-1,-1
99,2,693.49,248.24,226.57,677.69,0.8985,-1,-1,-1
100,19,1496.12,380.55,43.67,67.40,0.4186,-1,-1,-1
100,18,373.06,369.04,115.14,332.62,0.8324,-1,-1,-1
100,16,911.13,349.79,105.59,316.68,0.7435,-1,-1,-1
100,15,630.85,415.11,59.45,166.22,0.6497,-1,-1,-1
100,6,1005.50,313.22,199.05,460.58,0.8764,-1,-1,-1
100,3,0.87,35.53,333.51,1034.98,0.9225,-1,-1,-1
100,2,695.25,251.05,222.52,675.08,0.8987,-1,-1,-1
101,18,375.06,365.86,114.71,337.57,0.8239,-1,-1,-1
101,16,913.81,348.33,104.79,317.27,0.7682,-1,-1,-1
101,15,633.63,413.99,59.20,164.86,0.7016,-1,-1,-1
101,6,1007.27,312.18,201.23,463.74,0.8568,-1,-1,-1
101,3,0.86,16.26,315.82,1059.25,0.9144,-1,-1,-1
101,2,702.06,250.85,215.49,675.57,0.8889,-1,-1,-1
102,18,375.48,365.05,116.66,341.46,0.8320,-1,-1,-1
102,16,920.72,347.05,102.49,319.71,0.7922,-1,-1,-1
102,15,637.51,414.33,59.75,165.53,0.5223,-1,-1,-1
102,6,1015.48,312.97,197.86,465.27,0.8306,-1,-1,-1
102,3,0.83,13.83,295.49,1058.81,0.9190,-1,-1,-1
102,2,703.77,251.47,220.31,668.38,0.8947,-1,-1,-1
103,18,386.23,367.00,113.44,335.90,0.8038,-1,-1,-1
103,16,931.66,340.66,100.43,323.11,0.7444,-1,-1,-1
103,15,643.35,408.80,61.12,166.40,0.5540,-1,-1,-1
103,6,1023.18,316.05,201.98,465.78,0.8431,-1,-1,-1
103,3,1.14,9.95,278.51,1061.65,0.9092,-1,-1,-1
103,2,716.44,251.04,221.62,665.90,0.8881,-1,-1,-1
104,20,1787.45,859.58,108.01,220.42,0.4001,-1,-1,-1
104,18,396.19,371.13,112.92,333.32,0.8111,-1,-1,-1
104,16,941.65,338.28,107.17,322.55,0.7345,-1,-1,-1
104,15,658.84,407.25,56.37,169.18,0.6638,-1,-1,-1
104,6,1042.50,308.01,202.58,470.10,0.8581,-1,-1,-1
104,3,0.88,14.29,259.69,1045.44,0.8317,-1,-1,-1
104,2,726.02,246.64,222.32,668.70,0.8919,-1,-1,-1
105,20,1804.99,861.41,107.64,218.25,0.4956,-1,-1,-1
105,18,404.53,365.78,111.37,337.73,0.8088,-1,-1,-1
105,17,1546.06,374.20,47.04,67.88,0.4181,-1,-1,-1
105,16,953.12,333.32,103.76,328.99,0.7373,-1,-1,-1
105,6,1053.01,308.91,200.26,469.37,0.8545,-1,-1,-1
105,3,0.87,252.06,235.90,817.22,0.7805,-1,-1,-1
105,2,739.58,245.22,220.26,663.44,0.8861,-1,-1,-1
106,20,1817.97,857.19,101.06,222.81,0.6355,-1,-1,-1
106,18,411.46,365.39,111.50,335.52,0.8012,-1,-1,-1
106,17,1557.37,373.01,44.28,67.49,0.4635,-1,-1,-1
106,16,958.93,332.49,104.10,329.52,0.7898,-1,-1,-1
106,10,668.31,405.49,62.78,167.67,0.6817,-1,-1,-1
106,6,1066.18,303.30,205.29,478.03,0.8421,-1,-1,-1
106,3,0.24,247.77,133.87,660.46,0.6228,-1,-1,-1
106,2,748.67,242.28,213.28,649.05,0.8781,-1,-1,-1
107,20,1831.76,855.35,87.62,222.14,0.4788,-1,-1,-1
107,18,414.60,361.63,112.70,338.79,0.7889,-1,-1,-1
107,16,963.66,330.70,107.17,326.56,0.7449,-1,-1,-1
107,15,669.70,404.26,67.26,169.52,0.6754,-1,-1,-1
107,6,1072.94,303.25,195.47,474.23,0.8424,-1,-1,-1
107,3,0.28,246.98,103.26,794.47,0.7252,-1,-1,-1
107,2,757.09,235.92,211.70,644.30,0.8783,-1,-1,-1
108,18,416.68,360.58,112.97,345.77,0.7966,-1,-1,-1
108,17,1575.20,370.16,43.15,65.26,0.4641,-1,-1,-1
108,16,967.98,328.37,106.43,329.31,0.7282,-1,-1,-1
108,15,672.72,403.65,67.91,170.18,0.7286,-1,-1,-1
108,6,1081.12,301.60,173.71,471.26,0.8385,-1,-1,-1
108,2,761.92,233.23,209.17,645.23,0.8827,-1,-1,-1
109,18,414.27,358.02,116.18,350.45,0.8078,-1,-1,-1
109,17,1583.75,373.72,42.71,62.14,0.6010,-1,-1,-1
109,16,972.10,327.14,95.71,325.55,0.5499,-1,-1,-1
109,15,678.03,400.81,63.98,170.84,0.6813,-1,-1,-1
109,6,1085.07,297.57,170.65,468.57,0.8703,-1,-1,-1
109,2,771.91,232.25,201.57,645.87,0.8752,-1,-1,-1
110,18,411.24,353.38,118.33,357.71,0.7984,-1,-1,-1
110,17,1587.66,367.08,40.19,65.69,0.4039,-1,-1,-1
110,16,976.54,323.98,103.60,327.33,0.6673,-1,-1,-1
110,15,679.54,397.56,67.20,170.98,0.6259,-1,-1,-1
110,6,1089.28,294.52,171.35,464.80,0.8721,-1,-1,-1
110,2,772.29,230.66,203.13,648.27,0.8753,-1,-1,-1
111,18,409.82,352.75,120.47,354.52,0.8055,-1,-1,-1
111,17,1600.08,371.67,38.47,62.36,0.4416,-1,-1,-1
111,16,974.81,324.34,105.72,324.39,0.6150,-1,-1,-1
111,15,682.79,394.49,65.59,174.00,0.6588,-1,-1,-1
111,6,1093.10,291.44,169.19,461.51,0.8666,-1,-1,-1
111,2,776.68,229.85,198.49,651.41,0.8720,-1,-1,-1
112,18,408.81,349.73,121.71,357.53,0.7476,-1,-1,-1
112,16,974.15,324.04,110.18,326.44,0.6346,-1,-1,-1
112,15,685.09,395.32,67.41,174.35,0.6445,-1,-1,-1
112,6,1098.34,288.65,169.45,459.97,0.8547,-1,-1,-1
112,2,777.27,229.46,197.51,650.33,0.8674,-1,-1,-1
113,18,411.16,347.89,117.97,363.39,0.7394,-1,-1,-1
113,16,980.13,323.57,108.36,325.42,0.6032,-1,-1,-1
113,15,686.68,390.54,68.21,180.80,0.7008,-1,-1,-1
113,6,1104.38,286.15,165.92,463.88,0.8511,-1,-1,-1
113,2,779.71,229.02,194.84,651.06,0.8647,-1,-1,-1
114,18,412.59,344.89,116.87,366.01,0.7348,-1,-1,-1
114,16,987.48,321.05,102.36,319.78,0.5937,-1,-1,-1
114,15,690.73,394.02,66.74,174.96,0.6299,-1,-1,-1
114,6,1110.10,285.12,162.87,467.56,0.8578,-1,-1,-1
114,2,786.27,231.40,190.56,652.10,0.8545,-1,-1,-1
115,18,410.60,344.17,120.56,368.17,0.7379,-1,-1,-1
115,16,997.21,321.01,99.35,323.13,0.7352,-1,-1,-1
115,15,695.09,390.83,65.65,179.49,0.5961,-1,-1,-1
115,6,1112.18,286.63,163.72,466.19,0.8677,-1,-1,-1
115,2,791.82,232.96,191.57,651.93,0.8444,-1,-1,-1
116,18,403.62,342.65,127.34,369.92,0.7734,-1,-1,-1
116,16,992.89,323.08,109.19,319.48,0.7071,-1,-1,-1
116,15,693.33,393.29,69.13,179.19,0.5580,-1,-1,-1
116,6,1114.00,286.30,165.07,464.10,0.8628,-1,-1,-1
116,2,792.46,233.39,192.50,652.56,0.8508,-1,-1,-1
117,18,401.30,343.73,129.43,368.49,0.7213,-1,-1,-1
117,16,993.42,321.09,107.74,321.51,0.6702,-1,-1,-1
117,15,689.28,389.26,75.24,179.37,0.6244,-1,-1,-1
117,6,1116.85,284.94,165.12,467.67,0.8592,-1,-1,-1
117,2,791.11,233.83,190.01,652.64,0.8521,-1,-1,-1
118,18,395.23,338.59,132.05,375.86,0.7024,-1,-1,-1
118,16,981.77,322.67,119.99,321.98,0.7300,-1,-1,-1
118,15,688.06,392.34,75.31,179.13,0.6155,-1,-1,-1
118,6,1118.55,285.89,166.29,470.99,0.8566,-1,-1,-1
118,2,783.81,235.68,190.17,648.92,0.8565,-1,-1,-1
119,18,390.56,338.22,132.73,376.77,0.8251,-1,-1,-1
119,16,978.08,324.54,124.45,322.36,0.7560,-1,-1,-1
119,15,690.97,393.21,72.68,178.98,0.5531,-1,-1,-1
119,6,1122.96,287.83,162.19,473.44,0.8510,-1,-1,-1
119,2,781.78,234.79,189.42,649.74,0.8666,-1,-1,-1
120,18,386.50,333.47,132.63,384.58,0.8359,-1,-1,-1
120,16,972.90,324.85,126.97,323.66,0.7076,-1,-1,-1
120,15,686.14,392.30,77.00,178.45,0.5288,-1,-1,-1
120,6,1122.28,288.37,162.16,474.58,0.8533,-1,-1,-1
120,2,775.15,232.17,194.48,649.43,0.8781,-1,-1,-1
121,18,380.13,333.67,134.30,386.36,0.8385,-1,-1,-1
121,16,968.86,326.18,130.23,322.19,0.6077,-1,-1,-1
121,15,683.38,394.37,81.08,183.29,0.4330,-1,-1,-1
121,6,1119.66,290.56,163.59,475.71,0.8471,-1,-1,-1
121,2,768.91,227.68,197.20,644.20,0.8741,-1,-1,-1
122,18,369.18,333.34,139.43,395.18,0.8261,-1,-1,-1
122,16,968.82,325.35,130.95,322.73,0.6373,-1,-1,-1
122,6,1117.32,291.42,163.30,477.43,0.8405,-1,-1,-1
122,2,760.79,227.56,196.55,634.31,0.8656,-1,-1,-1
123,18,363.69,332.13,137.06,402.95,0.8540,-1,-1,-1
123,17,1633.96,372.07,48.33,60.23,0.4419,-1,-1,-1
123,16,957.00,326.27,138.43,324.31,0.6226,-1,-1,-1
123,6,1115.09,290.68,161.51,478.14,0.8583,-1,-1,-1
123,2,748.59,226.04,203.28,635.75,0.8671,-1,-1,-1
124,18,355.29,332.66,139.91,404.74,0.8588,-1,-1,-1
124,17,1632.32,372.34,48.34,62.66,0.4493,-1,-1,-1
124,16,956.47,327.58,122.08,325.48,0.6117,-1,-1,-1
124,6,1111.18,289.10,159.12,484.73,0.8492,-1,-1,-1
124,2,739.54,227.05,206.79,637.68,0.8719,-1,-1,-1
125,18,346.41,339.48,141.20,402.16,0.8450,-1,-1,-1
125,16,951.89,324.05,125.96,331.56,0.6956,-1,-1,-1
125,15,676.52,393.15,67.62,193.23,0.4491,-1,-1,-1
125,6,1106.88,289.56,160.74,479.88,0.8452,-1,-1,-1
125,2,731.39,228.15,210.35,641.88,0.8767,-1,-1,-1
126,18,333.11,336.87,143.85,407.94,0.8398,-1,-1,-1
126,17,1626.45,370.42,45.99,65.36,0.4177,-1,-1,-1
126,16,952.71,320.34,126.23,334.28,0.5806,-1,-1,-1
126,6,1100.61,290.33,161.28,475.86,0.8444,-1,-1,-1
126,2,711.56,228.90,225.43,646.59,0.8684,-1,-1,-1
127,18,327.16,343.47,142.28,407.97,0.8474,-1,-1,-1
127,17,1622.97,372.11,43.94,64.85,0.4367,-1,-1,-1
127,16,942.40,320.25,138.71,336.88,0.7702,-1,-1,-1
127,6,1093.84,290.90,166.43,481.78,0.8567,-1,-1,-1
127,2,708.96,231.69,224.87,647.21,0.8699,-1,-1,-1
128,18,318.45,341.29,144.90,411.63,0.8529,-1,-1,-1
128,16,932.22,323.62,144.99,334.23,0.6105,-1,-1,-1
128,6,1087.75,288.89,170.65,482.45,0.8704,-1,-1,-1
128,2,706.76,231.39,225.44,651.99,0.8799,-1,-1,-1
129,18,313.68,336.89,146.97,423.84,0.8340,-1,-1,-1
129,16,935.53,321.79,106.95,334.86,0.6500,-1,-1,-1
129,15,660.48,389.22,65.42,192.92,0.5351,-1,-1,-1
129,6,1082.73,286.33,175.77,483.31,0.8740,-1,-1,-1
129,2,710.55,235.89,219.12,648.07,0.8803,-1,-1,-1
130,18,310.86,333.03,148.65,432.42,0.8404,-1,-1,-1
130,17,1618.38,367.40,42.08,69.93,0.4036,-1,-1,-1
130,16,934.55,320.23,105.13,334.75,0.7349,-1,-1,-1
130,15,659.73,389.16,62.18,192.89,0.5538,-1,-1,-1
130,6,1081.56,286.82,174.85,482.63,0.8674,-1,-1,-1
130,2,708.02,237.02,221.53,649.12,0.8820,-1,-1,-1
131,18,309.49,331.22,145.50,435.94,0.8388,-1,-1,-1
131,16,927.96,318.77,110.95,332.87,0.7374,-1,-1,-1
131,15,657.19,389.49,63.84,193.23,0.5874,-1,-1,-1
131,6,1080.22,283.92,176.74,482.44,0.8665,-1,-1,-1
131,2,708.59,238.91,222.73,649.34,0.8799,-1,-1,-1
132,22,1013.28,366.43,69.59,227.53,0.5585,-1,-1,-1
132,18,309.87,332.63,141.87,435.81,0.8286,-1,-1,-1
132,17,1619.27,365.01,41.83,69.06,0.4076,-1,-1,-1
132,16,925.13,317.39,111.58,333.64,0.7340,-1,-1,-1
132,15,657.05,388.84,64.37,195.04,0.5692,-1,-1,-1
132,6,1080.35,282.46,174.83,481.42,0.8632,-1,-1,-1
132,2,710.34,238.62,220.96,649.58,0.8753,-1,-1,-1
133,22,1012.60,368.06,72.60,225.02,0.5760,-1,-1,-1
133,18,293.98,329.85,156.33,441.32,0.8194,-1,-1,-1
133,16,926.29,316.14,107.55,336.52,0.7471,-1,-1,-1
133,15,657.47,389.46,62.58,195.03,0.4434,-1,-1,-1
133,6,1076.55,282.32,179.67,481.93,0.8684,-1,-1,-1
133,2,713.93,238.94,220.69,646.83,0.8756,-1,-1,-1
134,22,1011.38,367.63,73.75,223.17,0.6111,-1,-1,-1
134,18,288.94,324.49,156.19,455.29,0.8403,-1,-1,-1
134,16,928.86,318.51,100.93,337.86,0.7329,-1,-1,-1
134,15,655.82,392.25,68.71,194.69,0.5323,-1,-1,-1
134,6,1074.67,284.15,183.86,486.13,0.8676,-1,-1,-1
134,2,715.76,238.35,215.82,649.76,0.8765,-1,-1,-1
135,22,1010.45,370.38,76.20,218.85,0.6538,-1,-1,-1
135,18,287.44,330.35,153.58,452.77,0.8317,-1,-1,-1
135,16,927.26,318.09,98.86,341.79,0.7099,-1,-1,-1
135,15,651.44,393.72,72.93,195.47,0.5441,-1,-1,-1
135,6,1073.35,285.14,184.39,489.07,0.8648,-1,-1,-1
135,2,717.92,239.90,213.87,648.09,0.8798,-1,-1,-1
136,22,1010.95,364.02,77.21,231.40,0.7066,-1,-1,-1
136,18,281.85,327.36,158.05,459.59,0.8388,-1,-1,-1
136,16,926.21,320.54,99.83,339.28,0.7322,-1,-1,-1
136,15,644.41,395.00,81.37,196.99,0.6849,-1,-1,-1
136,6,1071.81,287.94,188.12,490.19,0.8664,-1,-1,-1
136,2,723.24,240.14,210.51,641.59,0.8737,-1,-1,-1
137,22,1014.08,369.97,76.78,225.08,0.7446,-1,-1,-1
137,18,284.50,323.59,154.08,465.75,0.8409,-1,-1,-1
137,17,1632.09,368.51,44.21,68.75,0.4985,-1,-1,-1
137,16,928.05,319.48,97.21,341.66,0.7314,-1,-1,-1
137,15,649.03,395.07,77.12,201.81,0.6358,-1,-1,-1
137,6,1070.48,291.06,193.65,492.45,0.8635,-1,-1,-1
137,2,723.94,240.61,211.82,624.31,0.8832,-1,-1,-1
138,22,1018.23,368.15,75.57,229.48,0.7448,-1,-1,-1
138,18,279.54,322.98,157.46,469.13,0.8040,-1,-1,-1
138,16,928.37,321.40,96.93,342.11,0.7456,-1,-1,-1
138,15,651.63,397.23,71.29,200.46,0.5948,-1,-1,-1
138,6,1078.05,295.17,192.26,490.69,0.8618,-1,-1,-1
138,2,722.38,242.39,217.95,622.23,0.8863,-1,-1,-1
139,22,1021.26,364.18,75.55,230.60,0.7170,-1,-1,-1
139,18,269.78,320.12,164.34,475.40,0.8148,-1,-1,-1
139,16,930.39,320.90,97.19,343.82,0.7270,-1,-1,-1
139,15,651.89,395.46,70.99,204.91,0.5829,-1,-1,-1
139,6,1082.45,295.71,193.24,490.91,0.8480,-1,-1,-1
139,2,729.67,242.40,212.46,622.52,0.8851,-1,-1,-1
140,22,1022.88,369.01,76.56,226.48,0.7776,-1,-1,-1
140,18,268.69,318.54,166.20,486.74,0.8303,-1,-1,-1
140,16,938.17,320.02,92.44,345.49,0.7150,-1,-1,-1
140,15,648.66,396.94,76.18,204.97,0.6320,-1,-1,-1
140,6,1089.70,296.85,188.58,489.07,0.8452,-1,-1,-1
140,2,743.81,241.33,200.21,629.19,0.8780,-1,-1,-1
141,22,1024.36,366.84,80.36,228.07,0.6853,-1,-1,-1
141,18,272.33,319.96,164.17,497.88,0.8245,-1,-1,-1
141,16,934.70,322.33,97.40,344.06,0.7390,-1,-1,-1
141,15,647.08,395.13,80.09,206.86,0.7634,-1,-1,-1
141,6,1093.67,295.74,188.73,496.68,0.8583,-1,-1,-1
141,2,749.26,246.08,195.37,631.28,0.8735,-1,-1,-1
142,22,1029.75,372.67,78.90,225.90,0.7250,-1,-1,-1
142,18,271.42,323.24,167.31,500.49,0.8490,-1,-1,-1
142,16,935.28,325.69,97.50,340.30,0.7640,-1,-1,-1
142,15,648.31,400.37,86.35,201.93,0.6914,-1,-1,-1
142,6,1101.11,296.62,186.15,499.83,0.8516,-1,-1,-1
142,2,754.71,252.05,192.37,628.84,0.8693,-1,-1,-1
143,22,1038.23,372.36,72.70,225.89,0.7464,-1,-1,-1
143,18,269.23,326.40,171.32,502.48,0.8474,-1,-1,-1
143,16,953.27,325.78,85.97,340.67,0.7234,-1,-1,-1
143,15,654.96,400.36,83.32,204.32,0.6635,-1,-1,-1
143,6,1107.99,296.75,186.69,502.74,0.8674,-1,-1,-1
143,2,768.73,253.86,185.86,634.45,0.8787,-1,-1,-1
144,22,1040.27,372.52,78.33,227.49,0.7546,-1,-1,-1
144,18,267.15,325.49,175.23,511.15,0.8578,-1,-1,-1
144,16,959.28,331.60,83.06,332.21,0.8006,-1,-1,-1
144,15,662.99,396.90,75.43,208.06,0.7034,-1,-1,-1
144,6,1112.45,296.78,186.68,500.94,0.8615,-1,-1,-1
144,2,771.77,256.08,186.48,633.73,0.8729,-1,-1,-1
145,23,1681.20,370.59,50.24,70.57,0.4230,-1,-1,-1
145,22,1041.91,376.06,79.29,222.47,0.7400,-1,-1,-1
145,18,264.88,324.74,178.79,513.15,0.8532,-1,-1,-1
145,16,961.87,329.03,83.57,338.28,0.7498,-1,-1,-1
145,15,664.33,396.42,80.31,210.50,0.7023,-1,-1,-1
145,6,1121.80,296.59,186.92,500.47,0.8607,-1,-1,-1
145,2,779.17,258.38,185.03,634.85,0.8604,-1,-1,-1
146,22,1048.45,378.48,77.91,219.08,0.6476,-1,-1,-1
146,18,268.36,324.65,177.88,524.55,0.8771,-1,-1,-1
146,16,969.14,332.15,86.69,337.38,0.6869,-1,-1,-1
146,15,669.91,397.73,80.25,209.89,0.6980,-1,-1,-1
146,6,1129.21,301.42,183.30,491.88,0.8742,-1,-1,-1
146,2,780.44,262.67,189.27,636.62,0.8637,-1,-1,-1
147,23,1699.65,375.30,47.14,68.54,0.4339,-1,-1,-1
147,22,1049.92,382.09,80.39,220.72,0.6335,-1,-1,-1
147,18,262.32,326.12,182.52,528.74,0.8600,-1,-1,-1
147,16,964.32,330.77,92.10,341.26,0.7118,-1,-1,-1
147,15,669.66,396.03,81.97,216.12,0.7262,-1,-1,-1
147,6,1134.09,298.26,187.64,490.38,0.8669,-1,-1,-1
147,2,781.62,265.43,190.33,637.63,0.8649,-1,-1,-1
148,22,1053.85,376.52,77.46,228.48,0.6773,-1,-1,-1
148,18,257.87,325.77,186.31,542.02,0.8682,-1,-1,-1
148,16,969.02,331.14,91.26,341.13,0.7304,-1,-1,-1
148,15,673.65,395.02,75.45,218.80,0.7257,-1,-1,-1
148,6,1140.62,297.42,181.92,491.02,0.8670,-1,-1,-1
148,2,789.99,265.67,184.95,635.52,0.8554,-1,-1,-1
149,22,1055.78,378.39,77.43,229.44,0.6368,-1,-1,-1
149,18,251.60,322.85,182.51,550.16,0.8649,-1,-1,-1
149,16,973.31,336.56,86.87,337.80,0.7347,-1,-1,-1
149,15,675.38,401.57,76.28,217.03,0.6009,-1,-1,-1
149,6,1148.23,298.51,178.48,487.86,0.8619,-1,-1,-1
149,2,793.70,266.13,183.89,638.18,0.8615,-1,-1,-1
150,23,1711.39,381.28,51.87,67.26,0.4521,-1,-1,-1
150,22,1056.61,368.77,76.37,239.84,0.6723,-1,-1,-1
150,18,246.66,318.05,179.35,559.31,0.8501,-1,-1,-1
150,16,975.70,340.03,89.32,338.97,0.7369,-1,-1,-1
150,15,673.53,406.25,79.41,215.39,0.6139,-1,-1,-1
150,6,1151.31,300.03,178.58,490.54,0.8641,-1,-1,-1
150,2,793.02,266.50,185.32,637.31,0.8498,-1,-1,-1
151,23,1711.80,379.69,54.44,70.15,0.4879,-1,-1,-1
151,22,1056.39,369.24,77.16,241.77,0.5984,-1,-1,-1
151,18,233.30,317.48,185.32,568.99,0.8506,-1,-1,-1
151,16,981.03,340.75,84.42,342.26,0.7334,-1,-1,-1
151,15,675.39,409.96,77.52,212.85,0.6691,-1,-1,-1
151,6,1152.33,299.39,180.20,501.89,0.8714,-1,-1,-1
151,2,792.43,266.45,188.98,632.94,0.8408,-1,-1,-1
152,23,1715.97,378.55,54.77,71.08,0.5263,-1,-1,-1
152,22,1054.21,373.03,79.57,237.01,0.6061,-1,-1,-1
152,18,225.49,313.58,188.40,578.12,0.8508,-1,-1,-1
152,16,977.97,341.41,86.89,341.30,0.7105,-1,-1,-1
152,15,675.21,409.70,81.22,215.77,0.7132,-1,-1,-1
152,6,1153.33,300.29,181.57,499.37,0.8801,-1,-1,-1
152,2,789.02,265.01,192.81,624.24,0.8416,-1,-1,-1
153,23,1719.76,386.45,49.82,66.09,0.4315,-1,-1,-1
153,22,1055.54,372.46,79.23,239.11,0.6204,-1,-1,-1
153,18,212.95,311.07,196.13,582.62,0.8585,-1,-1,-1
153,16,983.61,341.32,82.45,346.08,0.7247,-1,-1,-1
153,15,675.38,410.06,84.04,219.60,0.7125,-1,-1,-1
153,6,1158.19,302.70,179.39,498.34,0.8824,-1,-1,-1
153,2,782.88,262.58,202.83,617.33,0.8417,-1,-1,-1
154,23,1723.18,385.23,50.64,68.42,0.4096,-1,-1,-1
154,22,1053.77,374.17,80.78,238.51,0.6570,-1,-1,-1
154,18,201.11,308.94,203.22,588.37,0.8723,-1,-1,-1
154,16,980.22,341.14,84.59,344.49,0.7265,-1,-1,-1
154,15,676.02,411.15,86.98,220.88,0.7175,-1,-1,-1
154,6,1158.90,303.01,178.70,496.15,0.8731,-1,-1,-1
154,2,776.33,260.97,211.03,618.24,0.8593,-1,-1,-1
155,22,1053.91,372.57,80.24,238.90,0.7018,-1,-1,-1
155,18,190.77,306.41,208.17,592.00,0.8711,-1,-1,-1
155,16,984.00,340.02,80.44,342.24,0.7276,-1,-1,-1
155,15,671.59,406.53,100.09,224.43,0.7298,-1,-1,-1
155,6,1160.64,302.61,177.37,500.09,0.8789,-1,-1,-1
155,2,769.08,258.51,218.22,619.89,0.8684,-1,-1,-1
156,22,1052.33,370.13,80.34,243.21,0.6927,-1,-1,-1
156,18,180.81,301.88,207.18,598.93,0.8714,-1,-1,-1
156,16,981.38,339.57,83.62,344.15,0.7023,-1,-1,-1
156,15,672.23,405.00,99.60,226.61,0.7664,-1,-1,-1
156,6,1158.88,306.63,180.46,507.10,0.8773,-1,-1,-1
156,2,764.66,257.47,225.89,623.65,0.8701,-1,-1,-1
157,23,1721.33,380.42,53.59,75.24,0.4145,-1,-1,-1
157,22,1049.37,370.05,82.65,244.15,0.6789,-1,-1,-1
157,18,170.41,300.72,211.66,604.33,0.8634,-1,-1,-1
157,16,971.23,341.16,93.78,346.94,0.6967,-1,-1,-1
157,15,667.38,407.21,99.84,225.80,0.7037,-1,-1,-1
157,6,1155.27,308.15,178.01,508.21,0.8730,-1,-1,-1
157,2,758.93,260.16,231.25,625.98,0.8773,-1,-1,-1
158,23,1716.04,384.02,55.38,69.74,0.4161,-1,-1,-1
158,22,1044.31,371.09,85.53,243.41,0.7391,-1,-1,-1
158,18,155.86,297.06,214.57,611.32,0.8608,-1,-1,-1
158,16,967.04,341.50,90.90,344.32,0.7420,-1,-1,-1
158,15,661.78,405.68,79.13,228.16,0.6734,-1,-1,-1
158,6,1149.75,304.74,177.22,507.42,0.8647,-1,-1,-1
158,2,760.32,257.10,225.34,630.79,0.8731,-1,-1,-1
159,23,1710.04,377.12,59.25,75.69,0.5082,-1,-1,-1
159,22,1040.30,378.01,85.73,236.56,0.7015,-1,-1,-1
159,18,137.85,294.60,218.15,622.47,0.8558,-1,-1,-1
159,16,965.99,341.85,86.32,339.34,0.6552,-1,-1,-1
159,15,658.38,401.73,87.02,231.24,0.6604,-1,-1,-1
159,6,1146.47,306.91,174.96,503.53,0.8762,-1,-1,-1
159,2,766.14,263.11,216.96,628.99,0.8665,-1,-1,-1
160,25,748.73,355.28,70.16,277.91,0.5039,-1,-1,-1
160,22,1037.59,378.83,83.05,234.36,0.6984,-1,-1,-1
160,18,126.93,290.85,221.84,642.24,0.8640,-1,-1,-1
160,16,961.80,339.69,92.40,341.50,0.7257,-1,-1,-1
160,15,649.86,401.72,96.15,229.62,0.6728,-1,-1,-1
160,6,1141.59,305.94,173.70,506.91,0.8768,-1,-1,-1
160,2,769.01,265.14,211.16,630.86,0.8641,-1,-1,-1
161,25,735.31,363.17,72.48,273.16,0.4959,-1,-1,-1
161,22,1032.87,385.26,84.98,226.83,0.7511,-1,-1,-1
161,18,112.53,290.60,225.50,659.42,0.8548,-1,-1,-1
161,16,955.69,338.64,88.55,341.59,0.6702,-1,-1,-1
161,15,645.82,397.65,91.18,237.00,0.6921,-1,-1,-1
161,6,1138.26,306.20,172.35,506.05,0.8783,-1,-1,-1
161,2,770.98,271.48,209.28,628.18,0.8708,-1,-1,-1
162,25,730.61,360.40,78.52,279.47,0.6037,-1,-1,-1
162,23,1699.92,381.64,56.43,74.20,0.4563,-1,-1,-1
162,22,1025.74,386.54,83.24,224.86,0.7439,-1,-1,-1
162,18,94.66,283.38,230.45,660.27,0.8686,-1,-1,-1
162,16,950.44,335.85,81.66,348.99,0.6474,-1,-1,-1
162,15,637.65,395.16,77.84,239.67,0.7046,-1,-1,-1
162,6,1132.98,298.88,171.50,513.99,0.8731,-1,-1,-1
162,2,774.13,271.51,204.62,626.71,0.8823,-1,-1,-1
163,25,725.77,357.53,76.44,280.99,0.6667,-1,-1,-1
163,23,1694.02,382.34,55.12,74.59,0.4454,-1,-1,-1
163,22,1020.07,387.23,84.48,224.26,0.6823,-1,-1,-1
163,18,82.23,284.70,221.74,678.82,0.8465,-1,-1,-1
163,16,946.66,331.29,85.71,352.53,0.6177,-1,-1,-1
163,15,629.54,394.46,83.31,240.56,0.7252,-1,-1,-1
163,6,1122.38,299.63,176.37,512.32,0.8681,-1,-1,-1
163,2,774.07,270.17,200.41,629.16,0.8929,-1,-1,-1
164,25,713.18,362.71,79.09,278.11,0.6740,-1,-1,-1
164,22,1018.71,390.62,78.50,218.96,0.7019,-1,-1,-1
164,18,55.93,282.60,246.46,697.57,0.8833,-1,-1,-1
164,16,943.24,333.50,82.57,350.06,0.6624,-1,-1,-1
164,15,619.00,392.44,87.33,244.03,0.7238,-1,-1,-1
164,6,1112.81,297.39,183.94,510.05,0.8670,-1,-1,-1
164,2,767.26,267.76,203.78,624.29,0.8909,-1,-1,-1
165,25,707.66,364.07,79.01,277.26,0.7067,-1,-1,-1
165,22,1014.56,391.18,78.56,215.02,0.6871,-1,-1,-1
165,18,37.01,280.34,249.89,716.06,0.8714,-1,-1,-1
165,16,942.08,332.90,81.86,346.93,0.6923,-1,-1,-1
165,15,610.05,393.08,85.20,243.82,0.6889,-1,-1,-1
165,6,1106.89,299.24,181.79,505.42,0.8746,-1,-1,-1
165,2,763.77,262.76,198.14,628.04,0.8865,-1,-1,-1
166,25,704.29,365.07,80.04,277.95,0.7312,-1,-1,-1
166,22,1008.62,389.95,79.75,214.10,0.6682,-1,-1,-1
166,18,19.21,278.58,262.21,726.54,0.8876,-1,-1,-1
166,16,932.99,325.76,85.36,353.08,0.6962,-1,-1,-1
166,15,605.67,391.07,88.89,246.85,0.7175,-1,-1,-1
166,6,1100.27,297.21,186.34,500.58,0.8767,-1,-1,-1
166,2,766.15,258.63,194.69,631.70,0.8856,-1,-1,-1
167,25,697.65,361.69,87.79,282.34,0.7086,-1,-1,-1
167,22,1008.86,397.77,77.22,207.99,0.5620,-1,-1,-1
167,18,5.62,273.69,255.52,737.35,0.8649,-1,-1,-1
167,16,934.11,325.03,83.97,349.51,0.6921,-1,-1,-1
167,15,601.15,389.77,86.49,248.96,0.7264,-1,-1,-1
167,6,1093.97,291.94,192.17,505.85,0.8657,-1,-1,-1
167,2,767.12,256.05,192.65,631.02,0.8746,-1,-1,-1
168,25,682.51,356.80,97.79,287.28,0.7779,-1,-1,-1
168,22,1007.65,374.75,78.00,234.18,0.6042,-1,-1,-1
168,18,0.53,263.88,256.91,752.06,0.8877,-1,-1,-1
168,16,930.38,329.65,86.52,348.79,0.6994,-1,-1,-1
168,15,596.63,389.53,88.23,248.78,0.6910,-1,-1,-1
168,6,1090.87,291.58,191.47,504.08,0.8647,-1,-1,-1
168,2,774.00,253.33,184.52,619.43,0.8657,-1,-1,-1
169,25,680.30,356.09,96.28,281.54,0.7692,-1,-1,-1
169,23,1672.83,370.88,58.09,77.77,0.4162,-1,-1,-1
169,22,1004.10,374.93,80.65,228.90,0.6375,-1,-1,-1
169,18,0.08,256.75,241.46,763.87,0.9024,-1,-1,-1
169,16,929.28,329.21,84.34,342.91,0.6959,-1,-1,-1
169,15,590.76,387.36,91.22,252.25,0.7353,-1,-1,-1
169,6,1086.88,291.45,193.83,502.62,0.8698,-1,-1,-1
169,2,777.62,248.85,184.00,611.45,0.8631,-1,-1,-1
170,25,672.50,352.21,104.56,288.22,0.7919,-1,-1,-1
170,22,1004.20,371.07,80.84,232.71,0.6338,-1,-1,-1
170,18,0.00,250.33,228.90,776.85,0.9022,-1,-1,-1
170,16,928.14,329.64,81.55,342.64,0.6890,-1,-1,-1
170,15,588.95,386.79,80.93,251.31,0.6205,-1,-1,-1
170,6,1081.20,290.87,198.53,506.10,0.8706,-1,-1,-1
170,2,778.66,247.88,180.97,610.45,0.8546,-1,-1,-1
171,25,664.06,352.44,112.60,292.71,0.8042,-1,-1,-1
171,22,1005.91,366.54,77.17,230.60,0.6712,-1,-1,-1
171,18,0.01,245.70,217.67,789.83,0.9018,-1,-1,-1
171,16,927.62,328.48,83.56,348.25,0.7117,-1,-1,-1
171,15,580.96,382.01,90.73,260.27,0.6407,-1,-1,-1
171,6,1078.89,290.59,201.05,510.09,0.8685,-1,-1,-1
171,2,777.54,245.94,180.29,614.40,0.8563,-1,-1,-1
172,25,659.12,350.64,117.62,295.92,0.8316,-1,-1,-1
172,22,1002.23,367.14,78.64,229.78,0.6564,-1,-1,-1
172,18,0.00,240.94,204.59,799.68,0.8958,-1,-1,-1
172,16,928.30,338.78,80.48,332.61,0.6799,-1,-1,-1
172,15,573.48,384.74,99.41,260.96,0.6859,-1,-1,-1
172,6,1075.54,290.25,204.35,509.30,0.8734,-1,-1,-1
172,2,775.32,247.34,184.23,618.96,0.8504,-1,-1,-1
173,25,656.75,347.56,122.90,299.20,0.8319,-1,-1,-1
173,23,1674.79,363.89,53.18,76.46,0.4411,-1,-1,-1
173,22,1002.38,372.98,78.62,220.68,0.6626,-1,-1,-1
173,18,0.00,235.81,194.35,816.53,0.8878,-1,-1,-1
173,16,926.71,336.43,78.04,335.49,0.6681,-1,-1,-1
173,15,565.46,385.95,103.28,261.34,0.7060,-1,-1,-1
173,6,1074.41,288.93,202.84,511.52,0.8676,-1,-1,-1
173,2,777.29,245.36,180.17,621.74,0.8552,-1,-1,-1
174,25,655.48,345.38,125.60,301.28,0.8184,-1,-1,-1
174,23,1676.07,362.75,54.53,75.19,0.4162,-1,-1,-1
174,22,1002.92,367.42,76.75,228.42,0.6678,-1,-1,-1
174,18,0.07,231.94,186.83,828.14,0.8843,-1,-1,-1
174,16,928.18,335.24,77.66,337.07,0.6467,-1,-1,-1
174,15,562.65,380.13,94.79,270.36,0.6958,-1,-1,-1
174,6,1076.91,288.82,204.50,516.18,0.8718,-1,-1,-1
174,2,775.92,246.24,182.78,623.32,0.8593,-1,-1,-1
175,25,653.83,345.06,128.70,304.10,0.8183,-1,-1,-1
175,23,1679.97,363.19,56.69,75.95,0.4683,-1,-1,-1
175,22,1004.05,367.75,76.27,231.02,0.6669,-1,-1,-1
175,18,0.15,226.49,179.02,836.97,0.8854,-1,-1,-1
175,16,930.24,329.16,77.96,343.21,0.6398,-1,-1,-1
175,15,559.90,379.15,95.92,273.02,0.6820,-1,-1,-1
175,6,1080.55,289.00,203.76,520.36,0.8728,-1,-1,-1
175,2,780.12,247.58,178.30,628.23,0.8636,-1,-1,-1
176,25,654.40,345.37,126.83,310.74,0.8105,-1,-1,-1
176,22,1008.38,365.72,74.65,231.90,0.6805,-1,-1,-1
176,18,0.15,226.93,172.62,844.04,0.8836,-1,-1,-1
176,16,932.89,325.13,74.33,347.79,0.6380,-1,-1,-1
176,15,555.36,378.56,100.85,276.49,0.7239,-1,-1,-1
176,6,1084.20,289.78,203.00,520.14,0.8721,-1,-1,-1
176,2,785.18,254.33,175.65,628.36,0.8478,-1,-1,-1
177,25,654.36,346.00,127.12,311.22,0.8150,-1,-1,-1
177,22,1009.17,368.36,75.05,228.85,0.6890,-1,-1,-1
177,18,0.30,225.16,162.25,850.62,0.8760,-1,-1,-1
177,16,935.05,323.82,64.26,349.49,0.5908,-1,-1,-1
177,15,554.30,379.99,101.98,274.37,0.7127,-1,-1,-1
177,6,1087.06,290.81,202.48,517.29,0.8748,-1,-1,-1
177,2,786.76,258.57,176.58,626.72,0.8483,-1,-1,-1
178,25,653.85,348.76,133.03,314.37,0.8254,-1,-1,-1
178,22,1014.37,371.08,74.43,228.38,0.6448,-1,-1,-1
178,18,0.31,222.35,155.22,853.94,0.8739,-1,-1,-1
178,16,940.85,328.09,57.52,352.97,0.4092,-1,-1,-1
178,15,554.72,379.73,100.12,277.36,0.7326,-1,-1,-1
178,6,1090.91,290.19,205.86,524.34,0.8789,-1,-1,-1
178,2,790.30,262.51,177.78,625.39,0.8573,-1,-1,-1
179,25,651.04,349.83,140.74,314.60,0.8249,-1,-1,-1
179,23,1685.93,356.51,69.79,80.03,0.4431,-1,-1,-1
179,22,1015.73,375.25,75.24,222.26,0.6752,-1,-1,-1
179,18,0.53,227.42,143.74,849.15,0.8739,-1,-1,-1
179,16,931.02,300.45,72.95,372.93,0.5766,-1,-1,-1
179,15,553.29,379.60,102.21,280.00,0.7103,-1,-1,-1
179,6,1099.41,287.56,200.89,527.35,0.8803,-1,-1,-1
179,2,792.17,263.51,177.24,624.21,0.8565,-1,-1,-1
180,25,653.70,351.37,134.99,315.50,0.7989,-1,-1,-1
180,23,1696.81,358.15,65.22,76.35,0.4643,-1,-1,-1
180,22,1018.94,384.60,74.14,215.02,0.6115,-1,-1,-1
180,18,0.63,231.40,133.52,846.12,0.8653,-1,-1,-1
180,15,553.09,378.74,104.50,283.93,0.7641,-1,-1,-1
180,6,1104.46,290.67,201.77,523.06,0.8716,-1,-1,-1
180,2,795.63,267.07,180.70,616.48,0.8629,-1,-1,-1
181,25,654.42,351.27,137.47,320.62,0.8159,-1,-1,-1
181,23,1713.16,355.56,51.61,77.23,0.4131,-1,-1,-1
181,22,1019.03,370.94,77.49,228.78,0.6329,-1,-1,-1
181,18,0.54,261.51,127.28,815.98,0.8625,-1,-1,-1
181,15,554.33,382.46,103.27,283.28,0.7260,-1,-1,-1
181,6,1114.27,284.56,196.56,527.64,0.8747,-1,-1,-1
181,2,796.37,265.66,183.83,618.33,0.8678,-1,-1,-1
182,25,654.58,351.42,137.25,323.64,0.8206,-1,-1,-1
182,23,1713.87,355.29,59.53,77.44,0.5690,-1,-1,-1
182,22,1022.14,378.38,80.51,219.89,0.7337,-1,-1,-1
182,18,0.42,288.60,118.26,789.67,0.8564,-1,-1,-1
182,16,944.54,313.80,63.64,360.63,0.4418,-1,-1,-1
182,15,555.27,383.39,107.08,286.60,0.7499,-1,-1,-1
182,6,1120.93,286.11,196.58,526.36,0.8726,-1,-1,-1
182,2,796.51,264.93,185.03,617.55,0.8722,-1,-1,-1
183,25,654.65,348.79,143.70,324.75,0.8299,-1,-1,-1
183,23,1715.41,353.72,60.71,78.18,0.4129,-1,-1,-1
183,22,1024.81,384.71,80.42,214.77,0.6708,-1,-1,-1
183,18,0.74,313.42,105.28,763.53,0.8433,-1,-1,-1
183,15,555.03,387.00,107.38,286.33,0.7399,-1,-1,-1
183,6,1131.92,282.42,191.17,519.02,0.8704,-1,-1,-1
183,2,799.41,263.16,191.88,610.27,0.8732,-1,-1,-1
184,25,660.62,347.37,143.99,327.61,0.8311,-1,-1,-1
184,23,1726.85,353.74,61.04,77.58,0.4387,-1,-1,-1
184,22,1031.36,381.16,80.85,222.53,0.6437,-1,-1,-1
184,18,0.56,383.87,93.13,692.04,0.8428,-1,-1,-1
184,16,951.22,305.41,67.45,370.23,0.4229,-1,-1,-1
184,15,555.61,389.73,110.78,283.37,0.7551,-1,-1,-1
184,6,1133.57,282.61,193.01,515.09,0.8754,-1,-1,-1
184,2,801.96,264.87,193.20,596.76,0.8760,-1,-1,-1
185,25,670.11,328.61,136.78,350.30,0.8511,-1,-1,-1
185,23,1727.43,350.51,64.95,79.84,0.4080,-1,-1,-1
185,22,1037.38,384.77,76.88,216.84,0.6758,-1,-1,-1
185,18,0.46,390.43,85.56,685.06,0.8066,-1,-1,-1
185,16,958.11,313.05,70.63,362.58,0.6058,-1,-1,-1
185,15,557.61,390.75,116.66,285.58,0.7161,-1,-1,-1
185,6,1139.91,283.30,192.52,512.17,0.8708,-1,-1,-1
185,2,802.00,261.97,194.39,598.59,0.8585,-1,-1,-1
186,25,669.80,324.42,138.52,357.07,0.8471,-1,-1,-1
186,23,1738.96,352.29,61.87,78.70,0.4771,-1,-1,-1
186,22,1037.34,383.63,82.66,218.58,0.6860,-1,-1,-1
186,18,0.48,396.91,84.41,678.80,0.7606,-1,-1,-1
186,16,962.54,319.04,66.82,358.25,0.5451,-1,-1,-1
186,15,558.24,390.80,119.13,287.98,0.7528,-1,-1,-1
186,6,1149.91,284.70,185.43,514.65,0.8792,-1,-1,-1
186,2,803.85,257.17,192.83,605.79,0.8642,-1,-1,-1
187,25,671.10,328.68,138.16,350.87,0.8515,-1,-1,-1
187,22,1042.72,377.75,79.70,221.14,0.7039,-1,-1,-1
187,18,0.00,416.78,61.09,657.69,0.4281,-1,-1,-1
187,15,557.77,385.42,124.42,294.80,0.7658,-1,-1,-1
187,6,1153.86,279.37,189.61,521.74,0.8827,-1,-1,-1
187,2,805.98,253.57,195.14,605.00,0.8674,-1,-1,-1
188,25,668.80,325.66,139.07,352.09,0.8550,-1,-1,-1
188,23,1762.52,354.27,50.29,73.17,0.4170,-1,-1,-1
188,22,1037.13,376.58,85.44,223.88,0.7111,-1,-1,-1
188,15,557.03,385.15,125.77,294.15,0.7761,-1,-1,-1
188,6,1154.80,279.06,189.68,520.62,0.8861,-1,-1,-1
188,2,800.64,252.41,203.54,607.59,0.8689,-1,-1,-1
189,25,666.73,325.06,141.79,355.49,0.8496,-1,-1,-1
189,23,1760.30,351.61,57.22,75.08,0.4730,-1,-1,-1
189,22,1037.45,375.04,85.40,224.33,0.7258,-1,-1,-1
189,15,554.06,381.46,131.20,298.73,0.7090,-1,-1,-1
189,6,1159.90,275.91,182.22,523.93,0.8822,-1,-1,-1
189,2,798.95,252.85,203.94,611.09,0.8674,-1,-1,-1
190,25,672.01,323.04,136.26,360.09,0.8446,-1,-1,-1
190,23,1756.92,353.13,61.97,76.89,0.4660,-1,-1,-1
190,22,1031.62,376.27,91.50,221.33,0.7132,-1,-1,-1
190,15,547.93,379.75,141.31,301.83,0.7275,-1,-1,-1
190,6,1159.86,275.32,185.68,527.38,0.8807,-1,-1,-1
190,2,803.59,251.50,199.61,613.87,0.8584,-1,-1,-1
191,25,671.46,324.79,135.58,361.18,0.8075,-1,-1,-1
191,23,1758.65,355.18,60.64,79.01,0.4880,-1,-1,-1
191,22,1034.13,373.88,89.72,226.07,0.6990,-1,-1,-1
191,15,546.05,378.07,136.65,305.86,0.6634,-1,-1,-1
191,6,1161.25,278.43,185.68,529.26,0.8796,-1,-1,-1
191,2,805.41,253.17,197.81,618.73,0.8552,-1,-1,-1
192,25,666.38,325.69,140.22,361.48,0.8326,-1,-1,-1
192,23,1757.03,360.55,63.82,77.38,0.4319,-1,-1,-1
192,22,1031.93,378.74,89.69,222.55,0.7033,-1,-1,-1
192,15,541.17,377.59,100.99,307.25,0.7031,-1,-1,-1
192,6,1160.40,285.75,183.73,527.88,0.8862,-1,-1,-1
192,2,811.55,260.75,191.52,618.19,0.8579,-1,-1,-1
193,25,657.02,330.89,148.84,359.76,0.7863,-1,-1,-1
193,23,1754.22,361.05,69.61,77.43,0.4431,-1,-1,-1
193,22,1030.57,376.00,88.94,227.46,0.6985,-1,-1,-1
193,15,535.65,377.13,131.03,308.62,0.6640,-1,-1,-1
193,6,1160.31,285.18,179.30,531.17,0.8836,-1,-1,-1
193,2,810.08,264.82,194.48,617.35,0.8680,-1,-1,-1
194,25,656.23,332.30,145.83,365.27,0.8253,-1,-1,-1
194,23,1756.29,362.68,67.89,80.15,0.4238,-1,-1,-1
194,22,1034.88,378.35,84.75,227.24,0.7262,-1,-1,-1
194,15,530.63,377.63,132.83,313.35,0.7533,-1,-1,-1
194,6,1158.82,288.13,177.58,534.91,0.8793,-1,-1,-1
194,2,806.42,268.56,198.58,613.69,0.8654,-1,-1,-1
195,25,645.33,337.66,153.12,367.32,0.8446,-1,-1,-1
195,23,1757.65,367.67,64.89,79.50,0.5030,-1,-1,-1
195,22,1026.48,381.18,90.61,225.18,0.7373,-1,-1,-1
195,15,521.47,380.75,112.70,316.51,0.7485,-1,-1,-1
195,6,1155.06,291.42,175.83,534.25,0.8688,-1,-1,-1
195,2,802.13,274.60,205.60,609.57,0.8796,-1,-1,-1
196,25,643.91,342.90,151.16,365.46,0.8286,-1,-1,-1
196,22,1021.12,384.12,93.28,223.03,0.7187,-1,-1,-1
196,15,514.72,379.75,115.26,323.61,0.7628,-1,-1,-1
196,6,1148.61,294.63,176.46,536.93,0.8562,-1,-1,-1
196,2,798.31,270.62,206.74,615.64,0.8864,-1,-1,-1
197,25,634.08,342.36,154.02,369.87,0.8225,-1,-1,-1
197,22,1018.61,388.52,93.25,221.65,0.7609,-1,-1,-1
197,15,506.59,383.48,114.96,323.73,0.7716,-1,-1,-1
197,6,1144.32,294.96,173.92,536.33,0.8556,-1,-1,-1
197,2,796.21,271.34,208.94,615.24,0.8946,-1,-1,-1
198,25,619.10,343.52,159.28,375.71,0.8377,-1,-1,-1
198,22,1015.41,391.16,91.68,220.70,0.7206,-1,-1,-1
198,15,495.16,385.86,118.91,330.98,0.7919,-1,-1,-1
198,6,1137.86,297.25,177.93,526.31,0.8547,-1,-1,-1
198,2,797.85,273.06,207.34,615.83,0.8890,-1,-1,-1
199,25,604.23,348.50,164.79,383.36,0.8337,-1,-1,-1
199,22,1010.02,398.05,91.21,214.46,0.7437,-1,-1,-1
199,15,488.39,388.83,122.32,332.42,0.8201,-1,-1,-1
199,6,1133.16,297.91,180.37,544.47,0.8627,-1,-1,-1
199,2,806.56,276.46,195.54,593.36,0.8820,-1,-1,-1
200,25,609.21,349.43,150.87,383.59,0.8437,-1,-1,-1
200,23,1734.49,381.08,72.25,80.04,0.5505,-1,-1,-1
200,22,1009.64,406.95,87.49,208.59,0.6668,-1,-1,-1
200,15,478.49,393.78,132.45,336.03,0.7004,-1,-1,-1
200,6,1124.95,299.64,183.80,541.66,0.8618,-1,-1,-1
200,2,801.02,281.33,201.44,584.56,0.8846,-1,-1,-1
201,25,581.52,347.26,166.33,383.67,0.7975,-1,-1,-1
201,23,1732.06,384.55,72.68,79.14,0.4137,-1,-1,-1
201,22,1009.28,393.41,81.11,223.79,0.7351,-1,-1,-1
201,15,467.43,396.22,115.20,333.66,0.7715,-1,-1,-1
201,6,1116.20,304.32,188.29,529.71,0.8700,-1,-1,-1
201,2,801.18,281.13,195.08,588.69,0.8868,-1,-1,-1
202,25,584.85,346.03,152.93,389.84,0.8087,-1,-1,-1
202,23,1725.47,383.68,75.49,81.94,0.4241,-1,-1,-1
202,22,1005.84,405.70,79.73,213.96,0.6836,-1,-1,-1
202,15,457.55,400.00,129.89,334.27,0.8073,-1,-1,-1
202,6,1110.67,304.19,190.47,531.59,0.8721,-1,-1,-1
202,2,796.23,281.22,194.19,593.68,0.8919,-1,-1,-1
203,25,578.69,344.03,155.90,397.49,0.8281,-1,-1,-1
203,23,1728.95,384.41,67.65,82.43,0.4242,-1,-1,-1
203,16,1001.09,409.06,82.10,215.11,0.7235,-1,-1,-1
203,15,443.58,396.29,107.99,345.51,0.6158,-1,-1,-1
203,6,1106.45,304.48,193.26,531.86,0.8731,-1,-1,-1
203,2,800.16,281.94,186.60,595.85,0.8817,-1,-1,-1
204,26,758.40,400.20,68.43,240.69,0.6659,-1,-1,-1
204,25,572.82,344.46,156.44,397.26,0.8169,-1,-1,-1
204,22,1004.33,413.07,77.13,217.25,0.7368,-1,-1,-1
204,15,434.38,398.92,143.11,346.57,0.7253,-1,-1,-1
204,6,1104.28,303.46,191.32,530.68,0.8711,-1,-1,-1
204,2,807.67,284.98,175.85,596.79,0.8650,-1,-1,-1
205,26,758.85,397.06,68.40,245.15,0.6583,-1,-1,-1
205,25,564.56,343.47,152.41,399.98,0.8009,-1,-1,-1
205,23,1722.43,382.44,70.47,84.66,0.4837,-1,-1,-1
205,22,1002.57,413.93,76.35,214.36,0.7011,-1,-1,-1
205,15,425.21,399.03,146.05,348.76,0.7800,-1,-1,-1
205,6,1102.97,303.63,192.91,529.53,0.8742,-1,-1,-1
205,2,807.83,286.37,174.51,598.37,0.8644,-1,-1,-1
206,26,755.98,396.41,69.43,249.37,0.6906,-1,-1,-1
206,25,558.90,342.51,155.63,405.01,0.8319,-1,-1,-1
206,23,1730.81,381.97,62.17,84.25,0.4243,-1,-1,-1
206,22,999.78,415.58,79.03,210.98,0.6887,-1,-1,-1
206,15,418.53,396.65,150.67,352.80,0.7965,-1,-1,-1
206,6,1099.60,307.21,199.69,531.71,0.8668,-1,-1,-1
206,2,808.12,287.92,172.54,599.96,0.8670,-1,-1,-1
207,26,753.57,395.99,71.85,248.46,0.6907,-1,-1,-1
207,25,551.31,344.27,162.00,406.54,0.8532,-1,-1,-1
207,22,1000.03,413.97,78.20,214.68,0.6985,-1,-1,-1
207,15,412.34,394.98,148.11,356.42,0.8316,-1,-1,-1
207,6,1096.01,307.84,204.59,533.94,0.8681,-1,-1,-1
207,2,808.31,289.33,171.12,598.54,0.8645,-1,-1,-1
208,26,753.76,393.73,71.48,250.56,0.6879,-1,-1,-1
208,25,546.14,335.29,161.60,414.74,0.8586,-1,-1,-1
208,22,1003.25,409.07,75.09,211.76,0.7249,-1,-1,-1
208,15,404.40,394.73,143.44,358.16,0.8409,-1,-1,-1
208,6,1094.16,304.03,207.97,540.31,0.8680,-1,-1,-1
208,2,809.05,290.02,169.18,598.07,0.8560,-1,-1,-1
209,26,754.61,394.24,67.34,251.84,0.6308,-1,-1,-1
209,25,536.76,335.36,174.29,420.70,0.8640,-1,-1,-1
209,22,1002.21,402.72,76.09,217.48,0.7162,-1,-1,-1
209,15,399.56,391.03,147.49,362.57,0.8273,-1,-1,-1
209,6,1095.16,305.15,209.34,542.09,0.8675,-1,-1,-1
209,2,807.51,291.48,170.03,598.30,0.8554,-1,-1,-1
210,26,748.04,392.88,71.89,254.93,0.6424,-1,-1,-1
210,25,532.07,339.96,177.58,422.42,0.8499,-1,-1,-1
210,23,1724.15,382.64,72.10,84.64,0.4033,-1,-1,-1
210,22,1001.75,403.86,78.06,216.72,0.5576,-1,-1,-1
210,15,392.34,389.22,146.82,365.97,0.8247,-1,-1,-1
210,6,1096.41,308.90,210.79,539.79,0.8719,-1,-1,-1
210,2,804.44,294.88,173.13,597.39,0.8648,-1,-1,-1
211,26,745.42,394.24,72.08,258.01,0.6485,-1,-1,-1
211,25,519.79,328.36,186.74,443.01,0.8323,-1,-1,-1
211,23,1747.57,382.31,50.40,83.14,0.4626,-1,-1,-1
211,22,1004.16,419.85,73.64,200.92,0.5491,-1,-1,-1
211,15,384.58,389.36,147.86,367.07,0.8249,-1,-1,-1
211,6,1096.97,310.21,210.29,545.27,0.8725,-1,-1,-1
211,2,803.27,293.84,175.03,601.27,0.8700,-1,-1,-1
212,26,742.32,395.40,75.05,258.83,0.6526,-1,-1,-1
212,25,503.26,331.11,200.74,448.86,0.8211,-1,-1,-1
212,22,999.04,404.01,79.26,219.70,0.6691,-1,-1,-1
212,15,376.86,389.44,143.35,376.57,0.8261,-1,-1,-1
212,6,1095.61,315.04,213.58,540.55,0.8651,-1,-1,-1
212,2,796.93,291.93,184.18,600.44,0.8608,-1,-1,-1
213,26,740.11,396.83,69.99,263.47,0.6703,-1,-1,-1
213,25,507.77,341.19,191.84,443.05,0.8369,-1,-1,-1
213,22,995.57,402.19,82.28,222.71,0.7169,-1,-1,-1
213,15,368.24,390.85,150.88,387.39,0.8418,-1,-1,-1
213,6,1095.52,310.87,212.57,546.79,0.8609,-1,-1,-1
213,2,793.38,293.42,183.32,600.25,0.8642,-1,-1,-1
214,26,739.01,403.43,69.06,259.52,0.6718,-1,-1,-1
214,25,505.93,344.41,191.20,448.02,0.8452,-1,-1,-1
214,22,995.08,411.62,83.68,218.94,0.7441,-1,-1,-1
214,15,364.55,397.64,150.63,391.25,0.8434,-1,-1,-1
214,6,1096.51,319.37,212.77,545.03,0.8705,-1,-1,-1
214,2,790.89,299.24,184.90,589.26,0.8604,-1,-1,-1
215,26,738.51,401.24,68.11,259.88,0.6941,-1,-1,-1
215,25,503.52,341.37,193.59,455.98,0.8643,-1,-1,-1
215,22,994.49,406.33,86.22,222.87,0.7167,-1,-1,-1
215,15,360.40,396.79,150.09,396.87,0.8483,-1,-1,-1
215,6,1101.60,312.79,208.89,555.84,0.8721,-1,-1,-1
215,2,788.12,293.27,188.72,582.25,0.8647,-1,-1,-1
216,26,741.29,400.47,67.13,258.79,0.6177,-1,-1,-1
216,25,501.38,336.85,192.01,467.42,0.8711,-1,-1,-1
216,22,1004.21,414.25,79.36,215.39,0.7528,-1,-1,-1
216,15,358.00,397.05,149.63,402.63,0.8467,-1,-1,-1
216,6,1112.42,310.22,199.83,559.99,0.8833,-1,-1,-1
216,2,786.06,291.35,192.92,588.46,0.8661,-1,-1,-1
217,26,743.21,398.19,67.71,267.84,0.6354,-1,-1,-1
217,25,501.41,333.22,191.41,474.71,0.8699,-1,-1,-1
217,22,1007.44,417.83,80.90,213.54,0.7734,-1,-1,-1
217,15,356.40,397.81,149.43,401.83,0.8453,-1,-1,-1
217,6,1116.69,308.72,201.42,559.50,0.8830,-1,-1,-1
217,2,785.92,290.26,194.97,589.56,0.8724,-1,-1,-1
218,26,748.13,397.18,65.10,270.87,0.6782,-1,-1,-1
218,25,503.77,325.58,188.01,485.57,0.8720,-1,-1,-1
218,22,1011.22,424.45,79.88,206.82,0.7529,-1,-1,-1
218,15,354.09,397.16,157.96,409.69,0.8515,-1,-1,-1
218,6,1125.30,313.03,195.97,551.10,0.8740,-1,-1,-1
218,2,790.84,289.91,194.06,592.28,0.8777,-1,-1,-1
219,26,750.35,398.00,67.01,273.15,0.6845,-1,-1,-1
219,25,507.57,323.73,188.36,488.31,0.8773,-1,-1,-1
219,22,1016.37,419.38,81.65,217.55,0.7158,-1,-1,-1
219,15,353.29,396.73,166.07,414.72,0.8510,-1,-1,-1
219,6,1131.54,313.62,196.33,546.12,0.8746,-1,-1,-1
219,2,795.21,290.86,194.93,592.72,0.8761,-1,-1,-1
220,27,665.11,404.78,60.72,179.11,0.5586,-1,-1,-1
220,26,750.25,398.75,72.57,272.58,0.6721,-1,-1,-1
220,25,510.41,322.79,187.92,491.15,0.8666,-1,-1,-1
220,22,1020.37,419.20,81.24,216.88,0.7222,-1,-1,-1
220,15,353.49,394.99,168.05,416.91,0.8580,-1,-1,-1
220,6,1136.53,314.36,196.83,545.34,0.8721,-1,-1,-1
220,2,794.13,296.19,198.27,593.23,0.8703,-1,-1,-1
221,28,1797.96,394.47,53.30,85.96,0.4937,-1,-1,-1
221,27,664.96,404.24,65.07,185.55,0.5408,-1,-1,-1
221,26,753.77,396.44,75.61,277.05,0.7021,-1,-1,-1
221,25,510.68,318.22,188.22,496.96,0.8654,-1,-1,-1
221,22,1026.05,423.22,80.73,214.34,0.7113,-1,-1,-1
221,15,352.16,389.48,171.28,423.84,0.8508,-1,-1,-1
221,6,1145.72,314.76,199.43,545.64,0.8734,-1,-1,-1
221,2,802.13,298.36,199.17,595.97,0.8587,-1,-1,-1
222,28,1812.41,399.81,49.43,80.50,0.4911,-1,-1,-1
222,27,667.65,406.66,69.02,188.50,0.5043,-1,-1,-1
222,26,757.07,397.10,78.15,277.88,0.7177,-1,-1,-1
222,25,511.28,315.39,188.98,502.93,0.8747,-1,-1,-1
222,22,1023.03,423.56,88.20,216.91,0.7125,-1,-1,-1
222,15,350.93,386.42,172.69,428.35,0.8545,-1,-1,-1
222,6,1155.70,318.48,192.70,545.73,0.8892,-1,-1,-1
222,2,807.95,300.21,195.68,598.52,0.8565,-1,-1,-1
223,28,1815.83,395.77,53.32,86.04,0.4958,-1,-1,-1
223,27,668.83,406.88,70.27,190.80,0.5441,-1,-1,-1
223,26,759.68,395.70,79.71,279.40,0.7208,-1,-1,-1
223,25,511.18,312.64,192.18,501.67,0.8739,-1,-1,-1
223,22,1035.14,420.40,77.82,219.67,0.7051,-1,-1,-1
223,15,347.88,385.60,175.60,430.19,0.8501,-1,-1,-1
223,6,1163.28,317.42,190.21,548.14,0.8806,-1,-1,-1
223,2,817.61,302.96,191.69,596.12,0.8709,-1,-1,-1
224,28,1821.95,394.38,57.29,88.61,0.4424,-1,-1,-1
224,27,671.45,406.24,69.53,196.21,0.4125,-1,-1,-1
224,26,760.59,392.67,83.21,286.04,0.8186,-1,-1,-1
224,25,508.88,304.76,196.55,513.83,0.8764,-1,-1,-1
224,22,1038.43,418.48,80.82,219.20,0.7570,-1,-1,-1
224,15,347.48,384.96,173.33,430.96,0.8486,-1,-1,-1
224,6,1169.09,311.29,189.18,556.32,0.8859,-1,-1,-1
224,2,823.12,305.29,193.77,593.31,0.8797,-1,-1,-1
225,28,1834.95,398.43,53.36,83.14,0.4408,-1,-1,-1
225,27,672.68,404.20,68.81,202.21,0.5332,-1,-1,-1
225,26,760.31,393.32,89.06,286.50,0.8122,-1,-1,-1
225,25,506.70,300.19,201.46,526.03,0.8704,-1,-1,-1
225,22,1038.81,421.10,81.97,215.51,0.7669,-1,-1,-1
225,15,347.83,384.34,167.63,434.79,0.8529,-1,-1,-1
225,6,1175.97,313.84,188.95,555.10,0.8826,-1,-1,-1
225,2,826.66,303.88,200.38,593.60,0.8805,-1,-1,-1
226,28,1835.14,394.87,59.92,87.54,0.6331,-1,-1,-1
226,27,672.13,405.40,72.03,215.10,0.6475,-1,-1,-1
226,26,759.77,393.89,95.05,287.62,0.7937,-1,-1,-1
226,25,498.66,300.69,208.52,533.34,0.8716,-1,-1,-1
226,22,1038.29,422.89,82.92,212.82,0.7555,-1,-1,-1
226,15,340.48,381.81,170.45,438.14,0.8617,-1,-1,-1
226,6,1179.27,313.49,187.30,558.14,0.8711,-1,-1,-1
226,2,837.32,301.72,195.30,586.83,0.8722,-1,-1,-1
227,28,1837.76,398.29,64.72,85.23,0.4286,-1,-1,-1
227,27,671.76,403.11,73.27,218.13,0.6699,-1,-1,-1
227,26,754.71,393.58,101.93,290.29,0.7858,-1,-1,-1
227,25,492.21,296.26,212.80,546.97,0.8762,-1,-1,-1
227,22,1041.09,427.02,85.97,207.67,0.7623,-1,-1,-1
227,15,333.96,378.63,171.07,449.38,0.8502,-1,-1,-1
227,6,1182.45,314.74,188.58,558.34,0.8638,-1,-1,-1
227,2,837.80,301.30,197.44,578.63,0.8734,-1,-1,-1
228,27,666.98,400.64,78.98,226.79,0.6484,-1,-1,-1
228,26,754.54,393.23,104.96,293.21,0.7977,-1,-1,-1
228,25,472.08,291.70,231.95,554.13,0.8747,-1,-1,-1
228,22,1043.25,419.79,85.53,214.30,0.7659,-1,-1,-1
228,15,330.42,371.38,162.26,464.10,0.8495,-1,-1,-1
228,6,1184.37,315.46,187.26,564.10,0.8641,-1,-1,-1
228,2,841.16,298.46,195.21,597.85,0.8665,-1,-1,-1
229,28,1847.44,396.56,61.49,89.02,0.4358,-1,-1,-1
229,27,663.00,401.07,81.07,226.58,0.6378,-1,-1,-1
229,26,754.66,393.76,103.08,296.23,0.8024,-1,-1,-1
229,25,471.53,291.03,227.06,554.86,0.8691,-1,-1,-1
229,22,1046.72,420.57,82.77,213.13,0.7607,-1,-1,-1
229,15,321.00,368.72,162.22,474.50,0.8457,-1,-1,-1
229,6,1184.04,316.69,187.18,565.45,0.8666,-1,-1,-1
229,2,848.65,296.37,188.95,592.82,0.8579,-1,-1,-1
230,28,1849.03,398.91,65.56,89.17,0.4782,-1,-1,-1
230,27,658.26,397.87,86.14,231.97,0.6841,-1,-1,-1
230,26,755.24,396.15,101.93,297.30,0.8082,-1,-1,-1
230,25,451.18,291.09,243.84,567.53,0.8506,-1,-1,-1
230,22,1048.49,419.04,80.28,216.32,0.7609,-1,-1,-1
230,15,307.89,371.64,175.32,482.60,0.8695,-1,-1,-1
230,6,1185.27,316.78,186.70,564.85,0.8677,-1,-1,-1
230,2,855.24,297.35,186.49,582.02,0.8512,-1,-1,-1
231,28,1850.03,401.66,66.56,89.15,0.5361,-1,-1,-1
231,27,653.01,397.81,91.59,245.77,0.6946,-1,-1,-1
231,26,755.17,395.73,102.06,300.36,0.8186,-1,-1,-1
231,25,444.19,288.78,248.54,582.02,0.8315,-1,-1,-1
231,22,1047.68,416.65,80.69,219.25,0.7492,-1,-1,-1
231,15,293.54,376.86,177.74,480.60,0.8450,-1,-1,-1
231,6,1184.56,315.82,187.07,567.53,0.8618,-1,-1,-1
231,2,862.28,298.71,180.76,574.49,0.8567,-1,-1,-1
232,28,1851.40,402.77,65.31,91.17,0.5290,-1,-1,-1
232,27,646.36,398.71,93.23,267.72,0.7757,-1,-1,-1
232,26,749.80,400.64,102.63,300.03,0.8365,-1,-1,-1
232,25,438.14,287.62,243.47,589.49,0.8570,-1,-1,-1
232,16,1045.07,422.25,79.49,214.59,0.7542,-1,-1,-1
232,15,275.21,372.94,178.15,494.61,0.8271,-1,-1,-1
232,6,1182.76,316.35,186.80,570.93,0.8624,-1,-1,-1
232,2,863.01,298.63,179.62,574.21,0.8498,-1,-1,-1
233,28,1849.15,408.40,66.95,88.20,0.5335,-1,-1,-1
233,27,636.63,406.20,95.49,279.61,0.7756,-1,-1,-1
233,26,734.42,394.82,112.45,307.35,0.8274,-1,-1,-1
233,25,425.93,284.64,245.89,606.44,0.8818,-1,-1,-1
233,16,1042.20,422.05,80.01,220.15,0.7543,-1,-1,-1
233,15,252.62,370.37,194.17,511.10,0.8719,-1,-1,-1
233,6,1178.74,318.32,190.36,577.42,0.8611,-1,-1,-1
233,2,855.86,301.79,183.97,583.80,0.8623,-1,-1,-1
234,28,1848.12,412.67,66.75,84.87,0.4892,-1,-1,-1
234,27,630.72,403.68,96.97,287.42,0.7804,-1,-1,-1
234,26,735.12,391.02,107.57,312.81,0.8217,-1,-1,-1
234,25,410.70,280.41,242.85,616.84,0.8917,-1,-1,-1
234,16,1036.36,426.75,81.26,217.96,0.7213,-1,-1,-1
234,15,247.68,367.76,189.56,522.72,0.8782,-1,-1,-1
234,6,1173.10,322.02,194.16,574.80,0.8715,-1,-1,-1
234,2,856.43,303.18,184.38,585.35,0.8705,-1,-1,-1
235,28,1850.29,413.70,64.47,86.30,0.4454,-1,-1,-1
235,27,624.44,404.80,94.66,289.93,0.7869,-1,-1,-1
235,26,722.07,391.43,111.49,314.39,0.8088,-1,-1,-1
235,25,394.79,272.51,248.29,626.59,0.8765,-1,-1,-1
235,16,1037.27,426.68,78.81,217.17,0.7091,-1,-1,-1
235,15,231.86,363.69,190.34,534.27,0.8849,-1,-1,-1
235,6,1162.85,320.95,199.43,577.34,0.8778,-1,-1,-1
235,2,855.44,304.31,185.18,588.88,0.8744,-1,-1,-1
236,28,1850.15,415.87,65.61,85.60,0.5014,-1,-1,-1
236,27,612.68,405.88,100.90,302.85,0.8305,-1,-1,-1
236,26,721.73,392.30,108.85,319.21,0.7957,-1,-1,-1
236,25,386.18,269.34,241.80,635.68,0.8691,-1,-1,-1
236,16,1032.21,428.93,82.22,213.58,0.6686,-1,-1,-1
236,15,218.19,362.87,194.39,536.19,0.8438,-1,-1,-1
236,6,1156.68,323.42,204.49,576.44,0.8716,-1,-1,-1
236,2,856.95,307.40,181.22,589.98,0.8761,-1,-1,-1
237,28,1849.17,416.24,66.91,88.29,0.5015,-1,-1,-1
237,27,607.12,406.45,98.61,304.76,0.7909,-1,-1,-1
237,26,708.79,393.48,118.78,322.20,0.7998,-1,-1,-1
237,25,375.57,265.76,242.23,642.46,0.8656,-1,-1,-1
237,16,1035.34,427.67,76.67,219.85,0.6897,-1,-1,-1
237,15,203.59,360.83,198.60,542.86,0.8655,-1,-1,-1
237,6,1153.30,325.08,208.40,570.00,0.8787,-1,-1,-1
237,2,858.56,312.10,177.22,588.94,0.8785,-1,-1,-1
238,28,1846.42,416.13,69.10,91.87,0.5428,-1,-1,-1
238,27,598.87,406.32,102.90,306.12,0.7958,-1,-1,-1
238,26,713.80,388.18,112.44,327.14,0.8139,-1,-1,-1
238,25,360.08,260.06,239.87,658.14,0.8687,-1,-1,-1
238,16,1036.80,427.02,74.32,222.34,0.5373,-1,-1,-1
238,15,190.13,351.11,197.89,557.63,0.8589,-1,-1,-1
238,6,1148.12,329.39,213.42,562.92,0.8779,-1,-1,-1
238,2,857.88,312.88,174.13,592.86,0.8762,-1,-1,-1
239,28,1847.21,418.58,65.99,91.28,0.5655,-1,-1,-1
239,27,593.06,404.95,101.02,312.43,0.7612,-1,-1,-1
239,26,701.98,387.62,118.87,331.16,0.8318,-1,-1,-1
239,25,337.10,257.69,256.20,661.70,0.8638,-1,-1,-1
239,16,1031.86,426.89,71.44,225.76,0.5561,-1,-1,-1
239,15,176.09,349.80,192.65,565.49,0.8870,-1,-1,-1
239,6,1145.94,327.76,212.44,564.01,0.8812,-1,-1,-1
239,2,856.22,318.66,173.43,590.66,0.8673,-1,-1,-1
240,28,1841.22,420.93,68.58,92.50,0.5890,-1,-1,-1
240,27,588.54,407.22,100.93,313.45,0.7664,-1,-1,-1
240,26,697.49,388.09,119.15,334.59,0.8186,-1,-1,-1
240,25,307.47,252.65,282.96,670.54,0.8766,-1,-1,-1
240,16,1030.48,433.82,73.96,228.30,0.5880,-1,-1,-1
240,15,151.88,345.61,205.19,575.27,0.8433,-1,-1,-1
240,6,1135.83,327.29,218.70,568.23,0.8883,-1,-1,-1
240,2,850.44,322.90,169.81,589.43,0.8587,-1,-1,-1
241,28,1840.72,424.21,68.07,88.37,0.4501,-1,-1,-1
241,27,578.36,407.07,102.35,323.12,0.8256,-1,-1,-1
241,26,692.00,389.94,120.96,334.55,0.8158,-1,-1,-1
241,25,305.58,250.48,264.07,676.95,0.8830,-1,-1,-1
241,16,1018.86,426.83,80.85,226.03,0.5000,-1,-1,-1
241,15,136.28,347.70,207.21,572.44,0.8463,-1,-1,-1
241,6,1132.37,326.34,216.96,571.48,0.8763,-1,-1,-1
241,2,844.00,323.34,168.30,589.35,0.8660,-1,-1,-1
242,28,1828.86,421.44,76.99,94.23,0.4366,-1,-1,-1
242,27,569.35,403.86,103.15,328.18,0.8341,-1,-1,-1
242,26,682.74,389.83,121.95,338.07,0.8128,-1,-1,-1
242,25,282.28,245.62,280.15,696.03,0.8867,-1,-1,-1
242,16,1012.45,424.01,78.44,233.48,0.5246,-1,-1,-1
242,15,98.54,339.99,232.25,590.83,0.8460,-1,-1,-1
242,6,1130.06,328.49,215.49,570.25,0.8683,-1,-1,-1
242,2,833.73,324.09,169.76,588.45,0.8503,-1,-1,-1
243,29,1442.06,473.74,159.89,425.05,0.4281,-1,-1,-1
243,28,1825.83,420.68,71.23,94.31,0.5541,-1,-1,-1
243,27,553.65,402.71,113.24,330.48,0.8131,-1,-1,-1
243,26,681.31,389.61,115.34,343.28,0.8160,-1,-1,-1
243,25,247.22,241.25,305.94,720.37,0.8871,-1,-1,-1
243,16,1007.73,426.27,78.30,242.79,0.5493,-1,-1,-1
243,15,81.74,338.50,231.87,597.53,0.8167,-1,-1,-1
243,6,1124.58,329.49,213.76,571.80,0.8705,-1,-1,-1
243,2,824.78,318.60,174.56,592.11,0.8414,-1,-1,-1
244,28,1823.64,421.52,70.69,92.11,0.5685,-1,-1,-1
244,27,543.48,400.19,114.12,338.45,0.7688,-1,-1,-1
244,26,675.66,392.85,113.39,342.04,0.8386,-1,-1,-1
244,25,214.56,236.76,327.75,761.30,0.8653,-1,-1,-1
244,16,1005.31,426.06,78.67,234.33,0.6816,-1,-1,-1
244,15,64.22,336.14,231.88,629.43,0.8240,-1,-1,-1
244,6,1117.78,332.58,215.62,571.09,0.8609,-1,-1,-1
244,2,815.19,317.18,178.87,591.87,0.8400,-1,-1,-1
245,28,1821.61,422.03,68.09,92.47,0.5655,-1,-1,-1
245,27,531.76,398.77,114.81,345.55,0.7877,-1,-1,-1
245,26,666.00,393.57,118.23,345.56,0.8306,-1,-1,-1
245,25,202.74,236.76,328.25,747.02,0.8579,-1,-1,-1
245,16,1003.67,411.91,75.91,242.48,0.5800,-1,-1,-1
245,15,21.89,336.07,256.36,635.54,0.8574,-1,-1,-1
245,6,1114.56,333.04,214.98,571.31,0.8653,-1,-1,-1
245,2,802.11,316.72,185.15,585.91,0.8470,-1,-1,-1
246,28,1818.02,422.08,67.73,91.89,0.5324,-1,-1,-1
246,27,520.52,397.39,121.74,350.35,0.8028,-1,-1,-1
246,26,653.00,392.14,123.26,353.60,0.8207,-1,-1,-1
246,25,183.19,233.10,339.95,802.37,0.8850,-1,-1,-1
246,16,998.79,418.87,74.83,231.08,0.6104,-1,-1,-1
246,15,14.02,334.36,243.67,643.20,0.8508,-1,-1,-1
246,6,1109.78,333.36,217.74,573.54,0.8730,-1,-1,-1
246,2,792.95,316.58,193.02,577.05,0.8483,-1,-1,-1
247,28,1810.34,420.37,70.28,92.69,0.5249,-1,-1,-1
247,27,514.10,398.60,117.29,359.38,0.7667,-1,-1,-1
247,26,646.54,393.39,126.93,355.58,0.8228,-1,-1,-1
247,25,146.42,230.37,363.28,814.46,0.8751,-1,-1,-1
247,16,995.12,432.08,74.39,220.18,0.5133,-1,-1,-1
247,15,0.00,336.37,245.41,657.29,0.8650,-1,-1,-1
247,6,1105.25,335.60,220.56,573.53,0.8731,-1,-1,-1
247,2,788.99,316.73,195.45,576.23,0.8436,-1,-1,-1
248,30,946.16,384.88,61.30,360.31,0.4088,-1,-1,-1
248,27,505.78,400.10,115.34,366.84,0.8086,-1,-1,-1
248,26,640.40,397.56,125.08,358.20,0.7830,-1,-1,-1
248,25,110.14,230.07,386.62,810.34,0.8776,-1,-1,-1
248,16,992.39,424.97,72.37,239.63,0.4326,-1,-1,-1
248,15,0.00,335.80,233.07,679.54,0.8501,-1,-1,-1
248,6,1100.34,335.75,221.54,583.99,0.8771,-1,-1,-1
248,2,783.48,320.19,203.47,577.26,0.8274,-1,-1,-1
249,30,940.55,366.12,67.34,382.61,0.5870,-1,-1,-1
249,28,1804.39,425.31,71.09,91.13,0.4914,-1,-1,-1
249,27,497.28,403.53,122.70,377.33,0.7967,-1,-1,-1
249,26,631.69,395.49,131.58,368.11,0.7803,-1,-1,-1
249,25,95.37,225.59,382.57,837.69,0.8827,-1,-1,-1
249,15,0.00,354.98,202.56,685.91,0.8294,-1,-1,-1
249,6,1101.90,338.68,218.34,586.93,0.8771,-1,-1,-1
249,2,779.45,322.99,194.18,578.95,0.8299,-1,-1,-1
250,30,937.81,373.28,71.79,378.01,0.5603,-1,-1,-1
250,27,493.62,406.95,120.28,379.91,0.7877,-1,-1,-1
250,26,628.84,396.10,131.55,373.13,0.8157,-1,-1,-1
250,25,81.29,220.84,382.16,848.85,0.8588,-1,-1,-1
250,15,0.19,342.78,184.90,724.20,0.8306,-1,-1,-1
250,6,1102.05,339.46,217.77,589.13,0.8789,-1,-1,-1
250,2,775.44,321.60,196.22,584.16,0.8366,-1,-1,-1
251,30,939.72,371.60,67.02,382.89,0.4816,-1,-1,-1
251,27,486.66,412.84,127.08,380.78,0.8384,-1,-1,-1
251,26,625.67,398.53,133.74,376.02,0.8166,-1,-1,-1
251,25,73.78,216.71,372.84,856.88,0.8853,-1,-1,-1
251,15,0.22,338.74,174.05,730.93,0.8393,-1,-1,-1
251,6,1103.50,338.48,216.61,592.41,0.8795,-1,-1,-1
251,2,774.82,326.97,195.04,586.49,0.8483,-1,-1,-1
252,30,936.89,360.67,76.64,396.70,0.4315,-1,-1,-1
252,27,478.26,414.51,132.45,382.49,0.8333,-1,-1,-1
252,26,610.60,399.86,146.28,379.96,0.8206,-1,-1,-1
252,25,68.94,210.82,364.14,863.11,0.8886,-1,-1,-1
252,15,0.39,338.33,156.65,732.54,0.8276,-1,-1,-1
252,6,1104.28,341.52,216.42,591.64,0.8808,-1,-1,-1
252,2,774.45,329.32,190.24,591.93,0.8511,-1,-1,-1
253,30,933.15,372.12,79.30,383.92,0.4858,-1,-1,-1
253,27,473.15,412.74,136.12,389.97,0.8362,-1,-1,-1
253,26,602.16,397.23,153.20,378.41,0.8345,-1,-1,-1
253,25,70.41,201.82,349.52,865.42,0.9057,-1,-1,-1
253,15,0.58,335.49,138.35,738.81,0.8348,-1,-1,-1
253,6,1109.81,340.74,214.11,595.55,0.8716,-1,-1,-1
253,2,773.98,330.20,190.96,597.64,0.8523,-1,-1,-1
254,27,470.70,416.62,134.04,395.75,0.8379,-1,-1,-1
254,26,603.35,399.03,152.98,380.31,0.8476,-1,-1,-1
254,25,50.54,197.00,352.60,871.91,0.9119,-1,-1,-1
254,16,943.66,391.02,111.82,373.48,0.6339,-1,-1,-1
254,15,1.09,336.81,123.58,735.47,0.8301,-1,-1,-1
254,6,1112.65,339.59,211.15,591.84,0.8702,-1,-1,-1
254,2,775.05,334.45,194.27,595.68,0.8485,-1,-1,-1
255,28,1821.59,423.28,75.52,91.30,0.4649,-1,-1,-1
255,27,469.49,416.33,133.87,400.30,0.8348,-1,-1,-1
255,26,601.16,399.54,156.25,384.16,0.8397,-1,-1,-1
255,25,31.80,187.96,364.41,884.20,0.9112,-1,-1,-1
255,16,945.74,396.98,120.01,369.59,0.6908,-1,-1,-1
255,15,0.95,333.23,105.62,740.58,0.7592,-1,-1,-1
255,6,1116.12,337.99,213.82,589.82,0.8779,-1,-1,-1
255,2,777.56,339.43,200.07,592.99,0.8591,-1,-1,-1
256,28,1822.49,424.55,84.71,92.94,0.5412,-1,-1,-1
256,27,466.60,415.58,139.81,407.36,0.8294,-1,-1,-1
256,26,596.86,402.10,163.12,388.36,0.8379,-1,-1,-1
256,25,14.25,178.09,375.26,896.79,0.9073,-1,-1,-1
256,16,949.07,396.48,127.30,372.50,0.6643,-1,-1,-1
256,15,0.63,334.26,93.09,736.79,0.7022,-1,-1,-1
256,6,1121.27,341.63,215.82,583.08,0.8771,-1,-1,-1
256,2,786.33,347.01,192.14,588.14,0.8654,-1,-1,-1
257,27,464.83,415.65,140.41,411.85,0.8238,-1,-1,-1
257,26,595.83,400.79,162.25,397.56,0.8300,-1,-1,-1
257,25,7.33,180.21,372.65,887.53,0.9080,-1,-1,-1
257,16,954.80,423.16,127.60,348.18,0.5362,-1,-1,-1
257,15,0.00,430.24,81.98,634.25,0.5349,-1,-1,-1
257,6,1128.39,341.87,213.30,578.70,0.8828,-1,-1,-1
257,2,791.23,352.28,193.92,581.91,0.8737,-1,-1,-1
258,28,1826.41,420.91,87.74,96.43,0.4485,-1,-1,-1
258,27,464.13,412.73,137.13,414.27,0.8266,-1,-1,-1
258,26,593.46,400.76,164.19,405.93,0.8383,-1,-1,-1
258,25,1.57,174.07,373.40,893.57,0.9188,-1,-1,-1
258,16,961.21,441.54,125.66,328.51,0.5043,-1,-1,-1
258,6,1134.62,340.47,211.09,580.96,0.8778,-1,-1,-1
258,2,797.64,349.90,190.22,584.69,0.8659,-1,-1,-1
259,28,1849.48,421.71,68.91,93.59,0.4241,-1,-1,-1
259,27,458.57,409.62,137.08,413.81,0.8327,-1,-1,-1
259,26,586.67,405.09,170.67,401.46,0.8512,-1,-1,-1
259,25,0.00,168.52,371.60,899.46,0.9222,-1,-1,-1
259,16,963.09,426.10,125.74,345.54,0.5857,-1,-1,-1
259,6,1139.10,340.51,208.82,581.30,0.8936,-1,-1,-1
259,2,800.37,350.37,191.08,587.33,0.8702,-1,-1,-1
260,27,452.18,407.25,142.76,421.42,0.8236,-1,-1,-1
260,26,583.52,409.85,174.32,401.04,0.8414,-1,-1,-1
260,25,0.00,159.10,366.40,910.67,0.9303,-1,-1,-1
260,16,980.00,431.73,113.65,336.73,0.5954,-1,-1,-1
260,6,1145.63,339.93,205.36,588.39,0.8958,-1,-1,-1
260,2,804.83,347.37,192.13,588.73,0.8503,-1,-1,-1
261,27,449.46,403.80,143.96,424.86,0.8189,-1,-1,-1
261,26,586.00,411.03,169.14,405.67,0.8244,-1,-1,-1
261,25,0.00,150.29,359.02,921.80,0.9334,-1,-1,-1
261,16,976.33,430.70,119.81,341.80,0.6729,-1,-1,-1
261,6,1148.25,340.27,204.23,589.57,0.9040,-1,-1,-1
261,2,817.62,343.22,183.02,574.00,0.8507,-1,-1,-1
262,31,783.92,455.27,58.50,207.89,0.5742,-1,-1,-1
262,28,1860.86,423.07,58.48,95.18,0.4687,-1,-1,-1
262,27,445.24,403.61,143.66,433.28,0.8475,-1,-1,-1
262,26,592.75,411.03,157.02,409.11,0.7840,-1,-1,-1
262,25,0.00,142.48,348.71,930.44,0.9328,-1,-1,-1
262,16,977.04,428.49,123.35,344.33,0.6616,-1,-1,-1
262,6,1151.59,339.46,203.68,591.31,0.9056,-1,-1,-1
262,2,822.39,341.30,180.94,567.85,0.8615,-1,-1,-1
263,31,784.30,451.19,60.91,212.37,0.5931,-1,-1,-1
263,27,439.46,400.39,144.02,440.74,0.8473,-1,-1,-1
263,26,589.33,407.44,153.52,420.04,0.7171,-1,-1,-1
263,25,0.13,128.97,336.37,943.06,0.9311,-1,-1,-1
263,16,984.54,426.09,121.48,346.52,0.6634,-1,-1,-1
263,6,1156.17,336.88,202.53,594.60,0.9056,-1,-1,-1
263,2,826.86,340.94,175.39,564.96,0.8498,-1,-1,-1
264,31,787.18,448.51,58.75,216.75,0.6361,-1,-1,-1
264,27,425.01,394.42,158.56,456.69,0.8480,-1,-1,-1
264,26,585.54,403.19,152.41,425.95,0.7750,-1,-1,-1
264,25,0.39,122.69,322.41,946.96,0.9193,-1,-1,-1
264,16,983.68,420.24,131.92,353.61,0.6284,-1,-1,-1
264,6,1158.27,335.69,203.05,595.97,0.8980,-1,-1,-1
264,2,825.72,339.75,176.64,564.26,0.8389,-1,-1,-1
265,31,786.57,444.75,62.15,229.47,0.6926,-1,-1,-1
265,27,413.31,394.98,164.73,455.30,0.8464,-1,-1,-1
265,26,586.34,395.07,142.71,428.83,0.7814,-1,-1,-1
265,25,0.60,114.07,303.67,953.41,0.8963,-1,-1,-1
265,16,997.30,413.13,125.33,357.38,0.7843,-1,-1,-1
265,6,1159.25,333.82,203.64,598.43,0.8975,-1,-1,-1
265,2,829.89,328.89,169.56,569.78,0.8414,-1,-1,-1
266,31,785.78,443.73,65.55,229.53,0.7494,-1,-1,-1
266,28,1877.49,419.48,41.92,95.37,0.4611,-1,-1,-1
266,27,405.48,397.62,159.41,454.66,0.8252,-1,-1,-1
266,26,574.15,389.08,151.96,427.87,0.7624,-1,-1,-1
266,25,0.62,119.98,279.86,940.31,0.8295,-1,-1,-1
266,16,997.22,408.11,139.74,359.77,0.7644,-1,-1,-1
266,6,1160.50,331.39,203.24,601.75,0.8977,-1,-1,-1
266,2,832.42,323.66,168.82,578.30,0.8497,-1,-1,-1
267,31,786.29,442.64,67.98,234.93,0.7604,-1,-1,-1
267,28,1882.32,418.61,37.10,94.79,0.4994,-1,-1,-1
267,27,404.23,389.76,152.80,465.71,0.8343,-1,-1,-1
267,26,544.79,378.86,179.20,446.30,0.8279,-1,-1,-1
267,25,0.34,240.86,250.73,813.95,0.8198,-1,-1,-1
267,16,1008.02,405.49,131.51,359.43,0.7735,-1,-1,-1
267,6,1162.66,330.34,203.21,603.44,0.8954,-1,-1,-1
267,2,837.03,323.42,164.95,579.23,0.8438,-1,-1,-1
268,31,785.25,441.29,71.70,236.12,0.7925,-1,-1,-1
268,28,1883.72,416.12,35.68,95.81,0.4881,-1,-1,-1
268,27,402.01,389.79,153.22,469.29,0.8424,-1,-1,-1
268,26,552.30,373.77,168.20,453.01,0.8385,-1,-1,-1
268,25,0.44,239.14,208.85,750.24,0.8358,-1,-1,-1
268,16,1011.22,403.62,130.11,362.94,0.8020,-1,-1,-1
268,6,1163.01,327.66,203.44,604.69,0.8972,-1,-1,-1
268,2,843.59,324.27,155.97,580.42,0.8448,-1,-1,-1
269,31,784.59,438.43,70.86,234.87,0.7776,-1,-1,-1
269,28,1885.08,412.39,34.32,99.51,0.4549,-1,-1,-1
269,27,393.86,379.21,156.29,483.03,0.8693,-1,-1,-1
269,26,548.27,362.15,167.10,464.36,0.8323,-1,-1,-1
269,25,0.36,222.74,182.47,821.65,0.8226,-1,-1,-1
269,16,1002.61,400.64,142.87,371.95,0.7274,-1,-1,-1
269,6,1162.42,324.37,204.48,612.55,0.8879,-1,-1,-1
269,2,847.35,325.12,151.02,579.62,0.8458,-1,-1,-1
270,31,782.78,434.25,71.13,231.89,0.7538,-1,-1,-1
270,30,830.91,319.61,168.38,582.98,0.8152,-1,-1,-1
270,27,384.42,369.53,164.32,489.87,0.8760,-1,-1,-1
270,26,543.14,350.42,171.81,474.00,0.8409,-1,-1,-1
270,25,0.08,219.85,152.52,511.91,0.5933,-1,-1,-1
270,16,1002.58,396.46,147.20,373.38,0.6430,-1,-1,-1
270,6,1161.16,317.40,203.61,615.60,0.8820,-1,-1,-1
271,31,780.68,430.15,71.57,231.60,0.7619,-1,-1,-1
271,30,832.29,320.77,164.62,578.72,0.7982,-1,-1,-1
271,27,374.33,364.13,170.91,495.07,0.8750,-1,-1,-1
271,26,536.19,347.86,175.56,474.40,0.8420,-1,-1,-1
271,16,1010.47,396.35,137.93,373.96,0.7604,-1,-1,-1
271,6,1160.83,316.03,202.57,610.82,0.8906,-1,-1,-1
272,31,776.10,425.38,71.80,227.55,0.7920,-1,-1,-1
272,30,839.68,318.34,148.10,576.17,0.8420,-1,-1,-1
272,27,355.91,350.90,171.27,508.17,0.8720,-1,-1,-1
272,26,530.22,344.75,174.73,477.15,0.8574,-1,-1,-1
272,16,1009.80,393.82,137.90,372.29,0.7888,-1,-1,-1
272,6,1159.11,309.20,200.37,610.05,0.8949,-1,-1,-1
273,31,768.07,418.89,74.42,227.71,0.7442,-1,-1,-1
273,30,830.35,317.38,154.48,570.83,0.8369,-1,-1,-1
273,28,1881.77,396.88,37.59,104.07,0.4532,-1,-1,-1
273,27,341.25,343.12,169.76,512.74,0.8806,-1,-1,-1
273,26,524.36,339.99,171.71,478.32,0.8673,-1,-1,-1
273,16,1007.47,391.61,138.25,374.77,0.7885,-1,-1,-1
273,6,1154.69,304.79,201.06,609.04,0.8988,-1,-1,-1
274,31,765.67,412.85,71.34,242.36,0.7061,-1,-1,-1
274,30,825.56,306.38,155.25,577.82,0.8515,-1,-1,-1
274,28,1879.82,389.83,39.55,108.64,0.4738,-1,-1,-1
274,27,330.98,333.42,166.26,517.70,0.8700,-1,-1,-1
274,26,518.48,334.79,181.71,489.85,0.8622,-1,-1,-1
274,16,998.00,387.24,146.53,378.36,0.7955,-1,-1,-1
274,6,1149.84,301.46,204.14,604.08,0.8962,-1,-1,-1
275,31,758.33,403.15,71.37,251.26,0.6671,-1,-1,-1
275,30,811.98,300.94,169.08,575.40,0.8568,-1,-1,-1
275,28,1872.47,394.28,46.91,101.57,0.4515,-1,-1,-1
275,27,316.23,321.47,177.47,524.80,0.8609,-1,-1,-1
275,26,506.81,325.90,187.36,496.93,0.8632,-1,-1,-1
275,16,987.39,380.34,154.52,382.30,0.8149,-1,-1,-1
275,6,1138.79,293.91,212.64,599.31,0.8890,-1,-1,-1
276,32,941.47,324.97,61.34,415.09,0.4671,-1,-1,-1
276,31,752.37,398.52,69.03,252.73,0.6718,-1,-1,-1
276,30,804.38,288.04,165.23,582.81,0.8376,-1,-1,-1
276,27,299.26,316.74,183.08,531.56,0.8738,-1,-1,-1
276,26,498.33,317.98,187.80,507.41,0.8690,-1,-1,-1
276,16,981.91,372.77,154.84,387.92,0.8270,-1,-1,-1
276,6,1135.52,288.63,213.84,594.45,0.8892,-1,-1,-1
277,32,939.93,327.43,67.25,411.82,0.4955,-1,-1,-1
277,31,743.83,392.15,68.16,247.64,0.6606,-1,-1,-1
277,30,796.97,282.29,165.00,566.81,0.8437,-1,-1,-1
277,27,288.64,302.59,176.42,548.84,0.8822,-1,-1,-1
277,26,488.77,304.59,188.10,508.52,0.8566,-1,-1,-1
277,16,993.64,366.28,139.42,394.90,0.7618,-1,-1,-1
277,6,1130.21,280.51,216.14,595.29,0.8844,-1,-1,-1
278,32,936.76,346.82,91.84,379.84,0.4714,-1,-1,-1
278,31,740.81,388.01,63.36,237.81,0.6239,-1,-1,-1
278,30,785.85,277.97,168.78,561.12,0.8566,-1,-1,-1
278,27,273.70,301.39,176.42,554.39,0.8596,-1,-1,-1
278,26,481.03,298.23,182.95,527.24,0.8625,-1,-1,-1
278,16,977.49,354.26,153.71,400.06,0.7673,-1,-1,-1
278,6,1124.80,274.85,215.05,596.62,0.8731,-1,-1,-1
279,31,732.98,376.34,66.46,242.28,0.6374,-1,-1,-1
279,30,775.49,268.72,176.79,563.69,0.8401,-1,-1,-1
279,28,1862.53,374.85,56.83,98.36,0.4474,-1,-1,-1
279,27,257.54,293.81,188.18,569.38,0.8748,-1,-1,-1
279,26,473.17,294.65,183.70,531.12,0.8795,-1,-1,-1
279,16,976.47,345.23,153.60,402.79,0.7962,-1,-1,-1
279,6,1121.75,266.28,217.55,597.51,0.8719,-1,-1,-1
279,2,926.08,304.48,72.33,408.38,0.6060,-1,-1,-1
280,31,730.14,370.66,65.89,246.96,0.6921,-1,-1,-1
280,30,773.67,259.89,172.93,562.31,0.8441,-1,-1,-1
280,28,1862.79,370.61,56.58,95.98,0.4227,-1,-1,-1
280,27,246.10,277.97,188.21,581.98,0.8669,-1,-1,-1
280,26,469.59,281.31,183.33,545.47,0.8745,-1,-1,-1
280,16,981.50,334.26,148.23,407.72,0.7761,-1,-1,-1
280,6,1117.72,256.60,220.17,602.25,0.8695,-1,-1,-1
280,2,925.90,299.49,75.72,409.47,0.4332,-1,-1,-1
281,31,729.19,366.60,61.18,234.48,0.6347,-1,-1,-1
281,30,776.55,250.63,173.12,555.64,0.8471,-1,-1,-1
281,28,1866.30,363.18,53.08,96.01,0.4039,-1,-1,-1
281,27,234.17,270.77,200.03,590.51,0.8720,-1,-1,-1
281,26,463.99,271.33,187.91,554.39,0.8880,-1,-1,-1
281,16,983.06,319.34,148.09,420.20,0.7970,-1,-1,-1
281,6,1120.50,250.41,217.91,600.81,0.8827,-1,-1,-1
281,2,922.81,278.29,83.01,421.25,0.6060,-1,-1,-1
282,31,727.56,354.65,62.71,247.62,0.6161,-1,-1,-1
282,30,762.28,236.77,187.43,571.14,0.8554,-1,-1,-1
282,27,225.59,250.39,205.81,600.30,0.8827,-1,-1,-1
282,26,458.97,244.96,193.27,573.13,0.8817,-1,-1,-1
282,16,986.18,306.64,144.35,422.55,0.7747,-1,-1,-1
282,6,1117.04,239.70,219.89,606.51,0.8779,-1,-1,-1
282,2,919.71,270.73,77.36,411.92,0.4665,-1,-1,-1
283,31,726.06,345.53,62.50,252.55,0.6342,-1,-1,-1
283,30,762.17,230.62,188.30,569.34,0.8244,-1,-1,-1
283,28,1870.39,344.20,49.01,102.55,0.4125,-1,-1,-1
283,27,211.79,237.89,214.71,610.78,0.8724,-1,-1,-1
283,26,452.54,228.63,199.14,576.56,0.8749,-1,-1,-1
283,16,984.45,298.29,148.04,429.62,0.7853,-1,-1,-1
283,6,1118.96,228.37,221.77,608.46,0.8830,-1,-1,-1
283,2,920.01,262.36,73.61,414.49,0.5172,-1,-1,-1
284,31,724.73,341.95,64.40,244.12,0.6228,-1,-1,-1
284,30,764.32,222.98,188.70,569.14,0.8240,-1,-1,-1
284,27,204.37,225.71,216.94,630.22,0.8725,-1,-1,-1
284,26,442.35,220.69,210.47,573.15,0.8763,-1,-1,-1
284,16,976.75,288.66,161.95,435.82,0.7917,-1,-1,-1
284,6,1120.94,220.47,222.93,616.13,0.8841,-1,-1,-1
284,2,918.91,254.52,73.51,418.97,0.5822,-1,-1,-1
285,31,725.71,332.79,65.59,251.55,0.6385,-1,-1,-1
285,30,767.98,215.31,184.71,573.94,0.8501,-1,-1,-1
285,27,194.04,212.83,222.97,635.57,0.8813,-1,-1,-1
285,26,435.46,207.40,218.71,591.02,0.8819,-1,-1,-1
285,16,980.80,282.58,161.98,439.52,0.7202,-1,-1,-1
285,6,1122.31,212.76,225.34,619.98,0.8894,-1,-1,-1
286,35,666.34,360.69,37.70,145.19,0.4436,-1,-1,-1
286,31,724.53,323.37,69.48,254.14,0.6692,-1,-1,-1
286,30,772.64,210.52,182.04,573.74,0.8569,-1,-1,-1
286,27,180.53,200.15,226.21,645.65,0.8712,-1,-1,-1
286,26,434.87,191.14,219.43,596.75,0.8973,-1,-1,-1
286,16,972.64,273.08,179.23,457.10,0.7822,-1,-1,-1
286,6,1124.97,206.36,225.24,623.88,0.8912,-1,-1,-1
286,2,920.78,236.34,75.13,425.80,0.4865,-1,-1,-1
287,31,726.08,312.83,72.99,260.90,0.7310,-1,-1,-1
287,30,779.56,203.62,175.33,574.01,0.8645,-1,-1,-1
287,27,172.83,186.53,227.89,653.88,0.8781,-1,-1,-1
287,26,432.60,178.16,221.81,607.22,0.9020,-1,-1,-1
287,16,973.95,261.37,185.44,458.68,0.7519,-1,-1,-1
287,6,1125.14,201.86,233.36,619.24,0.8860,-1,-1,-1
287,2,922.31,232.30,80.22,421.66,0.5899,-1,-1,-1
288,35,672.44,340.01,40.72,152.24,0.4637,-1,-1,-1
288,31,731.00,304.38,70.21,260.86,0.7741,-1,-1,-1
288,30,778.62,200.43,180.74,569.48,0.8553,-1,-1,-1
288,27,168.05,177.64,226.54,660.27,0.8819,-1,-1,-1
288,26,430.89,166.48,222.99,619.70,0.8978,-1,-1,-1
288,16,987.13,258.48,180.85,462.40,0.6568,-1,-1,-1
288,6,1141.01,191.92,226.41,624.63,0.8754,-1,-1,-1
288,2,919.64,227.46,83.59,412.20,0.4557,-1,-1,-1
289,31,731.84,298.12,74.00,269.07,0.7495,-1,-1,-1
289,30,782.29,189.73,186.97,568.93,0.8407,-1,-1,-1
289,27,153.37,161.61,233.84,674.91,0.8979,-1,-1,-1
289,26,419.52,161.79,236.95,635.79,0.9002,-1,-1,-1
289,16,1006.95,255.37,164.91,467.08,0.6332,-1,-1,-1
289,6,1147.69,184.55,229.78,627.50,0.8709,-1,-1,-1
289,2,928.80,224.74,73.84,400.87,0.5351,-1,-1,-1
290,35,685.01,332.81,40.92,153.42,0.4240,-1,-1,-1
290,31,734.89,295.90,74.07,266.00,0.7408,-1,-1,-1
290,30,789.36,189.25,191.16,570.23,0.8397,-1,-1,-1
290,27,148.71,148.74,231.57,687.30,0.9036,-1,-1,-1
290,26,414.83,154.47,243.05,654.55,0.9081,-1,-1,-1
290,16,1025.52,246.00,155.07,481.29,0.7885,-1,-1,-1
290,6,1160.60,183.26,222.27,623.25,0.8728,-1,-1,-1
290,2,939.54,227.08,100.10,408.91,0.4264,-1,-1,-1
291,31,738.61,288.37,76.78,268.44,0.7282,-1,-1,-1
291,30,798.50,184.92,182.52,565.29,0.8224,-1,-1,-1
291,27,136.38,140.80,239.44,696.20,0.9060,-1,-1,-1
291,26,408.64,151.85,251.41,659.27,0.9073,-1,-1,-1
291,16,1029.56,239.02,160.72,490.89,0.7920,-1,-1,-1
291,6,1175.03,179.54,214.35,621.20,0.8647,-1,-1,-1
292,31,740.11,282.75,81.29,272.51,0.7389,-1,-1,-1
292,30,797.85,181.11,188.86,559.22,0.8275,-1,-1,-1
292,27,129.58,135.42,234.08,711.45,0.9045,-1,-1,-1
292,26,404.67,150.95,257.40,672.03,0.9082,-1,-1,-1
292,16,1032.97,232.74,167.11,490.55,0.8050,-1,-1,-1
292,6,1183.15,172.39,216.30,616.26,0.8789,-1,-1,-1
293,31,744.81,278.44,84.01,274.00,0.7462,-1,-1,-1
293,30,810.31,175.25,182.17,552.63,0.8412,-1,-1,-1
293,27,108.99,134.86,247.88,736.16,0.8795,-1,-1,-1
293,26,399.52,146.69,259.25,689.80,0.9056,-1,-1,-1
293,16,1036.82,230.27,179.61,495.75,0.8317,-1,-1,-1
293,6,1192.12,170.59,213.42,608.32,0.8884,-1,-1,-1
293,2,961.54,200.88,92.51,415.12,0.6725,-1,-1,-1
294,31,750.67,279.22,87.99,273.43,0.7554,-1,-1,-1
294,30,820.14,172.70,177.28,553.11,0.8253,-1,-1,-1
294,27,76.49,134.46,275.09,757.30,0.8919,-1,-1,-1
294,26,397.55,145.31,259.87,702.04,0.9051,-1,-1,-1
294,16,1045.69,226.55,180.21,499.46,0.8478,-1,-1,-1
294,6,1209.40,170.51,207.21,610.95,0.8749,-1,-1,-1
294,2,964.86,200.55,98.15,431.58,0.7167,-1,-1,-1
295,31,757.34,278.97,89.28,277.04,0.7889,-1,-1,-1
295,30,828.39,182.83,179.12,549.92,0.8324,-1,-1,-1
295,27,52.91,131.20,292.44,770.09,0.8916,-1,-1,-1
295,26,393.44,142.13,264.76,732.85,0.9053,-1,-1,-1
295,16,1052.86,220.40,184.22,512.91,0.8540,-1,-1,-1
295,6,1225.01,171.66,199.17,614.61,0.8757,-1,-1,-1
295,2,971.80,201.85,87.05,431.61,0.6423,-1,-1,-1
296,31,759.98,277.19,92.86,279.13,0.7960,-1,-1,-1
296,30,838.79,176.09,172.10,555.98,0.8425,-1,-1,-1
296,27,32.43,131.93,304.31,780.72,0.8953,-1,-1,-1
296,26,387.83,136.44,273.24,748.83,0.9053,-1,-1,-1
296,16,1061.53,209.55,183.52,536.44,0.8658,-1,-1,-1
296,6,1236.25,173.15,195.73,617.76,0.8677,-1,-1,-1
296,2,973.33,200.40,97.16,428.73,0.6076,-1,-1,-1
297,31,768.61,276.47,88.76,278.19,0.7942,-1,-1,-1
297,30,851.65,178.07,160.83,556.72,0.8249,-1,-1,-1
297,27,28.60,127.50,302.80,802.34,0.8992,-1,-1,-1
297,26,379.58,129.81,277.99,760.01,0.9120,-1,-1,-1
297,16,1070.69,207.25,194.05,539.88,0.8557,-1,-1,-1
297,6,1250.72,172.23,192.09,627.22,0.8732,-1,-1,-1
297,2,979.16,208.16,115.08,411.12,0.6994,-1,-1,-1
298,31,773.35,278.85,89.06,273.28,0.8059,-1,-1,-1
298,30,856.97,180.19,163.86,556.58,0.8207,-1,-1,-1
298,27,28.10,124.31,297.28,817.77,0.9006,-1,-1,-1
298,26,374.14,117.58,281.28,778.17,0.9056,-1,-1,-1
298,16,1077.37,204.34,196.05,546.99,0.8600,-1,-1,-1
298,6,1261.65,171.78,188.36,631.63,0.8680,-1,-1,-1
298,2,986.04,215.54,102.68,418.35,0.6980,-1,-1,-1
299,31,778.39,277.69,91.23,279.47,0.7902,-1,-1,-1
299,30,866.54,181.46,155.93,555.69,0.8377,-1,-1,-1
299,27,20.70,112.25,301.28,848.27,0.8969,-1,-1,-1
299,26,366.05,105.02,284.64,796.42,0.9076,-1,-1,-1
299,16,1077.26,204.50,208.32,552.54,0.8725,-1,-1,-1
299,6,1263.22,168.67,191.08,636.98,0.8651,-1,-1,-1
299,2,991.80,202.10,97.97,429.33,0.6974,-1,-1,-1
300,31,781.49,277.06,94.65,279.38,0.7577,-1,-1,-1
300,30,867.50,184.58,156.51,559.44,0.8302,-1,-1,-1
300,27,9.17,105.55,309.34,876.84,0.8933,-1,-1,-1
300,26,351.44,94.93,298.69,811.94,0.9086,-1,-1,-1
300,16,1084.83,201.74,214.47,570.93,0.8651,-1,-1,-1
300,6,1256.35,168.64,205.05,640.94,0.8556,-1,-1,-1
300,2,998.49,201.54,96.03,426.21,0.7375,-1,-1,-1
301,31,783.30,277.24,95.54,278.55,0.7729,-1,-1,-1
301,30,871.81,182.23,154.54,559.22,0.8476,-1,-1,-1
301,27,0.42,95.71,307.97,893.14,0.9062,-1,-1,-1
301,26,339.31,80.36,307.10,832.47,0.9150,-1,-1,-1
301,16,1089.37,201.02,217.11,585.67,0.8556,-1,-1,-1
301,6,1251.76,166.22,216.70,649.48,0.8449,-1,-1,-1
301,2,1004.81,201.93,105.00,424.43,0.7583,-1,-1,-1
302,31,781.71,277.17,98.86,280.78,0.7840,-1,-1,-1
302,30,875.44,184.33,152.76,558.89,0.8388,-1,-1,-1
302,27,0.00,80.80,291.32,917.75,0.8998,-1,-1,-1
302,26,323.14,73.10,319.14,842.31,0.8990,-1,-1,-1
302,16,1096.70,199.01,213.70,581.64,0.8601,-1,-1,-1
302,6,1261.38,170.16,209.47,649.12,0.8352,-1,-1,-1
302,2,1008.12,201.25,99.85,426.31,0.7564,-1,-1,-1
303,31,781.66,277.38,100.10,280.81,0.7874,-1,-1,-1
303,30,879.21,184.21,148.26,557.94,0.8490,-1,-1,-1
303,27,0.00,60.22,275.34,945.16,0.9199,-1,-1,-1
303,26,310.86,56.50,327.33,863.08,0.9052,-1,-1,-1
303,16,1105.16,199.85,204.74,582.32,0.8448,-1,-1,-1
303,6,1265.42,171.84,205.02,649.79,0.8203,-1,-1,-1
303,2,1010.11,202.70,94.31,426.19,0.7694,-1,-1,-1
304,31,784.81,278.29,95.52,280.28,0.7857,-1,-1,-1
304,30,873.91,183.36,150.81,561.80,0.8530,-1,-1,-1
304,27,0.00,45.33,243.09,963.21,0.9052,-1,-1,-1
304,26,298.05,55.58,336.31,872.74,0.9151,-1,-1,-1
304,16,1105.17,197.11,204.63,614.43,0.8093,-1,-1,-1
304,6,1273.49,170.79,197.08,652.92,0.8169,-1,-1,-1
304,2,1010.51,207.57,96.31,421.78,0.7774,-1,-1,-1
305,31,783.92,279.22,95.23,281.11,0.7690,-1,-1,-1
305,30,866.14,186.87,156.44,565.26,0.8584,-1,-1,-1
305,27,0.42,32.61,213.33,982.41,0.8994,-1,-1,-1
305,26,291.11,46.57,339.03,920.64,0.9232,-1,-1,-1
305,16,1104.86,197.93,207.39,620.90,0.8278,-1,-1,-1
305,6,1280.92,169.94,188.90,655.45,0.8156,-1,-1,-1
305,2,1010.07,211.27,96.03,419.07,0.7825,-1,-1,-1
306,31,783.67,278.65,95.85,286.78,0.7622,-1,-1,-1
306,30,859.06,185.12,161.48,563.36,0.8556,-1,-1,-1
306,27,0.00,32.34,195.75,1000.44,0.9007,-1,-1,-1
306,26,271.90,45.01,351.78,953.27,0.9222,-1,-1,-1
306,16,1103.87,196.71,209.70,646.11,0.8549,-1,-1,-1
306,6,1282.90,169.67,185.98,651.23,0.8278,-1,-1,-1
306,2,1008.68,209.02,97.06,423.46,0.7792,-1,-1,-1
307,31,782.04,275.75,93.25,292.07,0.7260,-1,-1,-1
307,30,857.76,184.08,159.23,551.22,0.8394,-1,-1,-1
307,27,0.22,34.14,174.21,1031.37,0.8719,-1,-1,-1
307,26,250.15,39.60,368.84,980.44,0.9121,-1,-1,-1
307,16,1103.72,195.15,215.46,654.63,0.8695,-1,-1,-1
307,6,1295.06,168.91,174.30,656.93,0.8341,-1,-1,-1
307,2,1003.64,213.39,101.89,419.46,0.7995,-1,-1,-1
308,31,779.66,275.62,92.11,288.72,0.7536,-1,-1,-1
308,30,855.28,180.69,160.59,551.01,0.8266,-1,-1,-1
308,27,0.50,138.21,146.88,919.64,0.7838,-1,-1,-1
308,26,238.87,34.18,366.82,1007.76,0.9127,-1,-1,-1
308,16,1102.24,189.59,222.56,670.74,0.8625,-1,-1,-1
308,6,1292.88,165.66,172.95,657.79,0.8201,-1,-1,-1
308,2,1000.94,211.92,102.40,424.97,0.7789,-1,-1,-1
309,31,776.79,280.13,86.22,278.90,0.7655,-1,-1,-1
309,30,849.19,182.61,165.54,551.94,0.8232,-1,-1,-1
309,27,0.34,177.68,126.50,868.45,0.8346,-1,-1,-1
309,26,217.84,36.68,375.74,1022.09,0.9073,-1,-1,-1
309,16,1096.23,188.73,227.94,678.80,0.8720,-1,-1,-1
309,6,1292.98,169.03,166.84,652.08,0.8161,-1,-1,-1
309,2,999.09,212.07,103.70,426.43,0.7738,-1,-1,-1
310,31,776.94,277.57,83.84,287.69,0.7568,-1,-1,-1
310,30,846.17,182.54,169.75,546.01,0.8142,-1,-1,-1
310,27,0.53,186.19,108.86,506.16,0.7404,-1,-1,-1
310,26,197.48,29.25,386.90,1026.64,0.9192,-1,-1,-1
310,16,1095.68,177.58,233.60,698.26,0.8821,-1,-1,-1
310,6,1295.85,167.01,164.19,661.83,0.8174,-1,-1,-1
310,2,998.43,212.22,106.10,425.77,0.7731,-1,-1,-1
311,31,776.89,273.06,81.92,291.47,0.7438,-1,-1,-1
311,30,829.51,184.94,186.93,548.41,0.8267,-1,-1,-1
311,27,0.35,200.77,92.32,499.94,0.7664,-1,-1,-1
311,26,182.05,15.59,391.14,1060.73,0.9179,-1,-1,-1
311,16,1095.18,174.30,240.33,704.13,0.8850,-1,-1,-1
311,6,1300.60,166.18,160.86,654.32,0.8227,-1,-1,-1
311,2,999.13,209.07,100.98,428.96,0.7597,-1,-1,-1
312,31,774.56,271.99,81.29,293.67,0.7625,-1,-1,-1
312,30,825.12,184.07,191.36,553.02,0.8291,-1,-1,-1
312,26,163.91,6.56,400.05,1069.39,0.9187,-1,-1,-1
312,16,1103.16,160.45,240.19,721.64,0.8852,-1,-1,-1
312,6,1309.05,164.94,156.00,647.01,0.8073,-1,-1,-1
312,2,999.78,205.73,101.90,434.25,0.7454,-1,-1,-1
313,31,770.73,270.45,82.32,297.31,0.7448,-1,-1,-1
313,30,818.53,183.95,197.25,555.70,0.8409,-1,-1,-1
313,26,139.69,4.91,416.83,1064.84,0.9193,-1,-1,-1
313,16,1104.82,145.05,245.29,744.54,0.9039,-1,-1,-1
313,6,1306.78,163.65,156.60,649.02,0.8349,-1,-1,-1
313,2,1000.16,209.10,102.72,431.37,0.7387,-1,-1,-1
314,31,766.46,271.69,85.60,293.10,0.7469,-1,-1,-1
314,30,816.19,184.59,195.84,553.88,0.8281,-1,-1,-1
314,26,118.62,3.65,431.92,1068.44,0.9262,-1,-1,-1
314,16,1102.50,139.44,251.34,758.68,0.9015,-1,-1,-1
314,6,1305.82,160.04,159.25,654.94,0.8442,-1,-1,-1
314,2,997.53,211.52,98.19,433.67,0.7385,-1,-1,-1
315,31,765.06,269.54,84.71,296.68,0.7852,-1,-1,-1
315,30,821.15,182.56,187.92,551.66,0.8238,-1,-1,-1
315,26,85.51,2.03,455.51,1069.97,0.9281,-1,-1,-1
315,16,1106.89,132.21,249.83,787.71,0.8932,-1,-1,-1
315,6,1313.26,156.77,152.61,643.44,0.8537,-1,-1,-1
315,2,994.87,217.97,105.18,420.54,0.7508,-1,-1,-1
316,31,761.51,265.56,85.58,298.56,0.8012,-1,-1,-1
316,30,818.78,183.37,189.97,553.11,0.8326,-1,-1,-1
316,26,50.50,0.83,477.59,1070.68,0.9244,-1,-1,-1
316,16,1111.57,126.34,252.52,813.55,0.8757,-1,-1,-1
316,6,1311.51,153.91,155.20,649.23,0.8470,-1,-1,-1
316,2,996.88,214.63,97.27,431.41,0.7438,-1,-1,-1
317,31,761.60,263.48,84.96,299.52,0.8025,-1,-1,-1
317,30,817.08,181.10,191.13,554.34,0.8487,-1,-1,-1
317,26,20.16,2.97,497.14,1073.28,0.9127,-1,-1,-1
317,16,1112.30,115.22,261.41,837.70,0.8755,-1,-1,-1
317,6,1319.01,149.23,145.85,659.26,0.8293,-1,-1,-1
317,2,993.21,216.07,98.97,428.25,0.7488,-1,-1,-1
318,31,756.52,261.69,88.48,297.78,0.8060,-1,-1,-1
318,30,818.86,181.42,187.77,549.40,0.8555,-1,-1,-1
318,26,2.14,2.75,497.13,1068.98,0.9352,-1,-1,-1
318,16,1115.38,110.38,269.03,849.34,0.8674,-1,-1,-1
318,6,1321.26,148.00,141.88,661.93,0.8408,-1,-1,-1
318,2,989.63,212.63,103.75,426.36,0.7453,-1,-1,-1
319,31,742.93,260.47,100.64,301.46,0.7688,-1,-1,-1
319,30,815.38,175.61,190.15,554.88,0.8724,-1,-1,-1
319,26,0.00,5.04,485.00,1065.50,0.9363,-1,-1,-1
319,16,1118.57,97.65,276.68,882.37,0.8563,-1,-1,-1
319,6,1325.23,144.03,137.65,661.49,0.7974,-1,-1,-1
319,2,986.49,209.36,105.49,428.54,0.7701,-1,-1,-1
320,31,742.20,257.58,99.45,305.79,0.7761,-1,-1,-1
320,30,811.50,170.34,193.14,552.05,0.8588,-1,-1,-1
320,26,0.00,4.89,464.43,1064.96,0.9442,-1,-1,-1
320,16,1121.41,95.89,281.64,900.90,0.8740,-1,-1,-1
320,6,1336.06,138.41,128.38,665.99,0.7604,-1,-1,-1
320,2,983.57,204.57,107.95,428.68,0.7799,-1,-1,-1
321,31,739.37,255.35,99.46,307.13,0.7512,-1,-1,-1
321,30,806.88,165.24,195.82,558.40,0.8602,-1,-1,-1
321,26,0.00,2.77,439.92,1067.56,0.9350,-1,-1,-1
321,16,1131.76,88.98,284.74,936.91,0.8599,-1,-1,-1
321,6,1341.13,133.46,126.82,664.71,0.6843,-1,-1,-1
321,2,980.60,202.02,110.67,427.75,0.7953,-1,-1,-1
322,31,735.88,252.01,100.31,309.75,0.7628,-1,-1,-1
322,30,821.67,165.33,181.64,554.02,0.8671,-1,-1,-1
322,26,0.70,6.04,415.75,1063.85,0.9326,-1,-1,-1
322,16,1139.58,80.40,322.23,964.58,0.8696,-1,-1,-1
322,2,978.22,197.58,111.00,427.07,0.8071,-1,-1,-1
323,31,730.59,250.08,104.10,313.99,0.7615,-1,-1,-1
323,30,821.46,162.42,179.59,547.41,0.8680,-1,-1,-1
323,26,1.07,5.26,387.21,1060.86,0.9174,-1,-1,-1
323,16,1141.54,69.80,334.08,983.13,0.8946,-1,-1,-1
323,2,975.01,196.22,113.52,422.01,0.7989,-1,-1,-1
324,31,727.56,251.24,102.40,317.03,0.7618,-1,-1,-1
324,30,820.71,168.11,176.36,534.55,0.8712,-1,-1,-1
324,26,0.59,5.63,354.11,1062.37,0.9323,-1,-1,-1
324,16,1153.95,60.30,325.06,1007.44,0.9057,-1,-1,-1
324,2,973.98,195.32,113.62,421.95,0.7911,-1,-1,-1
325,31,720.21,252.52,106.57,317.83,0.7679,-1,-1,-1
325,30,828.87,165.73,168.18,539.42,0.8731,-1,-1,-1
325,26,0.54,7.00,318.34,1059.88,0.9180,-1,-1,-1
325,16,1161.23,49.11,322.08,1024.31,0.9014,-1,-1,-1
325,2,973.93,194.91,113.51,425.09,0.7899,-1,-1,-1
326,31,711.68,250.41,114.07,321.15,0.8043,-1,-1,-1
326,30,829.55,164.63,167.73,542.00,0.8596,-1,-1,-1
326,26,0.51,7.50,318.32,1061.21,0.8381,-1,-1,-1
326,16,1166.11,30.30,329.05,1040.19,0.9037,-1,-1,-1
326,2,974.06,193.51,113.46,429.23,0.7918,-1,-1,-1
327,31,710.86,252.46,112.91,321.04,0.8104,-1,-1,-1
327,30,830.44,167.22,166.74,543.62,0.8587,-1,-1,-1
327,26,0.82,7.88,236.28,1061.47,0.7913,-1,-1,-1
327,16,1175.81,21.61,338.48,1050.13,0.8797,-1,-1,-1
327,2,974.61,195.40,111.90,429.72,0.8011,-1,-1,-1
328,31,713.40,251.40,108.20,318.81,0.8148,-1,-1,-1
328,30,831.40,167.81,165.62,544.35,0.8508,-1,-1,-1
328,26,0.91,8.71,179.25,1056.43,0.5421,-1,-1,-1
328,16,1180.46,10.06,360.56,1063.65,0.8863,-1,-1,-1
328,2,975.37,195.73,110.95,430.16,0.7969,-1,-1,-1
329,31,708.93,249.55,113.68,324.09,0.8110,-1,-1,-1
329,30,840.15,164.66,161.42,553.84,0.8470,-1,-1,-1
329,27,0.76,60.55,130.15,575.78,0.6089,-1,-1,-1
329,16,1193.08,3.85,367.84,1065.83,0.8879,-1,-1,-1
329,2,976.05,197.40,111.34,431.26,0.7772,-1,-1,-1
330,31,709.26,250.38,113.61,328.60,0.8103,-1,-1,-1
330,30,843.64,162.89,159.16,562.35,0.8479,-1,-1,-1
330,16,1212.13,2.48,367.30,1071.24,0.9027,-1,-1,-1
330,2,981.41,200.27,113.79,429.17,0.7865,-1,-1,-1
331,31,710.95,251.47,111.61,331.56,0.7928,-1,-1,-1
331,30,846.34,173.28,158.27,558.33,0.8286,-1,-1,-1
331,16,1228.00,0.86,387.04,1065.09,0.9054,-1,-1,-1
331,2,985.53,202.91,113.48,431.25,0.7897,-1,-1,-1
332,31,709.64,253.98,113.94,329.52,0.8179,-1,-1,-1
332,30,852.32,180.34,155.31,559.69,0.8326,-1,-1,-1
332,16,1241.81,1.25,396.31,1065.16,0.9074,-1,-1,-1
332,2,987.33,205.08,113.52,434.31,0.7768,-1,-1,-1
333,38,825.67,235.65,65.32,295.67,0.4484,-1,-1,-1
333,31,706.95,256.00,116.52,330.60,0.8159,-1,-1,-1
333,30,851.12,184.21,155.76,560.82,0.8341,-1,-1,-1
333,16,1263.25,1.49,404.51,1072.49,0.8985,-1,-1,-1
333,2,987.81,209.84,113.35,431.23,0.7653,-1,-1,-1
334,38,823.78,237.00,67.11,260.42,0.4497,-1,-1,-1
334,31,703.86,256.14,119.33,336.87,0.8239,-1,-1,-1
334,30,848.68,190.42,158.76,561.01,0.8281,-1,-1,-1
334,16,1268.40,4.52,431.54,1062.90,0.8801,-1,-1,-1
334,2,988.54,216.78,116.52,430.52,0.7870,-1,-1,-1
335,38,822.82,238.10,68.52,338.13,0.4022,-1,-1,-1
335,31,702.17,257.55,119.82,339.26,0.8352,-1,-1,-1
335,30,848.98,194.74,155.69,556.25,0.8273,-1,-1,-1
335,16,1270.03,2.53,468.81,1064.17,0.8816,-1,-1,-1
335,2,991.58,220.90,115.29,430.92,0.7876,-1,-1,-1
336,38,819.14,238.72,69.13,322.26,0.4089,-1,-1,-1
336,31,699.72,260.51,119.74,338.65,0.8275,-1,-1,-1
336,30,845.22,195.39,156.70,560.50,0.8165,-1,-1,-1
336,16,1314.77,3.21,471.73,1067.42,0.8630,-1,-1,-1
336,6,1253.36,163.96,181.78,651.34,0.7564,-1,-1,-1
336,2,987.99,222.28,119.87,434.56,0.7734,-1,-1,-1
337,31,693.13,259.31,121.38,348.18,0.8260,-1,-1,-1
337,30,842.05,197.38,159.19,557.73,0.8060,-1,-1,-1
337,16,1329.32,3.08,518.61,1072.82,0.8613,-1,-1,-1
337,6,1243.57,166.60,191.78,639.50,0.8166,-1,-1,-1
337,2,983.11,224.20,118.23,434.20,0.7440,-1,-1,-1
338,38,811.20,241.39,70.80,370.34,0.4702,-1,-1,-1
338,31,688.52,265.89,122.52,344.95,0.8235,-1,-1,-1
338,30,832.11,198.30,166.91,557.65,0.8048,-1,-1,-1
338,16,1294.50,3.34,605.31,1069.82,0.8668,-1,-1,-1
338,6,1234.15,165.94,203.69,665.62,0.7974,-1,-1,-1
338,2,979.94,227.84,125.25,438.39,0.7654,-1,-1,-1
339,38,810.39,248.31,67.68,368.96,0.5080,-1,-1,-1
339,31,685.04,267.77,122.99,351.72,0.8341,-1,-1,-1
339,30,826.50,189.97,171.28,553.86,0.8118,-1,-1,-1
339,16,1300.06,4.34,606.06,1063.71,0.8688,-1,-1,-1
339,6,1234.37,163.56,200.98,694.93,0.7664,-1,-1,-1
339,2,978.49,230.33,123.80,437.71,0.7797,-1,-1,-1
340,38,806.54,248.12,70.69,367.07,0.5408,-1,-1,-1
340,31,682.96,268.37,121.08,352.35,0.8166,-1,-1,-1
340,30,822.21,188.92,175.36,548.89,0.8296,-1,-1,-1
340,16,1306.05,4.33,613.54,1064.27,0.9069,-1,-1,-1
340,6,1237.50,169.02,180.39,684.13,0.7245,-1,-1,-1
340,2,978.58,229.14,124.12,438.12,0.7770,-1,-1,-1
341,38,802.69,245.65,73.43,372.31,0.5493,-1,-1,-1
341,31,679.75,267.11,121.76,357.25,0.8113,-1,-1,-1
341,30,823.07,189.53,175.23,546.60,0.8321,-1,-1,-1
341,16,1314.57,1.26,605.00,1066.95,0.7953,-1,-1,-1
341,6,1234.95,159.45,214.71,703.41,0.8385,-1,-1,-1
341,2,982.62,226.08,124.09,440.14,0.7800,-1,-1,-1
342,38,801.93,241.73,71.84,371.78,0.4391,-1,-1,-1
342,31,673.25,261.18,127.00,364.99,0.8049,-1,-1,-1
342,30,815.67,188.16,183.67,548.78,0.8410,-1,-1,-1
342,16,1326.33,0.00,591.41,1070.01,0.7245,-1,-1,-1
342,6,1234.35,161.65,211.89,693.48,0.8681,-1,-1,-1
342,2,984.06,225.08,121.47,439.40,0.7763,-1,-1,-1
343,38,784.23,238.07,84.05,376.57,0.4868,-1,-1,-1
343,31,668.85,256.77,126.27,367.74,0.8081,-1,-1,-1
343,30,811.28,190.59,186.83,547.60,0.8416,-1,-1,-1
343,16,1338.30,0.12,580.34,1063.47,0.8403,-1,-1,-1
343,6,1231.34,160.40,213.88,692.62,0.8766,-1,-1,-1
343,2,979.14,224.64,127.66,438.58,0.7748,-1,-1,-1
344,38,785.15,237.31,79.45,394.08,0.5834,-1,-1,-1
344,31,664.02,257.51,125.41,365.31,0.8233,-1,-1,-1
344,30,810.91,186.70,186.51,554.46,0.8396,-1,-1,-1
344,16,1371.50,0.00,545.55,1065.77,0.6133,-1,-1,-1
344,6,1227.14,158.74,213.19,699.62,0.8709,-1,-1,-1
344,2,979.68,223.28,125.17,438.65,0.7765,-1,-1,-1
345,38,782.70,234.70,78.55,396.06,0.5978,-1,-1,-1
345,31,660.55,254.31,124.00,372.52,0.8163,-1,-1,-1
345,30,804.40,186.37,191.45,557.33,0.8207,-1,-1,-1
345,6,1221.99,145.04,224.17,711.62,0.8771,-1,-1,-1
345,2,982.05,222.07,123.37,432.26,0.7704,-1,-1,-1
346,38,775.29,232.31,80.61,390.47,0.5102,-1,-1,-1
346,31,655.40,249.79,124.17,372.32,0.8278,-1,-1,-1
346,30,796.45,187.38,193.39,556.95,0.8373,-1,-1,-1
346,16,1463.06,4.09,456.20,861.61,0.4371,-1,-1,-1
346,6,1211.20,145.08,243.26,713.80,0.8884,-1,-1,-1
346,2,969.97,215.47,133.98,432.47,0.7827,-1,-1,-1
347,38,767.43,232.20,86.96,387.92,0.5976,-1,-1,-1
347,31,645.78,248.19,125.86,373.51,0.8123,-1,-1,-1
347,30,798.29,188.86,185.50,555.43,0.8246,-1,-1,-1
347,16,1506.31,9.10,412.83,930.12,0.7923,-1,-1,-1
347,6,1198.15,146.66,251.96,707.89,0.8844,-1,-1,-1
347,2,967.66,215.97,129.96,430.36,0.7904,-1,-1,-1
348,38,759.99,229.99,90.57,398.96,0.6801,-1,-1,-1
348,31,637.64,244.59,128.18,378.46,0.8083,-1,-1,-1
348,30,800.54,190.37,183.15,553.88,0.8372,-1,-1,-1
348,16,1574.38,21.61,344.95,928.44,0.8337,-1,-1,-1
348,6,1193.92,142.74,255.12,706.90,0.8905,-1,-1,-1
348,2,965.28,215.39,129.74,428.71,0.7690,-1,-1,-1
349,38,760.15,225.48,88.30,404.00,0.6882,-1,-1,-1
349,31,629.16,236.03,132.31,391.05,0.8216,-1,-1,-1
349,30,800.13,190.27,183.43,554.90,0.8326,-1,-1,-1
349,16,1646.75,55.10,272.72,811.75,0.6185,-1,-1,-1
349,6,1185.62,141.97,258.20,694.96,0.8941,-1,-1,-1
349,2,960.95,214.51,132.96,430.09,0.7865,-1,-1,-1
350,38,755.18,224.10,92.65,409.09,0.7423,-1,-1,-1
350,31,622.84,235.46,133.03,390.25,0.8171,-1,-1,-1
350,30,798.27,191.96,183.74,549.54,0.8526,-1,-1,-1
350,6,1178.78,142.56,260.91,691.50,0.9023,-1,-1,-1
350,2,962.73,216.61,126.75,430.19,0.7828,-1,-1,-1
351,38,751.02,220.81,92.76,414.44,0.7205,-1,-1,-1
351,31,618.70,237.95,133.17,394.14,0.8099,-1,-1,-1
351,30,795.78,191.47,186.61,546.25,0.8547,-1,-1,-1
351,6,1170.16,143.63,265.88,693.03,0.9032,-1,-1,-1
351,2,967.07,216.68,118.35,431.50,0.7629,-1,-1,-1
352,39,1080.74,328.36,68.72,183.15,0.4211,-1,-1,-1
352,38,742.83,218.39,98.25,420.67,0.7637,-1,-1,-1
352,31,612.17,235.84,134.07,398.00,0.8206,-1,-1,-1
352,30,801.05,190.25,180.66,548.49,0.8530,-1,-1,-1
352,6,1163.40,143.38,271.62,698.63,0.9019,-1,-1,-1
352,2,961.21,216.89,121.48,435.11,0.7865,-1,-1,-1
353,38,735.86,212.10,101.52,428.14,0.7588,-1,-1,-1
353,31,607.93,229.27,129.95,403.16,0.8319,-1,-1,-1
353,30,802.36,188.63,181.38,550.07,0.8544,-1,-1,-1
353,6,1158.66,142.79,269.16,702.85,0.9061,-1,-1,-1
353,2,959.47,216.26,119.16,432.65,0.7814,-1,-1,-1
354,39,1053.83,321.30,76.03,185.47,0.4929,-1,-1,-1
354,38,727.32,212.05,108.66,430.78,0.7821,-1,-1,-1
354,31,595.13,228.66,136.37,402.64,0.8404,-1,-1,-1
354,30,797.97,191.31,180.05,538.78,0.8787,-1,-1,-1
354,6,1151.52,143.56,269.48,708.44,0.9091,-1,-1,-1
354,2,959.63,218.05,113.55,430.79,0.8013,-1,-1,-1
355,39,1045.99,318.19,79.44,188.17,0.6038,-1,-1,-1
355,38,717.33,207.71,116.01,439.16,0.7994,-1,-1,-1
355,31,588.56,229.57,132.09,405.56,0.8503,-1,-1,-1
355,30,797.52,189.62,175.87,533.56,0.8717,-1,-1,-1
355,6,1146.74,143.79,272.34,711.08,0.9114,-1,-1,-1
355,2,952.02,219.58,112.50,429.22,0.8029,-1,-1,-1
356,39,1039.98,315.84,74.90,189.18,0.4219,-1,-1,-1
356,38,713.45,207.08,110.72,441.49,0.7956,-1,-1,-1
356,31,572.08,224.69,142.31,412.95,0.7328,-1,-1,-1
356,30,795.90,186.74,174.49,530.31,0.8466,-1,-1,-1
356,6,1138.67,142.24,277.81,713.40,0.9121,-1,-1,-1
356,2,945.12,220.21,112.90,429.68,0.7970,-1,-1,-1
357,39,1037.29,324.14,63.76,181.61,0.5089,-1,-1,-1
357,38,698.15,203.81,119.82,447.79,0.8153,-1,-1,-1
357,31,568.71,224.01,135.57,417.49,0.8210,-1,-1,-1
357,30,794.64,188.63,171.52,525.86,0.8535,-1,-1,-1
357,6,1137.72,140.75,271.70,716.98,0.9101,-1,-1,-1
357,2,940.05,215.27,110.73,432.25,0.7732,-1,-1,-1
358,39,1026.16,319.35,67.62,184.48,0.6306,-1,-1,-1
358,38,684.38,198.58,126.56,453.83,0.8257,-1,-1,-1
358,31,554.88,220.64,137.92,415.08,0.8383,-1,-1,-1
358,30,786.16,183.71,171.09,538.84,0.8457,-1,-1,-1
358,6,1129.54,141.66,275.17,719.21,0.9095,-1,-1,-1
358,2,937.64,215.57,107.43,436.20,0.7531,-1,-1,-1
359,39,1015.86,313.60,70.18,191.22,0.4341,-1,-1,-1
359,38,671.89,194.77,137.42,451.51,0.7880,-1,-1,-1
359,31,538.73,222.44,141.96,420.58,0.8264,-1,-1,-1
359,30,788.36,180.94,162.02,540.83,0.8553,-1,-1,-1
359,6,1122.69,140.81,277.86,720.30,0.9081,-1,-1,-1
359,2,924.15,216.77,111.14,439.29,0.7789,-1,-1,-1
360,39,1005.83,316.23,69.76,187.54,0.5751,-1,-1,-1
360,38,657.66,193.51,141.44,458.78,0.8507,-1,-1,-1
360,31,525.41,220.40,146.06,428.73,0.8213,-1,-1,-1
360,30,780.75,178.73,163.60,546.50,0.8694,-1,-1,-1
360,6,1117.18,140.44,276.40,724.32,0.9102,-1,-1,-1
360,2,917.66,213.91,108.41,443.73,0.8036,-1,-1,-1
361,40,391.76,293.83,56.07,188.23,0.4512,-1,-1,-1
361,39,994.75,313.57,73.96,191.36,0.6070,-1,-1,-1
361,38,651.93,190.60,140.18,468.18,0.8319,-1,-1,-1
361,31,510.82,218.78,147.44,431.27,0.8110,-1,-1,-1
361,30,773.48,179.23,163.69,546.22,0.8704,-1,-1,-1
361,6,1112.77,140.98,274.33,726.51,0.9073,-1,-1,-1
361,2,913.52,214.66,104.19,444.80,0.8197,-1,-1,-1
362,39,989.92,319.41,73.99,185.92,0.6268,-1,-1,-1
362,38,632.67,192.19,153.24,464.95,0.8563,-1,-1,-1
362,31,491.99,223.60,152.42,430.49,0.8176,-1,-1,-1
362,30,768.88,180.83,161.22,552.36,0.8696,-1,-1,-1
362,6,1108.65,141.09,271.86,724.78,0.9080,-1,-1,-1
362,2,905.82,216.41,103.51,439.22,0.7838,-1,-1,-1
363,39,983.15,320.27,74.30,191.01,0.5422,-1,-1,-1
363,38,617.28,192.51,160.29,469.50,0.8521,-1,-1,-1
363,31,481.26,222.47,152.75,445.39,0.7931,-1,-1,-1
363,30,764.25,185.35,158.43,548.52,0.8487,-1,-1,-1
363,6,1103.54,139.97,272.92,735.00,0.9079,-1,-1,-1
363,2,900.30,211.95,99.23,441.76,0.7351,-1,-1,-1
364,39,972.28,311.66,80.29,198.32,0.5651,-1,-1,-1
364,38,605.25,189.56,169.10,481.03,0.8520,-1,-1,-1
364,31,463.38,218.57,161.18,458.53,0.7914,-1,-1,-1
364,30,763.58,191.20,153.29,549.83,0.8127,-1,-1,-1
364,6,1103.34,136.69,270.52,736.89,0.9065,-1,-1,-1
364,2,897.30,210.18,97.66,440.90,0.7013,-1,-1,-1
365,39,968.05,316.84,81.67,195.26,0.5231,-1,-1,-1
365,38,589.15,192.15,183.29,483.77,0.8249,-1,-1,-1
365,31,433.92,221.71,186.86,458.58,0.8289,-1,-1,-1
365,30,762.65,193.91,157.31,547.93,0.8135,-1,-1,-1
365,6,1103.02,136.34,268.94,737.42,0.8993,-1,-1,-1
365,2,895.92,208.98,92.49,447.19,0.6425,-1,-1,-1
366,40,415.26,338.25,50.86,160.46,0.4249,-1,-1,-1
366,39,964.09,323.17,83.53,192.53,0.4407,-1,-1,-1
366,38,587.56,197.84,180.65,481.44,0.8613,-1,-1,-1
366,31,442.43,222.38,169.77,461.40,0.8046,-1,-1,-1
366,30,760.20,200.71,153.80,542.66,0.8148,-1,-1,-1
366,6,1100.70,138.36,267.21,729.04,0.9021,-1,-1,-1
366,2,894.30,212.77,88.86,439.39,0.6737,-1,-1,-1
367,39,964.38,311.21,81.62,200.33,0.4090,-1,-1,-1
367,38,591.89,193.05,175.36,490.45,0.8711,-1,-1,-1
367,31,437.25,222.35,165.67,466.32,0.7961,-1,-1,-1
367,30,759.65,198.39,152.84,543.66,0.8246,-1,-1,-1
367,6,1100.51,135.38,268.06,723.89,0.9027,-1,-1,-1
367,2,893.91,207.52,87.18,440.61,0.6702,-1,-1,-1
368,39,958.96,309.01,83.05,199.26,0.4076,-1,-1,-1
368,38,594.51,192.71,169.23,500.50,0.8601,-1,-1,-1
368,31,433.72,220.61,173.61,472.09,0.8180,-1,-1,-1
368,30,759.09,197.67,154.91,546.18,0.8271,-1,-1,-1
368,6,1100.10,133.29,267.69,720.00,0.9022,-1,-1,-1
368,2,894.03,206.24,84.83,435.89,0.6241,-1,-1,-1
369,39,959.63,316.04,85.42,196.17,0.4774,-1,-1,-1
369,38,591.91,190.59,166.60,506.33,0.8631,-1,-1,-1
369,31,427.28,220.58,172.40,473.18,0.8271,-1,-1,-1
369,30,758.31,194.33,161.76,547.55,0.8538,-1,-1,-1
369,6,1103.28,133.59,264.87,714.26,0.9053,-1,-1,-1
369,2,894.93,203.59,83.85,437.80,0.5822,-1,-1,-1
370,38,587.06,193.46,166.00,509.22,0.8555,-1,-1,-1
370,31,423.10,221.66,173.38,475.10,0.8256,-1,-1,-1
370,30,758.12,193.21,165.60,539.66,0.8228,-1,-1,-1
370,6,1104.16,132.91,263.95,716.54,0.9057,-1,-1,-1
370,2,895.24,205.92,84.84,437.96,0.6352,-1,-1,-1
371,38,584.16,195.35,166.55,517.50,0.8636,-1,-1,-1
371,31,419.25,223.94,177.41,478.47,0.8527,-1,-1,-1
371,30,757.11,195.56,166.59,537.52,0.8487,-1,-1,-1
371,6,1106.38,133.38,259.96,722.28,0.9058,-1,-1,-1
371,2,897.46,208.02,84.60,441.01,0.6904,-1,-1,-1
372,39,964.21,317.79,78.22,195.90,0.4477,-1,-1,-1
372,38,579.59,193.23,169.84,525.08,0.8649,-1,-1,-1
372,31,416.87,223.89,177.67,480.42,0.8712,-1,-1,-1
372,30,761.30,194.91,163.77,539.65,0.8480,-1,-1,-1
372,6,1111.46,132.81,255.13,729.06,0.9056,-1,-1,-1
372,2,901.40,209.08,81.53,443.05,0.6814,-1,-1,-1
373,39,965.79,323.80,82.60,194.62,0.4446,-1,-1,-1
373,38,572.97,192.78,175.73,528.65,0.8676,-1,-1,-1
373,31,413.84,225.65,176.48,482.34,0.8659,-1,-1,-1
373,30,760.81,198.51,167.50,539.20,0.8569,-1,-1,-1
373,6,1112.99,137.66,253.90,731.03,0.8971,-1,-1,-1
373,2,901.35,209.92,81.54,438.47,0.6629,-1,-1,-1
374,39,967.36,328.81,83.76,191.30,0.4816,-1,-1,-1
374,38,567.12,190.72,179.93,532.26,0.8707,-1,-1,-1
374,31,409.06,225.44,175.40,487.47,0.8636,-1,-1,-1
374,30,762.40,197.24,168.53,541.19,0.8474,-1,-1,-1
374,6,1115.14,139.65,250.56,737.36,0.8923,-1,-1,-1
374,2,902.69,210.11,86.01,444.96,0.6749,-1,-1,-1
375,39,967.16,330.08,81.34,196.20,0.5217,-1,-1,-1
375,38,559.16,190.97,189.19,542.68,0.8768,-1,-1,-1
375,31,402.92,230.03,174.07,487.69,0.8466,-1,-1,-1
375,30,765.48,200.96,166.52,544.63,0.8540,-1,-1,-1
375,6,1118.45,140.87,245.84,742.99,0.8947,-1,-1,-1
375,2,906.73,210.54,81.89,447.47,0.6609,-1,-1,-1
376,38,557.58,190.94,189.45,550.05,0.8625,-1,-1,-1
376,31,395.14,228.91,172.05,502.77,0.8512,-1,-1,-1
376,30,769.39,203.67,164.17,548.08,0.8527,-1,-1,-1
376,6,1121.52,143.07,239.07,748.85,0.8951,-1,-1,-1
376,2,908.65,220.13,81.92,447.22,0.6485,-1,-1,-1
377,39,972.39,339.16,81.28,194.84,0.4270,-1,-1,-1
377,38,548.96,187.25,196.29,553.15,0.8648,-1,-1,-1
377,31,394.02,224.31,171.41,517.44,0.8409,-1,-1,-1
377,30,773.64,206.62,161.80,550.20,0.8858,-1,-1,-1
377,6,1121.12,152.99,239.51,747.06,0.8950,-1,-1,-1
377,2,913.88,223.97,76.42,446.68,0.7021,-1,-1,-1
378,38,543.04,187.17,202.18,553.93,0.8593,-1,-1,-1
378,31,387.98,219.70,172.47,528.05,0.8223,-1,-1,-1
378,30,781.75,212.19,156.78,547.18,0.8388,-1,-1,-1
378,6,1122.74,157.39,238.85,748.16,0.8988,-1,-1,-1
378,2,915.63,232.33,77.81,438.20,0.7252,-1,-1,-1
379,41,737.29,318.73,51.65,197.35,0.4674,-1,-1,-1
379,39,972.08,337.79,83.65,202.29,0.4145,-1,-1,-1
379,38,536.22,190.24,207.16,560.15,0.8639,-1,-1,-1
379,31,386.46,220.71,166.46,535.39,0.8024,-1,-1,-1
379,30,779.32,214.77,161.28,553.07,0.8406,-1,-1,-1
379,6,1123.79,156.70,236.96,755.71,0.8961,-1,-1,-1
379,2,917.76,236.36,76.34,434.94,0.6473,-1,-1,-1
380,41,736.79,316.63,57.75,203.80,0.5993,-1,-1,-1
380,38,533.17,187.88,208.46,569.10,0.8709,-1,-1,-1
380,31,375.92,214.90,175.59,549.41,0.8123,-1,-1,-1
380,30,783.83,217.49,159.16,548.57,0.8446,-1,-1,-1
380,6,1123.61,159.14,235.97,757.00,0.8913,-1,-1,-1
380,2,915.21,239.50,82.51,433.67,0.7156,-1,-1,-1
381,41,735.04,316.01,59.65,211.09,0.6482,-1,-1,-1
381,38,522.42,183.94,214.14,579.52,0.8745,-1,-1,-1
381,31,375.20,212.02,174.67,558.78,0.8108,-1,-1,-1
381,30,784.12,220.79,160.73,547.70,0.8390,-1,-1,-1
381,6,1120.47,157.54,235.83,754.89,0.8836,-1,-1,-1
381,2,916.27,243.08,81.51,432.74,0.7360,-1,-1,-1
382,41,732.86,316.73,61.35,212.65,0.6500,-1,-1,-1
382,39,983.27,353.89,76.16,189.19,0.4970,-1,-1,-1
382,38,522.35,182.44,213.71,591.12,0.8719,-1,-1,-1
382,31,371.72,210.29,178.97,568.11,0.8097,-1,-1,-1
382,30,784.50,219.49,159.67,544.74,0.8465,-1,-1,-1
382,6,1118.14,155.70,233.60,760.88,0.8809,-1,-1,-1
382,2,919.03,243.54,83.65,435.63,0.7018,-1,-1,-1
383,41,731.89,318.39,60.25,207.85,0.6416,-1,-1,-1
383,39,984.25,354.01,73.78,189.52,0.4689,-1,-1,-1
383,38,513.02,180.05,221.47,601.85,0.8766,-1,-1,-1
383,31,364.86,208.10,177.23,569.38,0.8214,-1,-1,-1
383,30,785.41,217.83,160.01,541.46,0.8406,-1,-1,-1
383,6,1112.30,154.02,234.71,761.89,0.8807,-1,-1,-1
383,2,920.65,240.89,84.40,438.75,0.6829,-1,-1,-1
384,41,727.86,320.48,62.27,210.25,0.6526,-1,-1,-1
384,38,506.63,178.02,223.23,607.92,0.8648,-1,-1,-1
384,31,356.09,207.36,182.12,571.45,0.8232,-1,-1,-1
384,30,786.05,217.34,162.17,540.50,0.8468,-1,-1,-1
384,6,1109.14,151.90,236.36,767.13,0.8834,-1,-1,-1
384,2,920.47,244.95,99.71,435.44,0.5745,-1,-1,-1
385,41,726.52,321.84,64.76,212.32,0.6962,-1,-1,-1
385,38,507.07,176.16,221.32,617.21,0.8602,-1,-1,-1
385,31,347.29,210.72,190.70,571.88,0.8394,-1,-1,-1
385,30,784.97,216.96,164.84,544.43,0.8421,-1,-1,-1
385,6,1105.79,156.22,242.07,760.43,0.8836,-1,-1,-1
385,2,918.75,245.45,102.64,435.49,0.6018,-1,-1,-1
386,41,727.81,320.18,60.80,209.46,0.6583,-1,-1,-1
386,38,493.02,174.31,233.71,621.27,0.8638,-1,-1,-1
386,31,340.58,209.16,185.18,569.78,0.8334,-1,-1,-1
386,30,780.01,214.72,170.27,532.71,0.8172,-1,-1,-1
386,6,1094.72,156.43,255.85,755.73,0.8874,-1,-1,-1
386,2,921.09,243.62,87.33,426.85,0.5442,-1,-1,-1
387,41,721.51,317.75,65.73,212.17,0.6779,-1,-1,-1
387,38,484.72,169.31,237.31,632.22,0.8618,-1,-1,-1
387,31,331.32,201.37,188.18,586.14,0.8386,-1,-1,-1
387,30,776.98,213.63,170.69,531.08,0.8363,-1,-1,-1
387,6,1084.50,156.80,266.41,749.06,0.8935,-1,-1,-1
387,2,918.74,244.95,80.48,430.99,0.6179,-1,-1,-1
388,41,718.50,317.38,68.42,210.33,0.7097,-1,-1,-1
388,38,479.22,167.07,236.93,650.14,0.8643,-1,-1,-1
388,31,320.78,192.38,191.48,598.09,0.8473,-1,-1,-1
388,30,777.70,211.61,171.28,532.25,0.8344,-1,-1,-1
388,6,1083.25,158.99,268.62,743.83,0.8875,-1,-1,-1
388,2,917.70,239.54,85.64,434.93,0.5092,-1,-1,-1
389,41,717.68,316.75,68.49,212.52,0.6894,-1,-1,-1
389,38,479.15,161.46,233.95,659.25,0.8635,-1,-1,-1
389,31,315.40,184.82,190.26,606.15,0.8409,-1,-1,-1
389,30,778.98,208.96,164.63,539.37,0.8424,-1,-1,-1
389,6,1082.87,157.29,268.83,748.45,0.8912,-1,-1,-1
389,2,916.15,242.63,83.36,434.28,0.5910,-1,-1,-1
390,41,715.56,316.88,71.65,212.99,0.7293,-1,-1,-1
390,38,478.97,155.35,233.62,670.27,0.8716,-1,-1,-1
390,31,305.77,183.85,197.88,608.50,0.8351,-1,-1,-1
390,30,777.49,210.37,163.08,541.34,0.8472,-1,-1,-1
390,6,1078.15,156.72,275.61,751.59,0.8850,-1,-1,-1
390,2,914.84,241.88,80.89,433.32,0.6596,-1,-1,-1
391,41,711.14,316.44,74.87,213.35,0.7364,-1,-1,-1
391,39,977.39,343.69,73.47,208.49,0.6003,-1,-1,-1
391,38,477.03,148.43,236.21,679.17,0.8719,-1,-1,-1
391,31,293.82,181.27,202.50,613.54,0.8368,-1,-1,-1
391,30,772.08,210.00,164.74,544.10,0.8496,-1,-1,-1
391,6,1066.92,157.62,286.79,756.98,0.8882,-1,-1,-1
391,2,910.38,236.42,84.75,437.91,0.6523,-1,-1,-1
392,41,707.59,314.38,77.91,215.22,0.7611,-1,-1,-1
392,39,977.21,333.44,73.12,217.74,0.4819,-1,-1,-1
392,38,476.97,142.90,233.47,690.04,0.8749,-1,-1,-1
392,31,286.62,174.95,202.52,626.79,0.8498,-1,-1,-1
392,30,770.60,211.97,163.34,547.39,0.8333,-1,-1,-1
392,6,1061.18,156.82,291.27,767.58,0.8943,-1,-1,-1
392,2,908.24,234.97,82.26,440.67,0.6607,-1,-1,-1
393,41,706.69,313.90,77.63,217.20,0.7596,-1,-1,-1
393,39,974.11,329.55,75.35,220.59,0.5624,-1,-1,-1
393,38,473.68,139.19,231.86,695.71,0.8783,-1,-1,-1
393,31,271.15,171.60,211.03,634.32,0.8570,-1,-1,-1
393,30,768.92,220.01,166.54,537.09,0.8211,-1,-1,-1
393,6,1058.51,157.10,293.76,770.89,0.8969,-1,-1,-1
393,2,905.65,239.35,84.82,435.94,0.6179,-1,-1,-1
394,41,703.01,313.68,78.32,215.44,0.7512,-1,-1,-1
394,39,972.13,330.67,77.43,219.29,0.6043,-1,-1,-1
394,38,465.34,132.72,235.29,704.52,0.8822,-1,-1,-1
394,31,258.75,163.76,219.22,643.99,0.8637,-1,-1,-1
394,30,767.04,219.81,161.05,538.29,0.8074,-1,-1,-1
394,6,1057.13,156.62,293.89,772.86,0.9046,-1,-1,-1
394,2,905.05,234.07,80.99,435.38,0.6199,-1,-1,-1
395,41,701.10,311.21,77.64,217.67,0.7432,-1,-1,-1
395,39,970.54,343.55,72.75,204.71,0.6176,-1,-1,-1
395,38,461.77,126.13,232.94,715.09,0.8771,-1,-1,-1
395,31,220.27,159.62,248.80,648.17,0.8655,-1,-1,-1
395,30,760.06,220.54,164.58,539.18,0.8038,-1,-1,-1
395,6,1053.45,156.14,296.63,777.93,0.9004,-1,-1,-1
395,2,900.96,231.89,81.37,437.39,0.6271,-1,-1,-1
396,41,697.49,308.98,77.38,218.58,0.7348,-1,-1,-1
396,39,968.90,338.55,73.41,209.63,0.6428,-1,-1,-1
396,38,454.26,115.90,236.92,727.58,0.8803,-1,-1,-1
396,31,225.31,157.32,229.21,662.26,0.8677,-1,-1,-1
396,30,758.84,222.95,161.52,533.88,0.8089,-1,-1,-1
396,6,1052.28,156.21,299.34,777.91,0.8991,-1,-1,-1
396,2,899.62,237.60,81.42,432.47,0.6878,-1,-1,-1
397,41,696.11,309.29,73.08,220.11,0.7447,-1,-1,-1
397,39,967.63,337.01,75.97,209.91,0.6281,-1,-1,-1
397,38,443.45,108.98,243.38,737.32,0.8860,-1,-1,-1
397,31,191.40,156.76,257.34,667.00,0.8704,-1,-1,-1
397,30,756.43,221.62,159.16,530.67,0.8137,-1,-1,-1
397,6,1052.16,156.06,297.97,779.72,0.8981,-1,-1,-1
397,2,896.48,238.92,81.82,428.28,0.6890,-1,-1,-1
398,41,693.31,306.90,70.71,221.72,0.7581,-1,-1,-1
398,39,968.05,339.31,75.77,207.39,0.6040,-1,-1,-1
398,38,433.31,100.94,251.20,747.94,0.8952,-1,-1,-1
398,31,168.17,147.29,275.13,689.60,0.8858,-1,-1,-1
398,30,751.11,217.37,159.30,538.41,0.8312,-1,-1,-1
398,6,1051.73,156.23,295.14,781.03,0.8983,-1,-1,-1
398,2,893.66,239.00,83.18,430.39,0.6817,-1,-1,-1
399,41,691.53,303.91,67.72,224.98,0.7868,-1,-1,-1
399,39,967.22,335.57,75.90,211.57,0.6222,-1,-1,-1
399,38,425.91,93.19,255.04,756.86,0.8931,-1,-1,-1
399,31,132.49,143.72,295.05,700.31,0.8967,-1,-1,-1
399,30,746.08,214.98,158.52,538.37,0.8552,-1,-1,-1
399,6,1052.60,155.35,292.07,785.14,0.8965,-1,-1,-1
399,2,886.64,238.22,89.41,430.98,0.7184,-1,-1,-1
400,41,691.00,305.38,65.63,222.65,0.7740,-1,-1,-1
400,39,964.64,328.36,83.56,220.01,0.5427,-1,-1,-1
400,38,418.15,90.37,265.43,763.42,0.8945,-1,-1,-1
400,31,125.78,141.52,292.95,705.29,0.8944,-1,-1,-1
400,30,738.92,216.01,159.55,528.90,0.8430,-1,-1,-1
400,6,1052.00,154.73,291.73,788.53,0.8990,-1,-1,-1
400,2,880.13,238.77,92.99,431.98,0.7513,-1,-1,-1
401,41,687.14,303.94,65.52,223.27,0.7250,-1,-1,-1
401,39,964.85,329.99,84.26,217.55,0.6048,-1,-1,-1
401,38,412.49,84.95,272.01,775.41,0.8992,-1,-1,-1
401,31,117.05,140.38,290.20,719.28,0.8956,-1,-1,-1
401,30,728.82,216.05,165.57,517.08,0.8634,-1,-1,-1
401,6,1053.16,154.45,287.83,782.06,0.8997,-1,-1,-1
401,2,876.93,234.19,93.95,440.45,0.7813,-1,-1,-1
402,41,687.14,302.45,62.76,225.69,0.5677,-1,-1,-1
402,39,966.09,330.70,79.31,215.75,0.6073,-1,-1,-1
402,38,405.57,80.61,278.89,794.22,0.8986,-1,-1,-1
402,31,115.08,136.45,283.03,728.15,0.8979,-1,-1,-1
402,30,727.12,212.41,165.82,520.53,0.8793,-1,-1,-1
402,6,1056.30,148.00,282.31,792.66,0.8974,-1,-1,-1
402,2,873.87,235.28,97.81,439.03,0.8049,-1,-1,-1
403,41,686.92,303.27,62.41,228.41,0.5816,-1,-1,-1
403,39,969.71,343.60,75.38,202.97,0.5807,-1,-1,-1
403,38,397.45,75.67,287.17,819.08,0.9080,-1,-1,-1
403,31,106.14,135.47,277.99,751.07,0.8964,-1,-1,-1
403,30,725.18,211.96,165.66,522.66,0.8771,-1,-1,-1
403,6,1059.83,149.56,278.74,797.52,0.8966,-1,-1,-1
403,2,872.99,236.65,97.67,438.43,0.8048,-1,-1,-1
404,41,686.10,304.32,62.79,228.36,0.5452,-1,-1,-1
404,39,970.11,338.37,78.41,211.29,0.6392,-1,-1,-1
404,38,387.83,74.56,293.60,841.00,0.9093,-1,-1,-1
404,31,93.88,131.45,279.41,773.18,0.9013,-1,-1,-1
404,30,722.94,212.16,166.56,525.47,0.8640,-1,-1,-1
404,6,1065.05,148.87,281.65,794.83,0.8900,-1,-1,-1
404,2,873.08,237.05,98.86,444.97,0.8014,-1,-1,-1
405,41,687.79,303.87,60.84,229.64,0.5205,-1,-1,-1
405,39,971.99,338.40,80.18,211.66,0.6549,-1,-1,-1
405,38,375.18,75.53,304.62,838.84,0.9082,-1,-1,-1
405,31,77.17,129.81,288.41,783.65,0.8915,-1,-1,-1
405,30,726.36,214.73,162.65,525.67,0.8624,-1,-1,-1
405,6,1063.48,151.16,286.66,790.15,0.8890,-1,-1,-1
405,2,873.42,238.78,98.55,440.96,0.8015,-1,-1,-1
406,41,689.13,305.29,62.43,231.57,0.4909,-1,-1,-1
406,39,975.71,343.87,84.57,211.46,0.6673,-1,-1,-1
406,38,364.49,73.47,316.03,851.53,0.9054,-1,-1,-1
406,31,55.15,129.78,304.39,789.42,0.8919,-1,-1,-1
406,30,723.40,216.59,166.99,526.80,0.8493,-1,-1,-1
406,6,1065.30,150.45,287.52,780.92,0.8773,-1,-1,-1
406,2,873.42,239.64,101.53,437.88,0.7962,-1,-1,-1
407,41,689.82,305.55,64.45,235.94,0.5949,-1,-1,-1
407,39,978.32,347.03,84.31,207.89,0.6537,-1,-1,-1
407,38,355.08,75.02,329.00,859.02,0.9049,-1,-1,-1
407,31,60.55,120.79,298.71,805.37,0.8889,-1,-1,-1
407,30,727.58,217.77,164.26,528.43,0.8589,-1,-1,-1
407,6,1072.21,149.37,282.72,777.57,0.8776,-1,-1,-1
407,2,873.69,238.71,102.17,441.94,0.7979,-1,-1,-1
408,41,694.33,304.91,59.72,237.91,0.4716,-1,-1,-1
408,39,980.69,333.49,84.98,222.56,0.6139,-1,-1,-1
408,38,350.66,70.73,331.50,876.17,0.9037,-1,-1,-1
408,31,40.45,117.14,313.83,812.63,0.9035,-1,-1,-1
408,30,725.68,220.26,167.52,528.80,0.8644,-1,-1,-1
408,6,1077.32,149.00,278.75,777.92,0.8891,-1,-1,-1
408,2,872.19,239.68,105.13,440.86,0.7925,-1,-1,-1
409,41,700.74,307.03,52.86,240.88,0.4868,-1,-1,-1
409,39,987.10,344.37,76.27,209.43,0.6597,-1,-1,-1
409,38,354.09,68.10,325.27,897.40,0.9088,-1,-1,-1
409,31,49.19,113.94,306.42,825.28,0.9047,-1,-1,-1
409,30,729.46,220.78,166.16,534.41,0.8603,-1,-1,-1
409,6,1084.68,150.11,273.60,783.94,0.8948,-1,-1,-1
409,2,873.03,241.99,107.18,436.06,0.8035,-1,-1,-1
410,41,704.69,309.49,57.86,242.02,0.6065,-1,-1,-1
410,39,994.64,346.87,74.50,208.51,0.6304,-1,-1,-1
410,38,359.53,65.49,313.93,914.27,0.9161,-1,-1,-1
410,31,41.48,110.99,313.05,835.84,0.9031,-1,-1,-1
410,30,732.33,224.21,165.06,534.21,0.8373,-1,-1,-1
410,6,1091.62,151.65,270.43,786.90,0.8921,-1,-1,-1
410,2,874.86,239.35,116.10,438.04,0.7900,-1,-1,-1
411,41,710.57,309.14,54.48,241.07,0.5891,-1,-1,-1
411,39,999.57,351.61,81.99,206.65,0.6637,-1,-1,-1
411,38,358.57,61.78,313.68,924.08,0.9158,-1,-1,-1
411,31,30.59,105.07,310.78,845.94,0.9078,-1,-1,-1
411,30,733.46,225.00,170.30,535.40,0.8012,-1,-1,-1
411,6,1099.99,149.43,265.64,796.52,0.8893,-1,-1,-1
411,2,881.86,239.55,112.45,437.95,0.7870,-1,-1,-1
412,43,653.06,343.80,55.16,190.38,0.6279,-1,-1,-1
412,41,716.33,308.60,55.83,238.94,0.5471,-1,-1,-1
412,39,1003.08,345.56,83.64,213.10,0.7008,-1,-1,-1
412,38,351.97,56.18,318.04,960.92,0.9129,-1,-1,-1
412,31,19.39,95.55,312.63,858.48,0.9169,-1,-1,-1
412,30,736.19,226.61,172.41,530.77,0.8134,-1,-1,-1
412,6,1101.88,154.27,271.42,798.85,0.8924,-1,-1,-1
412,2,889.88,235.23,108.31,444.00,0.7513,-1,-1,-1
413,43,652.30,346.61,59.14,186.62,0.6634,-1,-1,-1
413,41,724.29,306.11,53.82,240.35,0.4627,-1,-1,-1
413,39,1010.48,343.09,78.92,214.28,0.5992,-1,-1,-1
413,38,343.87,47.99,325.55,979.98,0.9111,-1,-1,-1
413,31,1.83,89.43,322.39,867.83,0.9265,-1,-1,-1
413,30,741.61,226.06,172.58,527.61,0.8178,-1,-1,-1
413,6,1103.32,153.97,276.90,803.73,0.8973,-1,-1,-1
413,2,890.98,229.43,114.55,445.91,0.7522,-1,-1,-1
414,43,654.17,341.54,64.75,198.07,0.6432,-1,-1,-1
414,41,727.56,302.83,57.45,241.44,0.4856,-1,-1,-1
414,39,1017.10,340.34,78.01,217.58,0.6410,-1,-1,-1
414,38,335.83,37.21,326.51,997.34,0.9023,-1,-1,-1
414,31,0.00,82.53,319.73,878.84,0.9296,-1,-1,-1
414,30,752.11,227.10,166.76,524.80,0.8209,-1,-1,-1
414,6,1109.19,154.09,274.75,807.14,0.8896,-1,-1,-1
414,2,893.77,234.36,121.96,444.83,0.7817,-1,-1,-1
415,43,654.97,342.08,67.31,187.14,0.6428,-1,-1,-1
415,41,731.12,302.49,57.41,235.49,0.4364,-1,-1,-1
415,39,1019.99,350.19,83.77,210.46,0.6748,-1,-1,-1
415,38,326.04,24.73,338.64,1018.32,0.9130,-1,-1,-1
415,31,0.00,77.81,316.83,883.65,0.9252,-1,-1,-1
415,30,753.52,223.26,168.79,528.57,0.8246,-1,-1,-1
415,6,1115.57,153.43,272.66,809.98,0.8864,-1,-1,-1
415,2,901.02,239.88,117.38,439.36,0.8090,-1,-1,-1
416,43,656.29,340.96,67.40,186.84,0.6560,-1,-1,-1
416,39,1022.31,349.46,85.63,210.60,0.5943,-1,-1,-1
416,38,316.19,11.70,346.25,1037.66,0.9137,-1,-1,-1
416,31,0.00,65.38,311.45,910.46,0.9217,-1,-1,-1
416,30,748.77,219.87,176.93,522.91,0.8436,-1,-1,-1
416,6,1119.82,151.60,272.01,814.61,0.8904,-1,-1,-1
416,2,905.39,237.16,119.78,446.11,0.7921,-1,-1,-1
417,43,656.78,341.27,68.40,189.23,0.6609,-1,-1,-1
417,39,1028.94,343.92,82.04,213.96,0.6625,-1,-1,-1
417,38,292.84,4.10,365.93,1052.02,0.9091,-1,-1,-1
417,31,0.00,55.93,308.14,952.13,0.9180,-1,-1,-1
417,30,746.73,221.37,181.23,521.00,0.8360,-1,-1,-1
417,6,1124.08,151.10,268.30,824.36,0.8915,-1,-1,-1
417,2,906.61,237.47,120.12,444.39,0.7985,-1,-1,-1
418,43,656.21,339.63,68.47,191.92,0.6717,-1,-1,-1
418,39,1031.38,334.60,83.12,220.80,0.6666,-1,-1,-1
418,38,275.91,1.97,378.84,1057.36,0.9150,-1,-1,-1
418,31,0.00,48.74,277.06,985.45,0.9163,-1,-1,-1
418,30,746.89,219.15,182.61,521.10,0.8438,-1,-1,-1
418,6,1127.31,147.88,267.35,826.71,0.8920,-1,-1,-1
418,2,910.77,233.63,122.31,444.64,0.7835,-1,-1,-1
419,43,653.14,336.97,68.21,202.12,0.6735,-1,-1,-1
419,39,1032.57,336.92,84.63,219.20,0.6326,-1,-1,-1
419,38,255.38,2.33,394.12,1062.77,0.9215,-1,-1,-1
419,31,0.00,41.15,260.52,991.00,0.9105,-1,-1,-1
419,30,745.57,209.39,182.25,532.47,0.8543,-1,-1,-1
419,6,1126.49,146.65,268.95,823.69,0.8903,-1,-1,-1
419,2,911.33,234.01,119.51,442.96,0.7779,-1,-1,-1
420,43,650.51,336.85,67.20,206.75,0.6766,-1,-1,-1
420,39,1031.18,332.24,91.35,227.17,0.6367,-1,-1,-1
420,38,240.45,2.61,402.79,1069.83,0.9256,-1,-1,-1
420,31,0.50,38.65,245.13,1003.27,0.9036,-1,-1,-1
420,30,742.60,207.68,183.74,534.34,0.8564,-1,-1,-1
420,6,1126.15,142.86,269.68,826.50,0.8896,-1,-1,-1
420,2,909.83,235.34,123.40,446.28,0.7859,-1,-1,-1
421,43,649.57,336.74,68.94,205.02,0.6758,-1,-1,-1
421,39,1031.49,335.32,91.02,223.29,0.6430,-1,-1,-1
421,38,220.73,3.60,417.21,1069.13,0.9258,-1,-1,-1
421,31,0.62,25.83,229.88,978.29,0.9001,-1,-1,-1
421,30,742.71,211.27,185.31,530.02,0.8574,-1,-1,-1
421,6,1122.21,138.38,276.57,830.36,0.8914,-1,-1,-1
421,2,909.06,235.18,121.50,443.52,0.7928,-1,-1,-1
422,43,644.48,333.73,69.23,210.23,0.6861,-1,-1,-1
422,39,1031.45,340.41,88.87,217.89,0.5484,-1,-1,-1
422,38,201.19,2.09,425.14,1073.94,0.9196,-1,-1,-1
422,31,0.78,16.11,211.92,984.07,0.8891,-1,-1,-1
422,30,741.07,211.94,182.85,541.16,0.8470,-1,-1,-1
422,6,1118.35,129.89,280.98,836.28,0.8866,-1,-1,-1
422,2,907.77,236.22,121.55,445.23,0.7922,-1,-1,-1
423,43,640.41,332.05,73.77,213.75,0.7178,-1,-1,-1
423,39,1030.78,341.59,89.92,217.79,0.5635,-1,-1,-1
423,38,186.41,1.13,428.13,1076.12,0.9225,-1,-1,-1
423,31,0.82,14.17,191.72,991.97,0.8902,-1,-1,-1
423,30,738.88,211.65,176.72,537.18,0.8480,-1,-1,-1
423,6,1109.26,126.43,290.64,839.07,0.8932,-1,-1,-1
423,2,907.54,238.48,120.84,444.45,0.7743,-1,-1,-1
424,43,637.19,331.85,76.84,212.76,0.7004,-1,-1,-1
424,39,1028.41,340.74,86.71,218.48,0.6044,-1,-1,-1
424,38,162.83,2.33,439.02,1075.87,0.9273,-1,-1,-1
424,31,0.78,10.90,171.89,1003.40,0.8764,-1,-1,-1
424,30,738.04,214.63,172.49,530.75,0.8379,-1,-1,-1
424,6,1105.56,126.85,297.21,836.81,0.9004,-1,-1,-1
424,2,902.68,241.19,128.01,441.05,0.7513,-1,-1,-1
425,43,632.88,326.72,75.70,220.37,0.7006,-1,-1,-1
425,39,1029.15,338.55,84.92,219.48,0.6205,-1,-1,-1
425,38,134.57,1.77,459.35,1072.87,0.9243,-1,-1,-1
425,31,0.74,9.37,146.03,1008.58,0.8435,-1,-1,-1
425,30,732.17,214.14,176.80,536.40,0.8378,-1,-1,-1
425,6,1100.14,126.51,302.56,827.41,0.9028,-1,-1,-1
425,2,899.21,239.44,127.80,439.79,0.7747,-1,-1,-1
426,43,631.19,326.66,73.12,216.09,0.6848,-1,-1,-1
426,39,1026.74,333.71,84.72,220.23,0.6326,-1,-1,-1
426,38,107.32,1.40,471.43,1071.83,0.9262,-1,-1,-1
426,31,0.00,8.28,127.98,693.08,0.5767,-1,-1,-1
426,30,733.95,213.61,171.65,535.23,0.8401,-1,-1,-1
426,6,1091.57,127.23,312.85,813.99,0.9032,-1,-1,-1
426,2,894.46,236.36,134.70,443.05,0.7952,-1,-1,-1
427,44,548.88,333.01,53.44,179.31,0.5200,-1,-1,-1
427,43,626.24,326.77,72.95,221.40,0.7198,-1,-1,-1
427,39,1025.11,331.77,84.53,223.79,0.5851,-1,-1,-1
427,38,69.17,1.91,494.62,1067.84,0.9224,-1,-1,-1
427,31,0.64,151.32,93.94,525.73,0.7119,-1,-1,-1
427,30,728.34,214.79,178.39,537.51,0.8309,-1,-1,-1
427,6,1085.90,129.21,317.77,809.44,0.9002,-1,-1,-1
427,2,897.59,235.63,131.61,442.86,0.7799,-1,-1,-1
428,44,541.81,311.41,55.97,197.85,0.5870,-1,-1,-1
428,43,620.17,327.00,73.97,220.46,0.7153,-1,-1,-1
428,39,1025.51,332.45,79.95,223.64,0.5000,-1,-1,-1
428,38,41.13,3.17,516.56,1066.99,0.9213,-1,-1,-1
428,31,0.30,156.98,107.47,836.02,0.4079,-1,-1,-1
428,30,718.07,219.91,183.70,529.38,0.8335,-1,-1,-1
428,6,1081.34,129.84,322.16,814.87,0.9039,-1,-1,-1
428,2,892.06,235.29,136.86,442.78,0.7977,-1,-1,-1
429,44,538.60,321.72,56.09,193.70,0.5869,-1,-1,-1
429,43,615.72,328.73,69.60,221.87,0.7546,-1,-1,-1
429,39,1029.20,330.09,76.06,228.50,0.4858,-1,-1,-1
429,38,3.08,2.55,540.04,1068.79,0.9302,-1,-1,-1
429,30,709.24,214.89,187.93,542.90,0.8318,-1,-1,-1
429,6,1076.60,131.75,321.40,817.88,0.9048,-1,-1,-1
429,2,895.29,233.97,130.33,441.48,0.7766,-1,-1,-1
430,44,533.71,336.20,52.82,171.93,0.4667,-1,-1,-1
430,43,612.83,324.64,70.83,224.97,0.7134,-1,-1,-1
430,39,1033.55,329.99,73.56,222.94,0.4602,-1,-1,-1
430,38,0.00,3.27,536.21,1069.45,0.9266,-1,-1,-1
430,30,703.22,214.19,175.39,547.21,0.8380,-1,-1,-1
430,6,1070.34,134.58,329.06,822.41,0.9091,-1,-1,-1
430,2,896.20,234.16,126.79,435.82,0.7791,-1,-1,-1
431,44,528.13,334.13,53.75,185.08,0.4578,-1,-1,-1
431,43,606.28,326.39,76.48,228.85,0.6760,-1,-1,-1
431,38,0.00,2.88,523.85,1069.75,0.9298,-1,-1,-1
431,30,694.10,211.25,172.35,555.57,0.8261,-1,-1,-1
431,6,1069.35,134.05,327.92,826.52,0.9050,-1,-1,-1
431,2,894.27,232.85,126.98,434.16,0.7826,-1,-1,-1
432,44,522.43,345.18,54.92,222.52,0.4122,-1,-1,-1
432,43,603.83,326.92,72.70,228.47,0.6597,-1,-1,-1
432,39,996.13,315.18,77.07,236.66,0.4670,-1,-1,-1
432,38,0.00,4.84,516.78,1069.44,0.9352,-1,-1,-1
432,30,683.85,207.99,175.69,573.30,0.8331,-1,-1,-1
432,6,1067.39,134.06,329.85,830.85,0.9039,-1,-1,-1
432,2,894.54,230.82,126.23,433.00,0.7887,-1,-1,-1
433,44,519.77,342.84,54.10,178.91,0.4223,-1,-1,-1
433,43,600.54,324.93,74.25,227.86,0.6442,-1,-1,-1
433,39,998.53,309.56,75.76,242.12,0.5639,-1,-1,-1
433,38,0.19,6.04,503.64,1062.94,0.9355,-1,-1,-1
433,30,679.03,205.20,179.19,559.26,0.8284,-1,-1,-1
433,6,1069.27,132.98,328.50,834.39,0.9033,-1,-1,-1
433,2,893.84,231.47,125.35,431.42,0.7960,-1,-1,-1
434,44,518.74,327.49,54.85,185.21,0.4286,-1,-1,-1
434,43,597.26,320.82,71.55,232.36,0.6851,-1,-1,-1
434,39,1002.83,309.85,72.14,239.43,0.5203,-1,-1,-1
434,38,0.41,3.90,493.75,1064.46,0.9387,-1,-1,-1
434,30,676.37,201.66,175.59,577.21,0.8404,-1,-1,-1
434,6,1072.48,130.87,325.97,834.57,0.9013,-1,-1,-1
434,2,892.57,227.83,126.29,432.83,0.7960,-1,-1,-1
435,44,516.70,309.85,53.28,196.98,0.6674,-1,-1,-1
435,43,595.35,319.35,73.73,232.94,0.6862,-1,-1,-1
435,39,1000.18,304.65,72.50,240.67,0.5412,-1,-1,-1
435,38,0.81,2.71,483.91,1064.79,0.9396,-1,-1,-1
435,30,675.22,198.48,172.78,560.06,0.8255,-1,-1,-1
435,6,1072.80,127.94,326.55,837.67,0.9037,-1,-1,-1
435,2,890.58,225.44,128.68,432.01,0.7788,-1,-1,-1
436,44,515.10,307.26,52.69,200.79,0.6142,-1,-1,-1
436,43,595.63,317.96,72.81,231.92,0.7087,-1,-1,-1
436,39,997.67,303.29,74.67,242.00,0.5420,-1,-1,-1
436,38,1.17,2.60,474.50,1066.61,0.9397,-1,-1,-1
436,30,672.76,195.99,174.82,552.90,0.7975,-1,-1,-1
436,6,1075.40,125.03,325.41,843.36,0.9069,-1,-1,-1
436,2,898.92,224.44,120.72,432.50,0.7701,-1,-1,-1
437,46,819.32,300.22,81.52,230.72,0.6742,-1,-1,-1
437,44,515.13,348.51,50.62,155.91,0.5861,-1,-1,-1
437,43,590.96,312.78,75.73,231.59,0.7239,-1,-1,-1
437,39,995.38,301.77,71.66,240.51,0.5711,-1,-1,-1
437,38,1.40,2.29,458.74,1073.10,0.9357,-1,-1,-1
437,30,669.26,193.74,173.53,529.49,0.8136,-1,-1,-1
437,6,1079.89,119.94,323.08,846.13,0.9055,-1,-1,-1
437,2,901.08,223.69,118.96,432.60,0.7561,-1,-1,-1
438,46,816.16,300.87,84.07,231.56,0.6724,-1,-1,-1
438,44,512.70,335.11,50.82,171.81,0.4228,-1,-1,-1
438,43,588.82,312.49,75.10,233.62,0.7309,-1,-1,-1
438,39,994.58,301.23,72.90,239.12,0.5707,-1,-1,-1
438,38,1.76,3.70,433.93,1068.55,0.9349,-1,-1,-1
438,30,662.72,194.77,176.87,527.41,0.8385,-1,-1,-1
438,6,1080.41,117.28,323.19,836.01,0.9003,-1,-1,-1
438,2,904.50,223.41,115.42,434.85,0.7558,-1,-1,-1
439,47,1050.37,312.42,67.51,232.62,0.4695,-1,-1,-1
439,46,812.11,299.24,85.64,237.93,0.7252,-1,-1,-1
439,44,510.46,327.69,51.73,176.42,0.4340,-1,-1,-1
439,43,584.86,312.60,76.10,234.02,0.7221,-1,-1,-1
439,39,995.01,301.17,72.88,236.60,0.6399,-1,-1,-1
439,38,1.29,3.65,410.06,1069.98,0.9277,-1,-1,-1
439,30,662.05,195.34,174.39,527.46,0.8540,-1,-1,-1
439,6,1086.04,114.21,318.81,840.70,0.9012,-1,-1,-1
439,2,905.69,223.55,113.40,436.73,0.7577,-1,-1,-1
440,47,1051.21,308.42,68.78,237.50,0.5686,-1,-1,-1
440,46,808.70,297.08,84.15,239.64,0.7017,-1,-1,-1
440,44,506.69,323.41,53.21,180.56,0.4085,-1,-1,-1
440,43,582.60,307.79,77.82,244.19,0.7690,-1,-1,-1
440,39,994.16,301.04,74.67,235.88,0.7045,-1,-1,-1
440,38,1.10,3.51,384.84,1064.11,0.9269,-1,-1,-1
440,30,657.01,194.29,176.19,528.00,0.8672,-1,-1,-1
440,6,1089.11,110.76,320.27,840.07,0.8845,-1,-1,-1
440,2,904.17,221.48,112.74,438.47,0.7698,-1,-1,-1
441,47,1050.82,308.30,71.13,241.93,0.6098,-1,-1,-1
441,46,809.06,296.35,83.15,241.40,0.6953,-1,-1,-1
441,44,506.50,310.31,54.11,194.70,0.4090,-1,-1,-1
441,43,583.22,305.27,76.24,247.55,0.7665,-1,-1,-1
441,39,994.61,297.63,75.94,239.50,0.7105,-1,-1,-1
441,38,0.51,3.08,356.10,1064.71,0.9199,-1,-1,-1
441,30,656.73,196.55,177.33,530.21,0.8637,-1,-1,-1
441,6,1093.45,105.93,321.07,841.96,0.8998,-1,-1,-1
441,2,906.04,222.85,111.92,437.94,0.7793,-1,-1,-1
442,47,1056.17,316.45,71.61,235.83,0.6572,-1,-1,-1
442,46,812.83,297.79,87.73,235.88,0.7283,-1,-1,-1
442,44,511.31,332.62,50.88,171.41,0.4274,-1,-1,-1
442,43,583.99,306.10,75.77,249.44,0.7719,-1,-1,-1
442,39,995.72,297.90,75.80,243.74,0.6787,-1,-1,-1
442,38,0.63,3.43,323.76,1064.32,0.9136,-1,-1,-1
442,30,658.53,199.23,176.18,530.62,0.8552,-1,-1,-1
442,6,1098.68,107.19,322.20,827.32,0.8974,-1,-1,-1
442,2,909.70,225.07,108.86,434.63,0.7338,-1,-1,-1
443,47,1060.91,314.26,69.91,238.89,0.5986,-1,-1,-1
443,46,815.05,300.60,87.00,229.68,0.7589,-1,-1,-1
443,44,514.28,337.83,50.15,169.87,0.4490,-1,-1,-1
443,43,583.93,310.10,79.15,248.03,0.7727,-1,-1,-1
443,39,998.39,295.41,80.99,243.70,0.6435,-1,-1,-1
443,38,0.64,4.15,292.95,1062.53,0.8933,-1,-1,-1
443,30,664.18,199.41,171.67,527.38,0.8508,-1,-1,-1
443,6,1104.36,112.45,323.75,815.74,0.8967,-1,-1,-1
443,2,909.55,225.13,110.29,435.37,0.7465,-1,-1,-1
444,47,1062.01,300.08,72.32,248.88,0.5813,-1,-1,-1
444,46,818.30,300.36,83.94,234.08,0.7715,-1,-1,-1
444,44,517.13,344.88,50.30,161.26,0.4905,-1,-1,-1
444,43,586.11,307.95,80.28,250.71,0.7619,-1,-1,-1
444,39,999.26,299.49,83.46,242.71,0.6361,-1,-1,-1
444,38,0.75,4.70,263.16,1060.89,0.8393,-1,-1,-1
444,30,669.85,202.14,167.43,519.11,0.8447,-1,-1,-1
444,6,1113.83,115.23,317.06,811.30,0.9003,-1,-1,-1
444,2,914.73,227.12,106.88,431.42,0.7101,-1,-1,-1
445,47,1071.31,303.96,72.59,241.80,0.5707,-1,-1,-1
445,46,820.78,298.15,87.75,236.10,0.7828,-1,-1,-1
445,44,521.68,329.73,50.67,177.43,0.4916,-1,-1,-1
445,43,585.15,308.11,83.11,250.46,0.7623,-1,-1,-1
445,39,1008.04,290.49,82.76,247.78,0.7156,-1,-1,-1
445,30,674.53,204.05,169.43,508.93,0.8417,-1,-1,-1
445,6,1120.53,121.59,314.95,820.34,0.8973,-1,-1,-1
445,2,909.33,221.64,117.01,441.55,0.7751,-1,-1,-1
446,47,1078.86,301.78,69.64,245.83,0.6522,-1,-1,-1
446,46,826.62,295.18,86.10,238.90,0.7907,-1,-1,-1
446,44,524.19,346.48,54.64,160.78,0.5360,-1,-1,-1
446,43,584.99,310.11,88.94,249.29,0.7385,-1,-1,-1
446,39,1012.96,296.47,79.69,248.65,0.7712,-1,-1,-1
446,38,0.60,5.11,298.36,1063.09,0.7284,-1,-1,-1
446,30,682.82,201.90,165.10,499.19,0.8351,-1,-1,-1
446,6,1129.16,127.10,314.45,819.64,0.9060,-1,-1,-1
446,2,907.16,220.33,121.85,448.95,0.8088,-1,-1,-1
447,47,1086.76,300.53,67.76,249.74,0.6897,-1,-1,-1
447,46,834.50,295.78,87.76,239.23,0.7574,-1,-1,-1
447,44,530.76,356.05,51.69,149.28,0.5002,-1,-1,-1
447,43,589.05,311.26,88.70,247.72,0.6901,-1,-1,-1
447,39,1017.60,292.41,84.52,250.55,0.7647,-1,-1,-1
447,30,685.14,200.53,172.00,512.40,0.8358,-1,-1,-1
447,6,1140.53,127.16,308.54,826.48,0.9060,-1,-1,-1
447,2,916.28,220.25,123.34,451.41,0.7666,-1,-1,-1
448,47,1094.76,304.85,69.94,246.99,0.6795,-1,-1,-1
448,46,841.72,296.79,84.42,239.38,0.7967,-1,-1,-1
448,44,535.70,325.69,52.76,185.97,0.4996,-1,-1,-1
448,43,589.67,312.64,90.21,248.00,0.6962,-1,-1,-1
448,39,1027.23,297.27,80.82,250.40,0.7390,-1,-1,-1
448,30,688.88,200.89,178.84,524.38,0.8418,-1,-1,-1
448,6,1146.92,139.44,314.08,824.41,0.9052,-1,-1,-1
448,2,923.05,218.88,124.39,454.67,0.7441,-1,-1,-1
449,47,1101.95,317.80,70.60,235.77,0.6749,-1,-1,-1
449,46,846.35,297.81,86.00,238.82,0.7503,-1,-1,-1
449,44,540.72,315.65,57.07,197.97,0.5237,-1,-1,-1
449,43,602.33,315.63,84.96,251.39,0.7450,-1,-1,-1
449,39,1038.88,297.45,76.31,249.09,0.7117,-1,-1,-1
449,30,700.27,203.08,172.01,519.05,0.8164,-1,-1,-1
449,6,1152.46,143.19,315.87,824.55,0.9073,-1,-1,-1
449,2,932.59,216.62,116.20,453.99,0.7733,-1,-1,-1
450,47,1106.72,314.92,71.77,240.26,0.7050,-1,-1,-1
450,46,851.92,298.85,82.42,234.41,0.7165,-1,-1,-1
450,44,546.28,328.44,53.95,181.27,0.4894,-1,-1,-1
450,43,606.86,315.31,83.40,250.45,0.7175,-1,-1,-1
450,39,1038.75,299.91,80.29,246.31,0.7048,-1,-1,-1
450,30,706.77,201.91,172.61,512.81,0.8153,-1,-1,-1
450,6,1161.58,148.35,308.62,828.98,0.9099,-1,-1,-1
450,2,928.06,219.14,120.38,452.46,0.7804,-1,-1,-1
451,47,1116.48,320.59,71.08,234.54,0.6989,-1,-1,-1
451,46,855.56,293.41,91.79,242.47,0.7238,-1,-1,-1
451,44,552.06,316.24,54.63,193.23,0.4578,-1,-1,-1
451,43,603.78,314.70,88.78,254.59,0.7410,-1,-1,-1
451,39,1052.42,287.72,72.25,255.65,0.6922,-1,-1,-1
451,30,709.39,201.32,173.32,513.01,0.8245,-1,-1,-1
451,6,1169.93,151.72,306.28,832.76,0.9031,-1,-1,-1
451,2,940.39,221.16,116.50,443.97,0.7807,-1,-1,-1
452,47,1124.03,315.07,71.37,243.20,0.6753,-1,-1,-1
452,46,856.90,299.07,92.31,236.18,0.7778,-1,-1,-1
452,44,558.18,319.84,52.38,183.32,0.4511,-1,-1,-1
452,43,606.17,315.05,90.38,252.93,0.7352,-1,-1,-1
452,39,1056.77,294.95,80.59,249.73,0.7422,-1,-1,-1
452,30,719.60,200.12,165.66,511.36,0.8418,-1,-1,-1
452,6,1176.66,153.89,308.16,836.49,0.9043,-1,-1,-1
452,2,946.61,220.24,122.62,437.14,0.7663,-1,-1,-1
453,47,1131.58,317.39,69.28,241.31,0.7206,-1,-1,-1
453,46,873.05,297.23,81.13,242.35,0.7865,-1,-1,-1
453,44,565.02,311.69,55.44,193.76,0.5491,-1,-1,-1
453,43,616.58,314.63,81.69,256.92,0.7705,-1,-1,-1
453,39,1065.43,299.44,77.02,252.61,0.7401,-1,-1,-1
453,30,726.28,203.61,163.71,513.85,0.8454,-1,-1,-1
453,6,1183.89,157.43,305.26,840.73,0.9097,-1,-1,-1
453,2,951.16,216.54,124.30,442.05,0.7950,-1,-1,-1
454,48,709.18,256.89,67.63,315.50,0.6274,-1,-1,-1
454,47,1139.97,311.36,70.91,247.99,0.6245,-1,-1,-1
454,46,879.18,299.10,83.72,242.57,0.7319,-1,-1,-1
454,43,618.86,308.72,85.93,258.72,0.7545,-1,-1,-1
454,39,1074.88,300.18,77.71,251.02,0.7130,-1,-1,-1
454,30,733.10,202.46,166.07,513.94,0.8184,-1,-1,-1
454,6,1191.26,159.24,305.26,843.25,0.9113,-1,-1,-1
454,2,951.93,219.64,133.42,442.00,0.7834,-1,-1,-1
455,48,716.52,257.90,66.98,310.01,0.5841,-1,-1,-1
455,47,1153.32,313.68,65.62,245.87,0.6149,-1,-1,-1
455,46,885.62,305.61,84.71,231.14,0.6951,-1,-1,-1
455,44,580.05,314.96,54.74,191.46,0.5631,-1,-1,-1
455,43,625.86,302.21,82.95,268.45,0.7663,-1,-1,-1
455,39,1082.54,301.22,74.93,251.28,0.7150,-1,-1,-1
455,30,737.00,198.24,170.77,523.16,0.8354,-1,-1,-1
455,6,1194.67,157.51,308.86,844.83,0.9117,-1,-1,-1
455,2,961.96,221.70,127.14,435.43,0.7787,-1,-1,-1
456,48,720.49,254.38,74.48,318.62,0.6257,-1,-1,-1
456,47,1156.59,314.00,66.47,245.22,0.5437,-1,-1,-1
456,46,896.07,299.66,78.90,240.18,0.6623,-1,-1,-1
456,44,581.76,318.57,57.28,191.32,0.5168,-1,-1,-1
456,43,630.68,300.66,84.92,269.83,0.7505,-1,-1,-1
456,39,1089.57,299.48,74.29,246.63,0.7141,-1,-1,-1
456,30,752.54,199.27,162.02,520.86,0.8263,-1,-1,-1
456,6,1199.52,157.21,312.19,835.19,0.9041,-1,-1,-1
456,2,965.44,211.47,127.66,445.60,0.7564,-1,-1,-1
457,48,725.74,251.00,75.94,321.06,0.6757,-1,-1,-1
457,46,901.00,298.13,81.77,240.24,0.6763,-1,-1,-1
457,44,588.74,305.68,57.00,205.05,0.5272,-1,-1,-1
457,43,630.87,299.99,91.34,267.23,0.7410,-1,-1,-1
457,39,1093.76,297.01,77.38,251.24,0.6781,-1,-1,-1
457,30,761.45,202.14,162.56,519.60,0.8140,-1,-1,-1
457,6,1204.21,155.38,316.38,835.42,0.9002,-1,-1,-1
457,2,975.43,213.13,121.96,442.03,0.7678,-1,-1,-1
458,48,727.72,249.90,75.72,317.73,0.7534,-1,-1,-1
458,46,907.57,297.89,88.81,240.16,0.7447,-1,-1,-1
458,44,597.06,307.52,54.21,197.45,0.4871,-1,-1,-1
458,43,633.84,296.75,91.55,271.59,0.7159,-1,-1,-1
458,39,1102.74,291.54,72.62,257.91,0.7096,-1,-1,-1
458,30,769.88,199.77,160.33,518.53,0.8165,-1,-1,-1
458,6,1205.88,153.77,319.49,834.53,0.8971,-1,-1,-1
458,2,993.77,211.33,118.00,440.80,0.7766,-1,-1,-1
459,48,729.50,250.57,76.69,322.45,0.7664,-1,-1,-1
459,46,912.55,297.08,82.20,237.87,0.7837,-1,-1,-1
459,44,597.98,301.57,56.18,203.73,0.4793,-1,-1,-1
459,43,639.29,296.93,91.26,272.70,0.7249,-1,-1,-1
459,39,1104.61,295.07,81.91,253.70,0.7443,-1,-1,-1
459,30,775.87,205.34,159.59,516.38,0.8481,-1,-1,-1
459,6,1202.60,147.43,334.73,842.49,0.9081,-1,-1,-1
459,2,997.50,205.25,122.08,445.96,0.8079,-1,-1,-1
460,48,732.63,246.63,79.50,329.48,0.7714,-1,-1,-1
460,46,921.46,296.14,79.38,238.33,0.7892,-1,-1,-1
460,43,639.64,296.24,92.41,271.95,0.7375,-1,-1,-1
460,39,1108.43,295.99,80.48,254.85,0.7272,-1,-1,-1
460,30,783.90,203.21,154.96,511.82,0.8532,-1,-1,-1
460,6,1201.77,140.38,345.02,835.20,0.9100,-1,-1,-1
460,2,994.98,208.68,133.24,444.95,0.7900,-1,-1,-1
461,48,735.27,242.21,81.05,331.48,0.7556,-1,-1,-1
461,46,928.69,296.55,78.40,236.83,0.7530,-1,-1,-1
461,43,642.00,294.09,92.11,276.69,0.7432,-1,-1,-1
461,39,1109.37,293.81,86.54,252.80,0.7293,-1,-1,-1
461,30,785.83,203.34,158.40,508.24,0.8305,-1,-1,-1
461,6,1201.52,135.71,349.74,832.05,0.9077,-1,-1,-1
461,2,1003.98,211.51,124.49,445.19,0.7849,-1,-1,-1
462,48,737.45,241.91,81.74,327.89,0.7589,-1,-1,-1
462,46,932.38,294.95,80.16,234.70,0.7295,-1,-1,-1
462,43,643.72,292.26,90.86,278.43,0.7775,-1,-1,-1
462,39,1113.52,294.53,83.96,253.85,0.6673,-1,-1,-1
462,30,787.12,200.77,158.66,507.62,0.8073,-1,-1,-1
462,6,1201.95,130.84,353.70,828.12,0.9069,-1,-1,-1
462,2,1001.81,208.64,128.47,453.02,0.7936,-1,-1,-1
463,48,736.57,239.22,80.78,334.09,0.7516,-1,-1,-1
463,46,935.85,289.05,79.35,236.63,0.7369,-1,-1,-1
463,43,642.53,293.07,91.23,278.56,0.7693,-1,-1,-1
463,39,1118.56,292.24,82.13,251.27,0.6626,-1,-1,-1
463,30,785.71,197.57,161.61,513.96,0.8200,-1,-1,-1
463,6,1203.37,131.95,353.12,819.21,0.9067,-1,-1,-1
463,2,1001.46,207.79,132.06,451.75,0.8012,-1,-1,-1
464,48,734.68,239.79,81.69,331.94,0.7740,-1,-1,-1
464,46,934.00,284.21,80.88,236.93,0.7362,-1,-1,-1
464,44,617.10,289.61,47.32,203.39,0.4234,-1,-1,-1
464,43,638.88,290.21,90.20,275.89,0.7706,-1,-1,-1
464,39,1117.53,287.03,82.02,254.67,0.6681,-1,-1,-1
464,30,781.67,189.43,165.36,511.06,0.8134,-1,-1,-1
464,6,1211.04,128.53,345.89,824.60,0.9035,-1,-1,-1
464,2,1001.65,206.75,135.14,451.95,0.8049,-1,-1,-1
465,48,728.61,232.43,85.35,337.04,0.7614,-1,-1,-1
465,46,933.71,279.38,80.23,240.24,0.7209,-1,-1,-1
465,43,636.03,283.76,91.00,284.67,0.7541,-1,-1,-1
465,39,1126.24,288.27,74.48,250.98,0.6099,-1,-1,-1
465,30,778.49,184.69,167.90,512.88,0.8151,-1,-1,-1
465,6,1212.15,122.77,343.12,832.17,0.9071,-1,-1,-1
465,2,1002.87,207.35,135.09,449.79,0.7877,-1,-1,-1
466,48,725.82,227.71,84.90,340.09,0.7359,-1,-1,-1
466,46,933.20,275.39,81.18,242.43,0.7320,-1,-1,-1
466,43,632.99,282.82,89.63,284.66,0.7080,-1,-1,-1
466,39,1128.20,285.97,69.63,251.32,0.5964,-1,-1,-1
466,30,772.85,179.94,172.45,512.97,0.8060,-1,-1,-1
466,6,1208.91,119.47,347.11,841.02,0.9075,-1,-1,-1
466,2,1003.21,205.05,135.86,445.46,0.7770,-1,-1,-1
467,48,718.05,223.81,89.43,344.51,0.7119,-1,-1,-1
467,46,931.18,275.21,83.63,242.48,0.7588,-1,-1,-1
467,43,622.88,276.14,95.88,294.72,0.7180,-1,-1,-1
467,39,1125.71,282.64,72.47,254.53,0.6251,-1,-1,-1
467,30,768.68,181.12,180.75,507.26,0.8206,-1,-1,-1
467,6,1203.84,119.22,352.53,845.64,0.9090,-1,-1,-1
467,2,1003.29,204.65,133.00,449.85,0.7821,-1,-1,-1
468,48,713.91,219.13,87.83,354.23,0.7289,-1,-1,-1
468,46,929.82,275.20,82.82,242.30,0.7662,-1,-1,-1
468,43,618.25,274.84,94.84,296.75,0.7475,-1,-1,-1
468,39,1119.36,279.74,77.57,254.11,0.5721,-1,-1,-1
468,30,767.77,179.61,176.36,509.63,0.8275,-1,-1,-1
468,6,1196.41,118.01,358.02,855.52,0.9129,-1,-1,-1
468,2,999.58,203.68,132.45,450.33,0.7759,-1,-1,-1
469,48,707.16,218.25,85.73,354.56,0.7502,-1,-1,-1
469,46,925.29,272.83,85.06,243.80,0.7716,-1,-1,-1
469,43,613.13,268.35,90.96,303.29,0.8043,-1,-1,-1
469,39,1111.54,279.95,85.66,254.72,0.5773,-1,-1,-1
469,30,765.02,180.37,173.92,507.01,0.8287,-1,-1,-1
469,6,1194.10,118.13,358.97,864.11,0.9113,-1,-1,-1
469,2,999.36,203.54,128.71,443.28,0.7854,-1,-1,-1
470,48,703.37,215.52,89.40,357.43,0.7714,-1,-1,-1
470,46,922.57,273.03,81.62,242.96,0.7861,-1,-1,-1
470,43,600.62,267.32,99.92,302.87,0.7811,-1,-1,-1
470,39,1111.31,277.40,82.36,258.32,0.6247,-1,-1,-1
470,30,763.24,175.88,177.24,516.16,0.8398,-1,-1,-1
470,6,1191.06,119.23,357.38,866.75,0.9142,-1,-1,-1
470,2,996.15,198.60,132.30,448.55,0.8001,-1,-1,-1
471,48,692.66,212.60,92.91,359.12,0.7392,-1,-1,-1
471,46,917.73,272.99,84.93,243.50,0.8014,-1,-1,-1
471,43,595.35,264.50,97.55,307.82,0.7759,-1,-1,-1
471,39,1106.03,272.11,80.66,261.30,0.5648,-1,-1,-1
471,30,761.38,174.74,174.41,513.35,0.8406,-1,-1,-1
471,6,1182.44,118.34,365.39,877.82,0.9087,-1,-1,-1
471,2,994.85,195.28,130.36,451.20,0.7971,-1,-1,-1
472,48,686.10,208.92,97.34,361.87,0.7864,-1,-1,-1
472,46,917.46,271.83,82.35,243.10,0.8046,-1,-1,-1
472,43,591.25,264.98,98.23,307.36,0.8216,-1,-1,-1
472,39,1104.30,271.01,82.03,266.05,0.6573,-1,-1,-1
472,30,754.43,174.15,177.03,512.61,0.8625,-1,-1,-1
472,6,1186.01,119.16,356.94,875.28,0.9108,-1,-1,-1
472,2,991.40,197.09,131.19,449.68,0.7828,-1,-1,-1
473,48,680.58,205.86,100.70,364.89,0.8142,-1,-1,-1
473,46,917.15,272.81,81.09,242.52,0.7933,-1,-1,-1
473,43,585.88,262.18,97.89,310.42,0.8205,-1,-1,-1
473,39,1103.69,271.19,86.18,266.17,0.6944,-1,-1,-1
473,30,757.26,174.43,174.87,514.29,0.8753,-1,-1,-1
473,6,1185.52,117.78,354.76,871.68,0.9106,-1,-1,-1
473,2,988.53,196.38,127.79,450.74,0.7749,-1,-1,-1
474,48,675.66,205.66,103.94,369.24,0.8079,-1,-1,-1
474,46,916.78,274.78,78.61,242.80,0.7575,-1,-1,-1
474,43,582.14,261.49,94.47,310.29,0.8551,-1,-1,-1
474,39,1101.08,269.12,81.29,268.31,0.7445,-1,-1,-1
474,30,759.60,176.01,172.65,513.61,0.8765,-1,-1,-1
474,6,1187.73,114.51,347.82,863.27,0.9124,-1,-1,-1
474,2,986.95,195.40,126.66,450.09,0.7775,-1,-1,-1
475,48,667.77,203.70,107.70,371.23,0.8245,-1,-1,-1
475,46,917.26,277.58,78.97,237.22,0.7594,-1,-1,-1
475,43,575.06,259.91,97.31,311.39,0.8384,-1,-1,-1
475,39,1096.65,266.88,80.06,267.84,0.7514,-1,-1,-1
475,30,759.56,176.00,174.68,514.23,0.8669,-1,-1,-1
475,6,1186.93,111.71,348.45,859.80,0.9117,-1,-1,-1
475,2,988.70,196.51,115.70,436.61,0.7674,-1,-1,-1
476,48,662.89,202.80,110.54,374.49,0.8287,-1,-1,-1
476,46,919.33,277.26,73.73,234.01,0.7494,-1,-1,-1
476,43,572.14,258.13,93.40,313.74,0.8237,-1,-1,-1
476,39,1098.76,263.51,75.71,271.16,0.7605,-1,-1,-1
476,30,760.71,176.36,176.13,512.10,0.8656,-1,-1,-1
476,6,1189.03,106.10,347.18,860.91,0.9087,-1,-1,-1
476,2,984.49,194.27,115.72,434.13,0.7693,-1,-1,-1
477,48,658.09,203.77,114.73,378.97,0.8370,-1,-1,-1
477,46,919.59,280.34,73.03,232.77,0.7562,-1,-1,-1
477,43,570.41,261.22,94.13,315.33,0.8305,-1,-1,-1
477,39,1098.96,263.70,75.39,272.14,0.7608,-1,-1,-1
477,30,765.14,177.99,173.65,510.84,0.8642,-1,-1,-1
477,6,1191.26,102.95,345.16,855.54,0.9085,-1,-1,-1
477,2,983.53,194.42,115.25,433.79,0.7661,-1,-1,-1
478,48,654.67,206.09,117.25,384.81,0.8425,-1,-1,-1
478,46,921.19,279.55,71.63,236.32,0.6688,-1,-1,-1
478,43,559.06,264.21,100.83,322.53,0.8093,-1,-1,-1
478,39,1096.40,265.97,77.67,272.08,0.7686,-1,-1,-1
478,30,769.79,179.40,172.61,509.35,0.8512,-1,-1,-1
478,6,1190.90,101.75,348.49,843.97,0.9090,-1,-1,-1
478,2,981.10,195.73,117.34,434.46,0.7655,-1,-1,-1
479,48,652.50,206.05,120.91,387.16,0.8356,-1,-1,-1
479,46,917.59,238.11,81.54,281.33,0.5579,-1,-1,-1
479,43,550.75,262.44,108.48,324.85,0.8061,-1,-1,-1
479,39,1097.10,265.88,76.48,273.33,0.7661,-1,-1,-1
479,30,774.93,179.24,172.20,506.83,0.8615,-1,-1,-1
479,6,1192.35,101.56,349.41,839.24,0.9118,-1,-1,-1
479,2,979.01,196.23,122.52,433.40,0.7524,-1,-1,-1
480,48,648.21,206.38,128.26,389.69,0.8165,-1,-1,-1
480,46,918.66,234.35,79.92,284.05,0.4916,-1,-1,-1
480,43,547.75,264.26,106.98,328.11,0.8073,-1,-1,-1
480,39,1097.01,266.41,77.62,276.52,0.7608,-1,-1,-1
480,30,777.42,180.74,174.55,503.24,0.8560,-1,-1,-1
480,6,1194.53,101.53,349.40,843.68,0.9095,-1,-1,-1
480,2,979.03,194.64,121.66,445.13,0.7588,-1,-1,-1
481,48,647.89,208.15,132.18,393.69,0.8177,-1,-1,-1
481,43,544.90,268.19,108.31,329.19,0.8049,-1,-1,-1
481,39,1096.93,272.78,80.11,271.14,0.7874,-1,-1,-1
481,30,781.99,179.80,171.91,502.94,0.8588,-1,-1,-1
481,6,1196.77,103.23,350.77,852.50,0.9125,-1,-1,-1
481,2,978.95,195.99,124.21,449.71,0.7733,-1,-1,-1
482,48,650.35,212.05,132.43,394.78,0.8243,-1,-1,-1
482,43,544.70,273.98,107.99,328.08,0.7956,-1,-1,-1
482,39,1097.62,276.51,80.82,270.34,0.7676,-1,-1,-1
482,30,785.36,186.67,176.78,502.71,0.8506,-1,-1,-1
482,6,1199.78,108.11,355.26,857.60,0.9113,-1,-1,-1
482,2,978.18,200.40,126.21,442.49,0.7632,-1,-1,-1
483,48,650.32,210.47,136.65,397.58,0.8171,-1,-1,-1
483,43,546.54,271.36,105.15,331.83,0.7802,-1,-1,-1
483,39,1101.11,274.83,85.41,275.15,0.7719,-1,-1,-1
483,30,788.77,183.20,177.55,508.05,0.8504,-1,-1,-1
483,6,1201.67,109.26,356.18,863.14,0.9092,-1,-1,-1
483,2,982.18,201.08,130.48,447.23,0.7988,-1,-1,-1
484,48,651.34,208.99,131.25,404.32,0.8115,-1,-1,-1
484,43,547.36,269.68,103.16,338.82,0.7711,-1,-1,-1
484,39,1102.53,275.84,88.22,274.23,0.7833,-1,-1,-1
484,30,799.27,183.11,170.49,509.72,0.8525,-1,-1,-1
484,6,1204.28,113.14,354.60,868.08,0.9080,-1,-1,-1
484,2,987.49,203.79,125.82,448.87,0.8213,-1,-1,-1
485,48,652.98,208.16,129.09,412.15,0.8023,-1,-1,-1
485,43,544.80,272.04,107.63,342.23,0.7959,-1,-1,-1
485,39,1105.01,274.90,86.17,279.34,0.7896,-1,-1,-1
485,30,805.76,190.84,172.03,500.17,0.8442,-1,-1,-1
485,6,1208.06,114.43,355.16,881.41,0.9014,-1,-1,-1
485,2,994.01,207.67,122.62,449.81,0.8211,-1,-1,-1
486,48,655.26,208.07,136.39,412.37,0.8149,-1,-1,-1
486,43,545.46,271.62,110.09,345.95,0.7994,-1,-1,-1
486,39,1104.76,279.85,97.85,276.31,0.7856,-1,-1,-1
486,30,811.41,192.00,171.87,506.37,0.8458,-1,-1,-1
486,6,1216.47,119.72,348.75,888.82,0.9044,-1,-1,-1
486,2,998.91,211.52,121.06,448.08,0.8138,-1,-1,-1
487,48,657.40,208.80,148.65,418.33,0.8053,-1,-1,-1
487,43,542.96,269.35,112.61,352.11,0.8127,-1,-1,-1
487,39,1113.30,283.03,92.93,280.02,0.7877,-1,-1,-1
487,30,819.29,195.02,171.49,512.70,0.8608,-1,-1,-1
487,6,1223.01,130.73,348.70,891.70,0.9047,-1,-1,-1
487,2,1005.10,217.86,121.25,448.55,0.7953,-1,-1,-1
488,48,660.13,211.30,146.99,418.84,0.8050,-1,-1,-1
488,43,543.45,271.75,113.54,354.93,0.8075,-1,-1,-1
488,39,1118.73,285.77,93.08,277.76,0.7799,-1,-1,-1
488,30,824.76,203.10,174.53,509.78,0.8573,-1,-1,-1
488,6,1225.56,138.66,348.47,893.28,0.9043,-1,-1,-1
488,2,1005.19,222.03,126.37,448.95,0.8014,-1,-1,-1
489,48,662.55,211.51,153.94,421.45,0.8041,-1,-1,-1
489,43,541.90,270.03,118.43,360.56,0.7907,-1,-1,-1
489,39,1129.60,292.83,88.26,277.15,0.7963,-1,-1,-1
489,30,833.57,207.03,178.48,510.21,0.8523,-1,-1,-1
489,6,1227.61,141.71,348.17,892.15,0.9077,-1,-1,-1
489,2,1012.12,228.93,121.18,440.97,0.7790,-1,-1,-1
490,48,664.42,213.18,153.48,426.68,0.7997,-1,-1,-1
490,43,535.58,271.81,130.42,363.06,0.7832,-1,-1,-1
490,39,1133.15,296.93,90.61,273.36,0.8022,-1,-1,-1
490,30,839.04,214.24,177.84,508.16,0.8673,-1,-1,-1
490,6,1230.05,143.04,350.96,889.70,0.9106,-1,-1,-1
490,2,1014.68,229.02,123.86,448.20,0.7753,-1,-1,-1
491,48,664.40,213.42,159.34,429.86,0.8143,-1,-1,-1
491,43,530.78,272.87,133.64,365.40,0.7804,-1,-1,-1
491,39,1135.66,300.09,92.94,273.18,0.8190,-1,-1,-1
491,30,844.05,218.64,178.51,508.30,0.8650,-1,-1,-1
491,6,1227.80,142.49,356.12,894.32,0.9101,-1,-1,-1
491,2,1015.71,227.83,123.47,448.47,0.7797,-1,-1,-1
492,48,666.24,213.55,157.47,432.16,0.8303,-1,-1,-1
492,43,526.57,273.25,142.36,366.41,0.8083,-1,-1,-1
492,39,1136.38,304.48,96.22,275.00,0.8234,-1,-1,-1
492,30,847.90,224.70,177.54,507.25,0.8460,-1,-1,-1
492,6,1224.79,141.31,367.91,894.41,0.9084,-1,-1,-1
492,2,1013.87,231.67,126.37,452.04,0.7855,-1,-1,-1
493,48,660.11,213.41,160.18,436.21,0.8137,-1,-1,-1
493,43,523.29,274.45,143.66,368.97,0.7979,-1,-1,-1
493,39,1135.34,309.25,100.29,272.25,0.8217,-1,-1,-1
493,30,850.89,231.11,172.80,505.10,0.8307,-1,-1,-1
493,6,1222.68,136.06,361.15,903.70,0.8988,-1,-1,-1
493,2,1015.13,232.45,128.36,452.77,0.8114,-1,-1,-1
494,48,659.85,213.30,157.70,444.13,0.8269,-1,-1,-1
494,43,519.93,275.76,144.92,376.24,0.8202,-1,-1,-1
494,39,1133.99,311.01,102.73,271.71,0.7904,-1,-1,-1
494,30,855.27,230.29,173.55,494.59,0.8310,-1,-1,-1
494,6,1217.67,133.56,352.39,891.54,0.8984,-1,-1,-1
494,2,1014.32,233.20,127.53,448.09,0.8162,-1,-1,-1
495,48,654.91,213.11,162.42,451.72,0.8197,-1,-1,-1
495,43,516.02,278.09,145.57,380.02,0.7914,-1,-1,-1
495,39,1136.53,312.27,99.39,274.29,0.7830,-1,-1,-1
495,30,858.89,229.89,171.30,496.16,0.8383,-1,-1,-1
495,6,1212.97,131.17,354.55,884.85,0.9057,-1,-1,-1
495,2,1009.09,234.17,129.39,447.22,0.8093,-1,-1,-1
496,48,643.95,213.93,173.78,454.97,0.8376,-1,-1,-1
496,43,512.94,281.76,143.66,381.91,0.8009,-1,-1,-1
496,39,1141.53,312.76,96.55,275.53,0.7658,-1,-1,-1
496,30,859.70,229.50,172.91,496.03,0.8126,-1,-1,-1
496,6,1213.97,127.40,351.59,879.86,0.9091,-1,-1,-1
496,2,1010.30,234.73,128.84,445.01,0.8064,-1,-1,-1
497,48,637.28,213.38,179.16,456.27,0.8460,-1,-1,-1
497,43,509.38,283.41,143.71,384.10,0.8177,-1,-1,-1
497,39,1141.88,312.57,96.84,279.01,0.7443,-1,-1,-1
497,30,860.08,229.22,175.01,468.01,0.8114,-1,-1,-1
497,6,1212.29,121.53,352.07,887.22,0.9161,-1,-1,-1
497,2,1009.02,234.09,129.41,446.61,0.8104,-1,-1,-1
498,48,634.26,212.84,177.49,460.33,0.8765,-1,-1,-1
498,43,507.62,286.19,137.47,382.46,0.8259,-1,-1,-1
498,39,1141.76,312.47,97.05,279.59,0.7720,-1,-1,-1
498,30,859.28,228.75,177.63,456.73,0.8131,-1,-1,-1
498,6,1210.38,118.33,352.77,897.73,0.9114,-1,-1,-1
498,2,1008.02,235.23,129.79,447.35,0.8242,-1,-1,-1
499,48,629.51,214.69,173.16,463.67,0.8769,-1,-1,-1
499,43,498.53,287.59,143.96,387.17,0.8102,-1,-1,-1
499,39,1143.58,311.88,95.14,283.51,0.7385,-1,-1,-1
499,30,859.01,227.25,178.59,491.39,0.8188,-1,-1,-1
499,6,1211.36,115.62,351.47,908.00,0.9119,-1,-1,-1
499,2,1008.00,233.07,128.96,449.81,0.8060,-1,-1,-1
500,48,624.78,214.17,171.02,472.75,0.8412,-1,-1,-1
500,43,493.68,290.10,142.11,391.02,0.8254,-1,-1,-1
500,39,1141.30,312.47,97.50,285.67,0.7396,-1,-1,-1
500,30,859.28,226.32,176.58,487.72,0.8309,-1,-1,-1
500,6,1208.06,114.61,354.80,919.10,0.9101,-1,-1,-1
500,2,1008.69,232.59,125.66,453.60,0.8009,-1,-1,-1
501,48,621.99,212.14,169.51,482.49,0.8424,-1,-1,-1
501,43,486.64,283.29,143.33,400.10,0.8324,-1,-1,-1
501,39,1143.33,312.02,95.17,284.27,0.7571,-1,-1,-1
501,30,857.22,226.73,179.62,492.15,0.8407,-1,-1,-1
501,6,1208.16,114.51,353.96,926.61,0.9116,-1,-1,-1
501,2,1007.63,233.42,127.22,453.76,0.8118,-1,-1,-1
502,48,615.95,213.23,174.75,484.62,0.8390,-1,-1,-1
502,43,480.58,282.95,140.64,405.68,0.8264,-1,-1,-1
502,39,1141.79,311.41,96.95,283.31,0.7960,-1,-1,-1
502,30,858.20,227.51,180.52,489.05,0.8464,-1,-1,-1
502,6,1208.95,114.76,352.23,931.26,0.9147,-1,-1,-1
502,2,1004.12,235.43,128.76,453.05,0.8182,-1,-1,-1
503,48,608.98,206.52,164.34,487.55,0.8485,-1,-1,-1
503,43,470.73,277.35,142.10,411.34,0.8174,-1,-1,-1
503,39,1138.37,309.14,96.97,285.12,0.8152,-1,-1,-1
503,30,855.23,225.59,179.57,497.05,0.8427,-1,-1,-1
503,6,1208.64,116.36,351.58,933.56,0.9156,-1,-1,-1
503,2,1002.02,235.43,131.65,448.70,0.8121,-1,-1,-1
504,48,601.46,196.10,168.45,501.00,0.8540,-1,-1,-1
504,43,461.85,274.84,145.20,414.97,0.8152,-1,-1,-1
504,39,1136.80,305.50,98.98,288.96,0.8100,-1,-1,-1
504,30,851.97,224.87,183.32,492.00,0.8407,-1,-1,-1
504,6,1206.83,117.02,352.69,937.89,0.9172,-1,-1,-1
504,2,1001.98,233.66,128.62,448.08,0.8055,-1,-1,-1
505,48,590.43,195.12,173.68,504.13,0.8637,-1,-1,-1
505,43,451.72,269.07,144.66,422.93,0.8092,-1,-1,-1
505,39,1135.45,302.42,97.59,288.18,0.8119,-1,-1,-1
505,30,854.96,225.03,183.44,496.24,0.8216,-1,-1,-1
505,6,1208.20,116.06,352.61,942.33,0.9195,-1,-1,-1
505,2,1005.43,230.24,118.54,449.14,0.7632,-1,-1,-1
506,48,581.89,188.08,168.39,507.60,0.8525,-1,-1,-1
506,43,440.56,266.18,153.18,428.09,0.8198,-1,-1,-1
506,39,1128.92,299.19,105.05,290.37,0.8075,-1,-1,-1
506,30,854.53,224.04,183.21,504.02,0.8189,-1,-1,-1
506,6,1207.81,114.14,353.48,945.07,0.9161,-1,-1,-1
506,2,1002.74,232.60,118.97,439.45,0.7541,-1,-1,-1
507,48,572.86,186.54,169.57,507.41,0.8499,-1,-1,-1
507,43,432.10,262.17,150.17,435.40,0.8505,-1,-1,-1
507,39,1129.35,297.31,102.53,290.90,0.8150,-1,-1,-1
507,30,856.49,224.91,179.93,505.61,0.8120,-1,-1,-1
507,6,1210.90,111.99,351.06,933.98,0.9159,-1,-1,-1
507,2,1000.87,233.03,118.45,440.57,0.7592,-1,-1,-1
508,48,562.70,180.10,169.26,519.89,0.8463,-1,-1,-1
508,43,418.00,258.81,149.85,439.84,0.8383,-1,-1,-1
508,39,1133.04,296.25,96.67,290.08,0.7947,-1,-1,-1
508,30,854.39,229.71,175.86,497.97,0.8231,-1,-1,-1
508,6,1211.97,107.95,348.53,932.79,0.9172,-1,-1,-1
508,2,1004.02,227.33,107.37,447.61,0.7306,-1,-1,-1
509,48,550.11,174.31,173.14,527.28,0.8656,-1,-1,-1
509,43,408.73,255.20,149.20,443.77,0.8461,-1,-1,-1
509,39,1127.32,295.50,96.26,289.46,0.7946,-1,-1,-1
509,30,854.49,228.83,173.36,492.28,0.8008,-1,-1,-1
509,6,1210.38,104.52,348.13,934.00,0.9159,-1,-1,-1
509,2,1002.60,226.98,96.63,449.89,0.7387,-1,-1,-1
510,48,535.96,169.93,179.12,535.82,0.8797,-1,-1,-1
510,43,393.44,253.86,149.53,451.05,0.8395,-1,-1,-1
510,39,1121.51,293.41,98.18,290.74,0.8058,-1,-1,-1
510,30,851.25,228.15,172.34,488.90,0.7936,-1,-1,-1
510,6,1207.43,100.64,356.36,932.83,0.9113,-1,-1,-1
510,2,998.36,227.74,97.84,448.41,0.7139,-1,-1,-1
511,50,1071.23,311.18,58.69,204.24,0.5246,-1,-1,-1
511,48,523.20,170.72,178.06,537.05,0.8656,-1,-1,-1
511,43,375.38,251.56,159.33,461.49,0.8520,-1,-1,-1
511,39,1119.40,289.41,96.74,295.17,0.8112,-1,-1,-1
511,30,860.06,225.63,160.14,484.19,0.7535,-1,-1,-1
511,6,1204.78,94.31,358.94,920.93,0.9118,-1,-1,-1
511,2,993.27,219.25,100.58,460.26,0.6834,-1,-1,-1
512,50,1067.45,307.14,59.13,202.01,0.4561,-1,-1,-1
512,48,511.31,168.45,183.75,547.32,0.8664,-1,-1,-1
512,43,362.87,251.50,159.22,470.55,0.8267,-1,-1,-1
512,39,1114.48,284.90,97.77,297.55,0.7845,-1,-1,-1
512,30,856.38,219.27,160.44,481.92,0.7487,-1,-1,-1
512,6,1204.85,87.17,354.41,906.45,0.9077,-1,-1,-1
512,2,990.35,216.32,102.11,465.19,0.6843,-1,-1,-1
513,50,1060.65,308.76,63.65,203.82,0.5035,-1,-1,-1
513,48,500.89,161.61,189.26,560.68,0.8584,-1,-1,-1
513,43,350.61,246.14,161.54,481.31,0.8542,-1,-1,-1
513,39,1111.64,284.03,97.73,296.32,0.7458,-1,-1,-1
513,30,851.61,214.50,161.60,483.38,0.8257,-1,-1,-1
513,6,1207.16,83.04,351.42,899.26,0.9028,-1,-1,-1
513,2,989.08,222.28,83.60,451.65,0.6105,-1,-1,-1
514,50,1059.64,299.08,61.96,214.29,0.4239,-1,-1,-1
514,48,488.00,157.69,197.08,572.24,0.8478,-1,-1,-1
514,43,341.40,247.09,164.61,475.60,0.8289,-1,-1,-1
514,39,1108.57,277.99,100.15,297.36,0.7841,-1,-1,-1
514,30,850.87,205.26,159.37,488.68,0.7775,-1,-1,-1
514,6,1211.20,74.38,348.17,899.29,0.9053,-1,-1,-1
514,2,987.46,212.53,89.59,451.62,0.6747,-1,-1,-1
515,50,1057.31,293.00,57.50,222.12,0.4458,-1,-1,-1
515,48,481.00,155.24,197.18,580.53,0.8480,-1,-1,-1
515,43,329.38,245.65,169.19,480.76,0.8545,-1,-1,-1
515,39,1104.84,274.59,101.99,298.88,0.8049,-1,-1,-1
515,30,850.37,204.34,158.24,486.44,0.7923,-1,-1,-1
515,6,1213.89,68.20,345.72,906.09,0.9065,-1,-1,-1
515,2,987.76,210.59,90.16,452.75,0.6658,-1,-1,-1
516,50,1054.33,296.39,61.06,215.57,0.4492,-1,-1,-1
516,48,470.15,151.50,205.90,586.06,0.8653,-1,-1,-1
516,43,317.81,244.73,173.39,491.68,0.8638,-1,-1,-1
516,39,1105.03,273.22,100.51,298.97,0.8175,-1,-1,-1
516,30,848.64,201.95,158.91,486.92,0.8173,-1,-1,-1
516,6,1217.36,62.72,342.01,911.85,0.9067,-1,-1,-1
516,2,987.66,205.21,88.71,448.35,0.6720,-1,-1,-1
517,50,1055.37,295.66,60.93,212.79,0.5301,-1,-1,-1
517,48,465.58,151.17,208.83,596.02,0.8866,-1,-1,-1
517,43,308.95,239.79,171.37,505.66,0.8547,-1,-1,-1
517,39,1105.93,270.88,101.03,301.01,0.8209,-1,-1,-1
517,30,851.05,198.66,155.16,490.26,0.8157,-1,-1,-1
517,6,1219.53,59.88,340.97,921.01,0.9086,-1,-1,-1
517,2,987.93,203.74,84.99,437.66,0.6634,-1,-1,-1
518,50,1053.77,287.41,56.10,219.68,0.4939,-1,-1,-1
518,48,459.47,147.22,213.19,605.85,0.8801,-1,-1,-1
518,43,299.17,234.42,173.74,519.01,0.8636,-1,-1,-1
518,39,1103.41,268.72,104.97,305.33,0.8106,-1,-1,-1
518,30,852.19,197.46,153.10,493.35,0.7925,-1,-1,-1
518,6,1219.88,57.81,341.64,932.01,0.9090,-1,-1,-1
518,2,987.95,201.22,82.33,437.03,0.6681,-1,-1,-1
519,50,1056.08,291.10,57.03,220.54,0.5484,-1,-1,-1
519,48,452.12,143.47,218.28,615.72,0.8662,-1,-1,-1
519,43,290.55,230.16,177.13,530.22,0.8637,-1,-1,-1
519,39,1100.71,264.21,107.59,308.50,0.8083,-1,-1,-1
519,30,851.12,196.54,155.01,494.43,0.7934,-1,-1,-1
519,6,1220.52,57.76,341.40,935.07,0.9035,-1,-1,-1
519,2,987.55,199.35,82.02,436.69,0.6408,-1,-1,-1
520,50,1056.50,285.28,53.45,221.69,0.5423,-1,-1,-1
520,48,448.11,139.33,222.83,624.12,0.8580,-1,-1,-1
520,43,278.60,225.34,183.27,535.43,0.8732,-1,-1,-1
520,39,1102.49,264.98,107.79,304.63,0.8027,-1,-1,-1
520,30,853.25,193.88,153.09,496.20,0.7844,-1,-1,-1
520,6,1226.61,56.18,337.52,943.64,0.9025,-1,-1,-1
520,2,987.30,196.53,82.03,439.63,0.6354,-1,-1,-1
521,50,1060.00,296.98,56.87,211.19,0.5823,-1,-1,-1
521,48,446.85,135.57,225.67,630.91,0.8568,-1,-1,-1
521,43,273.21,228.53,185.28,535.60,0.8841,-1,-1,-1
521,39,1108.44,264.77,108.75,306.77,0.7961,-1,-1,-1
521,30,856.98,197.83,151.07,496.06,0.7854,-1,-1,-1
521,6,1231.24,60.06,336.40,948.30,0.9021,-1,-1,-1
521,2,989.73,197.01,82.23,440.42,0.6696,-1,-1,-1
522,50,1059.75,283.67,56.38,216.20,0.5762,-1,-1,-1
522,48,443.67,129.93,228.77,638.84,0.8674,-1,-1,-1
522,43,266.13,223.18,187.92,544.36,0.8765,-1,-1,-1
522,39,1108.34,262.21,106.96,306.32,0.7994,-1,-1,-1
522,30,858.43,198.88,151.09,492.19,0.8089,-1,-1,-1
522,6,1233.51,58.03,330.18,957.07,0.9047,-1,-1,-1
522,2,989.56,195.84,82.10,442.13,0.6518,-1,-1,-1
523,50,1059.76,285.16,60.12,215.16,0.6364,-1,-1,-1
523,48,436.68,117.82,234.55,655.19,0.8748,-1,-1,-1
523,43,254.60,217.21,198.50,552.72,0.8787,-1,-1,-1
523,39,1107.66,259.93,109.67,304.97,0.7870,-1,-1,-1
523,30,862.95,197.58,148.57,492.46,0.8159,-1,-1,-1
523,6,1234.15,55.17,325.74,965.40,0.9078,-1,-1,-1
523,2,990.07,193.69,83.04,447.04,0.6679,-1,-1,-1
524,50,1059.75,281.74,62.18,217.46,0.6619,-1,-1,-1
524,48,433.10,118.00,237.79,658.35,0.8760,-1,-1,-1
524,43,248.32,215.85,201.87,562.06,0.8795,-1,-1,-1
524,39,1105.85,258.54,114.12,306.77,0.7973,-1,-1,-1
524,30,869.07,199.23,145.56,491.52,0.8326,-1,-1,-1
524,6,1235.86,53.73,324.00,962.12,0.9067,-1,-1,-1
524,2,993.69,198.95,79.92,451.03,0.6185,-1,-1,-1
525,50,1065.02,280.25,61.96,219.21,0.6510,-1,-1,-1
525,48,432.87,112.68,241.61,666.79,0.8756,-1,-1,-1
525,43,240.48,212.74,203.40,566.49,0.8767,-1,-1,-1
525,39,1111.45,256.81,114.47,307.01,0.8081,-1,-1,-1
525,30,872.93,200.16,149.67,490.69,0.8533,-1,-1,-1
525,6,1235.36,48.89,328.72,966.19,0.9048,-1,-1,-1
525,2,994.68,202.49,84.56,438.11,0.5598,-1,-1,-1
526,50,1069.77,276.78,59.38,221.66,0.7117,-1,-1,-1
526,48,429.54,110.73,248.12,670.78,0.8779,-1,-1,-1
526,43,232.15,209.81,206.16,574.04,0.8670,-1,-1,-1
526,39,1114.13,255.87,117.73,311.16,0.8281,-1,-1,-1
526,30,877.45,199.28,149.93,493.90,0.8615,-1,-1,-1
526,6,1239.70,48.07,328.42,964.34,0.9025,-1,-1,-1
526,2,996.24,202.53,88.34,445.70,0.5400,-1,-1,-1
527,50,1072.14,279.09,62.92,225.31,0.7563,-1,-1,-1
527,48,424.64,111.11,255.81,673.34,0.8746,-1,-1,-1
527,43,224.76,205.27,206.82,584.54,0.8560,-1,-1,-1
527,39,1117.21,259.31,119.65,308.83,0.8428,-1,-1,-1
527,30,880.12,200.74,151.80,491.38,0.8385,-1,-1,-1
527,6,1244.53,49.62,326.21,961.82,0.9087,-1,-1,-1
527,2,996.99,204.09,91.28,448.20,0.6072,-1,-1,-1
528,50,1078.95,278.03,62.85,224.67,0.7222,-1,-1,-1
528,48,420.28,108.06,260.60,681.16,0.8840,-1,-1,-1
528,43,223.95,206.15,209.26,589.48,0.8461,-1,-1,-1
528,39,1125.95,260.53,111.52,310.25,0.8395,-1,-1,-1
528,30,877.93,199.55,157.74,492.99,0.8258,-1,-1,-1
528,6,1242.40,46.42,332.80,963.52,0.9093,-1,-1,-1
528,2,999.31,202.91,93.18,451.26,0.5893,-1,-1,-1
529,50,1085.03,284.15,58.55,226.22,0.7213,-1,-1,-1
529,48,415.53,104.18,269.48,693.43,0.8815,-1,-1,-1
529,43,222.58,205.91,209.62,608.87,0.8253,-1,-1,-1
529,39,1133.30,261.58,108.14,311.63,0.8124,-1,-1,-1
529,30,875.93,198.40,158.22,489.77,0.8118,-1,-1,-1
529,6,1242.04,47.80,335.44,953.53,0.9104,-1,-1,-1
529,2,1002.00,202.99,90.13,452.47,0.6239,-1,-1,-1
530,50,1089.31,298.40,61.74,208.63,0.6529,-1,-1,-1
530,48,402.94,101.17,282.46,713.53,0.8805,-1,-1,-1
530,43,212.87,206.27,218.66,630.54,0.8274,-1,-1,-1
530,39,1137.37,262.05,107.52,313.83,0.8001,-1,-1,-1
530,30,889.09,196.48,144.11,490.86,0.7796,-1,-1,-1
530,6,1246.98,49.14,342.77,938.81,0.9048,-1,-1,-1
530,2,1008.63,208.44,87.35,451.65,0.7041,-1,-1,-1
531,50,1093.91,293.07,64.17,213.48,0.7255,-1,-1,-1
531,48,401.11,93.72,283.62,743.21,0.8830,-1,-1,-1
531,43,208.33,208.91,218.07,635.31,0.8439,-1,-1,-1
531,39,1143.94,264.98,106.02,311.31,0.8074,-1,-1,-1
531,30,877.83,195.35,159.27,491.46,0.7958,-1,-1,-1
531,6,1247.83,48.84,345.64,937.47,0.9106,-1,-1,-1
531,2,1010.38,206.60,93.02,458.97,0.7155,-1,-1,-1
532,50,1099.79,293.75,60.29,216.38,0.7343,-1,-1,-1
532,48,396.84,92.24,288.67,757.71,0.8872,-1,-1,-1
532,43,203.34,211.71,222.48,633.89,0.8572,-1,-1,-1
532,39,1146.80,264.94,105.97,313.79,0.8130,-1,-1,-1
532,30,887.30,198.26,156.47,486.34,0.8205,-1,-1,-1
532,6,1250.46,47.20,349.20,949.31,0.9081,-1,-1,-1
532,2,1013.64,201.15,92.32,462.81,0.6443,-1,-1,-1
533,50,1102.99,284.70,61.94,226.25,0.6588,-1,-1,-1
533,48,387.39,90.97,297.89,762.91,0.8827,-1,-1,-1
533,43,197.08,214.26,221.60,640.57,0.8669,-1,-1,-1
533,39,1151.52,269.53,105.59,315.11,0.8025,-1,-1,-1
533,30,892.66,200.32,153.65,485.84,0.8352,-1,-1,-1
533,6,1252.92,48.14,355.68,955.69,0.9007,-1,-1,-1
533,2,1015.68,202.99,92.43,460.15,0.7143,-1,-1,-1
534,50,1106.23,286.97,64.44,232.56,0.5999,-1,-1,-1
534,48,380.34,90.57,303.73,763.99,0.8851,-1,-1,-1
534,43,188.52,216.74,221.56,641.76,0.8753,-1,-1,-1
534,39,1154.22,270.38,106.91,316.23,0.7683,-1,-1,-1
534,30,895.88,201.63,153.26,496.52,0.8348,-1,-1,-1
534,6,1260.55,44.55,358.74,966.65,0.9036,-1,-1,-1
534,2,1015.91,198.00,91.90,466.38,0.6621,-1,-1,-1
535,50,1106.44,289.21,59.92,231.58,0.4046,-1,-1,-1
535,48,373.38,87.01,303.88,778.19,0.8756,-1,-1,-1
535,43,178.90,210.42,228.04,676.56,0.8801,-1,-1,-1
535,39,1152.91,269.89,113.33,317.20,0.7881,-1,-1,-1
535,30,896.03,205.04,153.86,492.83,0.8421,-1,-1,-1
535,6,1263.55,43.30,358.02,978.53,0.9082,-1,-1,-1
535,2,1017.62,199.41,94.88,472.35,0.6858,-1,-1,-1
536,48,370.89,82.72,300.47,808.41,0.8699,-1,-1,-1
536,43,167.06,208.67,234.37,683.11,0.8808,-1,-1,-1
536,39,1154.71,269.46,112.30,317.83,0.8017,-1,-1,-1
536,30,900.48,205.34,152.04,494.78,0.8318,-1,-1,-1
536,6,1263.21,41.65,366.77,988.04,0.9050,-1,-1,-1
536,2,1019.19,196.99,92.84,468.12,0.7119,-1,-1,-1
537,48,362.66,78.92,301.99,830.43,0.8743,-1,-1,-1
537,43,151.08,205.23,241.52,694.68,0.8765,-1,-1,-1
537,39,1155.73,269.96,111.44,318.03,0.7666,-1,-1,-1
537,30,903.01,210.07,150.83,492.76,0.8226,-1,-1,-1
537,6,1263.97,40.91,371.40,994.40,0.9049,-1,-1,-1
537,2,1019.78,199.01,92.86,462.44,0.6987,-1,-1,-1
538,48,350.16,66.78,298.79,849.12,0.8846,-1,-1,-1
538,43,135.86,198.63,244.46,708.94,0.8730,-1,-1,-1
538,39,1158.42,268.41,109.84,321.28,0.8011,-1,-1,-1
538,30,904.03,212.75,152.14,490.09,0.8180,-1,-1,-1
538,6,1267.03,41.24,375.88,1000.65,0.9047,-1,-1,-1
538,2,1020.00,200.61,100.94,459.41,0.7036,-1,-1,-1
539,48,341.96,53.00,306.82,866.12,0.8803,-1,-1,-1
539,43,110.80,187.99,251.47,721.82,0.8693,-1,-1,-1
539,39,1154.68,265.23,110.56,323.52,0.7895,-1,-1,-1
539,30,902.92,211.75,151.05,491.64,0.8158,-1,-1,-1
539,6,1268.50,40.13,377.93,1007.98,0.9043,-1,-1,-1
539,2,1020.44,200.00,103.97,450.48,0.7193,-1,-1,-1
540,48,326.36,50.80,310.17,872.52,0.8769,-1,-1,-1
540,43,98.81,178.85,243.10,736.13,0.8850,-1,-1,-1
540,39,1151.48,266.11,109.02,322.29,0.7977,-1,-1,-1
540,30,903.33,212.40,151.74,490.54,0.8092,-1,-1,-1
540,6,1273.16,41.61,374.20,1014.49,0.9040,-1,-1,-1
540,2,1021.35,198.43,91.82,453.96,0.6251,-1,-1,-1
541,48,302.73,42.02,310.22,887.14,0.8858,-1,-1,-1
541,43,75.70,180.10,253.03,744.11,0.8952,-1,-1,-1
541,39,1135.22,268.53,118.75,321.61,0.7811,-1,-1,-1
541,30,903.46,213.08,149.81,485.34,0.8052,-1,-1,-1
541,6,1271.85,51.36,377.27,1010.27,0.9000,-1,-1,-1
541,2,1018.26,200.08,96.36,454.14,0.7096,-1,-1,-1
542,51,584.72,291.55,70.16,250.68,0.6275,-1,-1,-1
542,48,289.15,34.28,305.10,901.70,0.8866,-1,-1,-1
542,43,52.05,167.18,257.78,754.47,0.8871,-1,-1,-1
542,39,1140.28,266.81,110.56,323.56,0.8211,-1,-1,-1
542,30,896.67,211.80,151.03,488.54,0.7968,-1,-1,-1
542,6,1272.35,53.58,377.80,1005.45,0.8952,-1,-1,-1
542,2,1016.52,198.67,85.63,455.07,0.6570,-1,-1,-1
543,51,581.66,287.26,75.47,255.74,0.5997,-1,-1,-1
543,48,258.47,19.70,324.67,919.46,0.8778,-1,-1,-1
543,43,28.08,159.28,263.46,770.81,0.8897,-1,-1,-1
543,39,1132.16,265.30,111.09,321.29,0.7961,-1,-1,-1
543,30,891.53,208.69,153.09,489.95,0.8218,-1,-1,-1
543,6,1276.54,51.84,375.42,1001.27,0.8989,-1,-1,-1
543,2,1017.39,194.91,82.57,455.33,0.6311,-1,-1,-1
544,51,579.42,286.93,74.35,257.61,0.6436,-1,-1,-1
544,48,253.93,11.22,311.90,936.95,0.8982,-1,-1,-1
544,43,4.59,154.46,271.58,781.65,0.8870,-1,-1,-1
544,39,1116.82,262.77,122.07,327.77,0.8359,-1,-1,-1
544,30,891.48,204.77,152.11,486.32,0.8170,-1,-1,-1
544,6,1278.34,52.49,374.21,1006.52,0.8984,-1,-1,-1
544,2,1014.94,190.86,85.74,461.20,0.5610,-1,-1,-1
545,51,577.85,290.12,72.61,254.40,0.6479,-1,-1,-1
545,48,220.02,4.18,330.38,950.25,0.8900,-1,-1,-1
545,43,0.00,146.80,254.98,802.05,0.8815,-1,-1,-1
545,39,1108.82,264.78,125.58,328.53,0.8420,-1,-1,-1
545,30,889.57,203.83,151.59,483.24,0.8098,-1,-1,-1
545,6,1280.62,54.12,372.25,1000.41,0.9040,-1,-1,-1
545,2,1011.93,201.15,85.94,459.35,0.6113,-1,-1,-1
546,51,574.19,288.71,70.76,253.20,0.6970,-1,-1,-1
546,48,201.06,5.40,339.54,959.24,0.9040,-1,-1,-1
546,43,0.00,141.85,236.59,825.11,0.8869,-1,-1,-1
546,39,1110.54,269.17,119.07,323.97,0.8204,-1,-1,-1
546,30,884.27,202.28,156.62,484.43,0.8077,-1,-1,-1
546,6,1279.47,54.46,372.81,999.95,0.9042,-1,-1,-1
546,2,1009.48,199.37,94.20,443.51,0.4933,-1,-1,-1
547,51,568.48,289.86,61.15,254.36,0.6276,-1,-1,-1
547,48,181.57,2.57,346.75,967.00,0.8975,-1,-1,-1
547,43,0.18,132.27,219.64,839.95,0.8793,-1,-1,-1
547,39,1112.71,268.57,109.39,323.05,0.7744,-1,-1,-1
547,30,878.46,201.34,155.64,485.07,0.8088,-1,-1,-1
547,6,1278.73,53.48,370.06,991.85,0.9079,-1,-1,-1
547,2,1003.02,199.76,104.34,448.10,0.6080,-1,-1,-1
548,51,563.03,287.46,61.92,259.39,0.6731,-1,-1,-1
548,48,158.87,3.33,362.29,987.71,0.8995,-1,-1,-1
548,43,0.76,125.09,203.72,841.54,0.8607,-1,-1,-1
548,39,1097.46,269.99,116.61,325.62,0.8085,-1,-1,-1
548,30,873.92,202.70,156.10,486.27,0.8152,-1,-1,-1
548,6,1278.48,52.57,367.71,978.04,0.9042,-1,-1,-1
548,2,1000.31,202.75,117.84,447.83,0.6326,-1,-1,-1
549,51,555.19,291.68,64.19,253.76,0.6636,-1,-1,-1
549,48,113.18,1.46,402.79,1028.50,0.8784,-1,-1,-1
549,43,0.93,127.79,194.88,847.33,0.8491,-1,-1,-1
549,39,1097.61,271.73,111.64,323.34,0.8208,-1,-1,-1
549,30,868.41,202.18,151.09,490.96,0.8359,-1,-1,-1
549,6,1277.78,50.07,364.30,967.75,0.9045,-1,-1,-1
549,2,994.56,218.24,132.43,430.07,0.6795,-1,-1,-1
550,52,1624.25,291.24,62.27,163.99,0.4780,-1,-1,-1
550,51,546.17,285.87,72.43,261.33,0.6643,-1,-1,-1
550,50,1097.79,272.39,103.05,323.51,0.8088,-1,-1,-1
550,48,89.65,2.73,398.92,1065.12,0.8849,-1,-1,-1
550,43,0.11,163.82,154.46,820.05,0.8165,-1,-1,-1
550,30,866.53,203.95,152.37,493.11,0.8402,-1,-1,-1
550,6,1277.22,48.52,361.69,971.97,0.9036,-1,-1,-1
550,2,1026.47,275.99,109.12,348.37,0.6143,-1,-1,-1
551,52,1620.76,284.34,64.68,171.69,0.4940,-1,-1,-1
551,51,540.91,280.36,63.24,268.34,0.7285,-1,-1,-1
551,48,63.53,1.28,405.57,1073.96,0.8871,-1,-1,-1
551,43,0.27,254.77,143.91,732.36,0.8401,-1,-1,-1
551,39,1094.62,274.26,103.29,321.07,0.7984,-1,-1,-1
551,30,864.99,208.39,147.75,487.48,0.8466,-1,-1,-1
551,6,1276.21,47.84,362.05,984.94,0.8995,-1,-1,-1
551,2,1023.58,287.72,111.26,339.11,0.6775,-1,-1,-1
552,53,975.16,212.34,85.37,412.22,0.4474,-1,-1,-1
552,51,534.12,283.36,69.61,267.05,0.7324,-1,-1,-1
552,48,24.33,3.72,424.91,1068.72,0.9076,-1,-1,-1
552,43,0.06,239.21,125.04,752.67,0.7942,-1,-1,-1
552,39,1094.90,276.98,96.99,320.47,0.7477,-1,-1,-1
552,30,858.90,212.98,148.08,480.00,0.8403,-1,-1,-1
552,6,1276.39,48.67,359.23,991.98,0.8993,-1,-1,-1
552,2,1013.70,283.14,124.25,348.52,0.6551,-1,-1,-1
553,53,972.68,212.50,85.81,423.02,0.5704,-1,-1,-1
553,51,529.59,290.97,70.11,260.84,0.7055,-1,-1,-1
553,48,0.75,1.98,437.97,1064.89,0.9053,-1,-1,-1
553,43,0.00,233.17,115.40,765.50,0.4722,-1,-1,-1
553,39,1097.44,275.90,87.54,319.79,0.7467,-1,-1,-1
553,30,852.06,216.34,146.03,480.42,0.8145,-1,-1,-1
553,6,1280.28,47.41,353.94,998.95,0.8958,-1,-1,-1
553,2,1014.54,271.00,122.90,364.63,0.6265,-1,-1,-1
554,53,964.37,213.61,85.08,468.53,0.6286,-1,-1,-1
554,52,1612.56,288.00,71.54,170.38,0.5707,-1,-1,-1
554,51,526.99,286.29,70.34,268.70,0.7212,-1,-1,-1
554,48,0.00,4.12,429.85,1062.08,0.9108,-1,-1,-1
554,39,1096.25,277.50,89.96,328.73,0.6848,-1,-1,-1
554,30,851.73,221.11,136.95,480.56,0.8399,-1,-1,-1
554,6,1274.71,47.34,352.46,1004.95,0.9026,-1,-1,-1
554,2,1018.42,268.45,117.32,371.10,0.6175,-1,-1,-1
555,53,960.16,214.78,87.25,464.82,0.6514,-1,-1,-1
555,52,1605.96,291.20,77.13,169.29,0.6567,-1,-1,-1
555,51,522.91,288.81,74.28,268.28,0.7478,-1,-1,-1
555,48,0.41,2.86,381.54,1062.39,0.8839,-1,-1,-1
555,39,1098.10,278.97,82.40,336.84,0.4508,-1,-1,-1
555,30,853.08,222.00,132.23,483.00,0.8488,-1,-1,-1
555,6,1268.69,50.68,353.28,1008.08,0.9051,-1,-1,-1
555,2,1016.50,268.74,121.41,374.58,0.6407,-1,-1,-1
556,53,960.71,216.51,91.56,464.87,0.7285,-1,-1,-1
556,52,1607.07,291.95,76.52,171.65,0.6459,-1,-1,-1
556,51,520.62,289.94,70.32,270.07,0.7283,-1,-1,-1
556,48,0.00,5.77,350.21,1057.97,0.9233,-1,-1,-1
556,30,849.87,222.28,134.00,482.02,0.8434,-1,-1,-1
556,6,1266.86,53.88,352.51,1014.66,0.9005,-1,-1,-1
556,2,1018.67,261.93,125.54,382.99,0.6035,-1,-1,-1
557,53,960.39,213.10,93.75,464.28,0.7581,-1,-1,-1
557,52,1605.77,288.66,77.73,176.13,0.5226,-1,-1,-1
557,51,516.79,292.83,70.92,269.39,0.7235,-1,-1,-1
557,48,0.00,4.42,338.99,1062.46,0.9184,-1,-1,-1
557,30,845.44,220.03,136.73,484.43,0.8356,-1,-1,-1
557,6,1270.79,55.64,345.62,1013.06,0.8958,-1,-1,-1
557,2,1044.37,261.56,121.46,378.03,0.7518,-1,-1,-1
558,53,960.77,216.13,93.29,459.92,0.8013,-1,-1,-1
558,52,1605.12,287.98,82.93,176.52,0.4420,-1,-1,-1
558,51,516.05,293.07,72.36,270.63,0.7387,-1,-1,-1
558,48,0.21,4.57,331.88,1062.67,0.8745,-1,-1,-1
558,30,838.44,218.61,142.23,488.75,0.8390,-1,-1,-1
558,6,1277.50,56.44,334.60,1015.23,0.8954,-1,-1,-1
558,2,1050.19,256.11,116.37,389.20,0.7892,-1,-1,-1
559,53,957.65,213.73,99.59,454.70,0.7988,-1,-1,-1
559,52,1603.73,291.94,94.16,175.17,0.5067,-1,-1,-1
559,51,520.16,289.27,69.26,278.38,0.7439,-1,-1,-1
559,48,0.34,7.10,354.14,1063.55,0.8956,-1,-1,-1
559,30,831.86,220.76,149.50,482.79,0.8351,-1,-1,-1
559,6,1284.78,57.33,325.08,1011.86,0.9023,-1,-1,-1
559,2,1047.76,255.78,120.94,392.11,0.7933,-1,-1,-1
560,53,955.78,220.17,103.61,444.29,0.7658,-1,-1,-1
560,52,1602.05,293.13,102.86,175.19,0.6288,-1,-1,-1
560,51,520.47,291.79,71.04,278.00,0.7423,-1,-1,-1
560,48,0.88,4.57,349.84,1063.50,0.7993,-1,-1,-1
560,30,823.61,224.83,158.93,475.13,0.8428,-1,-1,-1
560,6,1289.33,59.84,316.15,1008.00,0.8923,-1,-1,-1
560,2,1062.55,264.57,111.29,382.44,0.7202,-1,-1,-1
561,53,955.94,217.27,109.66,446.36,0.7841,-1,-1,-1
561,52,1606.51,283.35,118.26,183.54,0.5900,-1,-1,-1
561,51,523.19,287.21,76.01,281.87,0.7175,-1,-1,-1
561,48,1.03,6.62,334.29,1061.56,0.8637,-1,-1,-1
561,30,821.77,221.62,160.82,474.82,0.8466,-1,-1,-1
561,6,1293.84,56.42,318.39,1011.72,0.8955,-1,-1,-1
561,2,1080.29,273.41,112.74,369.15,0.7062,-1,-1,-1
562,53,954.19,213.82,114.37,453.99,0.7991,-1,-1,-1
562,52,1617.51,285.74,110.54,181.50,0.6896,-1,-1,-1
562,51,524.70,289.20,74.39,278.61,0.6946,-1,-1,-1
562,48,1.03,13.15,332.07,1054.33,0.8351,-1,-1,-1
562,30,817.49,218.23,164.70,472.09,0.8433,-1,-1,-1
562,6,1297.50,54.69,314.27,1019.00,0.9003,-1,-1,-1
562,2,1093.11,271.06,112.83,380.88,0.7617,-1,-1,-1
563,53,957.66,216.09,114.07,454.70,0.8124,-1,-1,-1
563,52,1630.11,283.54,116.40,185.15,0.5995,-1,-1,-1
563,51,527.60,289.32,73.53,281.33,0.7387,-1,-1,-1
563,50,1102.41,271.35,129.19,382.51,0.7908,-1,-1,-1
563,48,0.90,7.02,315.82,1060.69,0.8744,-1,-1,-1
563,30,817.72,218.50,166.25,476.44,0.8472,-1,-1,-1
563,6,1302.04,58.78,324.19,1015.47,0.8957,-1,-1,-1
564,53,962.90,214.32,116.46,462.12,0.7956,-1,-1,-1
564,52,1645.19,278.66,106.37,191.24,0.6530,-1,-1,-1
564,51,534.10,293.99,72.11,279.29,0.7498,-1,-1,-1
564,48,0.86,6.31,304.60,1063.64,0.8592,-1,-1,-1
564,39,1068.71,271.51,93.89,344.29,0.5487,-1,-1,-1
564,30,822.04,219.16,165.71,480.89,0.8584,-1,-1,-1
564,6,1304.98,52.72,339.94,1021.37,0.8986,-1,-1,-1
564,2,1113.33,270.08,148.94,388.49,0.7521,-1,-1,-1
565,53,972.12,217.23,117.68,463.71,0.7981,-1,-1,-1
565,52,1658.83,280.76,113.61,196.90,0.6564,-1,-1,-1
565,51,542.92,303.53,72.83,272.05,0.7164,-1,-1,-1
565,48,1.10,11.85,286.16,1054.37,0.7612,-1,-1,-1
565,39,1083.15,275.14,92.40,338.74,0.6706,-1,-1,-1
565,30,833.06,224.71,161.67,478.27,0.8559,-1,-1,-1
565,6,1306.91,53.40,358.62,1025.52,0.9025,-1,-1,-1
565,2,1131.39,270.34,166.18,391.80,0.7972,-1,-1,-1
566,53,975.76,215.70,122.22,461.98,0.7560,-1,-1,-1
566,52,1675.38,281.68,101.81,195.24,0.7204,-1,-1,-1
566,51,548.50,303.76,72.29,272.59,0.7246,-1,-1,-1
566,48,0.81,8.93,266.25,1059.68,0.7998,-1,-1,-1
566,39,1087.05,273.18,103.78,341.48,0.6526,-1,-1,-1
566,30,839.89,226.91,160.44,477.69,0.8489,-1,-1,-1
566,6,1314.41,53.60,366.98,1013.81,0.8979,-1,-1,-1
566,2,1137.73,274.17,184.23,394.59,0.7250,-1,-1,-1
567,53,981.48,223.24,117.18,446.87,0.7654,-1,-1,-1
567,52,1692.47,281.96,103.82,193.26,0.6557,-1,-1,-1
567,51,553.08,304.59,74.15,272.52,0.7415,-1,-1,-1
567,48,0.50,5.32,245.79,1063.51,0.7285,-1,-1,-1
567,39,1092.17,273.04,108.52,351.79,0.7413,-1,-1,-1
567,30,846.59,231.63,162.00,479.45,0.8363,-1,-1,-1
567,6,1320.81,53.87,382.55,1006.00,0.9166,-1,-1,-1
567,2,1142.38,270.59,209.17,400.73,0.7993,-1,-1,-1
568,53,987.28,225.61,121.52,452.66,0.8196,-1,-1,-1
568,52,1704.77,282.98,104.82,197.61,0.6216,-1,-1,-1
568,51,558.60,300.42,77.08,276.33,0.7534,-1,-1,-1
568,39,1095.70,271.55,115.24,353.99,0.7462,-1,-1,-1
568,30,849.75,230.79,164.51,480.26,0.8451,-1,-1,-1
568,6,1311.68,54.21,404.43,1016.35,0.9163,-1,-1,-1
568,2,1150.18,282.19,192.77,393.60,0.8634,-1,-1,-1
569,53,997.57,227.78,118.31,454.29,0.8182,-1,-1,-1
569,52,1717.12,286.28,102.86,198.87,0.6676,-1,-1,-1
569,51,564.28,300.02,79.04,279.52,0.7624,-1,-1,-1
569,39,1103.92,275.78,111.97,353.68,0.7735,-1,-1,-1
569,30,854.92,232.51,162.76,480.87,0.8513,-1,-1,-1
569,6,1320.95,54.80,408.69,1016.92,0.9098,-1,-1,-1
569,2,1153.83,284.62,195.45,395.04,0.8655,-1,-1,-1
570,53,1008.41,231.85,114.33,461.38,0.8222,-1,-1,-1
570,52,1729.98,289.38,102.84,198.23,0.6614,-1,-1,-1
570,51,567.51,295.18,80.21,285.33,0.7627,-1,-1,-1
570,39,1110.74,276.29,118.00,351.92,0.7813,-1,-1,-1
570,30,863.45,242.49,157.03,474.39,0.8607,-1,-1,-1
570,6,1320.16,56.22,426.87,1015.62,0.9009,-1,-1,-1
570,2,1166.15,281.21,196.86,403.32,0.8488,-1,-1,-1
571,53,1012.50,233.46,111.92,464.23,0.7977,-1,-1,-1
571,52,1740.15,289.40,104.07,201.31,0.5999,-1,-1,-1
571,51,571.05,303.71,78.85,282.26,0.7940,-1,-1,-1
571,39,1109.99,273.54,129.34,357.69,0.8051,-1,-1,-1
571,30,870.13,245.33,156.66,473.47,0.8512,-1,-1,-1
571,6,1327.61,54.14,421.70,1019.77,0.9150,-1,-1,-1
571,2,1170.61,279.39,202.10,412.26,0.8297,-1,-1,-1
572,53,1015.00,233.33,115.17,461.41,0.7806,-1,-1,-1
572,52,1751.08,289.79,105.43,201.68,0.5637,-1,-1,-1
572,51,576.37,305.63,75.99,278.96,0.8197,-1,-1,-1
572,39,1118.77,274.58,129.96,360.47,0.7913,-1,-1,-1
572,30,874.79,238.54,156.97,477.16,0.8207,-1,-1,-1
572,6,1326.49,53.50,431.94,1021.93,0.9047,-1,-1,-1
572,2,1194.23,281.36,187.81,410.74,0.8293,-1,-1,-1
573,53,1022.08,233.33,114.62,457.89,0.7582,-1,-1,-1
573,52,1761.37,293.30,103.93,200.73,0.6062,-1,-1,-1
573,51,580.09,308.72,74.38,278.46,0.7775,-1,-1,-1
573,39,1121.99,276.28,133.58,359.41,0.8219,-1,-1,-1
573,30,880.61,238.56,152.94,476.73,0.8283,-1,-1,-1
573,6,1332.25,55.04,441.52,1020.62,0.8942,-1,-1,-1
573,2,1214.70,284.79,172.99,409.79,0.8172,-1,-1,-1
574,53,1025.90,236.47,115.65,455.00,0.7596,-1,-1,-1
574,52,1774.37,294.14,106.84,204.00,0.5546,-1,-1,-1
574,51,584.88,306.05,75.80,281.03,0.7115,-1,-1,-1
574,39,1127.56,278.89,132.39,361.53,0.8298,-1,-1,-1
574,30,884.17,239.51,158.46,477.24,0.8417,-1,-1,-1
574,6,1340.58,54.11,441.90,1019.79,0.9082,-1,-1,-1
574,2,1235.19,283.28,163.52,414.47,0.7740,-1,-1,-1
575,53,1030.54,235.88,112.48,460.10,0.7714,-1,-1,-1
575,51,589.16,304.56,74.79,281.82,0.6912,-1,-1,-1
575,39,1134.13,278.23,130.93,364.45,0.8402,-1,-1,-1
575,30,886.58,239.10,157.83,474.89,0.8420,-1,-1,-1
575,6,1350.06,57.26,435.36,1013.57,0.9107,-1,-1,-1
575,2,1250.83,282.75,154.11,417.89,0.7155,-1,-1,-1
576,53,1030.15,236.06,113.13,455.76,0.7832,-1,-1,-1
576,52,1786.25,296.18,115.25,204.95,0.5536,-1,-1,-1
576,51,591.82,315.16,73.94,273.27,0.7104,-1,-1,-1
576,39,1139.72,274.29,132.50,369.21,0.8364,-1,-1,-1
576,30,889.32,238.63,156.34,472.55,0.8242,-1,-1,-1
576,6,1356.91,60.53,433.48,1009.15,0.9127,-1,-1,-1
576,2,1271.51,280.63,140.83,423.66,0.7407,-1,-1,-1
577,53,1030.32,226.12,112.73,475.27,0.7900,-1,-1,-1
577,52,1794.99,295.60,115.19,201.02,0.6056,-1,-1,-1
577,51,587.58,316.81,78.88,272.24,0.6706,-1,-1,-1
577,39,1140.51,274.08,134.81,370.94,0.8281,-1,-1,-1
577,30,892.75,236.75,154.17,470.34,0.8182,-1,-1,-1
577,6,1360.49,60.69,433.81,1009.18,0.9074,-1,-1,-1
577,2,1293.34,288.24,137.59,424.03,0.7620,-1,-1,-1
578,53,1030.62,224.35,112.96,476.96,0.7904,-1,-1,-1
578,52,1798.09,299.60,117.10,201.47,0.5936,-1,-1,-1
578,51,589.70,314.89,77.60,275.22,0.6978,-1,-1,-1
578,39,1143.37,274.44,125.02,372.73,0.8224,-1,-1,-1
578,30,893.55,236.69,153.78,471.03,0.8285,-1,-1,-1
578,6,1367.57,63.35,436.57,1006.56,0.9023,-1,-1,-1
578,2,1317.80,282.13,122.50,431.76,0.7274,-1,-1,-1
579,53,1027.36,232.18,115.31,471.21,0.7847,-1,-1,-1
579,52,1801.03,304.07,118.33,209.34,0.6253,-1,-1,-1
579,51,589.42,306.69,73.99,291.50,0.7376,-1,-1,-1
579,39,1142.11,276.50,129.62,377.09,0.8299,-1,-1,-1
579,30,890.01,240.20,153.99,471.65,0.8383,-1,-1,-1
579,6,1385.73,71.12,423.60,997.23,0.9034,-1,-1,-1
579,2,1329.78,283.88,123.80,443.16,0.7859,-1,-1,-1
580,53,1022.51,235.08,119.71,466.02,0.7731,-1,-1,-1
580,52,1808.01,304.47,111.38,212.78,0.6579,-1,-1,-1
580,51,585.20,303.21,75.31,296.86,0.6824,-1,-1,-1
580,39,1141.32,275.35,128.93,379.91,0.8005,-1,-1,-1
580,30,892.20,242.47,149.00,467.58,0.8436,-1,-1,-1
580,6,1395.21,72.68,420.71,995.65,0.9024,-1,-1,-1
580,2,1332.35,284.42,127.94,449.99,0.7709,-1,-1,-1
581,53,1019.46,234.98,123.21,461.56,0.7765,-1,-1,-1
581,52,1817.21,305.21,102.18,216.01,0.6038,-1,-1,-1
581,51,583.56,308.08,72.03,292.13,0.7293,-1,-1,-1
581,39,1146.60,286.08,118.94,369.23,0.7878,-1,-1,-1
581,30,886.68,242.85,150.36,465.82,0.8372,-1,-1,-1
581,6,1411.52,69.60,413.94,995.62,0.9016,-1,-1,-1
581,2,1334.37,283.59,150.40,454.46,0.7720,-1,-1,-1
582,54,1229.88,310.67,63.51,282.99,0.4564,-1,-1,-1
582,53,1016.46,234.30,126.19,461.07,0.7831,-1,-1,-1
582,52,1828.07,305.66,91.34,215.51,0.5268,-1,-1,-1
582,51,581.96,308.39,72.13,293.02,0.7594,-1,-1,-1
582,39,1148.12,286.00,116.82,369.40,0.7749,-1,-1,-1
582,30,886.06,245.93,145.28,464.73,0.8439,-1,-1,-1
582,6,1425.29,71.36,412.08,1002.28,0.9084,-1,-1,-1
582,2,1335.85,286.03,169.00,450.84,0.8255,-1,-1,-1
583,54,1233.20,312.43,61.91,283.58,0.5578,-1,-1,-1
583,53,1013.18,232.53,129.32,464.26,0.7637,-1,-1,-1
583,52,1837.37,307.07,81.99,217.77,0.5307,-1,-1,-1
583,51,576.88,310.85,74.28,292.64,0.7639,-1,-1,-1
583,39,1143.35,280.28,117.98,378.13,0.7814,-1,-1,-1
583,30,882.85,249.07,144.06,473.13,0.8495,-1,-1,-1
583,6,1430.61,72.70,415.77,1001.01,0.9085,-1,-1,-1
583,2,1339.76,286.72,166.42,450.08,0.8012,-1,-1,-1
584,54,1231.97,311.93,64.22,282.81,0.5490,-1,-1,-1
584,53,1013.57,234.43,129.64,468.08,0.7647,-1,-1,-1
584,52,1841.11,307.82,78.25,224.98,0.5699,-1,-1,-1
584,51,574.76,304.57,74.38,294.71,0.7628,-1,-1,-1
584,39,1142.67,284.44,121.25,377.06,0.7714,-1,-1,-1
584,30,875.20,249.55,147.00,477.72,0.8481,-1,-1,-1
584,6,1439.02,70.05,416.88,1002.84,0.9091,-1,-1,-1
584,2,1339.16,281.41,168.22,456.85,0.7985,-1,-1,-1
585,54,1229.65,310.36,64.46,275.32,0.4708,-1,-1,-1
585,53,1006.89,233.42,133.47,470.31,0.7862,-1,-1,-1
585,52,1849.21,304.23,70.19,228.68,0.5224,-1,-1,-1
585,51,573.05,308.25,71.16,291.81,0.7813,-1,-1,-1
585,39,1141.88,284.45,121.21,379.43,0.7749,-1,-1,-1
585,30,866.97,251.76,146.07,476.30,0.8627,-1,-1,-1
585,6,1443.96,72.11,416.90,996.50,0.9091,-1,-1,-1
585,2,1339.62,282.53,163.97,450.97,0.7659,-1,-1,-1
586,53,1008.41,234.67,127.05,469.82,0.8060,-1,-1,-1
586,52,1851.70,306.89,67.75,230.63,0.4457,-1,-1,-1
586,51,567.72,297.63,72.92,304.30,0.7592,-1,-1,-1
586,39,1140.70,284.59,126.19,378.18,0.7453,-1,-1,-1
586,30,861.98,253.19,146.51,474.52,0.8468,-1,-1,-1
586,6,1453.48,70.83,412.55,1002.74,0.9039,-1,-1,-1
586,2,1340.66,284.54,167.16,451.32,0.7407,-1,-1,-1
587,53,1008.43,236.66,122.25,468.51,0.8084,-1,-1,-1
587,52,1853.71,309.47,65.75,226.82,0.4827,-1,-1,-1
587,51,564.20,305.50,72.22,297.41,0.7183,-1,-1,-1
587,39,1141.39,282.78,125.17,382.00,0.7569,-1,-1,-1
587,30,861.90,253.67,143.70,472.38,0.8498,-1,-1,-1
587,6,1459.79,66.71,409.66,1008.78,0.8985,-1,-1,-1
587,2,1341.67,284.09,176.58,459.12,0.7563,-1,-1,-1
588,53,1002.14,239.58,123.43,465.92,0.7910,-1,-1,-1
588,52,1856.53,308.97,62.95,224.92,0.5366,-1,-1,-1
588,51,555.96,318.17,72.92,287.32,0.7262,-1,-1,-1
588,39,1141.56,285.70,127.47,379.87,0.7230,-1,-1,-1
588,30,859.71,254.30,140.29,472.25,0.8394,-1,-1,-1
588,6,1465.59,65.38,404.36,1008.51,0.9019,-1,-1,-1
588,2,1340.78,284.27,184.63,460.76,0.7546,-1,-1,-1
589,53,996.91,237.24,128.33,469.94,0.7996,-1,-1,-1
589,52,1860.49,312.14,59.00,220.91,0.4634,-1,-1,-1
589,51,552.29,322.52,69.82,282.49,0.7147,-1,-1,-1
589,39,1140.77,283.50,135.44,384.53,0.7722,-1,-1,-1
589,30,854.75,252.97,136.71,474.49,0.8394,-1,-1,-1
589,6,1468.42,63.02,407.76,1012.67,0.9034,-1,-1,-1
589,2,1340.88,283.30,195.43,468.81,0.7693,-1,-1,-1
590,53,980.69,239.80,139.99,467.90,0.8108,-1,-1,-1
590,51,548.86,316.97,71.72,288.87,0.7125,-1,-1,-1
590,39,1139.21,285.02,141.03,386.93,0.8114,-1,-1,-1
590,30,849.39,251.47,137.84,477.54,0.8381,-1,-1,-1
590,6,1466.47,62.22,414.75,1014.38,0.9074,-1,-1,-1
590,2,1352.08,279.11,191.38,477.42,0.7313,-1,-1,-1
591,53,983.67,240.91,132.73,464.72,0.8066,-1,-1,-1
591,51,542.60,318.69,74.69,288.68,0.7382,-1,-1,-1
591,39,1140.07,281.48,138.73,391.17,0.8227,-1,-1,-1
591,30,835.57,249.62,148.53,473.80,0.8401,-1,-1,-1
591,6,1466.78,60.97,418.22,1011.61,0.9094,-1,-1,-1
591,2,1378.73,278.87,166.34,480.24,0.7153,-1,-1,-1
592,53,983.89,239.39,130.37,469.55,0.8134,-1,-1,-1
592,51,539.34,306.95,79.00,303.66,0.7279,-1,-1,-1
592,39,1141.78,277.90,135.38,395.32,0.8065,-1,-1,-1
592,30,827.94,250.12,149.20,468.52,0.8339,-1,-1,-1
592,6,1466.40,59.67,421.11,1011.72,0.9062,-1,-1,-1
592,2,1403.75,275.92,142.74,483.60,0.5640,-1,-1,-1
593,55,1107.58,317.90,53.21,243.16,0.6203,-1,-1,-1
593,53,984.25,238.84,127.27,471.79,0.8157,-1,-1,-1
593,51,537.77,304.52,79.41,309.13,0.7114,-1,-1,-1
593,39,1142.72,280.72,134.37,396.58,0.8259,-1,-1,-1
593,30,824.30,249.76,148.39,464.79,0.8350,-1,-1,-1
593,6,1463.67,60.48,426.10,1012.29,0.8956,-1,-1,-1
593,2,1419.69,312.14,137.98,447.24,0.4429,-1,-1,-1
594,55,1108.47,317.93,54.48,244.11,0.6118,-1,-1,-1
594,53,982.48,241.41,125.96,472.43,0.8133,-1,-1,-1
594,51,534.25,311.38,74.36,301.89,0.7298,-1,-1,-1
594,39,1146.75,282.27,130.62,397.04,0.8041,-1,-1,-1
594,30,814.18,250.66,157.36,463.12,0.8363,-1,-1,-1
594,6,1471.20,61.97,417.19,1013.96,0.8955,-1,-1,-1
595,55,1106.03,314.07,57.97,248.44,0.6605,-1,-1,-1
595,53,982.68,243.46,126.08,472.08,0.8038,-1,-1,-1
595,51,530.68,306.98,82.24,312.35,0.7637,-1,-1,-1
595,39,1148.46,282.16,129.82,398.55,0.7974,-1,-1,-1
595,30,808.38,250.25,159.59,464.57,0.8524,-1,-1,-1
595,6,1481.83,63.23,411.10,1010.73,0.9088,-1,-1,-1
596,55,1106.14,312.10,58.98,250.93,0.5392,-1,-1,-1
596,53,977.02,243.35,135.01,472.99,0.8122,-1,-1,-1
596,51,529.68,309.90,81.98,310.65,0.7561,-1,-1,-1
596,39,1148.41,277.32,131.53,404.25,0.7775,-1,-1,-1
596,30,803.27,250.69,163.94,464.65,0.8478,-1,-1,-1
596,6,1488.53,59.56,401.52,1015.20,0.9161,-1,-1,-1
597,55,1105.43,314.09,60.69,249.92,0.5780,-1,-1,-1
597,53,976.80,243.70,138.23,473.84,0.8105,-1,-1,-1
597,51,531.28,305.63,77.34,313.14,0.7634,-1,-1,-1
597,39,1153.14,276.10,138.36,404.48,0.7707,-1,-1,-1
597,30,801.42,247.89,163.05,468.92,0.8448,-1,-1,-1
597,6,1499.37,54.15,390.53,1020.55,0.9159,-1,-1,-1
598,55,1108.57,317.65,60.06,242.78,0.4594,-1,-1,-1
598,53,980.93,250.06,139.76,482.22,0.8237,-1,-1,-1
598,51,531.07,304.69,76.22,318.02,0.7485,-1,-1,-1
598,39,1151.98,282.97,149.83,402.72,0.8049,-1,-1,-1
598,30,801.41,251.49,164.27,475.62,0.8460,-1,-1,-1
598,6,1508.90,57.40,380.59,1016.05,0.9145,-1,-1,-1
599,53,987.24,251.83,137.00,478.95,0.8190,-1,-1,-1
599,51,531.13,311.70,84.43,317.66,0.7503,-1,-1,-1
599,39,1154.76,284.90,153.27,402.81,0.8043,-1,-1,-1
599,30,801.63,254.55,165.23,474.43,0.8502,-1,-1,-1
599,6,1509.16,58.38,383.98,1018.02,0.9196,-1,-1,-1
600,53,993.22,250.96,134.73,483.96,0.8009,-1,-1,-1
600,51,534.51,311.60,87.08,318.74,0.7338,-1,-1,-1
600,39,1162.10,288.47,151.87,400.51,0.8258,-1,-1,-1
600,30,806.55,256.55,161.28,475.53,0.8401,-1,-1,-1
600,6,1510.38,55.24,391.69,1023.40,0.9233,-1,-1,-1
601,53,996.00,251.10,133.12,482.83,0.7935,-1,-1,-1
601,51,537.14,313.53,83.14,318.56,0.7299,-1,-1,-1
601,39,1166.67,281.93,154.81,408.25,0.7892,-1,-1,-1
601,30,810.22,259.54,156.49,477.15,0.8455,-1,-1,-1
601,6,1510.16,55.89,403.19,1022.93,0.9238,-1,-1,-1
602,55,1120.08,330.14,65.89,244.28,0.5205,-1,-1,-1
602,53,995.27,251.45,136.01,485.90,0.7935,-1,-1,-1
602,51,540.71,318.61,83.71,315.49,0.7177,-1,-1,-1
602,39,1187.05,280.74,140.55,414.04,0.7393,-1,-1,-1
602,30,815.61,264.13,157.14,477.54,0.8391,-1,-1,-1
602,6,1509.58,57.98,409.69,1017.21,0.9214,-1,-1,-1
603,55,1125.23,347.39,64.64,228.77,0.5777,-1,-1,-1
603,53,1005.08,256.68,126.74,479.54,0.7887,-1,-1,-1
603,51,543.56,328.50,81.30,312.30,0.7382,-1,-1,-1
603,39,1194.30,285.11,144.30,420.67,0.7155,-1,-1,-1
603,30,825.00,270.28,151.27,474.43,0.8150,-1,-1,-1
603,6,1516.80,61.22,403.02,1014.99,0.9261,-1,-1,-1
604,55,1132.70,348.91,62.55,232.07,0.6593,-1,-1,-1
604,54,1190.63,315.90,81.51,284.88,0.4479,-1,-1,-1
604,53,1010.96,261.39,124.72,476.70,0.8131,-1,-1,-1
604,51,550.61,334.15,84.01,311.30,0.7055,-1,-1,-1
604,39,1204.15,288.18,144.36,420.83,0.7598,-1,-1,-1
604,30,827.73,275.86,153.88,469.21,0.8230,-1,-1,-1
604,6,1522.93,62.99,397.01,1013.29,0.9279,-1,-1,-1
605,55,1135.74,350.65,66.19,233.13,0.6533,-1,-1,-1
605,53,1014.52,259.14,126.77,469.67,0.8095,-1,-1,-1
605,51,554.44,334.50,79.85,313.51,0.7402,-1,-1,-1
605,39,1210.08,289.18,145.32,421.41,0.7433,-1,-1,-1
605,30,836.54,276.44,153.66,470.66,0.8312,-1,-1,-1
605,6,1524.46,61.68,395.50,1016.39,0.9181,-1,-1,-1
606,55,1141.96,352.27,67.61,234.47,0.6471,-1,-1,-1
606,54,1205.78,322.07,76.18,289.03,0.5184,-1,-1,-1
606,53,1016.68,259.98,126.94,468.61,0.7925,-1,-1,-1
606,51,560.22,327.70,78.55,321.27,0.7153,-1,-1,-1
606,39,1223.73,289.94,145.83,425.42,0.6466,-1,-1,-1
606,30,845.24,277.35,152.24,474.30,0.8149,-1,-1,-1
606,6,1534.63,63.36,385.31,1010.93,0.9223,-1,-1,-1
607,55,1150.69,339.07,66.36,247.16,0.6655,-1,-1,-1
607,54,1216.37,326.81,73.75,371.15,0.4791,-1,-1,-1
607,53,1029.48,262.06,119.23,468.59,0.8072,-1,-1,-1
607,51,566.95,326.06,85.35,324.44,0.8039,-1,-1,-1
607,39,1238.38,291.80,138.53,423.64,0.6696,-1,-1,-1
607,30,853.76,279.30,147.40,470.96,0.8364,-1,-1,-1
607,6,1542.94,65.73,376.88,1006.51,0.9140,-1,-1,-1
608,55,1156.39,345.14,68.18,241.46,0.7178,-1,-1,-1
608,54,1222.02,315.62,93.87,338.87,0.5473,-1,-1,-1
608,53,1035.72,264.11,126.65,462.70,0.7963,-1,-1,-1
608,51,571.57,329.50,82.73,320.99,0.7613,-1,-1,-1
608,39,1245.33,291.21,149.11,430.47,0.5398,-1,-1,-1
608,30,854.28,277.38,152.91,465.34,0.8296,-1,-1,-1
608,6,1553.02,67.44,366.89,1001.60,0.9174,-1,-1,-1
609,55,1161.58,349.71,72.11,242.20,0.6235,-1,-1,-1
609,54,1231.91,327.92,86.64,303.07,0.5667,-1,-1,-1
609,53,1037.55,260.99,135.04,471.06,0.8251,-1,-1,-1
609,51,575.05,331.26,84.41,323.10,0.7840,-1,-1,-1
609,39,1259.58,284.61,138.37,438.96,0.7260,-1,-1,-1
609,30,862.43,276.07,147.13,465.16,0.8197,-1,-1,-1
609,6,1561.57,69.85,358.10,1001.62,0.9201,-1,-1,-1
610,55,1166.07,349.25,71.16,240.20,0.5566,-1,-1,-1
610,54,1237.69,328.04,86.61,312.58,0.6003,-1,-1,-1
610,53,1042.18,264.26,133.35,473.17,0.8224,-1,-1,-1
610,51,579.28,328.68,89.66,328.07,0.7515,-1,-1,-1
610,39,1273.83,286.17,142.80,433.91,0.7585,-1,-1,-1
610,30,872.58,277.48,141.85,462.63,0.8264,-1,-1,-1
610,6,1568.72,72.87,350.76,1001.02,0.9221,-1,-1,-1
611,55,1166.16,346.57,71.89,242.41,0.6941,-1,-1,-1
611,54,1243.81,334.25,83.61,304.94,0.5949,-1,-1,-1
611,53,1041.56,268.57,134.31,469.69,0.7848,-1,-1,-1
611,51,584.12,331.25,83.68,325.83,0.7414,-1,-1,-1
611,39,1283.44,289.62,135.11,439.58,0.6797,-1,-1,-1
611,30,874.36,277.60,144.59,464.35,0.8166,-1,-1,-1
611,6,1582.79,69.20,336.65,1006.59,0.9176,-1,-1,-1
612,55,1171.40,347.25,71.49,247.58,0.6507,-1,-1,-1
612,54,1244.90,340.89,80.72,297.78,0.6033,-1,-1,-1
612,53,1030.61,275.00,145.65,471.25,0.8126,-1,-1,-1
612,51,586.90,334.82,77.51,320.87,0.7757,-1,-1,-1
612,39,1289.16,292.26,139.21,427.83,0.6941,-1,-1,-1
612,30,878.78,281.50,141.47,458.03,0.8333,-1,-1,-1
612,6,1599.36,75.53,319.72,1003.96,0.9152,-1,-1,-1
613,55,1175.91,354.51,70.79,237.34,0.6578,-1,-1,-1
613,54,1245.88,334.48,86.10,314.28,0.5567,-1,-1,-1
613,53,1029.54,276.26,152.80,478.16,0.8460,-1,-1,-1
613,51,587.23,333.46,79.19,323.48,0.7658,-1,-1,-1
613,39,1299.08,296.37,133.73,440.18,0.6174,-1,-1,-1
613,30,877.97,282.82,145.82,460.64,0.8366,-1,-1,-1
613,6,1610.02,78.10,309.26,995.26,0.9119,-1,-1,-1
614,55,1181.77,360.34,66.81,239.93,0.6002,-1,-1,-1
614,54,1258.01,320.64,91.82,343.96,0.4748,-1,-1,-1
614,53,1030.86,277.49,159.57,480.24,0.8504,-1,-1,-1
614,51,587.42,335.29,79.09,325.93,0.7688,-1,-1,-1
614,39,1308.51,297.90,131.09,448.71,0.6624,-1,-1,-1
614,30,883.79,287.41,143.96,465.74,0.8329,-1,-1,-1
614,6,1622.33,80.33,296.73,996.12,0.9143,-1,-1,-1
615,55,1182.55,359.78,68.14,242.69,0.6268,-1,-1,-1
615,54,1266.03,321.71,93.36,351.00,0.5935,-1,-1,-1
615,53,1031.39,279.54,157.69,478.51,0.8324,-1,-1,-1
615,51,589.45,345.53,80.92,320.83,0.7331,-1,-1,-1
615,39,1319.24,294.09,118.77,456.90,0.7265,-1,-1,-1
615,30,886.79,288.68,146.25,466.13,0.8357,-1,-1,-1
615,6,1638.18,81.70,281.36,993.05,0.9026,-1,-1,-1
616,55,1187.55,362.23,65.01,237.67,0.5728,-1,-1,-1
616,54,1270.35,320.99,90.90,356.24,0.6118,-1,-1,-1
616,53,1032.30,283.09,165.38,478.86,0.8242,-1,-1,-1
616,51,590.81,345.16,105.87,321.49,0.7142,-1,-1,-1
616,39,1324.53,300.14,120.16,457.45,0.7242,-1,-1,-1
616,30,885.25,294.96,151.00,461.80,0.8301,-1,-1,-1
616,6,1644.14,81.21,275.10,996.12,0.8898,-1,-1,-1
617,55,1187.68,370.85,64.92,233.31,0.6005,-1,-1,-1
617,54,1272.62,323.89,91.74,363.64,0.5932,-1,-1,-1
617,53,1030.35,285.97,168.76,479.24,0.8451,-1,-1,-1
617,51,590.03,340.66,93.01,330.59,0.7334,-1,-1,-1
617,39,1328.70,299.74,118.87,463.04,0.7322,-1,-1,-1
617,30,884.62,294.87,152.83,468.50,0.8438,-1,-1,-1
617,6,1659.56,93.69,260.03,982.67,0.8846,-1,-1,-1
618,55,1189.03,371.62,65.28,242.94,0.5620,-1,-1,-1
618,54,1273.11,328.05,93.95,365.54,0.5696,-1,-1,-1
618,53,1030.46,288.11,174.06,481.96,0.8495,-1,-1,-1
618,51,589.24,333.52,82.48,339.54,0.7860,-1,-1,-1
618,39,1328.21,300.61,121.58,465.59,0.7381,-1,-1,-1
618,30,886.33,298.59,151.04,469.80,0.8355,-1,-1,-1
618,6,1667.39,102.39,252.21,973.78,0.8813,-1,-1,-1
619,56,1242.73,359.32,72.76,312.30,0.4389,-1,-1,-1
619,55,1186.90,367.93,67.46,248.82,0.5268,-1,-1,-1
619,54,1274.25,328.82,98.75,372.06,0.5998,-1,-1,-1
619,53,1028.27,289.44,172.87,483.17,0.8098,-1,-1,-1
619,51,586.82,336.35,80.65,338.14,0.7604,-1,-1,-1
619,39,1328.87,302.69,132.19,465.72,0.7373,-1,-1,-1
619,30,883.55,301.48,147.11,466.41,0.8364,-1,-1,-1
619,6,1667.08,106.52,252.24,968.67,0.8953,-1,-1,-1
620,56,1243.72,358.62,73.17,320.30,0.4095,-1,-1,-1
620,55,1184.53,373.69,64.76,232.84,0.5811,-1,-1,-1
620,54,1266.56,329.16,103.65,378.86,0.6078,-1,-1,-1
620,53,1028.65,288.53,174.81,481.87,0.7864,-1,-1,-1
620,51,580.77,339.03,84.41,342.34,0.6972,-1,-1,-1
620,39,1330.69,302.42,123.92,468.64,0.7530,-1,-1,-1
620,30,880.70,303.62,139.06,464.53,0.8234,-1,-1,-1
620,6,1681.77,113.16,238.13,962.70,0.8855,-1,-1,-1
621,55,1183.53,376.50,65.62,225.46,0.5059,-1,-1,-1
621,54,1265.99,330.38,106.62,380.64,0.6265,-1,-1,-1
621,53,1027.61,287.54,158.49,480.97,0.6810,-1,-1,-1
621,51,578.47,336.24,81.18,346.19,0.7250,-1,-1,-1
621,39,1329.66,305.02,123.01,463.80,0.7443,-1,-1,-1
621,30,874.87,301.92,135.09,460.94,0.8241,-1,-1,-1
621,6,1687.36,122.62,231.41,953.10,0.8791,-1,-1,-1
622,57,1127.39,327.00,93.21,360.14,0.6473,-1,-1,-1
622,54,1259.14,329.07,111.38,391.29,0.5657,-1,-1,-1
622,53,1025.85,287.24,141.04,478.73,0.7516,-1,-1,-1
622,51,574.79,343.60,77.78,338.53,0.7755,-1,-1,-1
622,39,1330.18,304.05,123.20,473.86,0.6597,-1,-1,-1
622,30,868.07,302.56,150.99,461.31,0.8023,-1,-1,-1
622,6,1687.77,119.61,231.88,956.35,0.8935,-1,-1,-1
623,57,1119.80,329.13,97.13,373.98,0.7148,-1,-1,-1
623,54,1254.64,331.14,114.12,393.49,0.5242,-1,-1,-1
623,53,1017.76,288.05,143.82,479.43,0.7787,-1,-1,-1
623,51,569.23,340.03,86.96,344.64,0.7379,-1,-1,-1
623,39,1328.98,306.92,125.83,475.27,0.6556,-1,-1,-1
623,30,861.91,302.34,146.19,464.48,0.7991,-1,-1,-1
623,6,1692.54,119.14,227.28,958.01,0.8980,-1,-1,-1
624,57,1120.10,332.98,95.81,384.05,0.6832,-1,-1,-1
624,54,1255.83,330.62,107.77,400.16,0.6016,-1,-1,-1
624,53,1015.16,287.99,138.45,476.26,0.8127,-1,-1,-1
624,51,565.11,340.30,85.52,341.92,0.7641,-1,-1,-1
624,39,1327.70,308.95,122.98,470.60,0.7072,-1,-1,-1
624,30,852.43,304.71,158.19,459.40,0.8460,-1,-1,-1
624,6,1696.24,114.28,223.62,961.63,0.8972,-1,-1,-1
625,57,1116.72,334.27,93.99,396.99,0.7391,-1,-1,-1
625,54,1242.93,331.98,115.78,403.80,0.6451,-1,-1,-1
625,53,1009.49,283.68,134.92,472.90,0.7938,-1,-1,-1
625,51,558.28,342.48,85.47,343.63,0.7328,-1,-1,-1
625,39,1329.92,304.92,118.36,476.51,0.7265,-1,-1,-1
625,30,850.62,304.28,155.34,455.17,0.8465,-1,-1,-1
625,6,1698.82,111.31,221.01,963.32,0.9030,-1,-1,-1
626,57,1109.05,335.09,95.49,395.62,0.7472,-1,-1,-1
626,54,1241.57,332.17,116.62,406.33,0.6937,-1,-1,-1
626,53,1004.22,286.28,134.56,475.02,0.7881,-1,-1,-1
626,51,552.29,345.67,81.83,344.12,0.7146,-1,-1,-1
626,39,1326.77,304.74,121.43,477.95,0.7759,-1,-1,-1
626,30,847.69,303.19,151.65,456.23,0.8216,-1,-1,-1
626,6,1702.70,116.21,217.12,957.93,0.9060,-1,-1,-1
627,57,1107.62,334.27,91.34,398.69,0.7331,-1,-1,-1
627,54,1235.90,330.79,116.65,410.35,0.6726,-1,-1,-1
627,53,996.48,282.56,140.89,478.38,0.7867,-1,-1,-1
627,51,545.58,342.49,83.05,351.79,0.7490,-1,-1,-1
627,39,1325.73,304.57,121.98,477.78,0.7618,-1,-1,-1
627,30,839.48,301.31,157.35,458.79,0.8350,-1,-1,-1
627,6,1704.19,118.87,215.43,953.84,0.9041,-1,-1,-1
628,57,1100.08,329.29,100.46,411.79,0.7133,-1,-1,-1
628,54,1236.91,330.73,111.35,411.12,0.6839,-1,-1,-1
628,53,988.06,279.27,152.20,478.08,0.7588,-1,-1,-1
628,51,540.80,337.32,81.12,355.77,0.7775,-1,-1,-1
628,39,1324.26,301.92,121.53,480.21,0.7793,-1,-1,-1
628,30,826.25,300.83,166.13,457.31,0.8425,-1,-1,-1
628,6,1700.40,114.99,219.16,956.55,0.9048,-1,-1,-1
629,57,1091.10,327.46,109.77,418.51,0.7530,-1,-1,-1
629,54,1234.30,329.93,109.24,416.87,0.6714,-1,-1,-1
629,53,982.65,283.45,128.49,475.03,0.7742,-1,-1,-1
629,51,536.28,342.81,90.98,352.51,0.6973,-1,-1,-1
629,39,1323.26,300.75,121.11,481.66,0.7743,-1,-1,-1
629,30,825.77,300.19,166.38,456.91,0.8502,-1,-1,-1
629,6,1675.11,111.42,244.48,958.88,0.8827,-1,-1,-1
630,57,1086.07,325.94,116.16,421.56,0.7895,-1,-1,-1
630,54,1242.65,326.76,99.62,420.70,0.6422,-1,-1,-1
630,53,974.16,280.70,130.81,475.76,0.8155,-1,-1,-1
630,51,530.37,339.36,87.40,360.20,0.7632,-1,-1,-1
630,39,1322.78,300.75,120.47,483.65,0.7799,-1,-1,-1
630,30,824.51,302.83,162.54,453.36,0.8434,-1,-1,-1
630,6,1621.99,115.84,297.55,955.42,0.8888,-1,-1,-1
631,57,1083.31,326.76,125.17,421.13,0.8124,-1,-1,-1
631,54,1236.17,329.90,107.45,420.96,0.6413,-1,-1,-1
631,53,971.86,280.93,129.72,474.45,0.8287,-1,-1,-1
631,51,526.92,345.49,83.34,350.64,0.7336,-1,-1,-1
631,39,1323.54,301.42,120.71,482.84,0.7570,-1,-1,-1
631,30,821.30,304.11,164.40,454.87,0.8504,-1,-1,-1
631,6,1692.04,109.67,227.37,961.64,0.8920,-1,-1,-1
632,57,1083.06,325.92,125.58,424.09,0.8183,-1,-1,-1
632,56,1237.98,326.33,109.00,426.31,0.6624,-1,-1,-1
632,53,971.40,281.05,126.12,474.46,0.7857,-1,-1,-1
632,51,524.88,345.39,82.50,353.78,0.7612,-1,-1,-1
632,39,1325.52,303.10,125.00,483.62,0.7625,-1,-1,-1
632,30,815.42,306.11,167.25,456.24,0.8555,-1,-1,-1
632,6,1700.65,108.11,218.68,964.34,0.9015,-1,-1,-1
633,57,1088.50,326.31,119.93,427.97,0.8142,-1,-1,-1
633,56,1238.26,321.78,110.92,428.15,0.6768,-1,-1,-1
633,53,972.58,281.86,126.21,477.83,0.7673,-1,-1,-1
633,51,523.19,341.56,85.08,360.20,0.7707,-1,-1,-1
633,39,1328.11,300.40,122.82,486.92,0.7733,-1,-1,-1
633,30,813.83,308.52,168.75,456.58,0.8611,-1,-1,-1
633,6,1711.79,100.90,207.82,971.84,0.9040,-1,-1,-1
634,57,1092.87,328.08,121.51,430.74,0.8318,-1,-1,-1
634,56,1237.23,320.76,116.91,431.74,0.6783,-1,-1,-1
634,53,970.63,282.52,128.15,473.50,0.7813,-1,-1,-1
634,51,521.67,348.37,87.37,359.23,0.7821,-1,-1,-1
634,39,1332.97,304.17,122.77,487.53,0.7409,-1,-1,-1
634,30,812.96,309.95,169.64,457.73,0.8616,-1,-1,-1
634,6,1722.89,89.05,196.78,983.94,0.9050,-1,-1,-1
635,57,1096.60,324.91,124.63,437.85,0.8293,-1,-1,-1
635,56,1246.52,320.57,110.40,430.43,0.5884,-1,-1,-1
635,53,978.23,283.39,122.60,480.46,0.7798,-1,-1,-1
635,51,521.11,350.39,86.79,361.09,0.7917,-1,-1,-1
635,39,1336.10,299.66,125.24,492.61,0.6897,-1,-1,-1
635,30,812.75,310.67,172.25,460.25,0.8566,-1,-1,-1
635,6,1723.33,88.50,195.66,978.79,0.8870,-1,-1,-1
636,57,1101.84,327.14,122.47,440.25,0.8236,-1,-1,-1
636,56,1248.75,315.98,113.43,436.69,0.6004,-1,-1,-1
636,53,983.74,284.74,124.57,485.86,0.7953,-1,-1,-1
636,51,520.36,354.45,85.54,363.53,0.7790,-1,-1,-1
636,39,1340.33,302.65,130.63,492.53,0.7264,-1,-1,-1
636,30,813.64,313.82,174.07,457.23,0.8367,-1,-1,-1
636,6,1718.52,85.51,201.04,988.51,0.8775,-1,-1,-1
637,57,1104.13,326.70,118.29,440.93,0.8152,-1,-1,-1
637,56,1252.05,319.29,113.43,427.83,0.6421,-1,-1,-1
637,54,1233.10,354.19,75.26,375.10,0.4402,-1,-1,-1
637,53,990.93,294.22,116.76,484.12,0.7988,-1,-1,-1
637,51,519.59,359.64,89.26,360.86,0.7445,-1,-1,-1
637,39,1342.96,304.34,130.81,497.40,0.7881,-1,-1,-1
637,30,819.99,318.96,170.46,445.54,0.8473,-1,-1,-1
637,6,1719.74,86.76,199.89,984.56,0.8705,-1,-1,-1
638,57,1104.66,331.37,125.15,435.84,0.8116,-1,-1,-1
638,56,1256.30,315.64,109.64,433.55,0.6182,-1,-1,-1
638,54,1232.79,353.09,76.99,378.82,0.4984,-1,-1,-1
638,53,990.67,294.96,117.00,479.68,0.8010,-1,-1,-1
638,51,518.39,352.40,91.07,368.92,0.7293,-1,-1,-1
638,39,1346.29,304.57,129.31,498.93,0.7828,-1,-1,-1
638,30,830.29,318.47,161.23,443.64,0.8643,-1,-1,-1
638,6,1711.59,86.00,207.29,985.53,0.8830,-1,-1,-1
639,57,1107.89,331.98,132.61,437.58,0.8287,-1,-1,-1
639,56,1256.31,314.18,120.69,448.04,0.6932,-1,-1,-1
639,54,1237.45,352.86,68.53,376.53,0.4228,-1,-1,-1
639,53,993.64,300.19,112.13,475.27,0.7982,-1,-1,-1
639,51,519.14,366.57,93.39,357.28,0.7409,-1,-1,-1
639,39,1354.63,304.66,128.89,500.35,0.7293,-1,-1,-1
639,30,837.57,319.02,154.61,452.27,0.8582,-1,-1,-1
639,6,1708.35,84.38,211.24,989.70,0.8779,-1,-1,-1
640,57,1109.35,331.57,139.25,440.68,0.8087,-1,-1,-1
640,56,1257.30,316.30,124.43,458.53,0.7232,-1,-1,-1
640,54,1241.57,349.63,72.56,379.66,0.4240,-1,-1,-1
640,53,998.49,301.84,112.77,476.28,0.7988,-1,-1,-1
640,51,519.95,366.60,91.91,361.76,0.7258,-1,-1,-1
640,39,1363.34,299.40,126.66,513.11,0.7232,-1,-1,-1
640,30,842.80,318.36,152.97,451.22,0.8470,-1,-1,-1
640,6,1702.78,77.10,215.81,996.74,0.8778,-1,-1,-1
641,57,1114.55,329.38,146.80,443.74,0.7946,-1,-1,-1
641,56,1257.61,311.60,128.80,463.50,0.7414,-1,-1,-1
641,53,1002.81,305.68,111.33,468.59,0.7950,-1,-1,-1
641,51,520.53,359.00,94.46,370.69,0.7323,-1,-1,-1
641,39,1369.82,300.02,127.19,505.74,0.7789,-1,-1,-1
641,30,848.67,320.19,151.81,447.54,0.8314,-1,-1,-1
641,6,1701.05,81.03,218.00,989.73,0.8735,-1,-1,-1
642,57,1121.24,330.66,149.73,447.00,0.7789,-1,-1,-1
642,56,1265.65,316.69,129.57,470.33,0.7776,-1,-1,-1
642,53,1004.45,308.32,117.35,471.72,0.7901,-1,-1,-1
642,51,526.28,359.19,109.96,374.27,0.7055,-1,-1,-1
642,39,1377.78,303.30,128.41,511.43,0.7981,-1,-1,-1
642,30,852.87,321.23,154.75,449.12,0.8220,-1,-1,-1
642,6,1698.52,89.69,220.56,982.34,0.8823,-1,-1,-1
643,57,1124.39,327.45,151.03,458.84,0.8041,-1,-1,-1
643,56,1276.77,316.36,125.23,473.43,0.6708,-1,-1,-1
643,53,1005.47,308.45,119.16,483.12,0.8073,-1,-1,-1
643,51,527.19,362.05,103.72,373.61,0.7176,-1,-1,-1
643,39,1380.94,303.62,133.16,514.47,0.7874,-1,-1,-1
643,30,856.88,321.42,153.93,444.87,0.8647,-1,-1,-1
643,6,1689.85,92.65,229.80,975.27,0.8824,-1,-1,-1
644,57,1132.02,321.69,153.47,470.86,0.8334,-1,-1,-1
644,56,1286.78,319.77,120.58,474.42,0.6627,-1,-1,-1
644,53,1009.53,308.10,114.73,485.75,0.7889,-1,-1,-1
644,51,528.13,362.58,102.98,379.30,0.7461,-1,-1,-1
644,39,1390.37,299.29,135.62,524.69,0.8010,-1,-1,-1
644,30,862.89,322.46,153.36,449.61,0.8758,-1,-1,-1
644,6,1686.43,99.31,232.72,975.36,0.8596,-1,-1,-1
645,57,1134.54,318.84,155.69,480.06,0.8500,-1,-1,-1
645,56,1298.08,312.27,115.68,482.09,0.6768,-1,-1,-1
645,53,1009.92,309.41,120.20,488.51,0.7786,-1,-1,-1
645,51,532.66,364.39,100.12,377.31,0.7624,-1,-1,-1
645,39,1393.97,296.52,138.59,526.06,0.7465,-1,-1,-1
645,30,868.09,323.91,154.19,451.14,0.8722,-1,-1,-1
645,6,1684.22,253.63,235.52,822.43,0.8211,-1,-1,-1
646,57,1133.91,317.66,160.90,482.99,0.8515,-1,-1,-1
646,56,1298.35,312.01,124.88,486.24,0.7243,-1,-1,-1
646,53,1006.10,308.23,128.25,486.83,0.8055,-1,-1,-1
646,51,532.46,363.26,100.61,381.45,0.7655,-1,-1,-1
646,39,1405.20,294.44,130.77,528.96,0.7537,-1,-1,-1
646,30,874.02,324.81,149.97,456.38,0.8633,-1,-1,-1
646,6,1687.54,257.80,232.20,800.70,0.8092,-1,-1,-1
647,57,1135.39,320.55,166.43,486.22,0.8492,-1,-1,-1
647,56,1309.23,307.06,119.63,494.33,0.6984,-1,-1,-1
647,54,1277.13,344.20,74.75,412.76,0.5061,-1,-1,-1
647,53,1016.99,307.95,123.91,485.25,0.7978,-1,-1,-1
647,51,533.85,362.65,100.75,383.53,0.7414,-1,-1,-1
647,39,1411.62,291.48,130.08,541.32,0.7697,-1,-1,-1
647,30,875.58,325.95,152.14,456.87,0.8576,-1,-1,-1
647,6,1684.75,275.64,235.06,794.28,0.8294,-1,-1,-1
648,57,1135.29,316.81,172.15,491.91,0.8570,-1,-1,-1
648,56,1306.80,308.68,127.73,498.90,0.7374,-1,-1,-1
648,54,1280.89,343.92,69.07,413.32,0.4305,-1,-1,-1
648,53,1021.84,308.08,117.77,484.06,0.7955,-1,-1,-1
648,51,533.66,360.24,99.90,388.22,0.7389,-1,-1,-1
648,39,1416.39,295.32,131.65,539.14,0.7608,-1,-1,-1
648,30,879.74,330.12,146.22,451.09,0.8507,-1,-1,-1
648,6,1688.16,282.47,231.65,790.09,0.8618,-1,-1,-1
649,57,1134.82,325.56,178.70,489.11,0.8706,-1,-1,-1
649,56,1305.52,307.19,132.98,496.09,0.7513,-1,-1,-1
649,53,1021.73,308.76,117.95,478.61,0.8046,-1,-1,-1
649,51,534.18,360.84,101.27,388.72,0.7399,-1,-1,-1
649,39,1423.60,294.30,132.70,539.85,0.7933,-1,-1,-1
649,30,880.29,332.76,146.40,449.59,0.8449,-1,-1,-1
649,6,1696.02,288.09,223.98,780.26,0.8483,-1,-1,-1
650,58,828.99,402.01,59.95,222.64,0.4743,-1,-1,-1
650,57,1133.90,317.30,184.42,507.98,0.8691,-1,-1,-1
650,56,1304.16,306.17,139.17,500.45,0.7608,-1,-1,-1
650,53,1028.16,308.11,113.41,475.71,0.8100,-1,-1,-1
650,51,533.45,360.89,105.97,390.56,0.7372,-1,-1,-1
650,39,1427.35,293.55,137.76,543.61,0.8081,-1,-1,-1
650,30,880.17,334.79,152.73,448.84,0.8349,-1,-1,-1
650,6,1706.70,288.02,213.12,778.75,0.8021,-1,-1,-1
651,58,827.10,405.66,62.58,220.48,0.5593,-1,-1,-1
651,57,1132.87,320.57,187.82,507.36,0.8501,-1,-1,-1
651,56,1309.74,305.25,138.64,506.96,0.7874,-1,-1,-1
651,53,1030.19,306.09,113.39,474.54,0.7954,-1,-1,-1
651,51,533.03,360.41,107.17,391.32,0.7278,-1,-1,-1
651,39,1431.05,291.97,143.66,549.48,0.8442,-1,-1,-1
651,30,879.55,334.91,157.94,448.98,0.8464,-1,-1,-1
651,6,1713.73,286.14,205.60,786.91,0.5795,-1,-1,-1
652,58,818.88,406.56,68.55,221.79,0.6321,-1,-1,-1
652,57,1130.75,320.07,192.62,512.81,0.8324,-1,-1,-1
652,56,1312.59,301.60,141.51,508.83,0.7736,-1,-1,-1
652,53,1030.25,306.15,114.03,476.22,0.8056,-1,-1,-1
652,51,531.66,362.87,115.24,389.35,0.7143,-1,-1,-1
652,39,1433.74,296.51,145.32,546.19,0.8219,-1,-1,-1
652,30,876.84,335.71,161.87,445.40,0.8389,-1,-1,-1
652,6,1728.49,288.72,191.29,623.56,0.6947,-1,-1,-1
653,58,814.51,402.78,70.73,230.95,0.6532,-1,-1,-1
653,57,1127.75,314.54,194.44,530.24,0.8398,-1,-1,-1
653,56,1311.98,308.01,146.11,503.92,0.7692,-1,-1,-1
653,53,1031.21,305.92,114.40,478.56,0.8000,-1,-1,-1
653,51,529.35,361.38,114.01,393.55,0.7023,-1,-1,-1
653,39,1439.06,292.59,143.53,555.83,0.7716,-1,-1,-1
653,30,874.18,338.58,164.67,439.99,0.8443,-1,-1,-1
653,6,1737.67,289.86,182.07,622.06,0.7908,-1,-1,-1
654,58,808.78,402.12,76.36,230.21,0.6982,-1,-1,-1
654,57,1124.49,310.95,198.59,539.17,0.8528,-1,-1,-1
654,56,1313.60,304.90,146.33,508.57,0.7864,-1,-1,-1
654,53,1030.09,303.64,114.36,480.35,0.7951,-1,-1,-1
654,51,526.01,358.28,99.89,397.71,0.7310,-1,-1,-1
654,39,1441.08,293.61,145.92,551.08,0.7604,-1,-1,-1
654,30,870.26,335.35,166.61,440.94,0.8417,-1,-1,-1
654,6,1751.19,286.78,168.49,678.65,0.7755,-1,-1,-1
655,58,807.77,401.95,70.51,229.58,0.6971,-1,-1,-1
655,57,1119.94,310.49,204.30,543.04,0.8420,-1,-1,-1
655,56,1316.56,294.76,145.02,523.09,0.8102,-1,-1,-1
655,53,1028.04,303.31,116.72,478.23,0.7758,-1,-1,-1
655,51,523.92,357.87,120.60,397.23,0.7643,-1,-1,-1
655,39,1446.55,293.91,144.37,552.58,0.7370,-1,-1,-1
655,30,867.32,332.84,167.89,446.48,0.8409,-1,-1,-1
655,6,1758.13,285.87,161.50,724.07,0.7630,-1,-1,-1
656,58,807.46,405.99,67.22,227.52,0.7182,-1,-1,-1
656,57,1116.18,311.54,202.83,543.14,0.8422,-1,-1,-1
656,56,1316.26,296.88,146.41,527.06,0.8154,-1,-1,-1
656,53,1026.86,305.31,116.03,476.32,0.7898,-1,-1,-1
656,51,517.59,359.04,110.54,403.17,0.7331,-1,-1,-1
656,39,1449.46,292.53,144.23,559.24,0.7548,-1,-1,-1
656,30,865.29,332.57,165.16,442.81,0.8472,-1,-1,-1
656,6,1768.95,283.52,150.76,752.68,0.7909,-1,-1,-1
657,58,803.83,400.56,65.12,237.70,0.6987,-1,-1,-1
657,57,1114.12,312.09,201.89,540.03,0.8436,-1,-1,-1
657,56,1314.65,298.47,149.25,532.84,0.8074,-1,-1,-1
657,53,1026.08,307.03,114.21,482.42,0.7682,-1,-1,-1
657,51,515.28,360.33,114.51,405.54,0.7418,-1,-1,-1
657,39,1450.34,292.81,145.97,559.64,0.7551,-1,-1,-1
657,30,859.50,336.44,167.08,437.41,0.8642,-1,-1,-1
657,6,1780.17,295.70,139.75,747.90,0.7591,-1,-1,-1
658,58,797.50,407.53,67.71,230.61,0.6547,-1,-1,-1
658,57,1112.14,310.56,202.42,532.23,0.8412,-1,-1,-1
658,56,1312.24,296.33,152.18,537.42,0.8144,-1,-1,-1
658,53,1023.43,306.48,114.59,479.59,0.7672,-1,-1,-1
658,51,510.27,359.96,119.72,404.92,0.8045,-1,-1,-1
658,39,1452.95,290.53,145.13,561.42,0.7765,-1,-1,-1
658,30,854.41,331.50,170.24,447.24,0.8729,-1,-1,-1
658,6,1790.37,289.84,129.46,766.24,0.7506,-1,-1,-1
659,58,792.48,403.95,70.66,228.12,0.6915,-1,-1,-1
659,57,1109.03,306.98,207.49,550.35,0.8459,-1,-1,-1
659,56,1310.33,296.19,155.71,540.18,0.8340,-1,-1,-1
659,53,1020.22,306.16,113.57,480.15,0.7718,-1,-1,-1
659,51,505.07,363.84,99.69,399.12,0.6656,-1,-1,-1
659,39,1455.27,288.03,145.47,564.72,0.7847,-1,-1,-1
659,30,852.78,330.12,170.17,444.34,0.8718,-1,-1,-1
659,6,1800.53,289.39,119.36,767.94,0.7335,-1,-1,-1
660,58,788.67,395.58,72.77,235.49,0.7191,-1,-1,-1
660,57,1105.69,302.55,209.11,557.78,0.8482,-1,-1,-1
660,56,1307.70,292.13,159.47,546.56,0.8384,-1,-1,-1
660,53,1016.59,306.71,115.22,483.30,0.7694,-1,-1,-1
660,51,500.45,363.68,100.16,398.41,0.7047,-1,-1,-1
660,39,1456.17,286.71,146.90,567.73,0.7904,-1,-1,-1
660,30,850.52,328.62,170.32,442.86,0.8649,-1,-1,-1
660,6,1806.85,282.07,113.00,785.56,0.7414,-1,-1,-1
661,58,787.15,393.70,68.71,241.65,0.7362,-1,-1,-1
661,57,1103.96,298.84,208.28,563.67,0.8684,-1,-1,-1
661,56,1306.47,289.91,162.00,554.18,0.8143,-1,-1,-1
661,53,1012.82,306.21,115.11,488.80,0.7684,-1,-1,-1
661,51,495.91,361.17,127.72,408.08,0.7471,-1,-1,-1
661,39,1455.17,285.38,147.85,573.06,0.7938,-1,-1,-1
661,30,848.41,327.36,168.01,447.38,0.8621,-1,-1,-1
661,6,1811.02,281.75,108.76,792.07,0.7535,-1,-1,-1
662,58,781.93,390.07,69.39,248.10,0.7734,-1,-1,-1
662,57,1099.07,300.10,208.55,566.53,0.8826,-1,-1,-1
662,56,1303.70,286.14,165.80,560.20,0.8081,-1,-1,-1
662,53,1015.10,312.55,106.80,485.62,0.7679,-1,-1,-1
662,51,490.30,359.82,106.37,409.12,0.7765,-1,-1,-1
662,39,1453.76,286.00,152.09,574.92,0.8016,-1,-1,-1
662,30,847.55,328.41,167.21,453.30,0.8512,-1,-1,-1
662,6,1811.84,284.42,107.76,790.33,0.7514,-1,-1,-1
663,57,1093.01,296.20,213.21,573.24,0.8785,-1,-1,-1
663,56,1293.96,288.66,172.61,561.56,0.8231,-1,-1,-1
663,53,1009.93,312.23,111.67,490.66,0.8037,-1,-1,-1
663,51,481.40,356.68,111.17,414.29,0.7899,-1,-1,-1
663,39,1451.37,285.98,154.66,575.70,0.8120,-1,-1,-1
663,30,837.34,329.06,170.60,448.30,0.8380,-1,-1,-1
663,6,1811.02,280.89,108.60,793.89,0.7606,-1,-1,-1
664,58,775.76,395.46,66.01,233.21,0.5358,-1,-1,-1
664,57,1092.60,298.22,204.13,579.36,0.8738,-1,-1,-1
664,56,1286.44,289.01,179.56,565.46,0.8259,-1,-1,-1
664,53,1007.33,311.37,109.93,490.79,0.8055,-1,-1,-1
664,51,474.82,354.86,123.16,416.95,0.7975,-1,-1,-1
664,39,1450.50,285.13,158.68,578.28,0.8187,-1,-1,-1
664,30,833.30,332.29,172.75,441.47,0.8537,-1,-1,-1
664,6,1811.04,281.15,108.59,793.78,0.7675,-1,-1,-1
665,58,764.90,396.29,75.31,240.78,0.6894,-1,-1,-1
665,57,1087.84,294.12,215.88,583.95,0.8690,-1,-1,-1
665,56,1285.76,280.93,177.26,576.32,0.8551,-1,-1,-1
665,53,999.78,307.83,116.27,491.88,0.7884,-1,-1,-1
665,51,468.68,356.51,109.64,418.80,0.7517,-1,-1,-1
665,39,1448.85,284.36,159.06,580.75,0.8177,-1,-1,-1
665,30,845.29,332.94,153.10,433.18,0.8441,-1,-1,-1
665,6,1813.81,273.00,105.84,802.48,0.7559,-1,-1,-1
666,58,765.95,395.97,69.59,243.46,0.6974,-1,-1,-1
666,57,1086.53,290.99,221.83,596.40,0.8739,-1,-1,-1
666,56,1274.11,281.87,185.19,578.12,0.8588,-1,-1,-1
666,53,994.28,304.35,116.30,491.90,0.7847,-1,-1,-1
666,51,461.30,355.55,108.27,418.99,0.7395,-1,-1,-1
666,39,1448.21,283.61,163.26,582.68,0.8406,-1,-1,-1
666,30,844.32,332.31,153.34,442.15,0.8452,-1,-1,-1
666,6,1801.47,265.82,118.13,810.31,0.7588,-1,-1,-1
667,58,760.28,397.16,70.41,243.58,0.7140,-1,-1,-1
667,57,1084.94,287.59,224.97,615.05,0.8776,-1,-1,-1
667,56,1274.89,274.53,180.72,585.86,0.8727,-1,-1,-1
667,53,987.71,303.80,118.28,475.76,0.7904,-1,-1,-1
667,51,453.16,355.27,105.87,419.27,0.7100,-1,-1,-1
667,39,1443.22,285.01,167.44,579.91,0.8499,-1,-1,-1
667,30,839.91,333.06,154.68,446.44,0.8481,-1,-1,-1
667,6,1789.99,263.08,129.55,810.49,0.7675,-1,-1,-1
668,58,755.98,389.15,72.64,252.64,0.7266,-1,-1,-1
668,57,1079.94,284.92,229.70,620.14,0.8780,-1,-1,-1
668,56,1270.86,269.54,181.77,589.56,0.8742,-1,-1,-1
668,53,981.50,302.06,119.74,488.51,0.7940,-1,-1,-1
668,51,446.16,352.79,107.02,424.71,0.7818,-1,-1,-1
668,39,1441.80,285.43,172.68,579.88,0.8600,-1,-1,-1
668,30,836.83,332.68,157.97,439.72,0.8555,-1,-1,-1
668,6,1789.96,260.03,129.59,813.95,0.7446,-1,-1,-1
669,58,749.47,392.14,74.77,249.56,0.6921,-1,-1,-1
669,57,1075.95,282.54,235.41,637.93,0.8838,-1,-1,-1
669,56,1266.49,265.79,183.41,591.98,0.8622,-1,-1,-1
669,53,975.84,299.05,123.12,491.86,0.8048,-1,-1,-1
669,51,440.73,343.71,109.63,435.36,0.7760,-1,-1,-1
669,39,1440.22,281.98,178.00,582.82,0.8604,-1,-1,-1
669,30,836.03,331.31,159.93,431.64,0.8533,-1,-1,-1
669,6,1798.30,254.17,121.28,822.12,0.7750,-1,-1,-1
670,58,740.94,387.78,82.58,255.62,0.7227,-1,-1,-1
670,57,1073.70,281.06,238.02,653.05,0.8828,-1,-1,-1
670,56,1266.70,246.87,182.70,614.72,0.8557,-1,-1,-1
670,53,976.00,298.37,119.05,487.46,0.8183,-1,-1,-1
670,51,433.05,349.15,112.64,434.04,0.7887,-1,-1,-1
670,39,1440.82,280.29,178.71,584.27,0.8579,-1,-1,-1
670,30,834.77,330.06,156.13,430.12,0.8457,-1,-1,-1
670,6,1798.35,247.50,121.21,827.09,0.7926,-1,-1,-1
671,58,740.35,383.31,79.65,260.17,0.7258,-1,-1,-1
671,57,1074.58,281.38,238.19,668.07,0.8848,-1,-1,-1
671,56,1272.20,257.17,180.97,607.41,0.8529,-1,-1,-1
671,53,973.08,297.70,121.13,484.69,0.8110,-1,-1,-1
671,51,429.17,349.19,114.10,434.09,0.8084,-1,-1,-1
671,39,1440.01,277.30,181.82,589.19,0.8559,-1,-1,-1
671,30,834.78,329.33,148.63,433.45,0.8529,-1,-1,-1
671,6,1797.18,241.37,122.35,833.74,0.7864,-1,-1,-1
672,58,737.35,383.17,82.13,262.71,0.7201,-1,-1,-1
672,57,1075.69,279.64,239.95,687.19,0.8894,-1,-1,-1
672,56,1271.49,245.33,184.92,626.56,0.8495,-1,-1,-1
672,53,970.53,295.99,125.61,489.01,0.8135,-1,-1,-1
672,51,424.38,348.15,120.87,441.09,0.7895,-1,-1,-1
672,39,1441.33,275.61,182.63,590.32,0.8604,-1,-1,-1
672,30,836.31,329.26,148.79,434.89,0.8553,-1,-1,-1
672,6,1795.47,222.61,124.51,847.58,0.7838,-1,-1,-1
673,58,737.17,379.83,79.40,265.74,0.7207,-1,-1,-1
673,57,1075.51,273.72,247.80,698.70,0.8859,-1,-1,-1
673,56,1273.18,241.85,186.33,637.62,0.8357,-1,-1,-1
673,53,970.31,293.64,126.30,484.84,0.8161,-1,-1,-1
673,51,420.98,352.15,120.17,438.62,0.7848,-1,-1,-1
673,39,1443.31,274.22,183.53,594.18,0.8488,-1,-1,-1
673,30,838.03,328.11,140.19,433.73,0.8485,-1,-1,-1
673,6,1790.37,141.11,129.53,930.11,0.7709,-1,-1,-1
674,58,737.18,380.39,83.15,262.07,0.7019,-1,-1,-1
674,57,1073.11,265.96,258.91,710.86,0.8774,-1,-1,-1
674,56,1279.05,240.87,180.49,655.47,0.8244,-1,-1,-1
674,53,970.30,294.38,125.59,485.58,0.8091,-1,-1,-1
674,51,420.07,353.88,118.79,439.89,0.7689,-1,-1,-1
674,39,1444.76,273.42,188.69,592.59,0.8414,-1,-1,-1
674,30,838.43,328.03,137.97,433.36,0.8470,-1,-1,-1
674,6,1783.84,154.64,136.00,915.50,0.7814,-1,-1,-1
675,58,737.00,382.71,81.77,258.11,0.7089,-1,-1,-1
675,57,1069.37,264.24,269.00,718.16,0.8752,-1,-1,-1
675,56,1283.83,249.34,184.92,664.31,0.8163,-1,-1,-1
675,53,969.31,292.86,127.46,490.64,0.8133,-1,-1,-1
675,51,417.14,349.54,123.02,448.34,0.7739,-1,-1,-1
675,39,1446.98,273.20,190.85,594.21,0.8448,-1,-1,-1
675,30,838.88,328.50,139.10,434.82,0.8532,-1,-1,-1
675,6,1776.08,215.97,143.73,853.41,0.7947,-1,-1,-1
676,58,734.59,382.03,84.72,261.03,0.7250,-1,-1,-1
676,57,1067.48,258.35,280.96,727.94,0.8542,-1,-1,-1
676,56,1290.56,237.56,188.70,679.06,0.7947,-1,-1,-1
676,53,969.49,292.82,128.55,489.73,0.8216,-1,-1,-1
676,51,414.69,351.07,125.68,450.42,0.7923,-1,-1,-1
676,39,1457.42,272.54,185.33,586.06,0.8382,-1,-1,-1
676,30,837.81,329.46,140.16,436.52,0.8512,-1,-1,-1
676,6,1769.79,225.49,149.91,841.84,0.8225,-1,-1,-1
677,58,734.16,379.58,86.91,264.85,0.7434,-1,-1,-1
677,57,1064.42,250.55,291.29,699.60,0.8501,-1,-1,-1
677,56,1297.32,228.58,207.41,699.90,0.7771,-1,-1,-1
677,53,972.84,291.61,124.74,486.57,0.8250,-1,-1,-1
677,51,411.30,346.75,126.58,454.49,0.7923,-1,-1,-1
677,39,1461.42,266.39,188.83,593.74,0.8357,-1,-1,-1
677,30,837.54,327.32,142.92,437.82,0.8420,-1,-1,-1
677,6,1758.39,237.33,161.24,832.19,0.8337,-1,-1,-1
678,58,734.13,379.77,86.52,266.46,0.7411,-1,-1,-1
678,57,1060.79,241.89,309.27,701.36,0.8709,-1,-1,-1
678,56,1302.15,226.97,206.43,705.13,0.8078,-1,-1,-1
678,53,972.07,291.16,128.14,488.97,0.8166,-1,-1,-1
678,51,409.02,348.34,128.46,454.35,0.7954,-1,-1,-1
678,39,1468.29,263.78,182.34,596.19,0.8227,-1,-1,-1
678,30,838.32,326.41,142.55,439.99,0.8476,-1,-1,-1
678,6,1753.41,236.58,166.25,836.79,0.8555,-1,-1,-1
679,58,734.27,378.40,85.43,266.26,0.7337,-1,-1,-1
679,57,1060.84,236.32,316.12,737.81,0.8624,-1,-1,-1
679,56,1310.78,229.14,201.28,724.33,0.8382,-1,-1,-1
679,53,978.66,291.54,124.58,484.93,0.7902,-1,-1,-1
679,51,408.42,348.24,126.75,454.56,0.7841,-1,-1,-1
679,39,1477.65,263.33,180.35,594.39,0.8157,-1,-1,-1
679,30,837.35,327.63,146.77,438.20,0.8425,-1,-1,-1
679,6,1747.71,246.41,171.94,828.39,0.8450,-1,-1,-1
680,58,735.57,377.87,86.98,270.38,0.7452,-1,-1,-1
680,57,1064.59,231.07,297.23,768.08,0.8740,-1,-1,-1
680,56,1319.16,238.15,207.32,728.78,0.8708,-1,-1,-1
680,53,982.77,292.93,120.50,483.49,0.7721,-1,-1,-1
680,51,408.99,346.96,129.12,458.81,0.7864,-1,-1,-1
680,39,1486.67,262.14,183.24,605.03,0.8343,-1,-1,-1
680,30,835.18,329.65,159.17,438.24,0.8466,-1,-1,-1
680,6,1740.17,247.63,179.48,804.96,0.7728,-1,-1,-1
681,58,735.26,382.48,92.56,270.79,0.7565,-1,-1,-1
681,57,1072.98,225.79,286.25,787.41,0.8695,-1,-1,-1
681,56,1330.27,240.63,201.83,729.89,0.8650,-1,-1,-1
681,53,985.11,296.52,119.21,480.48,0.7802,-1,-1,-1
681,51,411.29,345.26,130.52,462.70,0.7831,-1,-1,-1
681,39,1490.27,262.29,187.11,609.18,0.8323,-1,-1,-1
681,30,837.49,332.09,162.13,437.17,0.8541,-1,-1,-1
681,6,1735.09,251.62,184.58,705.25,0.7891,-1,-1,-1
682,58,737.09,381.82,93.42,274.82,0.7630,-1,-1,-1
682,57,1079.17,223.64,287.18,793.06,0.8819,-1,-1,-1
682,56,1341.87,234.79,200.36,739.56,0.8558,-1,-1,-1
682,53,992.64,296.24,115.96,482.74,0.8021,-1,-1,-1
682,51,412.38,345.11,124.61,464.65,0.7896,-1,-1,-1
682,39,1500.48,259.83,177.51,620.31,0.8326,-1,-1,-1
682,30,838.64,333.28,170.06,442.39,0.8250,-1,-1,-1
682,6,1732.30,256.60,187.35,538.14,0.8297,-1,-1,-1
683,58,739.83,382.88,91.55,273.69,0.7640,-1,-1,-1
683,57,1083.81,220.48,293.39,814.69,0.8783,-1,-1,-1
683,56,1350.13,232.44,216.32,751.02,0.8695,-1,-1,-1
683,53,996.80,294.56,119.37,488.50,0.8024,-1,-1,-1
683,51,414.12,347.53,125.68,463.16,0.7798,-1,-1,-1
683,39,1508.00,256.76,167.14,623.61,0.8321,-1,-1,-1
683,30,846.03,335.98,165.23,428.84,0.8036,-1,-1,-1
683,6,1741.63,259.97,178.01,525.30,0.7012,-1,-1,-1
684,58,746.99,382.44,89.61,278.08,0.7767,-1,-1,-1
684,57,1091.55,217.35,294.47,852.14,0.8764,-1,-1,-1
684,56,1359.37,224.07,222.90,763.36,0.8636,-1,-1,-1
684,53,1002.34,296.63,114.65,489.75,0.8060,-1,-1,-1
684,51,416.88,348.13,126.58,464.90,0.7941,-1,-1,-1
684,39,1513.88,259.14,171.83,628.01,0.8202,-1,-1,-1
684,30,849.71,336.67,161.51,436.57,0.8396,-1,-1,-1
684,6,1747.78,263.36,171.89,512.03,0.6235,-1,-1,-1
685,58,753.46,382.46,87.47,281.19,0.7897,-1,-1,-1
685,57,1096.89,214.69,300.09,865.31,0.8874,-1,-1,-1
685,56,1369.99,219.17,222.90,767.73,0.8326,-1,-1,-1
685,53,1009.31,297.11,113.83,489.40,0.8055,-1,-1,-1
685,51,420.63,340.51,129.52,474.10,0.7978,-1,-1,-1
685,39,1521.75,260.90,162.29,619.64,0.7561,-1,-1,-1
685,30,863.05,332.24,153.66,440.28,0.8127,-1,-1,-1
685,6,1756.18,267.41,163.64,521.08,0.4480,-1,-1,-1
686,58,757.18,383.52,87.70,277.54,0.8153,-1,-1,-1
686,57,1103.28,210.51,300.76,869.05,0.8993,-1,-1,-1
686,56,1385.88,209.13,235.84,781.70,0.8309,-1,-1,-1
686,53,1016.99,293.15,118.34,491.20,0.7973,-1,-1,-1
686,51,424.75,342.25,123.94,473.45,0.8145,-1,-1,-1
686,39,1545.54,270.05,143.08,615.92,0.4323,-1,-1,-1
686,30,874.64,333.47,145.16,433.52,0.8559,-1,-1,-1
686,6,1769.47,281.27,150.43,510.59,0.6646,-1,-1,-1
687,58,765.25,379.16,87.45,283.38,0.8178,-1,-1,-1
687,57,1104.79,207.16,310.54,872.36,0.9021,-1,-1,-1
687,56,1394.53,200.98,271.21,796.54,0.8366,-1,-1,-1
687,53,1018.88,296.08,122.86,497.07,0.7962,-1,-1,-1
687,51,426.94,337.31,126.92,475.37,0.7952,-1,-1,-1
687,30,877.71,329.56,159.09,440.00,0.8461,-1,-1,-1
687,6,1789.77,303.93,130.22,551.50,0.6376,-1,-1,-1
688,58,765.31,377.04,92.38,281.41,0.7854,-1,-1,-1
688,57,1107.59,195.81,317.83,881.32,0.8989,-1,-1,-1
688,56,1408.58,190.85,286.98,809.61,0.8663,-1,-1,-1
688,53,1029.36,293.48,118.49,488.06,0.8105,-1,-1,-1
688,51,433.27,331.60,124.06,479.84,0.7642,-1,-1,-1
688,30,883.23,326.28,150.04,433.86,0.8325,-1,-1,-1
688,6,1806.24,334.24,113.76,532.11,0.6847,-1,-1,-1
689,58,769.36,372.22,97.92,282.36,0.7698,-1,-1,-1
689,57,1111.11,170.69,325.57,904.66,0.8956,-1,-1,-1
689,56,1419.08,188.28,294.26,804.07,0.8775,-1,-1,-1
689,53,1037.48,290.71,115.69,487.90,0.7759,-1,-1,-1
689,51,436.22,329.03,123.81,474.93,0.8085,-1,-1,-1
689,30,891.26,322.55,150.52,430.18,0.8105,-1,-1,-1
689,6,1827.65,374.67,92.35,494.71,0.5574,-1,-1,-1
690,59,869.15,379.08,48.57,227.85,0.4070,-1,-1,-1
690,58,774.16,361.01,92.91,289.85,0.7459,-1,-1,-1
690,57,1109.98,169.69,338.34,900.12,0.8985,-1,-1,-1
690,56,1427.37,178.08,318.19,813.17,0.8657,-1,-1,-1
690,53,1045.73,286.27,115.59,486.82,0.8152,-1,-1,-1
690,51,438.62,321.83,122.25,474.75,0.7848,-1,-1,-1
690,30,895.71,316.95,161.34,434.23,0.7925,-1,-1,-1
691,58,777.67,361.87,93.43,289.93,0.7826,-1,-1,-1
691,57,1109.82,178.08,343.31,896.58,0.9032,-1,-1,-1
691,56,1437.20,163.54,336.64,832.52,0.8798,-1,-1,-1
691,53,1048.12,283.07,115.67,486.18,0.7608,-1,-1,-1
691,51,440.79,319.01,122.52,477.71,0.7141,-1,-1,-1
691,30,901.13,310.98,164.67,432.15,0.8089,-1,-1,-1
692,59,866.86,373.45,58.24,219.23,0.5083,-1,-1,-1
692,58,779.72,355.49,92.90,293.79,0.7837,-1,-1,-1
692,57,1106.83,157.57,360.00,919.67,0.8951,-1,-1,-1
692,56,1444.68,153.16,347.09,860.91,0.8965,-1,-1,-1
692,53,1052.93,279.69,117.66,492.68,0.7503,-1,-1,-1
692,51,440.99,313.66,124.62,484.07,0.7427,-1,-1,-1
692,30,906.77,307.02,144.53,432.89,0.7948,-1,-1,-1
693,59,866.21,370.71,62.58,221.40,0.5332,-1,-1,-1
693,58,778.46,353.83,93.91,291.83,0.7797,-1,-1,-1
693,57,1104.38,132.49,377.72,939.82,0.8889,-1,-1,-1
693,56,1450.97,143.38,360.72,894.59,0.9008,-1,-1,-1
693,53,1059.80,272.11,105.46,521.82,0.6061,-1,-1,-1
693,51,440.53,309.68,149.97,488.32,0.6777,-1,-1,-1
693,30,910.02,302.09,148.09,436.30,0.7914,-1,-1,-1
694,59,865.23,366.94,61.88,217.70,0.5097,-1,-1,-1
694,58,780.07,352.05,93.56,293.67,0.7484,-1,-1,-1
694,57,1101.69,126.01,398.40,947.97,0.8896,-1,-1,-1
694,56,1454.79,138.73,381.53,914.22,0.8982,-1,-1,-1
694,53,1062.49,266.18,97.72,519.26,0.5502,-1,-1,-1
694,51,439.21,304.28,137.08,492.59,0.6921,-1,-1,-1
694,30,909.85,299.48,142.84,438.00,0.8127,-1,-1,-1
695,59,866.99,362.98,64.53,225.79,0.6098,-1,-1,-1
695,58,780.90,346.23,89.43,295.69,0.7458,-1,-1,-1
695,57,1092.94,111.80,425.05,962.23,0.8794,-1,-1,-1
695,56,1461.75,130.86,400.54,920.35,0.8994,-1,-1,-1
695,53,1059.85,258.02,136.62,650.67,0.5274,-1,-1,-1
695,51,434.61,298.58,125.48,494.61,0.7970,-1,-1,-1
695,30,911.48,299.12,142.59,435.13,0.8100,-1,-1,-1
696,59,867.28,364.14,62.80,229.32,0.6269,-1,-1,-1
696,58,776.48,343.42,93.80,297.45,0.7685,-1,-1,-1
696,57,1097.62,99.72,429.91,975.08,0.8823,-1,-1,-1
696,56,1466.57,125.74,412.32,936.26,0.9045,-1,-1,-1
696,53,1045.00,250.18,161.81,668.24,0.6176,-1,-1,-1
696,51,432.31,296.80,126.09,497.78,0.8194,-1,-1,-1
696,30,910.30,301.30,138.74,431.99,0.8454,-1,-1,-1
697,59,865.94,362.03,62.61,228.96,0.6716,-1,-1,-1
697,58,775.72,337.21,95.35,300.63,0.7627,-1,-1,-1
697,57,1109.51,84.28,438.09,990.64,0.8937,-1,-1,-1
697,56,1476.84,115.47,415.12,955.73,0.8910,-1,-1,-1
697,53,1043.20,249.03,153.90,680.05,0.6704,-1,-1,-1
697,51,425.52,295.40,132.27,498.07,0.7917,-1,-1,-1
697,30,915.01,297.08,133.73,430.56,0.8156,-1,-1,-1
698,59,862.54,358.05,65.67,227.92,0.6885,-1,-1,-1
698,58,774.49,338.64,97.63,299.64,0.7805,-1,-1,-1
698,57,1107.04,67.55,444.33,1007.94,0.9040,-1,-1,-1
698,56,1481.27,111.70,428.34,954.09,0.9017,-1,-1,-1
698,53,1045.96,224.21,167.77,708.62,0.6730,-1,-1,-1
698,51,426.26,285.98,125.40,500.92,0.7803,-1,-1,-1
698,30,917.13,290.78,140.98,437.41,0.8320,-1,-1,-1
699,59,863.98,351.79,64.91,229.15,0.6890,-1,-1,-1
699,58,772.42,334.91,102.85,301.37,0.7892,-1,-1,-1
699,57,1115.90,49.81,446.75,1027.91,0.9052,-1,-1,-1
699,56,1492.79,97.39,426.02,963.81,0.9050,-1,-1,-1
699,53,1046.06,206.23,167.34,734.62,0.6960,-1,-1,-1
699,51,422.62,280.71,139.10,503.89,0.7730,-1,-1,-1
699,30,918.20,285.15,150.33,440.17,0.8355,-1,-1,-1
700,59,866.71,347.16,61.54,231.08,0.6504,-1,-1,-1
700,58,771.72,332.41,103.02,303.63,0.7656,-1,-1,-1
700,57,1131.12,32.42,446.36,1043.09,0.8994,-1,-1,-1
700,56,1501.09,80.11,417.92,984.75,0.9101,-1,-1,-1
700,53,1051.56,194.78,159.10,746.96,0.7592,-1,-1,-1
700,51,421.79,276.59,129.82,505.06,0.7963,-1,-1,-1
700,30,919.42,283.35,148.98,439.99,0.8451,-1,-1,-1
701,59,864.65,345.21,65.78,234.10,0.6725,-1,-1,-1
701,58,773.47,328.50,103.14,305.20,0.7536,-1,-1,-1
701,57,1137.82,22.81,446.94,1050.44,0.8951,-1,-1,-1
701,56,1511.13,73.37,408.17,988.32,0.9082,-1,-1,-1
701,53,1054.00,188.10,137.29,751.77,0.7719,-1,-1,-1
701,51,417.28,271.49,130.12,512.49,0.8242,-1,-1,-1
701,30,920.65,282.97,147.13,436.06,0.8551,-1,-1,-1
702,59,858.60,338.27,73.51,238.93,0.7016,-1,-1,-1
702,58,774.98,324.65,97.11,305.68,0.7641,-1,-1,-1
702,57,1138.52,10.92,451.35,1061.25,0.8915,-1,-1,-1
702,56,1512.21,63.29,407.49,998.97,0.9111,-1,-1,-1
702,53,1045.62,179.61,172.94,762.62,0.8141,-1,-1,-1
702,51,415.40,267.79,131.46,517.64,0.8279,-1,-1,-1
702,30,921.51,279.58,139.64,433.02,0.8407,-1,-1,-1
703,59,861.05,332.76,71.31,246.82,0.6812,-1,-1,-1
703,58,772.73,318.22,100.86,312.03,0.7661,-1,-1,-1
703,57,1148.50,3.46,451.35,1069.19,0.8957,-1,-1,-1
703,56,1520.77,48.88,399.23,1017.57,0.9060,-1,-1,-1
703,53,1042.67,169.68,178.16,772.36,0.8352,-1,-1,-1
703,51,406.85,260.15,137.29,523.30,0.8180,-1,-1,-1
703,30,922.22,277.21,134.06,430.99,0.8365,-1,-1,-1
704,59,861.13,328.32,69.94,247.23,0.6798,-1,-1,-1
704,58,772.26,313.46,105.41,313.17,0.7673,-1,-1,-1
704,57,1154.22,1.02,453.84,1069.87,0.9025,-1,-1,-1
704,56,1532.75,36.88,387.11,1029.49,0.9108,-1,-1,-1
704,53,1034.33,158.62,208.69,782.96,0.8461,-1,-1,-1
704,51,399.48,254.09,138.63,522.77,0.8433,-1,-1,-1
704,30,921.79,270.91,124.32,431.14,0.8206,-1,-1,-1
705,59,854.87,322.85,72.42,244.56,0.6567,-1,-1,-1
705,58,775.27,309.89,96.45,313.92,0.7490,-1,-1,-1
705,57,1159.32,1.39,452.95,1068.77,0.9049,-1,-1,-1
705,56,1545.15,10.99,374.85,1051.36,0.9014,-1,-1,-1
705,53,1024.42,147.83,205.76,792.93,0.8461,-1,-1,-1
705,51,394.82,251.16,143.76,521.06,0.8586,-1,-1,-1
705,30,920.24,263.05,122.38,430.90,0.8180,-1,-1,-1
706,59,852.62,318.35,73.62,249.83,0.6822,-1,-1,-1
706,58,772.70,302.59,95.32,316.63,0.7625,-1,-1,-1
706,57,1170.34,1.20,458.94,1070.80,0.9111,-1,-1,-1
706,56,1556.88,3.04,362.81,1063.03,0.9177,-1,-1,-1
706,53,1002.03,136.63,214.78,818.59,0.8300,-1,-1,-1
706,51,392.57,242.50,141.24,528.67,0.8137,-1,-1,-1
706,30,921.40,258.28,122.71,428.73,0.8048,-1,-1,-1
707,59,853.12,312.28,73.31,247.97,0.6648,-1,-1,-1
707,58,777.08,294.85,89.51,315.91,0.7832,-1,-1,-1
707,57,1179.78,1.71,472.73,1072.83,0.9135,-1,-1,-1
707,56,1578.97,2.70,340.91,1069.43,0.9170,-1,-1,-1
707,53,991.01,120.20,221.64,857.09,0.8319,-1,-1,-1
707,51,388.62,236.60,142.56,528.19,0.8207,-1,-1,-1
707,30,920.24,254.51,123.87,425.69,0.7561,-1,-1,-1
708,59,852.06,304.90,74.44,257.57,0.6084,-1,-1,-1
708,58,771.44,288.59,100.72,318.09,0.7738,-1,-1,-1
708,57,1182.62,2.16,493.01,1068.02,0.9134,-1,-1,-1
708,56,1601.69,4.18,318.31,1068.67,0.9075,-1,-1,-1
708,53,977.63,106.93,228.37,882.09,0.8468,-1,-1,-1
708,51,387.02,231.10,145.07,530.20,0.7950,-1,-1,-1
708,30,922.15,239.71,104.26,435.40,0.6970,-1,-1,-1
709,59,851.67,301.15,73.71,252.03,0.5357,-1,-1,-1
709,58,766.39,281.31,106.06,322.46,0.7602,-1,-1,-1
709,57,1200.99,2.29,505.87,1068.34,0.9182,-1,-1,-1
709,56,1630.58,5.33,288.96,1074.67,0.8982,-1,-1,-1
709,53,968.86,97.44,262.68,904.58,0.8609,-1,-1,-1
709,51,381.94,216.98,145.16,544.56,0.8031,-1,-1,-1
709,30,912.65,229.44,120.44,437.32,0.5542,-1,-1,-1
710,59,854.71,297.53,69.00,249.24,0.4967,-1,-1,-1
710,58,766.67,274.39,104.74,326.39,0.7693,-1,-1,-1
710,57,1219.10,2.61,523.66,1066.03,0.9315,-1,-1,-1
710,56,1660.34,4.72,259.66,1075.28,0.8971,-1,-1,-1
710,53,936.09,85.84,302.26,927.29,0.8828,-1,-1,-1
710,51,378.60,212.04,145.21,542.68,0.7942,-1,-1,-1
711,59,853.10,295.43,69.68,255.35,0.4923,-1,-1,-1
711,58,774.31,270.16,96.32,329.02,0.7464,-1,-1,-1
711,57,1232.87,0.50,573.82,1066.75,0.9216,-1,-1,-1
711,56,1696.61,5.04,223.23,1056.62,0.8806,-1,-1,-1
711,53,926.48,79.58,312.16,943.72,0.8934,-1,-1,-1
711,51,374.59,207.03,146.30,546.20,0.8141,-1,-1,-1
712,59,853.23,294.15,66.76,251.86,0.5976,-1,-1,-1
712,58,761.75,266.51,111.03,332.98,0.7432,-1,-1,-1
712,57,1256.04,3.75,576.32,1068.02,0.9111,-1,-1,-1
712,56,1734.13,3.05,185.52,887.87,0.7735,-1,-1,-1
712,53,915.30,63.61,324.54,974.19,0.9029,-1,-1,-1
712,51,371.27,203.75,145.61,550.64,0.8206,-1,-1,-1
713,59,852.37,284.50,73.03,262.03,0.5324,-1,-1,-1
713,58,758.59,261.18,117.21,337.46,0.7598,-1,-1,-1
713,57,1275.42,5.07,604.67,1066.12,0.9159,-1,-1,-1
713,56,1781.39,4.54,138.25,830.77,0.5931,-1,-1,-1
713,53,909.14,51.56,327.59,1005.98,0.8966,-1,-1,-1
713,51,366.05,196.52,147.76,556.75,0.8163,-1,-1,-1
714,59,853.85,284.92,67.91,261.69,0.5896,-1,-1,-1
714,58,756.33,258.93,117.33,339.03,0.7817,-1,-1,-1
714,57,1292.27,2.95,626.73,1066.19,0.9254,-1,-1,-1
714,53,900.86,42.90,325.70,1019.89,0.8874,-1,-1,-1
714,51,363.94,194.19,148.55,558.04,0.8265,-1,-1,-1
715,59,850.87,280.44,58.18,266.17,0.4189,-1,-1,-1
715,58,757.50,256.31,122.16,339.73,0.7667,-1,-1,-1
715,57,1285.31,0.02,633.92,1065.75,0.9283,-1,-1,-1
715,53,890.30,36.48,326.59,1030.85,0.8909,-1,-1,-1
715,51,358.84,192.29,155.93,558.91,0.8248,-1,-1,-1
716,60,1238.23,317.32,60.32,205.74,0.5866,-1,-1,-1
716,58,757.67,254.39,118.78,340.04,0.7613,-1,-1,-1
716,57,1270.37,0.00,649.08,1068.57,0.9285,-1,-1,-1
716,53,877.30,11.56,327.99,1053.58,0.8965,-1,-1,-1
716,51,356.50,189.81,151.32,564.44,0.8274,-1,-1,-1
717,60,1240.89,310.46,61.16,212.29,0.5070,-1,-1,-1
717,58,755.11,248.70,126.51,346.86,0.8054,-1,-1,-1
717,57,1262.82,0.00,655.87,1067.20,0.9286,-1,-1,-1
717,53,858.47,2.93,343.43,1074.54,0.9083,-1,-1,-1
717,51,350.77,189.88,160.44,563.04,0.8038,-1,-1,-1
718,60,1237.82,307.86,68.96,214.62,0.5916,-1,-1,-1
718,58,755.59,245.26,114.15,351.56,0.8088,-1,-1,-1
718,57,1260.30,1.28,658.60,1068.93,0.9181,-1,-1,-1
718,53,844.11,12.37,339.89,1062.38,0.9027,-1,-1,-1
718,51,346.72,182.21,162.55,572.54,0.8185,-1,-1,-1
719,60,1240.81,312.39,72.26,208.35,0.5577,-1,-1,-1
719,58,754.03,240.96,104.63,355.38,0.7686,-1,-1,-1
719,57,1263.46,1.53,655.79,1069.88,0.9180,-1,-1,-1
719,53,817.47,2.82,350.83,1066.84,0.8994,-1,-1,-1
719,51,344.17,180.00,159.57,576.28,0.8279,-1,-1,-1
720,61,1095.98,165.87,118.20,513.94,0.7163,-1,-1,-1
720,60,1242.67,305.46,75.69,215.82,0.6399,-1,-1,-1
720,58,757.35,241.32,84.15,354.15,0.6819,-1,-1,-1
720,57,1275.33,2.51,643.67,1055.87,0.9173,-1,-1,-1
720,53,791.16,2.44,359.84,1068.88,0.8882,-1,-1,-1
720,51,342.05,179.77,157.56,580.08,0.8484,-1,-1,-1
721,61,1092.55,164.63,130.54,519.52,0.7446,-1,-1,-1
721,60,1242.01,302.00,76.25,216.49,0.6069,-1,-1,-1
721,57,1293.60,2.47,624.56,1062.84,0.8843,-1,-1,-1
721,53,768.82,2.02,361.63,1076.67,0.9126,-1,-1,-1
721,51,338.02,173.89,159.84,588.60,0.8475,-1,-1,-1
722,61,1088.55,161.90,140.26,519.74,0.7898,-1,-1,-1
722,60,1245.28,293.97,65.99,225.27,0.4928,-1,-1,-1
722,57,1305.90,1.83,612.09,1063.63,0.9198,-1,-1,-1
722,53,748.64,2.09,367.91,1074.34,0.9107,-1,-1,-1
722,51,331.93,169.08,163.16,595.00,0.8438,-1,-1,-1
723,62,1302.72,110.12,168.47,558.70,0.7298,-1,-1,-1
723,61,1082.77,162.03,142.57,509.57,0.8313,-1,-1,-1
723,60,1246.97,313.56,64.49,207.11,0.5253,-1,-1,-1
723,57,1313.75,2.04,603.96,1063.14,0.9027,-1,-1,-1
723,53,725.11,1.99,371.83,1075.37,0.9036,-1,-1,-1
723,51,326.52,167.03,165.77,597.10,0.8462,-1,-1,-1
724,62,1260.14,107.27,203.15,637.47,0.7752,-1,-1,-1
724,61,1078.16,158.80,150.50,508.93,0.8437,-1,-1,-1
724,57,1322.93,5.15,594.27,1061.99,0.9020,-1,-1,-1
724,53,699.16,1.82,390.72,1068.57,0.9060,-1,-1,-1
724,51,322.08,163.30,165.72,601.10,0.8366,-1,-1,-1
725,62,1240.58,100.89,215.89,663.98,0.8577,-1,-1,-1
725,61,1075.39,157.95,150.78,507.80,0.8372,-1,-1,-1
725,57,1335.52,7.19,580.82,1062.93,0.8823,-1,-1,-1
725,53,661.45,3.38,397.95,1069.98,0.9040,-1,-1,-1
725,51,316.05,158.19,166.99,605.81,0.8385,-1,-1,-1
726,62,1217.80,106.79,239.63,701.43,0.8564,-1,-1,-1
726,61,1072.00,154.30,160.37,509.13,0.8424,-1,-1,-1
726,57,1351.02,7.66,567.90,1059.95,0.8126,-1,-1,-1
726,56,1802.07,208.76,117.45,858.73,0.4558,-1,-1,-1
726,53,632.66,3.65,404.44,1071.07,0.9086,-1,-1,-1
726,51,312.50,157.14,166.27,608.20,0.8181,-1,-1,-1
727,62,1188.67,105.52,272.97,696.50,0.8693,-1,-1,-1
727,61,1067.59,151.63,164.29,512.74,0.8544,-1,-1,-1
727,57,1392.58,3.45,527.42,1064.30,0.8127,-1,-1,-1
727,53,605.27,4.83,411.28,1069.64,0.9053,-1,-1,-1
727,51,296.24,147.57,172.86,614.55,0.8200,-1,-1,-1
727,30,966.89,193.33,96.30,433.06,0.5845,-1,-1,-1
728,62,1149.69,101.05,311.67,702.58,0.8592,-1,-1,-1
728,61,1066.76,147.73,143.87,510.89,0.6677,-1,-1,-1
728,57,1527.68,6.12,391.80,1046.43,0.7383,-1,-1,-1
728,53,565.15,4.55,435.30,1071.82,0.9091,-1,-1,-1
728,51,290.51,141.94,168.44,619.97,0.8494,-1,-1,-1
728,30,941.47,181.82,121.68,444.05,0.7889,-1,-1,-1
729,62,1124.54,92.98,336.21,708.64,0.8772,-1,-1,-1
729,61,1063.80,146.68,128.96,508.45,0.7568,-1,-1,-1
729,57,1684.02,30.99,235.55,1031.70,0.6985,-1,-1,-1
729,53,519.35,1.72,452.64,1072.41,0.9076,-1,-1,-1
729,51,280.24,129.50,168.60,629.06,0.8670,-1,-1,-1
729,30,937.27,185.69,121.66,437.28,0.8450,-1,-1,-1
730,62,1114.24,94.57,345.35,704.17,0.9000,-1,-1,-1
730,61,1055.11,142.02,135.62,514.52,0.8081,-1,-1,-1
730,53,467.84,1.81,475.35,1073.88,0.9227,-1,-1,-1
730,51,267.60,125.75,172.77,630.53,0.8433,-1,-1,-1
730,30,920.51,184.47,144.09,437.24,0.8500,-1,-1,-1
731,62,1113.79,94.35,340.97,706.09,0.8963,-1,-1,-1
731,61,1050.63,140.16,132.11,515.40,0.7968,-1,-1,-1
731,53,421.40,3.60,485.80,1071.59,0.9070,-1,-1,-1
731,51,253.49,121.25,172.76,637.59,0.8305,-1,-1,-1
731,30,911.08,183.06,144.35,439.44,0.8389,-1,-1,-1
732,62,1087.82,90.64,365.38,711.73,0.8787,-1,-1,-1
732,61,1050.45,138.90,125.10,514.99,0.8124,-1,-1,-1
732,53,359.13,3.99,519.40,1064.58,0.9133,-1,-1,-1
732,51,244.66,109.38,157.83,650.74,0.8458,-1,-1,-1
732,30,904.59,183.56,154.47,438.08,0.8397,-1,-1,-1
733,62,1094.29,78.12,344.18,721.92,0.8631,-1,-1,-1
733,61,1046.93,134.97,118.97,513.82,0.8048,-1,-1,-1
733,53,243.46,4.07,599.72,1063.82,0.9025,-1,-1,-1
733,30,899.19,180.28,164.50,437.59,0.8549,-1,-1,-1
734,62,1076.36,80.84,344.65,735.40,0.8614,-1,-1,-1
734,61,1041.90,137.03,117.31,515.21,0.8040,-1,-1,-1
734,58,759.14,226.85,97.67,382.60,0.4628,-1,-1,-1
734,53,221.14,6.26,581.73,1060.26,0.9264,-1,-1,-1
734,30,895.85,183.09,145.55,435.16,0.8417,-1,-1,-1
735,62,1058.42,82.64,338.60,740.85,0.8627,-1,-1,-1
735,61,1034.53,138.55,113.46,520.84,0.7601,-1,-1,-1
735,58,741.53,208.70,107.56,401.95,0.6857,-1,-1,-1
735,53,160.25,4.31,614.92,1061.39,0.9090,-1,-1,-1
735,30,889.69,182.69,141.32,424.48,0.8575,-1,-1,-1
736,62,1045.72,77.00,317.77,725.47,0.8802,-1,-1,-1
736,61,1026.65,135.69,106.32,526.31,0.6484,-1,-1,-1
736,58,711.00,179.52,131.66,410.74,0.6398,-1,-1,-1
736,53,46.62,2.38,686.77,1065.67,0.8624,-1,-1,-1
736,30,886.48,181.74,137.88,428.88,0.8479,-1,-1,-1
737,62,1047.88,71.90,276.69,726.30,0.8519,-1,-1,-1
737,61,1013.56,140.01,102.03,524.15,0.6678,-1,-1,-1
737,58,671.75,177.72,159.25,427.95,0.7136,-1,-1,-1
737,53,0.71,5.00,694.75,1060.45,0.9244,-1,-1,-1
737,30,879.10,179.49,134.85,428.90,0.8371,-1,-1,-1
738,64,750.73,210.09,64.47,318.98,0.4614,-1,-1,-1
738,62,1020.10,68.40,257.81,738.54,0.8715,-1,-1,-1
738,61,1005.32,143.33,88.44,516.46,0.4704,-1,-1,-1
738,58,646.23,170.89,157.61,438.16,0.7849,-1,-1,-1
738,53,1.45,4.83,681.82,1057.78,0.9043,-1,-1,-1
738,30,863.40,176.39,135.98,432.66,0.8222,-1,-1,-1
739,62,1001.14,70.04,221.41,732.76,0.8283,-1,-1,-1
739,58,623.28,166.17,170.31,445.94,0.8121,-1,-1,-1
739,53,1.42,3.38,651.84,1053.25,0.9128,-1,-1,-1
739,30,841.67,176.76,137.41,435.77,0.8439,-1,-1,-1
740,62,974.29,66.96,200.07,734.89,0.8287,-1,-1,-1
740,58,614.42,164.40,159.84,460.42,0.8234,-1,-1,-1
740,53,1.57,6.44,597.11,1051.05,0.9056,-1,-1,-1
740,30,825.12,177.33,145.38,431.18,0.8412,-1,-1,-1
741,62,950.64,68.33,200.70,757.84,0.8713,-1,-1,-1
741,58,595.47,162.72,168.65,460.17,0.8470,-1,-1,-1
741,53,0.48,4.45,543.19,1059.39,0.8886,-1,-1,-1
741,30,818.27,178.36,141.63,431.89,0.8179,-1,-1,-1
742,65,1141.12,272.97,56.30,258.63,0.4850,-1,-1,-1
742,62,919.99,67.55,212.03,762.36,0.8391,-1,-1,-1
742,58,580.13,157.89,171.29,465.30,0.8487,-1,-1,-1
742,53,0.76,4.24,448.28,1063.37,0.8361,-1,-1,-1
742,30,807.89,177.82,140.42,436.66,0.8407,-1,-1,-1
743,62,894.36,68.11,225.10,762.68,0.8161,-1,-1,-1
743,58,574.06,159.81,161.51,469.44,0.8280,-1,-1,-1
743,53,0.79,10.16,295.23,1045.29,0.7068,-1,-1,-1
743,30,797.68,181.47,141.56,437.59,0.8274,-1,-1,-1
744,66,1073.81,228.95,97.15,303.75,0.6839,-1,-1,-1
744,62,845.94,64.35,239.17,763.54,0.8343,-1,-1,-1
744,58,552.83,158.20,169.15,479.25,0.8404,-1,-1,-1
744,53,0.16,60.56,200.93,777.59,0.5670,-1,-1,-1
744,30,776.55,180.38,146.84,431.26,0.8211,-1,-1,-1
745,66,1064.97,230.28,103.35,305.50,0.7485,-1,-1,-1
745,62,802.19,60.70,269.03,761.17,0.7781,-1,-1,-1
745,58,534.32,155.32,179.66,489.47,0.8414,-1,-1,-1
745,53,0.00,53.05,181.85,770.37,0.8732,-1,-1,-1
745,30,764.89,181.71,135.57,429.96,0.7264,-1,-1,-1
746,66,1051.75,223.55,101.82,313.35,0.7223,-1,-1,-1
746,62,731.34,54.58,323.81,784.52,0.8056,-1,-1,-1
746,58,515.11,153.38,188.08,496.49,0.8397,-1,-1,-1
746,53,0.77,54.57,157.59,767.10,0.8567,-1,-1,-1
746,30,752.72,182.06,127.73,422.61,0.7472,-1,-1,-1
747,66,1052.51,222.85,92.87,315.89,0.7045,-1,-1,-1
747,62,692.60,41.63,357.89,792.93,0.8324,-1,-1,-1
747,58,496.06,152.54,187.25,501.98,0.8304,-1,-1,-1
747,53,0.78,53.47,135.75,772.30,0.8305,-1,-1,-1
747,30,732.96,183.78,117.32,394.51,0.6152,-1,-1,-1
748,66,1043.41,219.38,94.00,323.11,0.7131,-1,-1,-1
748,62,655.59,50.58,380.14,785.84,0.8794,-1,-1,-1
748,58,481.77,149.74,190.47,505.56,0.8523,-1,-1,-1
748,53,0.49,62.68,115.63,770.15,0.8120,-1,-1,-1
748,30,718.89,170.02,109.03,411.16,0.5252,-1,-1,-1
749,66,1035.12,220.88,92.13,321.94,0.6747,-1,-1,-1
749,62,673.10,48.90,351.41,787.84,0.8155,-1,-1,-1
749,61,921.19,140.16,85.94,361.73,0.4585,-1,-1,-1
749,58,464.12,148.79,199.24,517.91,0.8423,-1,-1,-1
749,53,0.33,108.65,101.42,714.93,0.7608,-1,-1,-1
750,66,1030.44,226.76,93.71,318.14,0.7399,-1,-1,-1
750,62,642.65,55.38,369.31,790.43,0.8591,-1,-1,-1
750,58,450.89,148.61,199.90,521.73,0.7512,-1,-1,-1
750,53,0.09,184.89,80.40,638.37,0.7268,-1,-1,-1
750,30,693.84,251.38,67.49,300.35,0.4283,-1,-1,-1
751,67,979.20,241.08,83.57,321.83,0.6533,-1,-1,-1
751,66,1032.03,227.61,89.46,320.99,0.7152,-1,-1,-1
751,62,623.99,52.81,379.25,803.51,0.8737,-1,-1,-1
751,61,883.60,139.05,109.85,512.36,0.6955,-1,-1,-1
751,58,435.48,150.16,205.15,543.47,0.8016,-1,-1,-1
752,67,963.28,244.96,101.62,325.07,0.6889,-1,-1,-1
752,66,1029.62,228.13,90.73,321.85,0.7484,-1,-1,-1
752,62,612.72,54.36,367.55,808.91,0.8716,-1,-1,-1
752,61,868.80,140.70,119.68,521.22,0.7590,-1,-1,-1
752,58,427.84,143.47,202.77,552.19,0.8283,-1,-1,-1
753,67,961.35,250.41,112.48,325.46,0.7030,-1,-1,-1
753,66,1032.03,230.09,89.57,316.49,0.7369,-1,-1,-1
753,62,603.76,46.70,358.32,821.58,0.8886,-1,-1,-1
753,61,861.19,145.60,123.05,524.82,0.7679,-1,-1,-1
753,58,412.88,138.68,215.67,559.72,0.8388,-1,-1,-1
754,69,1830.99,325.54,88.40,375.46,0.5085,-1,-1,-1
754,67,958.34,251.72,113.67,327.64,0.6714,-1,-1,-1
754,66,1029.27,232.16,93.44,324.80,0.7430,-1,-1,-1
754,62,596.52,47.83,339.83,827.45,0.8870,-1,-1,-1
754,61,856.24,149.60,124.13,526.85,0.7953,-1,-1,-1
754,58,395.58,136.24,229.31,564.34,0.8193,-1,-1,-1
755,69,1823.85,309.82,95.55,395.34,0.5026,-1,-1,-1
755,67,957.46,251.15,116.74,330.42,0.6923,-1,-1,-1
755,66,1031.68,230.46,95.07,326.20,0.7173,-1,-1,-1
755,62,575.05,43.89,342.85,837.93,0.8893,-1,-1,-1
755,61,849.44,149.83,130.07,531.51,0.7994,-1,-1,-1
755,58,394.17,134.42,222.34,568.67,0.8487,-1,-1,-1
756,67,955.38,251.59,115.48,333.06,0.6799,-1,-1,-1
756,66,1030.29,229.77,102.79,331.91,0.7039,-1,-1,-1
756,62,542.22,39.26,336.91,851.03,0.8892,-1,-1,-1
756,61,846.54,154.18,135.25,523.93,0.8010,-1,-1,-1
756,58,384.24,132.59,220.31,582.82,0.8420,-1,-1,-1
757,67,955.00,251.70,115.67,338.46,0.7568,-1,-1,-1
757,66,1029.89,230.12,107.58,333.69,0.7000,-1,-1,-1
757,62,504.37,33.58,338.93,863.41,0.8795,-1,-1,-1
757,61,840.98,158.29,141.90,522.22,0.8020,-1,-1,-1
757,58,377.87,135.67,198.20,578.69,0.8539,-1,-1,-1
758,67,957.54,250.31,126.32,343.83,0.7995,-1,-1,-1
758,66,1037.19,228.30,115.26,334.24,0.7045,-1,-1,-1
758,64,756.73,195.10,87.87,320.77,0.5818,-1,-1,-1
758,62,469.06,36.13,343.12,868.93,0.8792,-1,-1,-1
758,61,845.00,164.00,135.97,521.60,0.8241,-1,-1,-1
758,58,373.48,129.63,202.81,587.38,0.7723,-1,-1,-1
759,67,961.58,255.03,120.25,342.75,0.8124,-1,-1,-1
759,66,1043.70,230.03,110.40,347.78,0.7294,-1,-1,-1
759,62,459.92,33.89,321.84,881.08,0.8467,-1,-1,-1
759,61,844.33,168.16,134.11,524.13,0.8312,-1,-1,-1
759,58,372.29,133.98,203.40,595.74,0.7958,-1,-1,-1
760,67,967.06,255.55,118.52,347.74,0.8080,-1,-1,-1
760,66,1051.07,228.50,105.38,363.81,0.7450,-1,-1,-1
760,64,681.92,196.80,164.56,519.36,0.6892,-1,-1,-1
760,62,451.45,42.24,294.47,880.52,0.7885,-1,-1,-1
760,61,843.26,170.02,134.26,525.02,0.8300,-1,-1,-1
760,58,370.72,130.57,203.68,611.12,0.7835,-1,-1,-1
761,67,970.96,256.77,120.58,349.66,0.8296,-1,-1,-1
761,66,1056.98,229.03,103.35,363.51,0.7628,-1,-1,-1
761,64,717.09,202.24,133.72,435.19,0.8253,-1,-1,-1
761,62,413.26,42.88,321.30,892.09,0.7624,-1,-1,-1
761,61,846.04,171.91,132.15,528.11,0.8355,-1,-1,-1
761,58,370.59,133.58,197.45,607.24,0.7332,-1,-1,-1
762,67,970.77,250.05,129.08,358.58,0.8053,-1,-1,-1
762,66,1062.60,230.43,98.29,362.76,0.7785,-1,-1,-1
762,64,708.06,202.32,143.13,437.48,0.8183,-1,-1,-1
762,62,392.05,39.61,338.08,900.50,0.7497,-1,-1,-1
762,61,845.29,172.97,132.89,528.61,0.8350,-1,-1,-1
762,58,361.36,136.20,197.05,611.33,0.7181,-1,-1,-1
763,67,974.59,250.23,136.62,360.60,0.8005,-1,-1,-1
763,66,1064.36,230.95,106.53,366.30,0.7902,-1,-1,-1
763,64,706.09,203.75,150.14,450.68,0.8339,-1,-1,-1
763,62,357.14,37.96,360.51,910.25,0.6404,-1,-1,-1
763,61,848.21,172.58,132.16,524.66,0.8249,-1,-1,-1
763,58,344.86,139.64,188.79,609.57,0.7547,-1,-1,-1
764,67,979.33,249.13,139.86,364.46,0.8009,-1,-1,-1
764,66,1071.28,229.06,101.25,373.63,0.7762,-1,-1,-1
764,64,711.94,205.89,146.66,451.51,0.8354,-1,-1,-1
764,62,328.21,38.41,387.90,916.71,0.8509,-1,-1,-1
764,61,848.29,172.05,135.65,530.98,0.8134,-1,-1,-1
764,58,329.49,117.53,193.15,643.20,0.5565,-1,-1,-1
765,67,983.56,251.06,142.55,368.89,0.7741,-1,-1,-1
765,66,1077.82,228.43,101.72,374.14,0.7165,-1,-1,-1
765,64,714.30,208.02,145.89,448.61,0.8441,-1,-1,-1
765,62,323.79,36.66,394.73,924.74,0.8615,-1,-1,-1
765,61,850.22,168.17,142.45,520.13,0.8032,-1,-1,-1
766,67,983.03,249.83,145.92,374.90,0.7989,-1,-1,-1
766,66,1081.99,229.66,103.26,378.59,0.6847,-1,-1,-1
766,64,717.09,210.39,144.10,444.90,0.8414,-1,-1,-1
766,62,305.36,34.32,412.17,926.73,0.9033,-1,-1,-1
766,61,855.92,166.62,137.18,512.48,0.8123,-1,-1,-1
767,70,633.13,272.36,100.21,341.23,0.7338,-1,-1,-1
767,67,976.57,250.35,164.14,379.60,0.8225,-1,-1,-1
767,66,1087.35,225.89,119.39,388.78,0.7384,-1,-1,-1
767,64,718.24,210.48,143.25,441.20,0.8456,-1,-1,-1
767,62,287.89,32.26,426.09,934.28,0.9007,-1,-1,-1
767,61,854.90,162.80,140.15,513.35,0.8091,-1,-1,-1
768,70,631.56,268.61,104.60,340.98,0.7522,-1,-1,-1
768,67,977.02,251.92,175.62,379.38,0.8123,-1,-1,-1
768,66,1086.85,225.71,124.79,391.25,0.7686,-1,-1,-1
768,64,721.17,207.41,139.13,440.98,0.8231,-1,-1,-1
768,62,268.49,31.39,438.72,939.11,0.9039,-1,-1,-1
768,61,856.99,159.23,137.86,516.02,0.8118,-1,-1,-1
769,70,630.05,265.75,105.55,347.95,0.7795,-1,-1,-1
769,67,975.28,251.93,185.38,385.24,0.8256,-1,-1,-1
769,66,1090.95,226.54,112.33,395.22,0.7570,-1,-1,-1
769,64,722.13,207.23,136.62,439.58,0.8094,-1,-1,-1
769,62,245.42,30.99,450.94,949.24,0.9094,-1,-1,-1
769,61,852.91,157.84,144.22,518.86,0.8253,-1,-1,-1
770,70,628.82,265.19,105.64,343.90,0.7876,-1,-1,-1
770,67,976.18,250.39,186.35,389.79,0.8340,-1,-1,-1
770,66,1095.82,223.76,101.27,403.06,0.7136,-1,-1,-1
770,64,724.57,204.94,133.51,439.49,0.8267,-1,-1,-1
770,62,222.08,25.29,459.09,962.93,0.8977,-1,-1,-1
770,61,851.34,155.15,148.64,521.07,0.8246,-1,-1,-1
771,70,626.68,254.41,107.42,347.51,0.7392,-1,-1,-1
771,67,975.10,243.82,187.74,396.93,0.8279,-1,-1,-1
771,66,1099.04,219.54,99.97,409.31,0.7144,-1,-1,-1
771,64,720.54,196.32,133.35,445.07,0.8493,-1,-1,-1
771,62,201.15,11.68,455.15,987.13,0.8926,-1,-1,-1
771,61,845.14,152.63,153.63,520.69,0.8572,-1,-1,-1
772,70,618.25,258.88,114.15,352.13,0.7898,-1,-1,-1
772,67,965.72,243.62,192.87,403.33,0.8342,-1,-1,-1
772,66,1095.53,218.45,105.14,411.59,0.7854,-1,-1,-1
772,64,722.85,201.79,131.13,439.47,0.8349,-1,-1,-1
772,62,178.68,9.20,456.04,981.16,0.8889,-1,-1,-1
772,61,843.76,152.69,150.91,524.12,0.8601,-1,-1,-1
773,70,615.88,258.82,111.49,351.11,0.8121,-1,-1,-1
773,67,962.69,239.93,195.65,409.02,0.8423,-1,-1,-1
773,66,1092.62,213.71,110.93,418.85,0.7979,-1,-1,-1
773,64,721.10,199.29,125.48,439.41,0.8332,-1,-1,-1
773,62,159.11,10.96,434.91,937.75,0.8627,-1,-1,-1
773,61,841.86,154.39,143.99,523.86,0.8634,-1,-1,-1
774,71,431.43,64.95,193.96,751.73,0.5829,-1,-1,-1
774,70,610.80,256.01,112.83,348.15,0.7972,-1,-1,-1
774,67,961.75,233.88,196.32,413.32,0.8587,-1,-1,-1
774,66,1091.90,211.59,115.55,419.55,0.7755,-1,-1,-1
774,64,714.39,191.49,127.37,441.97,0.8314,-1,-1,-1
774,62,146.74,5.02,395.44,941.32,0.8763,-1,-1,-1
774,61,836.76,150.81,142.89,530.46,0.8135,-1,-1,-1
775,71,399.99,54.89,221.61,776.65,0.7690,-1,-1,-1
775,70,607.19,249.09,113.89,360.48,0.7793,-1,-1,-1
775,67,959.13,228.27,198.31,415.27,0.8610,-1,-1,-1
775,66,1085.35,206.53,121.75,423.69,0.7982,-1,-1,-1
775,64,708.78,188.61,132.52,445.06,0.8175,-1,-1,-1
775,62,134.10,3.30,359.76,950.92,0.8709,-1,-1,-1
775,61,829.78,152.40,130.84,525.32,0.7834,-1,-1,-1
776,71,379.45,46.36,240.47,782.25,0.7164,-1,-1,-1
776,70,600.17,247.61,113.12,359.85,0.7792,-1,-1,-1
776,67,956.21,224.11,195.70,420.58,0.8485,-1,-1,-1
776,66,1085.37,201.13,121.76,429.54,0.8112,-1,-1,-1
776,64,698.85,188.75,136.74,443.82,0.8009,-1,-1,-1
776,62,112.86,1.01,347.69,965.20,0.8844,-1,-1,-1
776,61,818.38,151.50,139.08,529.21,0.7805,-1,-1,-1
777,71,348.93,41.33,263.28,800.94,0.7780,-1,-1,-1
777,70,591.83,246.26,112.32,367.88,0.7138,-1,-1,-1
777,67,954.60,221.45,189.67,425.39,0.8349,-1,-1,-1
777,66,1083.56,198.00,130.03,433.84,0.8342,-1,-1,-1
777,64,690.64,192.45,138.45,441.85,0.7901,-1,-1,-1
777,62,95.50,2.01,341.17,958.73,0.8973,-1,-1,-1
777,61,813.42,152.49,142.23,528.68,0.8013,-1,-1,-1
778,71,332.18,36.98,280.35,833.38,0.8288,-1,-1,-1
778,70,586.87,246.41,108.49,361.66,0.7241,-1,-1,-1
778,67,951.89,219.75,183.77,427.84,0.8406,-1,-1,-1
778,66,1083.92,190.61,129.59,444.03,0.8310,-1,-1,-1
778,64,680.53,190.74,137.57,449.63,0.7420,-1,-1,-1
778,62,77.12,3.43,329.83,981.56,0.8957,-1,-1,-1
778,61,812.92,153.13,140.28,528.24,0.8064,-1,-1,-1
779,71,332.63,32.15,272.20,861.77,0.8166,-1,-1,-1
779,70,571.61,243.99,118.69,366.37,0.7649,-1,-1,-1
779,67,954.55,215.26,173.12,435.84,0.8366,-1,-1,-1
779,66,1080.87,194.96,124.21,440.24,0.8096,-1,-1,-1
779,64,671.95,191.60,137.88,439.02,0.7595,-1,-1,-1
779,62,51.36,1.99,330.17,1005.64,0.8965,-1,-1,-1
779,61,799.78,155.37,145.25,522.01,0.7423,-1,-1,-1
780,71,321.47,26.60,274.11,885.53,0.8464,-1,-1,-1
780,70,566.92,243.69,113.98,359.77,0.6800,-1,-1,-1
780,67,950.70,213.88,169.56,438.21,0.8447,-1,-1,-1
780,66,1076.05,193.24,128.77,448.61,0.8101,-1,-1,-1
780,64,662.94,189.11,141.32,451.21,0.7399,-1,-1,-1
780,62,24.57,1.47,329.89,998.95,0.9100,-1,-1,-1
780,61,790.23,154.71,146.53,531.57,0.8079,-1,-1,-1
781,71,307.08,19.68,289.47,888.92,0.8435,-1,-1,-1
781,70,566.93,243.06,103.83,358.68,0.6031,-1,-1,-1
781,67,952.14,212.84,163.06,447.00,0.8394,-1,-1,-1
781,66,1074.71,191.88,137.40,455.57,0.8180,-1,-1,-1
781,64,680.17,190.15,120.21,447.06,0.6144,-1,-1,-1
781,62,0.60,4.22,329.04,1006.35,0.9109,-1,-1,-1
781,61,791.91,152.65,141.85,532.57,0.8178,-1,-1,-1
782,71,279.30,10.36,318.59,913.96,0.8664,-1,-1,-1
782,70,555.13,242.32,108.85,385.55,0.6248,-1,-1,-1
782,67,950.78,209.55,163.26,455.88,0.8712,-1,-1,-1
782,66,1071.99,189.72,148.81,459.00,0.8122,-1,-1,-1
782,64,675.59,191.31,126.11,444.89,0.6777,-1,-1,-1
782,62,0.00,5.21,304.35,1003.65,0.9090,-1,-1,-1
782,61,786.32,157.69,145.77,525.08,0.8169,-1,-1,-1
783,71,239.36,1.19,354.16,943.42,0.8585,-1,-1,-1
783,70,535.91,242.62,122.14,385.42,0.6259,-1,-1,-1
783,67,949.68,209.79,164.04,461.75,0.8783,-1,-1,-1
783,66,1069.62,190.79,151.69,458.97,0.8291,-1,-1,-1
783,64,673.99,196.35,123.39,443.62,0.6683,-1,-1,-1
783,62,0.00,3.59,277.01,1012.96,0.9017,-1,-1,-1
783,61,776.90,156.01,153.41,523.17,0.8088,-1,-1,-1
784,71,227.75,1.45,361.24,966.09,0.8618,-1,-1,-1
784,70,543.76,242.10,109.56,386.86,0.5872,-1,-1,-1
784,67,948.79,207.14,164.73,468.50,0.8681,-1,-1,-1
784,66,1068.09,190.25,155.84,467.48,0.8240,-1,-1,-1
784,64,678.97,197.11,117.65,441.46,0.7078,-1,-1,-1
784,62,0.00,5.82,257.01,1011.55,0.9015,-1,-1,-1
784,61,784.60,154.90,139.22,523.58,0.7933,-1,-1,-1
785,71,217.05,2.28,352.66,976.07,0.8931,-1,-1,-1
785,70,536.53,238.09,119.02,389.36,0.6670,-1,-1,-1
785,67,946.55,205.94,167.09,471.72,0.8451,-1,-1,-1
785,66,1071.14,185.53,155.88,478.74,0.8279,-1,-1,-1
785,64,682.55,195.76,113.89,440.71,0.7290,-1,-1,-1
785,62,0.61,8.96,236.37,1015.72,0.8981,-1,-1,-1
785,61,785.31,148.35,137.20,527.99,0.7900,-1,-1,-1
786,71,206.47,0.78,355.00,986.13,0.8785,-1,-1,-1
786,70,503.08,232.12,131.61,397.31,0.6942,-1,-1,-1
786,67,948.16,203.25,167.55,484.70,0.8297,-1,-1,-1
786,66,1072.00,180.79,160.57,490.28,0.8264,-1,-1,-1
786,64,681.83,196.35,114.67,440.53,0.7289,-1,-1,-1
786,62,1.01,8.37,221.39,1016.74,0.8743,-1,-1,-1
786,61,785.01,146.91,140.10,524.04,0.8159,-1,-1,-1
787,72,617.09,249.67,92.04,366.82,0.6546,-1,-1,-1
787,71,196.38,0.19,363.67,997.25,0.8834,-1,-1,-1
787,70,527.25,235.54,113.33,390.08,0.6559,-1,-1,-1
787,67,948.39,206.67,172.02,489.06,0.8344,-1,-1,-1
787,66,1077.63,177.23,163.70,496.33,0.8359,-1,-1,-1
787,64,682.26,194.25,114.02,441.65,0.7787,-1,-1,-1
787,62,0.52,37.00,201.75,992.20,0.8781,-1,-1,-1
787,61,791.41,144.07,135.44,526.91,0.8247,-1,-1,-1
788,72,607.26,251.16,100.99,370.87,0.7314,-1,-1,-1
788,71,182.75,1.10,366.68,996.35,0.8982,-1,-1,-1
788,70,521.37,235.58,108.92,398.23,0.6459,-1,-1,-1
788,67,948.86,209.73,178.80,491.28,0.8562,-1,-1,-1
788,66,1081.15,179.22,167.00,501.86,0.8462,-1,-1,-1
788,64,682.07,190.60,113.36,441.92,0.7529,-1,-1,-1
788,62,0.56,58.60,187.23,977.83,0.8716,-1,-1,-1
788,61,792.95,146.55,136.37,523.38,0.8244,-1,-1,-1
789,73,1842.08,283.69,77.24,473.21,0.4281,-1,-1,-1
789,72,604.71,247.10,104.64,381.95,0.7484,-1,-1,-1
789,71,170.61,0.00,372.05,1010.04,0.9007,-1,-1,-1
789,70,518.74,233.63,100.60,402.65,0.6089,-1,-1,-1
789,67,940.50,211.63,191.44,498.53,0.8387,-1,-1,-1
789,66,1079.59,172.90,162.48,511.99,0.8341,-1,-1,-1
789,64,682.21,193.72,123.16,449.73,0.7681,-1,-1,-1
789,62,0.71,86.14,177.88,964.86,0.8653,-1,-1,-1
789,61,793.57,152.75,132.92,516.82,0.8368,-1,-1,-1
790,73,1838.17,326.19,81.16,400.47,0.4099,-1,-1,-1
790,72,605.67,248.79,106.46,384.49,0.7293,-1,-1,-1
790,71,162.06,0.00,383.86,1022.76,0.8938,-1,-1,-1
790,70,517.94,232.41,101.89,400.48,0.5646,-1,-1,-1
790,67,933.11,201.37,212.88,511.42,0.7912,-1,-1,-1
790,66,1082.42,169.87,165.29,515.33,0.8420,-1,-1,-1
790,64,690.01,185.98,121.14,449.21,0.7490,-1,-1,-1
790,62,0.64,99.51,157.88,960.59,0.8349,-1,-1,-1
790,61,794.97,150.27,134.90,519.50,0.8471,-1,-1,-1
791,73,1840.71,364.98,78.69,360.66,0.5011,-1,-1,-1
791,72,603.77,250.87,115.26,386.88,0.7470,-1,-1,-1
791,71,148.10,0.69,397.91,1034.81,0.8914,-1,-1,-1
791,70,516.75,231.82,113.23,411.92,0.6058,-1,-1,-1
791,67,964.92,198.27,192.00,525.07,0.8014,-1,-1,-1
791,66,1091.59,169.03,172.40,517.69,0.7855,-1,-1,-1
791,64,691.91,196.18,128.50,442.07,0.7749,-1,-1,-1
791,62,0.51,105.22,141.85,956.89,0.8022,-1,-1,-1
791,61,802.44,151.51,133.27,522.71,0.8244,-1,-1,-1
792,72,615.34,251.38,107.79,390.92,0.7982,-1,-1,-1
792,71,141.61,1.85,431.13,1044.42,0.8589,-1,-1,-1
792,70,516.16,235.66,114.18,412.57,0.6415,-1,-1,-1
792,67,968.73,197.77,204.43,526.78,0.8234,-1,-1,-1
792,66,1103.29,166.90,169.28,499.81,0.7370,-1,-1,-1
792,64,697.23,198.03,128.31,449.52,0.8057,-1,-1,-1
792,62,0.13,122.57,122.77,945.04,0.5300,-1,-1,-1
792,61,810.36,155.34,130.15,519.59,0.8030,-1,-1,-1
793,74,0.47,141.51,47.20,425.63,0.5688,-1,-1,-1
793,72,617.59,252.36,113.57,393.98,0.7890,-1,-1,-1
793,71,118.01,3.03,467.86,1051.81,0.8892,-1,-1,-1
793,70,519.74,234.04,110.52,398.25,0.5563,-1,-1,-1
793,67,969.22,193.73,214.51,534.09,0.8463,-1,-1,-1
793,66,1116.47,166.54,160.77,527.16,0.8171,-1,-1,-1
793,64,702.68,194.43,128.56,450.10,0.8048,-1,-1,-1
793,62,0.56,505.40,101.10,561.09,0.5709,-1,-1,-1
793,61,816.74,153.08,135.52,526.48,0.8001,-1,-1,-1
794,72,615.63,254.88,125.62,394.57,0.7146,-1,-1,-1
794,71,102.21,2.98,487.34,1071.15,0.9023,-1,-1,-1
794,70,524.03,232.69,113.49,413.58,0.6189,-1,-1,-1
794,67,978.87,187.44,224.89,545.49,0.8461,-1,-1,-1
794,66,1122.43,160.42,163.97,538.43,0.8550,-1,-1,-1
794,64,710.47,196.45,128.29,443.86,0.7989,-1,-1,-1
794,62,0.52,466.27,92.00,584.04,0.5617,-1,-1,-1
794,61,818.80,155.96,141.12,527.42,0.7789,-1,-1,-1
795,72,617.46,256.73,129.43,395.95,0.7389,-1,-1,-1
795,71,84.95,1.96,508.84,1068.33,0.9214,-1,-1,-1
795,70,527.33,235.90,106.86,415.28,0.6670,-1,-1,-1
795,67,987.08,176.48,231.78,564.13,0.8166,-1,-1,-1
795,66,1138.72,155.93,163.42,538.61,0.8198,-1,-1,-1
795,64,725.67,197.12,125.75,451.08,0.7714,-1,-1,-1
795,62,0.60,548.21,85.52,500.30,0.4797,-1,-1,-1
795,61,839.80,158.43,133.25,528.17,0.8232,-1,-1,-1
796,72,634.53,255.66,113.31,402.61,0.7111,-1,-1,-1
796,71,62.15,1.67,535.58,1067.57,0.9201,-1,-1,-1
796,70,533.43,236.87,117.07,374.88,0.5602,-1,-1,-1
796,67,992.64,181.27,237.61,559.57,0.8530,-1,-1,-1
796,66,1150.48,161.00,161.88,559.59,0.8436,-1,-1,-1
796,64,732.29,201.67,131.31,451.94,0.8064,-1,-1,-1
796,62,0.56,547.45,79.96,489.04,0.5378,-1,-1,-1
796,61,846.40,161.79,137.23,529.85,0.8366,-1,-1,-1
797,72,620.48,259.59,137.84,407.63,0.7167,-1,-1,-1
797,71,37.83,2.25,565.04,1066.76,0.9131,-1,-1,-1
797,70,533.55,239.28,118.64,348.55,0.5611,-1,-1,-1
797,67,999.08,181.34,249.71,573.20,0.8469,-1,-1,-1
797,66,1169.44,161.27,154.06,584.97,0.8542,-1,-1,-1
797,64,743.66,207.61,132.93,451.74,0.7889,-1,-1,-1
797,62,0.00,554.52,76.13,252.76,0.4132,-1,-1,-1
797,61,857.15,170.04,129.85,525.89,0.8140,-1,-1,-1
798,72,632.70,260.35,131.43,412.31,0.7291,-1,-1,-1
798,71,12.51,3.24,605.79,1059.83,0.9108,-1,-1,-1
798,70,535.73,243.64,117.89,328.02,0.5446,-1,-1,-1
798,67,998.15,184.54,262.05,590.16,0.8452,-1,-1,-1
798,66,1178.06,163.74,160.88,598.33,0.8344,-1,-1,-1
798,64,749.00,212.36,131.11,443.90,0.8195,-1,-1,-1
798,61,862.57,172.71,130.73,529.95,0.8025,-1,-1,-1
799,72,641.48,262.42,124.56,414.01,0.7690,-1,-1,-1
799,71,0.00,3.29,630.93,1060.98,0.9041,-1,-1,-1
799,70,535.22,246.84,126.00,353.59,0.5391,-1,-1,-1
799,67,998.27,186.03,270.45,608.13,0.8558,-1,-1,-1
799,66,1187.82,164.54,159.59,614.92,0.8224,-1,-1,-1
799,64,748.87,215.94,134.60,446.83,0.8060,-1,-1,-1
799,61,862.63,179.17,139.19,526.82,0.7982,-1,-1,-1
800,72,642.83,264.85,123.39,417.89,0.7708,-1,-1,-1
800,71,0.00,2.64,638.02,1054.93,0.9076,-1,-1,-1
800,70,533.92,250.43,131.23,360.43,0.4936,-1,-1,-1
800,67,1007.29,187.76,270.49,623.82,0.8320,-1,-1,-1
800,66,1195.38,165.89,162.54,617.85,0.8055,-1,-1,-1
800,64,756.62,224.84,132.67,441.90,0.8026,-1,-1,-1
800,61,869.13,184.24,134.28,526.95,0.7830,-1,-1,-1
801,72,643.16,268.33,124.76,418.84,0.7919,-1,-1,-1
801,71,0.00,4.22,637.33,1061.95,0.9127,-1,-1,-1
801,70,529.18,252.15,140.41,351.67,0.4643,-1,-1,-1
801,67,1008.86,190.39,279.28,631.53,0.8488,-1,-1,-1
801,66,1203.04,164.84,161.61,627.72,0.8159,-1,-1,-1
801,64,762.52,230.07,127.49,440.72,0.8330,-1,-1,-1
801,61,871.36,193.05,131.16,524.98,0.7761,-1,-1,-1
802,72,643.14,268.87,126.50,420.59,0.7842,-1,-1,-1
802,71,0.00,4.45,654.17,1075.38,0.8967,-1,-1,-1
802,70,531.98,255.01,139.20,357.09,0.4761,-1,-1,-1
802,67,1002.18,194.05,299.70,640.48,0.8425,-1,-1,-1
802,66,1208.86,165.58,168.10,641.65,0.8241,-1,-1,-1
802,64,774.46,231.81,115.71,436.56,0.8249,-1,-1,-1
802,61,883.91,190.96,134.00,527.40,0.8150,-1,-1,-1
803,72,643.46,269.80,127.15,429.01,0.7783,-1,-1,-1
803,71,0.71,3.63,651.61,1071.96,0.8458,-1,-1,-1
803,70,533.51,253.70,137.44,337.73,0.6081,-1,-1,-1
803,67,1000.88,193.50,310.47,650.51,0.8563,-1,-1,-1
803,66,1219.55,159.86,172.61,656.51,0.8483,-1,-1,-1
803,64,782.54,234.26,111.72,436.14,0.8212,-1,-1,-1
803,61,887.89,191.26,135.82,533.71,0.8157,-1,-1,-1
804,75,389.70,79.88,229.70,734.27,0.5130,-1,-1,-1
804,72,641.50,270.37,131.21,430.20,0.7674,-1,-1,-1
804,71,0.00,3.29,621.01,1076.71,0.6969,-1,-1,-1
804,70,531.34,254.58,135.11,348.34,0.4900,-1,-1,-1
804,67,993.96,190.81,324.55,680.68,0.8705,-1,-1,-1
804,66,1235.01,163.83,171.25,655.46,0.8441,-1,-1,-1
804,64,786.18,227.61,114.68,436.11,0.8378,-1,-1,-1
804,61,888.71,189.33,140.25,535.23,0.8473,-1,-1,-1
805,75,382.39,23.01,230.36,803.47,0.6830,-1,-1,-1
805,72,647.01,270.30,131.30,439.79,0.8046,-1,-1,-1
805,71,0.00,3.35,431.16,1068.13,0.6320,-1,-1,-1
805,70,527.56,253.68,144.75,316.33,0.5695,-1,-1,-1
805,67,1000.58,188.40,328.45,687.16,0.8709,-1,-1,-1
805,66,1239.68,157.89,190.77,660.29,0.8531,-1,-1,-1
805,64,789.89,227.85,113.91,437.57,0.8297,-1,-1,-1
805,61,894.15,187.74,137.62,537.62,0.8339,-1,-1,-1
806,75,366.15,27.08,219.73,811.39,0.4082,-1,-1,-1
806,72,649.37,269.45,128.53,442.94,0.8316,-1,-1,-1
806,71,0.36,0.00,585.75,1072.34,0.7616,-1,-1,-1
806,70,525.59,251.30,147.62,311.73,0.6715,-1,-1,-1
806,67,1009.19,179.18,327.27,706.97,0.8763,-1,-1,-1
806,66,1248.66,151.53,197.74,672.87,0.8648,-1,-1,-1
806,64,794.06,225.39,113.41,443.83,0.7979,-1,-1,-1
806,61,903.18,184.73,130.64,537.68,0.8120,-1,-1,-1
807,72,649.71,268.45,131.79,447.46,0.8278,-1,-1,-1
807,71,0.90,0.37,566.05,1071.38,0.8730,-1,-1,-1
807,70,517.54,246.81,155.73,321.66,0.6204,-1,-1,-1
807,67,1024.08,172.98,318.53,716.90,0.8726,-1,-1,-1
807,66,1257.48,142.33,207.66,688.21,0.8719,-1,-1,-1
807,64,797.68,225.99,113.34,451.05,0.8086,-1,-1,-1
807,61,904.66,182.51,133.54,538.99,0.8235,-1,-1,-1
808,72,653.68,268.08,132.78,450.47,0.8314,-1,-1,-1
808,71,1.35,0.48,546.41,1071.23,0.9095,-1,-1,-1
808,70,504.68,243.48,173.90,340.15,0.6434,-1,-1,-1
808,67,1031.62,166.51,320.17,732.30,0.8952,-1,-1,-1
808,66,1267.35,135.55,218.96,703.23,0.8791,-1,-1,-1
808,64,802.19,222.49,116.36,451.21,0.8074,-1,-1,-1
808,61,908.32,185.37,127.00,526.13,0.7931,-1,-1,-1
809,72,650.38,265.13,138.26,454.71,0.8063,-1,-1,-1
809,71,2.13,2.29,511.48,1065.08,0.9245,-1,-1,-1
809,70,506.21,237.02,179.97,382.01,0.6300,-1,-1,-1
809,67,1040.30,157.55,320.12,742.10,0.8924,-1,-1,-1
809,66,1277.51,125.83,224.33,714.91,0.8594,-1,-1,-1
809,64,803.06,220.39,115.76,444.69,0.8093,-1,-1,-1
809,61,910.85,181.09,133.63,520.83,0.8241,-1,-1,-1
810,72,651.76,263.67,136.82,465.12,0.8279,-1,-1,-1
810,71,1.38,2.42,477.59,1064.79,0.8876,-1,-1,-1
810,70,501.97,233.29,178.78,503.65,0.7279,-1,-1,-1
810,67,1051.94,144.36,316.00,763.20,0.8915,-1,-1,-1
810,66,1282.24,117.25,237.70,732.53,0.8829,-1,-1,-1
810,64,805.16,219.34,117.35,448.48,0.8100,-1,-1,-1
810,61,909.84,179.97,139.97,526.69,0.7969,-1,-1,-1
811,75,388.92,197.46,129.62,519.78,0.5778,-1,-1,-1
811,72,648.47,267.84,137.25,463.26,0.8602,-1,-1,-1
811,71,1.05,4.38,423.46,1064.58,0.9158,-1,-1,-1
811,70,502.57,233.71,164.66,512.85,0.8200,-1,-1,-1
811,67,1060.43,143.45,316.56,772.72,0.8862,-1,-1,-1
811,66,1288.68,116.22,245.60,748.74,0.9014,-1,-1,-1
811,64,804.34,222.33,117.34,445.60,0.8242,-1,-1,-1
811,61,910.89,183.03,138.80,519.30,0.7954,-1,-1,-1
812,76,759.06,264.42,63.60,284.12,0.4035,-1,-1,-1
812,75,344.84,76.48,169.18,767.78,0.7697,-1,-1,-1
812,72,649.39,263.92,139.61,469.54,0.8223,-1,-1,-1
812,71,1.27,1.22,382.08,1071.19,0.8383,-1,-1,-1
812,70,499.86,228.69,169.75,522.50,0.8191,-1,-1,-1
812,67,1070.10,136.30,312.57,786.11,0.8710,-1,-1,-1
812,66,1298.09,111.57,255.26,776.07,0.8951,-1,-1,-1
812,64,802.08,219.34,115.33,446.94,0.8001,-1,-1,-1
812,61,910.28,179.04,140.99,527.01,0.7912,-1,-1,-1
813,75,294.76,66.17,216.97,811.36,0.8575,-1,-1,-1
813,72,635.75,260.06,155.61,479.61,0.7837,-1,-1,-1
813,71,0.39,2.39,347.17,1060.15,0.6383,-1,-1,-1
813,70,498.37,220.51,166.27,532.59,0.8091,-1,-1,-1
813,67,1076.49,126.08,312.18,797.80,0.8736,-1,-1,-1
813,66,1302.95,106.90,262.04,804.14,0.8928,-1,-1,-1
813,64,798.09,217.93,117.49,447.90,0.8012,-1,-1,-1
813,61,911.20,175.04,140.12,524.86,0.8093,-1,-1,-1
814,75,254.20,54.50,250.94,831.01,0.8845,-1,-1,-1
814,72,620.13,256.38,171.93,484.26,0.7930,-1,-1,-1
814,71,0.54,1.05,343.96,1054.89,0.7494,-1,-1,-1
814,70,495.17,217.06,165.13,539.16,0.8189,-1,-1,-1
814,67,1089.80,107.02,306.94,845.66,0.8696,-1,-1,-1
814,66,1311.75,101.21,263.44,822.12,0.8865,-1,-1,-1
814,64,793.75,217.70,121.46,448.23,0.8029,-1,-1,-1
814,61,908.26,173.60,143.83,525.20,0.7994,-1,-1,-1
815,75,225.26,46.15,272.76,842.89,0.8863,-1,-1,-1
815,72,626.62,253.85,166.73,491.62,0.7753,-1,-1,-1
815,70,491.88,216.60,165.02,546.32,0.8126,-1,-1,-1
815,67,1106.09,105.91,301.90,881.39,0.8695,-1,-1,-1
815,66,1320.86,102.18,269.80,817.00,0.8686,-1,-1,-1
815,64,792.55,218.26,121.80,449.49,0.7975,-1,-1,-1
815,61,908.48,174.11,142.14,528.85,0.7993,-1,-1,-1
816,78,1053.36,316.50,74.46,246.19,0.5722,-1,-1,-1
816,75,218.21,39.08,275.08,851.56,0.8953,-1,-1,-1
816,72,628.38,252.07,164.10,494.76,0.7759,-1,-1,-1
816,70,482.86,219.85,168.30,549.01,0.8394,-1,-1,-1
816,67,1114.23,109.99,294.28,901.88,0.8698,-1,-1,-1
816,66,1321.01,98.90,279.08,834.56,0.8635,-1,-1,-1
816,64,785.57,221.60,129.68,450.17,0.8060,-1,-1,-1
816,61,908.10,176.75,142.12,528.81,0.8121,-1,-1,-1
817,78,1055.27,305.31,77.37,258.74,0.5910,-1,-1,-1
817,75,206.68,35.86,285.56,862.63,0.8957,-1,-1,-1
817,72,633.04,249.18,155.17,500.31,0.7740,-1,-1,-1
817,70,470.59,217.83,176.06,554.20,0.8512,-1,-1,-1
817,67,1117.16,110.79,300.54,938.70,0.8779,-1,-1,-1
817,66,1328.25,94.71,288.56,876.26,0.8665,-1,-1,-1
817,64,780.88,224.48,131.42,448.51,0.8146,-1,-1,-1
817,61,908.77,177.69,143.45,527.20,0.8214,-1,-1,-1
818,78,1049.87,306.16,86.10,258.47,0.6079,-1,-1,-1
818,75,196.69,30.59,291.47,899.35,0.8934,-1,-1,-1
818,72,624.42,248.36,162.12,503.82,0.8078,-1,-1,-1
818,70,455.49,218.78,188.82,562.17,0.8724,-1,-1,-1
818,67,1119.23,108.33,306.67,929.46,0.8849,-1,-1,-1
818,66,1330.53,88.11,297.69,895.31,0.8675,-1,-1,-1
818,64,779.51,227.41,128.86,443.71,0.8469,-1,-1,-1
818,61,909.99,181.25,138.80,529.29,0.8164,-1,-1,-1
819,78,1047.65,305.65,91.12,260.14,0.5709,-1,-1,-1
819,75,181.29,23.48,299.48,938.00,0.8984,-1,-1,-1
819,72,617.18,248.57,161.65,514.03,0.7944,-1,-1,-1
819,70,440.82,217.11,196.02,566.06,0.8664,-1,-1,-1
819,67,1122.47,108.31,313.00,945.33,0.8785,-1,-1,-1
819,66,1331.58,78.15,309.80,923.26,0.8668,-1,-1,-1
819,64,774.32,227.19,132.15,443.68,0.8615,-1,-1,-1
819,61,905.36,181.67,134.98,534.23,0.8112,-1,-1,-1
820,78,1050.01,306.04,96.94,259.43,0.5498,-1,-1,-1
820,75,168.78,16.33,303.49,974.25,0.9026,-1,-1,-1
820,72,615.66,240.99,168.66,523.04,0.8117,-1,-1,-1
820,70,428.94,216.12,204.08,571.71,0.8549,-1,-1,-1
820,67,1129.70,105.23,316.75,972.34,0.8766,-1,-1,-1
820,66,1331.98,66.39,319.49,940.34,0.8611,-1,-1,-1
820,64,766.63,226.49,138.25,441.36,0.8551,-1,-1,-1
820,61,904.74,181.91,135.84,537.01,0.8085,-1,-1,-1
821,78,1054.17,302.66,96.93,262.74,0.5682,-1,-1,-1
821,75,158.90,11.95,312.33,991.16,0.8985,-1,-1,-1
821,72,614.16,239.95,176.00,527.17,0.8454,-1,-1,-1
821,70,423.81,215.01,207.32,580.18,0.8218,-1,-1,-1
821,67,1133.23,97.47,329.11,977.99,0.8892,-1,-1,-1
821,66,1342.75,49.44,319.15,948.77,0.8477,-1,-1,-1
821,64,758.82,223.94,143.26,444.33,0.8537,-1,-1,-1
821,61,905.19,180.72,136.54,539.40,0.8037,-1,-1,-1
822,78,1048.48,303.33,102.41,261.93,0.6551,-1,-1,-1
822,75,146.76,9.58,313.06,1003.69,0.9046,-1,-1,-1
822,72,605.42,234.93,184.72,532.47,0.8640,-1,-1,-1
822,70,412.28,212.62,213.13,593.94,0.7859,-1,-1,-1
822,67,1140.47,80.36,340.96,998.16,0.8873,-1,-1,-1
822,66,1359.26,34.99,308.06,967.92,0.8755,-1,-1,-1
822,64,759.03,220.67,146.09,449.19,0.8420,-1,-1,-1
822,61,904.97,180.64,137.08,536.47,0.8124,-1,-1,-1
823,78,1047.57,302.45,103.53,262.58,0.6931,-1,-1,-1
823,75,134.06,2.90,318.23,1026.85,0.9097,-1,-1,-1
823,72,604.85,231.34,185.19,541.88,0.8697,-1,-1,-1
823,70,410.02,210.08,212.34,602.88,0.8205,-1,-1,-1
823,67,1145.58,59.65,354.69,1016.52,0.8848,-1,-1,-1
823,66,1374.86,8.31,300.41,954.18,0.8764,-1,-1,-1
823,64,754.83,214.29,147.61,454.56,0.8346,-1,-1,-1
823,61,904.67,179.88,139.21,533.88,0.8216,-1,-1,-1
824,78,1051.37,301.89,101.49,263.44,0.6945,-1,-1,-1
824,75,120.71,0.00,325.05,1052.57,0.9031,-1,-1,-1
824,72,602.11,228.22,185.71,553.08,0.8526,-1,-1,-1
824,70,409.11,205.21,210.97,610.89,0.8359,-1,-1,-1
824,67,1143.75,41.16,367.85,1034.51,0.8800,-1,-1,-1
824,66,1388.86,3.54,297.54,971.30,0.8887,-1,-1,-1
824,64,751.55,211.37,152.40,455.99,0.8341,-1,-1,-1
824,61,905.03,178.81,141.83,534.89,0.8136,-1,-1,-1
825,78,1055.01,301.40,99.35,263.86,0.6617,-1,-1,-1
825,75,102.21,0.28,335.83,1043.43,0.8822,-1,-1,-1
825,72,599.43,227.63,187.36,571.49,0.8474,-1,-1,-1
825,70,404.36,202.30,212.16,617.51,0.8374,-1,-1,-1
825,67,1138.94,23.85,398.24,1051.98,0.8808,-1,-1,-1
825,66,1410.10,2.20,285.33,1018.46,0.8786,-1,-1,-1
825,64,747.31,209.00,160.11,453.82,0.8215,-1,-1,-1
825,61,907.29,182.42,147.93,530.91,0.8197,-1,-1,-1
826,78,1056.30,300.31,103.60,264.55,0.6432,-1,-1,-1
826,75,87.76,0.00,343.78,1030.35,0.8826,-1,-1,-1
826,72,596.63,228.37,191.76,584.98,0.8609,-1,-1,-1
826,70,399.17,199.89,215.88,626.79,0.7982,-1,-1,-1
826,67,1131.24,10.88,442.05,1064.55,0.8883,-1,-1,-1
826,66,1425.38,2.66,278.48,1056.37,0.8552,-1,-1,-1
826,64,747.99,208.66,158.88,453.73,0.8247,-1,-1,-1
826,61,909.82,175.55,143.39,538.89,0.8176,-1,-1,-1
827,78,1059.04,298.85,104.27,265.81,0.6530,-1,-1,-1
827,75,73.64,1.89,347.82,1065.73,0.8937,-1,-1,-1
827,72,595.08,228.61,192.46,587.24,0.8583,-1,-1,-1
827,70,393.76,196.32,218.24,636.23,0.7824,-1,-1,-1
827,67,1126.29,3.32,480.48,1072.48,0.9006,-1,-1,-1
827,66,1463.79,1.89,251.62,1078.01,0.8656,-1,-1,-1
827,64,746.10,208.91,161.51,451.94,0.8216,-1,-1,-1
827,61,908.00,178.79,154.18,531.18,0.8199,-1,-1,-1
828,78,1060.76,294.71,107.28,271.33,0.6990,-1,-1,-1
828,75,57.58,0.32,355.49,1074.67,0.9080,-1,-1,-1
828,72,592.64,227.73,195.49,589.83,0.8641,-1,-1,-1
828,70,387.39,190.77,218.27,644.59,0.8684,-1,-1,-1
828,67,1124.55,3.16,529.63,1066.44,0.8980,-1,-1,-1
828,66,1488.99,1.33,243.39,1068.91,0.8727,-1,-1,-1
828,64,744.22,208.07,162.88,451.99,0.8275,-1,-1,-1
828,61,904.77,176.17,160.93,529.30,0.8061,-1,-1,-1
829,78,1069.41,298.37,103.85,266.99,0.7451,-1,-1,-1
829,75,40.81,1.80,367.95,1067.19,0.9133,-1,-1,-1
829,72,590.13,232.92,198.96,605.92,0.8413,-1,-1,-1
829,70,389.44,190.85,207.73,650.42,0.8678,-1,-1,-1
829,67,1124.54,7.23,570.50,1059.75,0.9010,-1,-1,-1
829,66,1500.44,4.23,255.51,1054.68,0.8185,-1,-1,-1
829,64,748.32,211.02,163.40,452.51,0.8204,-1,-1,-1
829,61,910.70,174.89,157.94,522.51,0.8103,-1,-1,-1
830,78,1073.00,298.56,104.44,268.11,0.7491,-1,-1,-1
830,75,16.64,1.32,392.24,1065.84,0.9188,-1,-1,-1
830,72,588.25,231.15,203.48,620.33,0.8521,-1,-1,-1
830,70,388.96,190.66,210.42,656.54,0.8761,-1,-1,-1
830,67,1123.44,6.10,616.13,1063.49,0.9023,-1,-1,-1
830,66,1531.07,0.00,253.89,1062.64,0.8035,-1,-1,-1
830,64,750.07,214.99,174.35,451.65,0.7890,-1,-1,-1
830,61,920.27,181.63,153.80,509.96,0.7807,-1,-1,-1
831,78,1076.11,296.11,109.76,269.54,0.6997,-1,-1,-1
831,75,2.23,1.04,410.39,1074.99,0.9233,-1,-1,-1
831,72,585.31,229.18,207.77,630.81,0.8536,-1,-1,-1
831,70,382.24,188.52,214.94,673.01,0.8743,-1,-1,-1
831,67,1122.36,4.44,670.97,1064.00,0.8983,-1,-1,-1
831,66,1555.81,2.44,266.27,1060.80,0.7657,-1,-1,-1
831,64,757.67,214.09,159.31,450.97,0.8242,-1,-1,-1
831,61,921.78,177.03,157.80,516.29,0.8060,-1,-1,-1
832,78,1082.52,295.42,107.78,282.21,0.6863,-1,-1,-1
832,75,0.00,0.81,422.15,1079.19,0.9280,-1,-1,-1
832,72,583.54,227.85,206.65,634.49,0.8487,-1,-1,-1
832,70,381.31,189.45,215.30,680.04,0.8793,-1,-1,-1
832,67,1119.36,4.27,704.56,1065.71,0.9020,-1,-1,-1
832,66,1581.18,2.71,272.67,1059.25,0.7245,-1,-1,-1
832,64,758.72,216.23,159.55,449.20,0.8290,-1,-1,-1
832,61,934.27,178.54,150.22,514.01,0.8073,-1,-1,-1
833,78,1088.54,293.73,107.98,278.75,0.7046,-1,-1,-1
833,75,0.00,0.06,428.09,1076.24,0.9265,-1,-1,-1
833,72,581.70,227.28,209.12,645.54,0.8503,-1,-1,-1
833,70,378.86,188.13,218.63,694.05,0.8858,-1,-1,-1
833,67,1118.52,2.79,767.10,1066.02,0.9097,-1,-1,-1
833,66,1611.65,0.24,278.57,1069.18,0.5173,-1,-1,-1
833,64,757.15,217.09,164.05,448.49,0.8280,-1,-1,-1
833,61,927.15,172.87,159.70,524.27,0.8088,-1,-1,-1
834,79,1619.70,0.97,299.83,570.42,0.6267,-1,-1,-1
834,78,1094.49,298.81,105.55,272.83,0.6411,-1,-1,-1
834,75,0.00,0.00,433.31,1072.41,0.9224,-1,-1,-1
834,72,578.97,222.54,213.77,652.68,0.8448,-1,-1,-1
834,70,372.00,188.40,222.88,711.97,0.8657,-1,-1,-1
834,67,1120.81,1.62,798.40,1065.43,0.9191,-1,-1,-1
834,64,765.98,219.19,166.02,447.78,0.8216,-1,-1,-1
834,61,939.63,173.11,151.79,530.03,0.8125,-1,-1,-1
835,78,1100.41,294.96,106.26,286.04,0.7140,-1,-1,-1
835,75,0.00,1.87,434.94,1066.44,0.9278,-1,-1,-1
835,72,579.04,220.82,217.21,661.05,0.8499,-1,-1,-1
835,70,370.95,190.31,223.79,721.99,0.8785,-1,-1,-1
835,67,1132.07,2.93,786.25,1068.36,0.9124,-1,-1,-1
835,64,771.40,220.69,166.59,450.01,0.8368,-1,-1,-1
835,61,932.05,180.99,167.87,524.65,0.7633,-1,-1,-1
836,79,1714.93,5.24,204.42,398.42,0.4319,-1,-1,-1
836,78,1113.45,296.83,102.90,281.98,0.7318,-1,-1,-1
836,75,0.15,2.13,434.41,1067.14,0.9285,-1,-1,-1
836,72,573.98,220.76,230.85,672.00,0.8580,-1,-1,-1
836,70,374.00,190.96,216.56,735.87,0.8620,-1,-1,-1
836,67,1149.38,2.06,770.03,1060.25,0.9210,-1,-1,-1
836,64,784.26,224.14,154.42,447.44,0.8430,-1,-1,-1
836,61,939.28,183.91,167.19,524.69,0.7518,-1,-1,-1
837,78,1120.76,297.23,100.28,287.56,0.7707,-1,-1,-1
837,75,0.57,1.35,436.03,1068.14,0.9301,-1,-1,-1
837,72,572.58,216.87,238.27,680.97,0.8702,-1,-1,-1
837,70,373.95,188.99,219.74,747.59,0.8582,-1,-1,-1
837,67,1165.05,5.77,753.57,1061.98,0.9206,-1,-1,-1
837,64,786.02,224.93,162.04,454.21,0.8335,-1,-1,-1
837,61,948.78,190.04,161.23,519.50,0.7956,-1,-1,-1
838,78,1126.12,299.69,99.33,285.41,0.7544,-1,-1,-1
838,75,0.86,0.00,438.20,1068.07,0.9264,-1,-1,-1
838,72,574.49,216.01,237.67,684.67,0.8617,-1,-1,-1
838,70,371.19,185.44,226.86,760.02,0.8563,-1,-1,-1
838,67,1205.60,5.88,713.57,1064.60,0.8835,-1,-1,-1
838,64,790.27,225.30,172.80,453.55,0.8297,-1,-1,-1
838,61,955.92,194.44,163.76,517.28,0.8188,-1,-1,-1
839,78,1132.52,295.64,101.52,291.43,0.7152,-1,-1,-1
839,75,0.69,0.00,441.89,1067.53,0.9290,-1,-1,-1
839,72,580.02,210.97,238.15,692.48,0.8650,-1,-1,-1
839,70,369.96,184.37,228.19,780.28,0.8479,-1,-1,-1
839,67,1267.77,5.05,651.24,1061.97,0.8994,-1,-1,-1
839,64,800.04,226.76,173.53,449.62,0.8146,-1,-1,-1
839,61,967.22,192.77,154.57,522.99,0.8115,-1,-1,-1
840,78,1137.82,294.91,104.94,294.85,0.6741,-1,-1,-1
840,75,0.23,1.12,442.34,1067.78,0.9288,-1,-1,-1
840,72,581.01,203.88,244.06,700.11,0.8679,-1,-1,-1
840,70,368.60,181.16,233.25,786.93,0.8264,-1,-1,-1
840,67,1362.16,2.24,557.24,1063.49,0.7778,-1,-1,-1
840,64,810.12,221.78,153.31,454.81,0.8150,-1,-1,-1
840,61,966.82,192.53,158.09,523.40,0.8094,-1,-1,-1
841,80,1373.40,235.01,159.31,449.69,0.6410,-1,-1,-1
841,78,1149.35,294.47,100.59,295.63,0.7114,-1,-1,-1
841,76,754.40,240.42,82.49,231.72,0.4676,-1,-1,-1
841,75,0.00,0.00,443.38,1066.79,0.9262,-1,-1,-1
841,72,585.47,197.69,244.13,705.15,0.8622,-1,-1,-1
841,70,365.64,172.47,235.05,799.21,0.8172,-1,-1,-1
841,67,1441.82,2.59,477.87,1059.24,0.9260,-1,-1,-1
841,64,817.35,218.94,163.22,455.28,0.8180,-1,-1,-1
841,61,982.99,187.67,143.68,527.02,0.7972,-1,-1,-1
842,80,1391.17,227.82,208.01,673.52,0.8708,-1,-1,-1
842,78,1151.38,293.60,102.65,292.14,0.6732,-1,-1,-1
842,76,752.95,233.79,85.27,241.07,0.4985,-1,-1,-1
842,75,0.37,0.85,439.50,1068.05,0.9217,-1,-1,-1
842,72,583.97,193.20,248.84,711.02,0.8605,-1,-1,-1
842,70,360.72,158.20,240.78,811.96,0.8333,-1,-1,-1
842,67,1536.07,2.51,383.47,1062.49,0.8668,-1,-1,-1
842,64,820.23,217.99,173.06,454.07,0.8483,-1,-1,-1
842,61,978.91,189.64,153.51,522.20,0.8121,-1,-1,-1
843,80,1404.82,213.86,240.55,699.81,0.8931,-1,-1,-1
843,78,1166.02,290.41,96.29,294.82,0.6426,-1,-1,-1
843,76,760.25,229.07,85.03,277.24,0.5644,-1,-1,-1
843,75,0.67,1.56,436.74,1064.85,0.9230,-1,-1,-1
843,72,580.90,187.79,254.44,733.74,0.8455,-1,-1,-1
843,70,362.06,146.73,240.81,838.43,0.8444,-1,-1,-1
843,67,1619.80,5.31,299.74,1057.17,0.6210,-1,-1,-1
843,64,827.44,215.13,168.95,445.90,0.8278,-1,-1,-1
843,61,989.41,184.81,153.99,523.45,0.8122,-1,-1,-1
844,80,1418.34,203.78,253.55,739.02,0.8912,-1,-1,-1
844,78,1167.23,280.02,97.97,301.96,0.7411,-1,-1,-1
844,76,758.97,227.55,88.11,252.76,0.5309,-1,-1,-1
844,75,0.86,0.45,421.77,1057.41,0.8956,-1,-1,-1
844,72,585.84,181.73,249.33,760.51,0.8478,-1,-1,-1
844,70,349.72,136.10,254.99,840.28,0.8521,-1,-1,-1
844,67,1696.34,0.48,221.73,1070.67,0.7022,-1,-1,-1
844,64,830.54,213.33,166.00,443.93,0.8342,-1,-1,-1
844,61,992.37,178.20,161.30,527.62,0.8173,-1,-1,-1
845,80,1433.40,195.91,268.00,764.03,0.8909,-1,-1,-1
845,78,1168.79,274.77,100.01,305.90,0.7724,-1,-1,-1
845,76,760.80,218.49,88.74,256.37,0.5543,-1,-1,-1
845,75,0.56,3.58,410.13,1061.17,0.8186,-1,-1,-1
845,72,586.21,172.36,258.70,780.25,0.8444,-1,-1,-1
845,70,334.74,127.70,271.25,844.20,0.8579,-1,-1,-1
845,67,1753.91,4.87,165.61,1058.58,0.6836,-1,-1,-1
845,64,829.94,203.21,174.60,449.75,0.8243,-1,-1,-1
845,61,996.25,174.03,152.22,529.40,0.7952,-1,-1,-1
846,80,1439.90,189.87,266.97,779.12,0.9032,-1,-1,-1
846,78,1169.86,277.09,102.65,299.83,0.8038,-1,-1,-1
846,76,763.48,214.14,85.96,261.42,0.4684,-1,-1,-1
846,75,0.77,5.82,389.67,1066.84,0.7577,-1,-1,-1
846,72,587.02,167.72,253.35,787.36,0.8256,-1,-1,-1
846,70,320.66,118.12,285.08,853.09,0.8413,-1,-1,-1
846,64,834.22,200.23,171.18,452.91,0.8092,-1,-1,-1
846,61,998.24,169.22,153.89,531.00,0.7935,-1,-1,-1
847,80,1455.39,185.62,253.21,784.30,0.8875,-1,-1,-1
847,78,1180.69,273.93,99.94,295.93,0.7057,-1,-1,-1
847,76,758.52,210.00,94.35,258.66,0.5735,-1,-1,-1
847,75,0.57,7.65,351.40,1058.60,0.7313,-1,-1,-1
847,72,587.14,155.57,256.31,806.20,0.8319,-1,-1,-1
847,70,314.79,108.15,295.52,868.72,0.8149,-1,-1,-1
847,64,836.29,193.68,168.92,452.94,0.8161,-1,-1,-1
847,61,999.02,160.21,158.05,525.95,0.8104,-1,-1,-1
848,80,1470.21,179.30,248.62,800.93,0.8942,-1,-1,-1
848,78,1180.33,268.61,98.89,299.14,0.7341,-1,-1,-1
848,76,756.11,204.89,96.21,255.64,0.5196,-1,-1,-1
848,75,0.88,6.42,270.33,1049.91,0.6476,-1,-1,-1
848,72,578.75,148.98,263.41,821.07,0.8342,-1,-1,-1
848,70,305.34,99.01,295.79,881.98,0.8660,-1,-1,-1
848,64,832.74,188.40,177.89,455.42,0.8486,-1,-1,-1
848,61,995.78,151.47,161.86,521.04,0.8076,-1,-1,-1
849,80,1484.31,176.75,250.40,838.27,0.8941,-1,-1,-1
849,78,1178.17,267.50,98.65,301.74,0.8062,-1,-1,-1
849,76,749.05,203.47,101.28,255.11,0.5250,-1,-1,-1
849,72,563.75,146.61,278.16,871.31,0.8621,-1,-1,-1
849,70,296.05,93.56,297.35,906.67,0.8927,-1,-1,-1
849,64,832.35,187.76,176.95,455.05,0.8702,-1,-1,-1
849,61,995.15,148.09,155.58,519.23,0.8046,-1,-1,-1
850,80,1497.11,175.15,249.62,848.53,0.8931,-1,-1,-1
850,78,1181.65,261.64,93.70,303.91,0.7792,-1,-1,-1
850,76,743.05,202.04,104.99,245.16,0.5507,-1,-1,-1
850,72,561.04,138.98,281.07,884.34,0.8500,-1,-1,-1
850,70,283.24,83.50,303.35,924.34,0.8839,-1,-1,-1
850,64,829.52,186.04,177.53,453.03,0.8742,-1,-1,-1
850,61,996.36,144.45,152.44,517.38,0.8064,-1,-1,-1
851,80,1508.62,167.20,258.41,862.14,0.9019,-1,-1,-1
851,78,1170.20,254.11,110.49,310.33,0.7458,-1,-1,-1
851,75,0.57,5.03,103.80,845.01,0.6209,-1,-1,-1
851,72,552.02,133.02,292.97,898.81,0.8685,-1,-1,-1
851,70,271.10,70.24,309.78,943.95,0.8966,-1,-1,-1
851,64,828.24,180.35,176.86,458.60,0.8673,-1,-1,-1
851,61,995.44,140.59,154.88,518.91,0.8043,-1,-1,-1
852,80,1518.06,161.36,268.55,870.03,0.9033,-1,-1,-1
852,78,1181.46,250.36,94.32,310.04,0.7404,-1,-1,-1
852,72,543.63,117.73,301.68,915.39,0.8786,-1,-1,-1
852,70,255.83,63.96,318.67,962.89,0.8918,-1,-1,-1
852,64,826.34,178.80,180.08,455.64,0.8512,-1,-1,-1
852,61,992.63,137.13,159.39,517.62,0.8070,-1,-1,-1
853,80,1526.45,143.12,280.42,892.20,0.9014,-1,-1,-1
853,78,1182.52,243.49,98.71,316.04,0.7414,-1,-1,-1
853,72,536.19,105.66,308.81,930.56,0.8870,-1,-1,-1
853,70,241.99,53.76,325.26,1004.46,0.8974,-1,-1,-1
853,64,822.54,178.09,174.95,452.70,0.8415,-1,-1,-1
853,61,990.18,133.04,165.74,517.96,0.7997,-1,-1,-1
854,80,1530.11,135.82,292.32,908.69,0.9020,-1,-1,-1
854,78,1177.33,241.96,98.60,317.03,0.7039,-1,-1,-1
854,72,533.90,97.93,310.91,950.74,0.8928,-1,-1,-1
854,70,219.63,47.44,337.11,1024.57,0.9001,-1,-1,-1
854,64,821.67,177.02,174.74,453.37,0.8466,-1,-1,-1
854,61,979.29,132.43,171.00,517.52,0.7997,-1,-1,-1
855,80,1540.86,127.11,298.75,920.75,0.9083,-1,-1,-1
855,78,1171.56,238.36,99.11,319.00,0.6316,-1,-1,-1
855,72,517.60,86.35,326.77,963.55,0.8942,-1,-1,-1
855,70,204.56,37.82,344.12,1028.02,0.9007,-1,-1,-1
855,64,823.49,173.66,166.93,454.82,0.8419,-1,-1,-1
855,61,977.26,129.11,176.20,522.41,0.8159,-1,-1,-1
856,80,1539.32,110.42,325.18,942.57,0.9106,-1,-1,-1
856,78,1174.13,234.73,93.67,318.62,0.6544,-1,-1,-1
856,72,508.13,73.02,338.51,982.06,0.9023,-1,-1,-1
856,70,180.52,27.09,353.58,1042.62,0.9072,-1,-1,-1
856,64,814.98,171.53,174.52,456.04,0.8455,-1,-1,-1
856,61,985.64,123.20,160.09,530.59,0.8351,-1,-1,-1
857,80,1534.37,104.00,346.49,953.00,0.9025,-1,-1,-1
857,78,1168.90,229.05,100.99,321.60,0.7001,-1,-1,-1
857,72,492.68,63.19,352.41,1007.13,0.9045,-1,-1,-1
857,70,187.82,18.97,335.44,1052.43,0.8867,-1,-1,-1
857,64,804.85,167.98,184.45,456.86,0.8491,-1,-1,-1
857,61,977.08,121.42,169.45,528.69,0.8446,-1,-1,-1
858,80,1523.40,88.35,380.98,982.90,0.8979,-1,-1,-1
858,78,1166.75,226.01,98.05,323.49,0.6963,-1,-1,-1
858,72,480.11,51.36,364.40,1025.60,0.9026,-1,-1,-1
858,70,112.34,5.53,393.41,1062.18,0.8999,-1,-1,-1
858,64,801.15,159.89,173.07,463.32,0.8391,-1,-1,-1
858,61,981.08,122.51,155.92,526.19,0.8351,-1,-1,-1
859,80,1548.40,76.64,370.77,994.80,0.8808,-1,-1,-1
859,78,1163.24,223.63,99.84,322.97,0.7108,-1,-1,-1
859,72,471.86,38.60,369.41,1033.52,0.9040,-1,-1,-1
859,70,97.67,4.03,391.07,1061.61,0.9068,-1,-1,-1
859,64,801.04,155.02,170.97,462.97,0.8236,-1,-1,-1
859,61,962.71,125.76,169.45,520.88,0.8278,-1,-1,-1
860,80,1557.75,60.71,362.22,1016.20,0.9029,-1,-1,-1
860,78,1158.56,218.04,100.92,326.18,0.6957,-1,-1,-1
860,72,459.40,26.41,379.18,1048.29,0.9163,-1,-1,-1
860,70,65.53,2.81,406.60,1064.74,0.9019,-1,-1,-1
860,64,800.78,148.49,168.91,465.53,0.8283,-1,-1,-1
860,61,957.85,125.10,175.87,520.91,0.8489,-1,-1,-1
861,80,1560.65,55.09,359.25,1020.47,0.9074,-1,-1,-1
861,78,1158.77,214.08,102.27,327.88,0.6875,-1,-1,-1
861,72,444.38,15.11,392.43,1059.32,0.9100,-1,-1,-1
861,70,32.22,3.36,426.68,1067.83,0.8694,-1,-1,-1
861,64,793.62,144.97,172.86,464.68,0.8509,-1,-1,-1
861,61,955.79,122.00,176.80,520.24,0.8618,-1,-1,-1
862,80,1573.30,37.42,346.01,1033.45,0.9108,-1,-1,-1
862,78,1160.83,212.91,98.67,324.40,0.6661,-1,-1,-1
862,72,438.53,6.81,394.31,1067.42,0.9136,-1,-1,-1
862,70,0.65,1.18,441.82,1067.20,0.7869,-1,-1,-1
862,64,795.60,143.39,173.06,459.63,0.8393,-1,-1,-1
862,61,953.83,119.48,178.65,519.16,0.8487,-1,-1,-1
863,80,1585.84,34.14,332.90,1037.46,0.9092,-1,-1,-1
863,78,1160.70,211.41,99.16,322.84,0.6463,-1,-1,-1
863,72,424.99,3.22,405.75,1069.41,0.9201,-1,-1,-1
863,70,16.52,0.00,409.44,1070.54,0.8525,-1,-1,-1
863,64,794.13,140.76,172.96,459.33,0.8487,-1,-1,-1
863,61,963.75,113.94,172.11,522.34,0.8303,-1,-1,-1
864,80,1596.95,17.48,321.56,1057.13,0.9041,-1,-1,-1
864,78,1160.63,207.34,100.43,330.08,0.6393,-1,-1,-1
864,72,411.79,2.86,408.43,1069.80,0.9225,-1,-1,-1
864,70,6.46,0.40,411.98,1070.16,0.8977,-1,-1,-1
864,64,792.08,139.23,172.73,458.96,0.8543,-1,-1,-1
864,61,963.60,112.07,174.66,524.62,0.8337,-1,-1,-1
865,80,1613.73,11.94,304.74,1063.22,0.9013,-1,-1,-1
865,78,1158.19,205.59,106.53,332.63,0.6335,-1,-1,-1
865,72,399.86,2.61,413.62,1072.14,0.9202,-1,-1,-1
865,70,0.85,0.00,403.03,1069.38,0.9117,-1,-1,-1
865,64,795.51,136.80,171.11,461.14,0.8499,-1,-1,-1
865,61,961.44,109.14,179.55,529.58,0.8287,-1,-1,-1
866,80,1652.79,1.53,266.45,1071.48,0.8884,-1,-1,-1
866,78,1165.62,203.90,96.94,332.86,0.6826,-1,-1,-1
866,72,378.49,3.49,428.72,1070.19,0.9195,-1,-1,-1
866,70,0.02,4.06,365.44,1067.23,0.9117,-1,-1,-1
866,64,797.81,135.43,169.64,465.79,0.8540,-1,-1,-1
866,61,964.42,107.44,178.20,529.22,0.8339,-1,-1,-1
867,80,1689.90,2.83,229.74,1071.26,0.8728,-1,-1,-1
867,78,1171.86,202.21,96.97,335.82,0.6989,-1,-1,-1
867,72,357.97,5.44,435.10,1065.49,0.9154,-1,-1,-1
867,70,0.00,3.65,336.91,1066.76,0.9206,-1,-1,-1
867,64,796.35,137.75,173.10,468.13,0.8569,-1,-1,-1
867,61,977.02,105.69,170.04,528.77,0.8222,-1,-1,-1
868,80,1710.85,173.24,208.67,898.30,0.7514,-1,-1,-1
868,78,1171.40,203.39,98.53,337.95,0.6997,-1,-1,-1
868,72,329.68,2.15,447.84,1068.63,0.9193,-1,-1,-1
868,70,0.40,2.31,314.40,1068.26,0.9111,-1,-1,-1
868,64,794.27,141.85,176.61,470.31,0.8586,-1,-1,-1
868,61,988.27,108.95,153.27,519.94,0.8262,-1,-1,-1
869,80,1717.64,214.55,202.09,540.89,0.4241,-1,-1,-1
869,78,1172.85,204.07,98.82,339.96,0.7081,-1,-1,-1
869,72,297.78,2.90,467.39,1066.89,0.9160,-1,-1,-1
869,70,0.07,3.77,290.93,1060.31,0.9165,-1,-1,-1
869,64,794.93,143.67,173.15,471.41,0.8630,-1,-1,-1
869,61,984.54,106.57,156.76,520.07,0.8232,-1,-1,-1
870,80,1762.38,208.92,157.29,606.16,0.7597,-1,-1,-1
870,78,1171.64,203.86,102.08,343.27,0.7100,-1,-1,-1
870,72,262.27,3.22,490.05,1068.13,0.9113,-1,-1,-1
870,70,0.09,6.05,266.67,1058.98,0.9126,-1,-1,-1
870,64,795.64,145.09,171.62,473.00,0.8691,-1,-1,-1
870,61,983.24,109.83,151.67,517.52,0.8243,-1,-1,-1
871,81,621.83,140.08,157.53,455.36,0.6069,-1,-1,-1
871,80,1797.93,252.36,122.02,579.18,0.5825,-1,-1,-1
871,78,1174.73,205.56,100.12,344.15,0.6879,-1,-1,-1
871,72,231.18,2.50,505.16,1069.80,0.9160,-1,-1,-1
871,70,0.16,6.61,241.81,1060.39,0.8959,-1,-1,-1
871,64,795.96,151.62,171.87,470.12,0.8585,-1,-1,-1
871,61,986.56,114.57,143.40,518.05,0.8179,-1,-1,-1
872,81,615.34,143.87,162.61,472.54,0.7942,-1,-1,-1
872,78,1183.42,206.65,93.55,346.72,0.7180,-1,-1,-1
872,72,199.66,2.06,526.23,1066.61,0.9147,-1,-1,-1
872,70,0.84,7.64,205.72,1057.16,0.8787,-1,-1,-1
872,64,797.30,157.25,170.34,470.08,0.8491,-1,-1,-1
872,61,988.12,116.87,145.45,518.06,0.8110,-1,-1,-1
873,81,611.29,146.13,159.66,487.09,0.7627,-1,-1,-1
873,78,1179.57,208.60,99.95,348.79,0.7083,-1,-1,-1
873,72,155.70,3.18,556.90,1065.16,0.9237,-1,-1,-1
873,70,0.15,51.87,176.78,1017.00,0.8602,-1,-1,-1
873,64,797.95,160.84,171.33,473.36,0.8354,-1,-1,-1
873,61,987.49,121.34,141.61,515.03,0.8106,-1,-1,-1
874,81,605.78,150.10,165.73,487.87,0.7557,-1,-1,-1
874,78,1177.28,210.14,103.69,349.28,0.7214,-1,-1,-1
874,72,117.33,0.00,579.09,1066.85,0.9102,-1,-1,-1
874,70,1.17,124.92,143.90,948.26,0.8120,-1,-1,-1
874,64,799.29,165.55,169.52,472.68,0.8372,-1,-1,-1
874,61,988.17,124.23,139.50,521.75,0.7984,-1,-1,-1
875,81,597.77,149.71,173.48,490.11,0.7737,-1,-1,-1
875,78,1170.47,212.00,112.00,348.02,0.6495,-1,-1,-1
875,72,98.58,1.72,584.00,1063.13,0.9138,-1,-1,-1
875,70,0.64,136.69,122.67,924.20,0.4891,-1,-1,-1
875,64,802.11,164.84,168.99,474.26,0.8290,-1,-1,-1
875,61,988.59,130.10,138.12,517.82,0.7911,-1,-1,-1
876,81,588.36,148.02,179.61,498.78,0.7999,-1,-1,-1
876,78,1174.15,210.80,115.07,350.70,0.6066,-1,-1,-1
876,72,9.60,2.04,655.18,1067.77,0.8977,-1,-1,-1
876,64,802.45,167.14,171.09,470.10,0.8372,-1,-1,-1
876,61,993.49,133.29,132.61,516.32,0.8015,-1,-1,-1
877,81,581.35,146.43,169.56,503.15,0.7883,-1,-1,-1
877,78,1173.93,209.57,113.09,354.73,0.6401,-1,-1,-1
877,72,1.10,1.81,645.63,1067.02,0.9369,-1,-1,-1
877,64,802.64,167.06,171.87,461.72,0.8342,-1,-1,-1
877,61,991.67,135.16,132.07,518.30,0.8115,-1,-1,-1
878,81,569.39,142.50,189.95,510.60,0.7965,-1,-1,-1
878,78,1177.40,207.21,113.28,357.49,0.6441,-1,-1,-1
878,72,0.92,2.49,628.84,1068.83,0.9417,-1,-1,-1
878,64,801.46,164.16,169.84,471.75,0.8292,-1,-1,-1
878,61,984.82,134.87,137.79,515.34,0.7996,-1,-1,-1
879,81,557.60,143.30,195.51,512.96,0.8391,-1,-1,-1
879,78,1171.55,206.76,113.38,356.95,0.6911,-1,-1,-1
879,72,1.56,1.76,605.41,1067.15,0.9240,-1,-1,-1
879,64,800.91,161.40,169.34,475.52,0.8387,-1,-1,-1
879,61,985.99,135.77,134.42,512.68,0.8162,-1,-1,-1
880,81,545.74,143.03,206.23,518.07,0.8515,-1,-1,-1
880,78,1171.37,202.87,114.11,360.93,0.7166,-1,-1,-1
880,72,1.87,6.89,579.60,1063.94,0.9167,-1,-1,-1
880,64,800.32,157.78,171.06,468.78,0.8505,-1,-1,-1
880,61,981.40,135.34,137.70,510.61,0.8102,-1,-1,-1
881,82,698.63,219.80,97.24,365.22,0.5599,-1,-1,-1
881,81,530.99,143.51,227.92,520.18,0.8298,-1,-1,-1
881,78,1177.44,199.15,110.04,365.10,0.7110,-1,-1,-1
881,72,0.72,4.54,554.96,1062.78,0.9261,-1,-1,-1
881,64,798.32,156.51,173.11,464.57,0.8605,-1,-1,-1
881,61,976.55,134.71,143.01,510.83,0.8069,-1,-1,-1
882,82,697.49,224.27,95.06,358.97,0.6271,-1,-1,-1
882,81,521.05,140.89,227.59,533.13,0.8174,-1,-1,-1
882,78,1176.71,199.37,112.88,364.28,0.7520,-1,-1,-1
882,72,0.94,5.78,532.68,1063.03,0.9208,-1,-1,-1
882,64,795.72,153.04,171.74,468.82,0.8554,-1,-1,-1
882,61,964.77,131.48,149.02,516.70,0.8412,-1,-1,-1
883,82,688.53,217.81,106.05,367.64,0.6269,-1,-1,-1
883,81,504.55,141.32,238.87,536.14,0.8179,-1,-1,-1
883,78,1175.66,202.26,114.43,362.57,0.7630,-1,-1,-1
883,72,0.83,7.02,507.43,1059.08,0.9380,-1,-1,-1
883,64,793.55,151.83,172.33,465.39,0.8531,-1,-1,-1
883,61,962.96,123.37,140.45,524.35,0.8343,-1,-1,-1
884,82,671.72,227.18,118.32,354.72,0.4746,-1,-1,-1
884,81,492.61,138.75,234.59,542.68,0.7862,-1,-1,-1
884,78,1177.94,199.88,112.81,367.65,0.7445,-1,-1,-1
884,72,1.05,6.37,462.76,1057.84,0.9146,-1,-1,-1
884,64,794.30,150.61,169.62,466.68,0.8347,-1,-1,-1
884,61,959.60,121.37,143.66,524.83,0.7682,-1,-1,-1
885,82,665.90,226.69,119.22,345.89,0.4705,-1,-1,-1
885,81,483.76,139.22,240.77,549.84,0.7693,-1,-1,-1
885,78,1175.31,199.74,117.00,366.87,0.7260,-1,-1,-1
885,72,1.14,8.61,414.02,1057.44,0.9100,-1,-1,-1
885,64,789.45,149.02,169.87,471.04,0.8273,-1,-1,-1
885,61,959.80,117.38,142.16,526.44,0.7980,-1,-1,-1
886,81,457.92,135.59,244.88,560.35,0.7897,-1,-1,-1
886,78,1172.14,202.03,118.83,368.09,0.7359,-1,-1,-1
886,72,0.75,4.31,362.96,1061.44,0.8796,-1,-1,-1
886,64,782.06,147.43,169.03,476.31,0.8349,-1,-1,-1
886,61,956.11,115.57,141.39,516.50,0.8180,-1,-1,-1
887,82,642.13,222.63,124.93,308.21,0.4482,-1,-1,-1
887,81,443.49,124.49,257.79,574.82,0.8619,-1,-1,-1
887,78,1170.07,204.30,113.94,367.75,0.7780,-1,-1,-1
887,72,1.71,20.73,300.16,1044.05,0.4262,-1,-1,-1
887,64,769.27,153.50,179.10,470.92,0.8473,-1,-1,-1
887,61,953.51,115.86,143.35,513.59,0.8074,-1,-1,-1
888,82,634.48,212.42,119.44,318.17,0.4533,-1,-1,-1
888,81,429.83,117.13,261.00,586.30,0.8356,-1,-1,-1
888,78,1165.78,205.24,118.29,366.20,0.7411,-1,-1,-1
888,64,774.39,155.39,168.02,469.99,0.8298,-1,-1,-1
888,61,929.54,125.07,158.60,499.18,0.8170,-1,-1,-1
889,81,411.63,108.79,266.08,593.06,0.8577,-1,-1,-1
889,78,1162.28,204.73,118.64,369.63,0.7059,-1,-1,-1
889,64,761.35,157.10,171.87,470.86,0.7859,-1,-1,-1
889,61,928.19,115.64,153.47,511.33,0.7966,-1,-1,-1
890,82,590.76,188.73,125.38,413.67,0.4052,-1,-1,-1
890,81,389.45,104.52,256.09,606.70,0.8353,-1,-1,-1
890,78,1152.59,208.46,116.06,370.24,0.7253,-1,-1,-1
890,64,748.60,163.62,167.96,471.13,0.8131,-1,-1,-1
890,61,896.29,119.94,167.11,511.10,0.8088,-1,-1,-1
891,81,360.14,89.94,278.13,623.95,0.7532,-1,-1,-1
891,78,1142.06,210.51,117.61,370.32,0.7852,-1,-1,-1
891,64,726.12,164.51,179.75,469.49,0.8518,-1,-1,-1
891,61,901.35,120.74,158.99,515.17,0.8333,-1,-1,-1
892,81,338.74,85.10,282.59,636.31,0.8512,-1,-1,-1
892,78,1133.37,213.43,112.83,370.93,0.7826,-1,-1,-1
892,64,715.13,167.17,174.69,468.15,0.8357,-1,-1,-1
892,61,885.60,123.69,157.77,514.23,0.8481,-1,-1,-1
893,82,518.21,214.47,140.64,404.63,0.4082,-1,-1,-1
893,81,313.60,83.53,288.52,647.77,0.7574,-1,-1,-1
893,78,1123.55,215.16,117.27,379.09,0.7906,-1,-1,-1
893,64,703.85,165.82,173.83,471.96,0.8188,-1,-1,-1
893,61,875.17,127.09,159.48,515.27,0.8261,-1,-1,-1
894,81,295.68,82.99,297.20,653.25,0.8382,-1,-1,-1
894,78,1117.57,218.78,115.04,376.49,0.7930,-1,-1,-1
894,64,693.47,167.79,170.93,474.41,0.8462,-1,-1,-1
894,61,863.93,133.11,160.17,517.78,0.7591,-1,-1,-1
895,81,280.08,79.78,301.59,672.89,0.7088,-1,-1,-1
895,78,1108.64,220.88,121.87,379.42,0.7965,-1,-1,-1
895,64,681.37,170.72,168.82,471.42,0.8565,-1,-1,-1
895,61,847.09,136.04,160.00,519.61,0.7763,-1,-1,-1
896,82,493.96,180.77,142.35,470.00,0.4458,-1,-1,-1
896,81,260.55,77.07,289.71,684.84,0.8387,-1,-1,-1
896,78,1103.11,225.61,125.07,375.04,0.7505,-1,-1,-1
896,64,674.00,169.61,169.78,467.32,0.8336,-1,-1,-1
896,61,829.41,138.62,182.03,518.87,0.8283,-1,-1,-1
897,81,243.79,71.19,304.53,708.34,0.8677,-1,-1,-1
897,78,1096.89,227.76,126.16,376.72,0.7876,-1,-1,-1
897,64,667.94,169.88,167.33,466.29,0.8090,-1,-1,-1
897,61,821.97,145.15,182.46,513.35,0.8283,-1,-1,-1
898,82,488.91,176.01,128.39,476.76,0.5379,-1,-1,-1
898,81,233.42,66.56,309.67,743.64,0.8666,-1,-1,-1
898,78,1096.35,228.06,126.46,382.11,0.8017,-1,-1,-1
898,64,665.32,169.50,166.27,465.84,0.8205,-1,-1,-1
898,61,823.96,147.95,182.76,514.95,0.8317,-1,-1,-1
899,82,463.04,173.33,145.34,493.60,0.4800,-1,-1,-1
899,81,220.85,65.57,311.94,748.74,0.8347,-1,-1,-1
899,78,1095.62,232.35,125.94,379.81,0.7907,-1,-1,-1
899,64,655.36,169.47,175.55,477.53,0.7894,-1,-1,-1
899,61,821.04,149.56,186.15,515.87,0.8328,-1,-1,-1
900,82,455.36,169.63,149.62,508.36,0.5942,-1,-1,-1
900,81,214.34,59.68,284.26,760.98,0.7911,-1,-1,-1
900,78,1099.05,230.10,129.93,385.50,0.8068,-1,-1,-1
900,64,658.23,169.58,171.69,482.81,0.8101,-1,-1,-1
900,61,825.03,152.33,183.27,514.07,0.8239,-1,-1,-1
