1,1,1338.48,417.88,163.01,358.63,0.8093,-1,-1,-1
1,2,584.16,443.37,91.75,264.68,0.7629,-1,-1,-1
1,3,440.00,445.87,112.20,273.43,0.6765,-1,-1,-1
1,4,1455.14,432.63,141.44,332.69,0.6423,-1,-1,-1
1,5,730.90,456.72,35.97,111.41,0.5622,-1,-1,-1
1,6,916.82,431.52,59.62,154.80,0.3898,-1,-1,-1
2,1,1342.76,417.59,160.36,359.19,0.8314,-1,-1,-1
2,2,584.51,442.89,92.31,264.22,0.7656,-1,-1,-1
2,3,437.68,445.25,116.77,274.31,0.6903,-1,-1,-1
2,4,1452.17,436.84,146.64,331.75,0.6727,-1,-1,-1
2,5,731.47,457.26,36.30,110.30,0.5319,-1,-1,-1
2,6,916.37,432.17,60.17,154.64,0.4003,-1,-1,-1
3,1,1343.62,423.30,175.80,365.90,0.8357,-1,-1,-1
3,2,584.48,443.04,93.55,263.66,0.7563,-1,-1,-1
3,3,437.24,443.73,117.90,276.36,0.6983,-1,-1,-1
3,4,1466.14,441.56,138.79,327.12,0.7327,-1,-1,-1
3,5,731.30,460.22,36.82,106.77,0.5315,-1,-1,-1
3,6,915.94,432.68,60.94,153.92,0.4038,-1,-1,-1
4,1,1348.57,421.73,179.32,375.81,0.8241,-1,-1,-1
4,2,584.44,443.81,93.18,264.25,0.7672,-1,-1,-1
4,3,438.61,442.93,119.10,276.72,0.7438,-1,-1,-1
4,4,1478.43,434.60,126.11,333.29,0.7309,-1,-1,-1
4,5,732.04,459.14,36.84,109.28,0.5188,-1,-1,-1
4,6,916.37,432.05,61.00,154.18,0.4202,-1,-1,-1
5,1,1351.71,419.44,178.43,385.08,0.8484,-1,-1,-1
5,2,584.70,444.03,93.11,264.04,0.7659,-1,-1,-1
5,3,442.38,443.56,119.27,274.40,0.6899,-1,-1,-1
5,4,1485.91,429.52,116.04,338.51,0.7405,-1,-1,-1
5,5,732.66,459.00,35.90,109.29,0.5179,-1,-1,-1
5,6,916.02,431.29,61.41,154.52,0.4087,-1,-1,-1
6,1,1357.99,418.60,174.36,388.36,0.8471,-1,-1,-1
6,2,584.12,443.50,92.55,266.93,0.7618,-1,-1,-1
6,3,448.71,443.80,117.45,274.36,0.6956,-1,-1,-1
6,4,1494.97,426.50,107.83,342.02,0.7238,-1,-1,-1
6,5,733.35,457.56,34.53,110.24,0.5345,-1,-1,-1
6,6,915.74,430.51,62.09,155.98,0.4203,-1,-1,-1
7,1,1368.04,419.01,160.34,385.27,0.8559,-1,-1,-1
7,2,584.46,443.01,91.76,268.10,0.7672,-1,-1,-1
7,3,447.31,444.59,119.98,274.32,0.7311,-1,-1,-1
7,4,1500.63,430.34,102.39,339.35,0.7682,-1,-1,-1
7,5,733.51,457.84,33.89,109.93,0.5486,-1,-1,-1
7,6,914.97,430.63,61.93,155.88,0.3745,-1,-1,-1
8,1,1385.37,415.29,142.28,386.78,0.8057,-1,-1,-1
8,2,584.69,442.95,91.83,267.36,0.7823,-1,-1,-1
8,3,448.66,444.09,119.52,274.58,0.7472,-1,-1,-1
8,4,1505.58,422.71,98.89,347.95,0.7699,-1,-1,-1
8,5,733.48,457.16,34.27,109.70,0.5415,-1,-1,-1
8,6,914.73,428.48,61.41,157.95,0.3856,-1,-1,-1
9,1,1400.69,409.62,130.08,392.08,0.7453,-1,-1,-1
9,2,585.14,442.65,90.88,268.11,0.7793,-1,-1,-1
9,3,454.76,444.16,114.66,274.31,0.7433,-1,-1,-1
9,4,1512.01,422.02,94.56,347.93,0.7482,-1,-1,-1
9,5,733.11,457.02,35.08,111.00,0.5343,-1,-1,-1
10,1,1416.27,413.49,120.40,382.64,0.7914,-1,-1,-1
10,2,585.35,442.78,91.41,268.21,0.7821,-1,-1,-1
10,3,457.14,443.87,114.11,274.37,0.7180,-1,-1,-1
10,4,1507.35,418.08,109.07,355.33,0.6695,-1,-1,-1
10,5,732.77,457.46,35.89,109.78,0.5203,-1,-1,-1
11,1,1426.75,412.58,119.34,385.75,0.7691,-1,-1,-1
11,2,585.90,442.83,91.17,267.07,0.7707,-1,-1,-1
11,3,455.67,442.75,115.19,275.87,0.6898,-1,-1,-1
11,4,1525.72,418.82,97.90,350.59,0.7953,-1,-1,-1
11,5,732.58,458.51,37.09,110.57,0.5662,-1,-1,-1
12,1,1437.71,408.80,117.77,391.66,0.7273,-1,-1,-1
12,2,585.72,442.28,91.73,266.93,0.7667,-1,-1,-1
12,3,451.62,442.24,119.25,276.28,0.6677,-1,-1,-1
12,4,1537.11,418.84,94.20,353.07,0.7732,-1,-1,-1
12,5,731.64,456.76,38.08,112.95,0.6053,-1,-1,-1
13,1,1446.01,411.68,121.97,388.13,0.7019,-1,-1,-1
13,2,585.37,442.03,92.49,267.29,0.7540,-1,-1,-1
13,3,446.85,442.91,123.49,276.34,0.7039,-1,-1,-1
13,4,1540.10,420.21,104.27,357.61,0.7515,-1,-1,-1
13,5,730.76,456.28,38.76,117.04,0.5825,-1,-1,-1
14,1,1453.56,410.16,128.46,387.83,0.5769,-1,-1,-1
14,2,584.35,442.17,93.98,268.00,0.7504,-1,-1,-1
14,3,447.04,442.00,122.02,280.38,0.6398,-1,-1,-1
14,4,1538.69,416.63,130.70,369.99,0.6146,-1,-1,-1
14,5,730.24,456.46,39.43,118.47,0.5509,-1,-1,-1
15,1,1461.66,415.46,108.43,382.23,0.4908,-1,-1,-1
15,2,583.99,442.43,93.22,269.26,0.7698,-1,-1,-1
15,3,446.43,442.83,120.93,282.08,0.6580,-1,-1,-1
15,4,1539.16,421.86,160.17,373.42,0.5961,-1,-1,-1
15,5,730.36,453.31,39.88,123.62,0.6067,-1,-1,-1
16,1,1464.03,422.14,105.97,377.33,0.4020,-1,-1,-1
16,2,583.62,443.69,92.96,267.45,0.7683,-1,-1,-1
16,3,445.87,442.65,117.79,283.49,0.6515,-1,-1,-1
16,4,1547.72,421.10,176.64,381.50,0.6745,-1,-1,-1
16,5,730.82,453.84,38.24,123.17,0.4917,-1,-1,-1
17,1,1459.16,420.88,130.51,381.46,0.3622,-1,-1,-1
17,2,583.35,445.38,93.01,267.32,0.7651,-1,-1,-1
17,3,446.20,442.68,116.10,284.57,0.6591,-1,-1,-1
17,4,1556.49,420.99,186.38,385.27,0.7725,-1,-1,-1
17,5,729.60,454.81,37.61,121.52,0.4489,-1,-1,-1
18,1,1459.41,420.78,181.46,388.47,0.6835,-1,-1,-1
18,2,583.57,445.04,93.02,268.37,0.7898,-1,-1,-1
18,3,448.04,442.95,114.06,284.68,0.7159,-1,-1,-1
18,4,1570.56,426.25,181.75,383.24,0.7106,-1,-1,-1
18,5,728.35,456.77,37.62,119.10,0.4406,-1,-1,-1
19,1,1460.57,414.76,173.93,390.47,0.4636,-1,-1,-1
19,2,584.19,445.12,94.18,269.28,0.7677,-1,-1,-1
19,3,450.17,444.55,112.75,284.63,0.7092,-1,-1,-1
19,4,1566.72,451.86,191.06,361.87,0.6826,-1,-1,-1
19,5,726.65,458.72,38.63,117.20,0.4066,-1,-1,-1
19,10,1254.70,435.93,35.23,108.06,0.4020,-1,-1,-1
20,1,1461.79,411.57,170.34,394.42,0.3676,-1,-1,-1
20,2,584.52,445.76,97.94,267.63,0.7783,-1,-1,-1
20,3,451.46,448.58,113.96,279.95,0.7094,-1,-1,-1
20,4,1587.29,457.17,186.29,349.64,0.6333,-1,-1,-1
20,5,725.53,455.31,39.74,119.37,0.4103,-1,-1,-1
20,10,1254.67,436.43,35.20,107.08,0.3273,-1,-1,-1
21,1,1462.11,412.45,225.17,403.62,0.7297,-1,-1,-1
21,2,584.77,444.50,101.31,269.09,0.7902,-1,-1,-1
21,3,452.43,448.08,112.84,279.29,0.6966,-1,-1,-1
21,4,1612.17,455.36,157.64,348.98,0.6554,-1,-1,-1
21,5,726.02,453.42,39.68,121.82,0.3839,-1,-1,-1
21,10,1252.93,439.35,35.44,101.99,0.3345,-1,-1,-1
22,1,1463.03,411.90,230.49,405.77,0.5309,-1,-1,-1
22,2,584.77,444.11,103.21,269.12,0.7778,-1,-1,-1
22,3,454.16,447.19,112.80,280.38,0.5985,-1,-1,-1
22,4,1627.27,436.58,152.29,364.49,0.7017,-1,-1,-1
22,5,723.11,458.50,42.83,114.79,0.3668,-1,-1,-1
22,10,1253.70,438.03,40.11,107.25,0.3672,-1,-1,-1
23,1,1469.31,411.59,201.07,395.14,0.4795,-1,-1,-1
23,2,583.89,443.84,105.30,269.02,0.7759,-1,-1,-1
23,3,461.35,446.34,109.94,281.50,0.6878,-1,-1,-1
23,4,1633.96,427.08,131.94,374.43,0.6266,-1,-1,-1
23,5,720.65,463.79,46.60,107.17,0.3631,-1,-1,-1
23,10,1251.88,440.21,38.50,103.28,0.3379,-1,-1,-1
24,1,1476.81,408.04,215.98,408.45,0.7030,-1,-1,-1
24,2,584.37,443.82,105.44,268.56,0.7548,-1,-1,-1
24,3,466.99,445.36,109.40,284.99,0.6836,-1,-1,-1
24,4,1644.15,421.23,123.10,378.28,0.6250,-1,-1,-1
24,5,721.18,461.87,48.42,107.96,0.4306,-1,-1,-1
25,1,1485.01,406.77,216.60,411.68,0.6347,-1,-1,-1
25,2,585.07,443.72,105.18,268.71,0.7430,-1,-1,-1
25,3,467.31,444.76,111.17,288.27,0.6333,-1,-1,-1
25,4,1655.83,417.19,122.28,384.66,0.6672,-1,-1,-1
25,5,720.08,462.84,49.39,104.77,0.4012,-1,-1,-1
26,1,1493.77,408.63,232.82,411.21,0.5968,-1,-1,-1
26,2,586.23,444.08,103.15,268.69,0.7236,-1,-1,-1
26,3,467.97,442.03,112.28,293.44,0.6583,-1,-1,-1
26,4,1662.62,419.52,115.17,381.94,0.6615,-1,-1,-1
26,5,719.82,463.27,50.29,104.28,0.4399,-1,-1,-1
27,1,1508.76,410.36,223.86,411.74,0.5627,-1,-1,-1
27,2,587.89,443.58,100.80,269.92,0.7291,-1,-1,-1
27,3,469.26,443.49,112.15,290.46,0.6226,-1,-1,-1
27,4,1674.25,414.31,112.45,384.17,0.6659,-1,-1,-1
27,5,720.33,458.59,46.81,109.04,0.3563,-1,-1,-1
28,1,1528.77,404.93,191.44,423.01,0.5829,-1,-1,-1
28,2,591.52,443.41,98.45,270.64,0.7387,-1,-1,-1
28,3,471.78,441.98,110.90,292.66,0.6027,-1,-1,-1
28,4,1682.87,411.12,114.25,385.20,0.6573,-1,-1,-1
28,5,720.53,460.51,48.60,107.84,0.3632,-1,-1,-1
29,1,1547.15,396.61,170.86,432.75,0.7035,-1,-1,-1
29,2,593.72,443.54,97.29,270.65,0.7306,-1,-1,-1
29,3,474.27,442.06,110.05,292.08,0.5850,-1,-1,-1
29,4,1684.70,418.82,128.15,381.55,0.7144,-1,-1,-1
29,5,720.74,460.37,50.10,110.81,0.3505,-1,-1,-1
29,11,1426.89,436.12,54.45,122.01,0.5403,-1,-1,-1
30,1,1573.86,391.91,153.03,437.39,0.7467,-1,-1,-1
30,2,595.20,443.49,97.13,271.23,0.7480,-1,-1,-1
30,3,476.46,442.17,109.44,292.14,0.6445,-1,-1,-1
30,4,1680.16,426.37,152.84,374.58,0.6398,-1,-1,-1
30,5,721.84,458.67,46.66,113.95,0.3648,-1,-1,-1
30,11,1432.21,433.19,49.30,124.56,0.5946,-1,-1,-1
31,1,1593.75,390.68,157.88,437.65,0.7357,-1,-1,-1
31,2,597.91,443.18,95.57,272.11,0.7510,-1,-1,-1
31,3,477.04,443.16,111.09,288.66,0.6513,-1,-1,-1
31,4,1694.79,418.85,182.56,387.25,0.6599,-1,-1,-1
31,5,721.69,457.56,45.03,117.83,0.4384,-1,-1,-1
31,11,1440.83,430.33,43.42,127.29,0.5754,-1,-1,-1
32,1,1605.69,393.87,164.17,441.34,0.7908,-1,-1,-1
32,2,599.78,443.07,94.96,272.78,0.7616,-1,-1,-1
32,3,478.56,444.25,110.58,288.70,0.6386,-1,-1,-1
32,4,1715.52,417.87,184.85,389.60,0.7326,-1,-1,-1
32,5,721.25,458.67,43.05,119.31,0.4237,-1,-1,-1
32,11,1446.78,430.69,39.99,126.58,0.5309,-1,-1,-1
33,1,1611.83,394.25,172.28,450.33,0.8075,-1,-1,-1
33,2,601.20,443.88,94.72,271.68,0.7665,-1,-1,-1
33,3,479.59,444.07,109.99,292.85,0.7039,-1,-1,-1
33,4,1730.94,414.38,185.25,396.80,0.6487,-1,-1,-1
33,5,720.10,458.81,42.60,119.04,0.3713,-1,-1,-1
33,11,1450.70,431.13,39.22,126.24,0.5779,-1,-1,-1
33,12,1079.51,452.19,54.05,143.83,0.3799,-1,-1,-1
34,1,1615.52,394.32,182.83,448.29,0.8035,-1,-1,-1
34,2,604.26,443.47,91.99,271.87,0.7619,-1,-1,-1
34,3,479.57,443.97,110.41,298.48,0.7296,-1,-1,-1
34,4,1742.42,447.10,181.05,368.98,0.3177,-1,-1,-1
34,5,718.15,457.13,42.41,120.68,0.3644,-1,-1,-1
34,11,1454.58,430.84,39.41,126.58,0.6020,-1,-1,-1
35,1,1621.31,393.22,195.04,454.29,0.8495,-1,-1,-1
35,2,605.52,443.92,91.43,271.22,0.7725,-1,-1,-1
35,3,478.69,443.89,111.23,300.13,0.7406,-1,-1,-1
35,4,1758.39,431.10,166.01,394.58,0.4127,-1,-1,-1
35,5,718.63,458.37,41.22,119.48,0.3460,-1,-1,-1
35,11,1456.47,431.75,38.94,124.96,0.5704,-1,-1,-1
36,1,1628.30,394.73,212.18,466.04,0.8184,-1,-1,-1
36,2,607.02,444.20,90.33,270.68,0.7727,-1,-1,-1
36,3,477.46,443.96,112.66,302.05,0.7073,-1,-1,-1
36,4,1765.63,420.10,158.15,403.20,0.5508,-1,-1,-1
36,5,716.56,457.04,42.74,120.08,0.3119,-1,-1,-1
36,11,1457.55,432.70,40.97,124.79,0.5766,-1,-1,-1
37,1,1633.37,396.54,243.21,471.66,0.7921,-1,-1,-1
37,2,608.48,444.77,89.96,270.12,0.7700,-1,-1,-1
37,3,477.36,444.48,112.63,297.01,0.6664,-1,-1,-1
37,4,1774.44,419.95,148.94,401.84,0.6042,-1,-1,-1
37,5,716.57,454.59,42.84,122.97,0.3140,-1,-1,-1
37,11,1460.98,433.12,42.18,125.29,0.5477,-1,-1,-1
38,1,1634.49,400.62,252.94,473.66,0.8538,-1,-1,-1
38,2,608.97,444.22,90.34,271.05,0.7668,-1,-1,-1
38,3,477.57,444.69,113.91,291.44,0.6849,-1,-1,-1
38,5,713.76,453.15,44.80,128.53,0.3083,-1,-1,-1
38,11,1463.03,432.30,43.45,126.02,0.6034,-1,-1,-1
39,1,1635.19,403.09,261.71,473.21,0.8708,-1,-1,-1
39,2,609.25,443.38,91.74,272.13,0.7796,-1,-1,-1
39,3,478.04,444.55,114.28,293.45,0.7068,-1,-1,-1
39,11,1464.37,431.92,44.96,125.76,0.5846,-1,-1,-1
39,10,1256.21,430.82,40.55,114.77,0.4198,-1,-1,-1
39,4,1808.71,428.32,113.86,380.54,0.5203,-1,-1,-1
40,1,1635.38,404.09,270.54,474.27,0.8623,-1,-1,-1
40,2,610.00,443.64,91.70,272.30,0.7746,-1,-1,-1
40,3,477.33,445.53,116.25,295.03,0.6820,-1,-1,-1
40,11,1466.10,432.83,46.67,124.11,0.5642,-1,-1,-1
40,10,1256.33,431.44,39.34,114.28,0.4412,-1,-1,-1
40,4,1819.06,424.53,102.92,386.59,0.5964,-1,-1,-1
41,1,1639.29,401.83,280.38,482.12,0.8653,-1,-1,-1
41,2,612.03,443.58,91.77,272.69,0.7913,-1,-1,-1
41,3,478.71,446.87,114.47,295.06,0.6833,-1,-1,-1
41,11,1466.20,434.00,50.20,121.71,0.5076,-1,-1,-1
41,10,1256.49,430.64,39.69,115.14,0.4800,-1,-1,-1
41,4,1831.25,405.57,90.53,409.36,0.6853,-1,-1,-1
42,1,1644.54,401.30,276.91,480.70,0.8417,-1,-1,-1
42,2,613.66,443.00,90.65,272.30,0.7990,-1,-1,-1
42,3,476.18,447.35,117.36,300.99,0.6605,-1,-1,-1
42,11,1467.83,434.50,50.70,121.06,0.5559,-1,-1,-1
42,10,1256.55,430.06,40.34,115.66,0.4902,-1,-1,-1
42,4,1841.99,395.53,79.28,421.63,0.6500,-1,-1,-1
43,1,1653.75,402.90,269.15,480.89,0.8500,-1,-1,-1
43,2,615.28,443.33,89.95,271.82,0.7886,-1,-1,-1
43,3,470.09,446.09,121.86,306.44,0.6246,-1,-1,-1
43,11,1469.63,433.54,51.58,121.76,0.5792,-1,-1,-1
43,10,1256.82,427.28,41.76,118.23,0.4710,-1,-1,-1
43,4,1852.10,393.90,68.69,424.98,0.5921,-1,-1,-1
44,1,1664.86,396.11,255.64,485.24,0.8459,-1,-1,-1
44,2,615.60,443.58,90.58,271.40,0.7991,-1,-1,-1
44,3,468.95,446.12,123.80,312.19,0.6485,-1,-1,-1
44,11,1472.62,434.89,50.10,120.66,0.5321,-1,-1,-1
44,10,1256.84,426.83,41.81,118.80,0.4575,-1,-1,-1
44,4,1863.61,410.56,56.73,404.91,0.4903,-1,-1,-1
44,12,1082.67,450.15,49.80,148.25,0.3549,-1,-1,-1
45,1,1684.66,394.13,232.48,485.24,0.7946,-1,-1,-1
45,2,616.58,443.10,90.94,271.53,0.7779,-1,-1,-1
45,3,468.00,444.23,123.65,314.77,0.6357,-1,-1,-1
45,11,1477.78,433.97,44.44,121.28,0.4933,-1,-1,-1
45,10,1257.52,425.98,41.97,119.55,0.4570,-1,-1,-1
45,4,1870.44,420.63,49.59,394.38,0.3511,-1,-1,-1
45,12,1081.68,449.40,50.73,148.88,0.3821,-1,-1,-1
45,5,699.20,454.46,55.75,201.84,0.3519,-1,-1,-1
46,1,1708.42,392.28,211.81,487.42,0.6307,-1,-1,-1
46,2,617.21,442.37,93.08,272.39,0.7588,-1,-1,-1
46,3,466.42,444.77,125.93,318.02,0.6336,-1,-1,-1
46,11,1483.51,434.97,37.77,119.88,0.5212,-1,-1,-1
46,10,1258.18,424.31,42.13,121.26,0.4614,-1,-1,-1
46,4,1877.80,402.26,42.05,427.27,0.3972,-1,-1,-1
46,12,1081.55,449.00,50.48,148.24,0.3022,-1,-1,-1
47,1,1757.69,387.16,162.04,493.68,0.7060,-1,-1,-1
47,2,617.18,441.73,93.11,272.76,0.7759,-1,-1,-1
47,3,464.75,444.43,127.59,320.15,0.6298,-1,-1,-1
47,11,1488.23,432.57,34.34,120.72,0.5148,-1,-1,-1
47,10,1258.61,424.02,42.85,121.25,0.4925,-1,-1,-1
47,5,696.67,456.02,57.03,206.02,0.5479,-1,-1,-1
48,1,1775.46,386.08,145.07,492.03,0.7899,-1,-1,-1
48,2,618.44,441.26,93.56,272.60,0.7451,-1,-1,-1
48,3,468.24,443.91,123.49,319.41,0.6481,-1,-1,-1
48,10,1259.02,426.02,41.34,119.14,0.4473,-1,-1,-1
48,5,697.54,455.08,60.74,207.32,0.3835,-1,-1,-1
49,1,1795.76,385.21,125.39,492.85,0.8006,-1,-1,-1
49,2,619.09,441.22,94.11,272.07,0.7551,-1,-1,-1
49,3,470.62,444.21,120.58,318.46,0.6373,-1,-1,-1
49,10,1259.23,431.84,40.70,114.65,0.4593,-1,-1,-1
49,5,697.94,455.97,62.77,207.19,0.4397,-1,-1,-1
50,1,1810.35,385.16,111.08,496.60,0.8414,-1,-1,-1
50,2,618.54,441.51,97.64,272.24,0.7557,-1,-1,-1
50,3,465.82,443.76,124.15,317.10,0.6200,-1,-1,-1
50,10,1259.55,436.35,39.47,110.61,0.4423,-1,-1,-1
50,5,701.10,453.57,63.69,209.88,0.3775,-1,-1,-1
50,11,1498.65,436.37,38.48,119.46,0.3533,-1,-1,-1
51,1,1818.87,383.89,101.65,498.82,0.8290,-1,-1,-1
51,2,618.72,441.44,99.40,272.34,0.7623,-1,-1,-1
51,3,455.85,443.45,133.73,315.53,0.6076,-1,-1,-1
51,10,1259.69,435.57,39.39,111.50,0.4805,-1,-1,-1
51,5,701.51,457.31,65.53,206.50,0.3371,-1,-1,-1
51,13,582.18,439.57,50.11,145.37,0.3434,-1,-1,-1
51,11,1500.67,437.97,41.44,117.03,0.4204,-1,-1,-1
52,1,1826.98,385.08,92.96,495.78,0.8110,-1,-1,-1
52,2,619.74,442.28,99.15,271.64,0.7491,-1,-1,-1
52,3,463.39,444.44,127.29,315.22,0.6580,-1,-1,-1
52,10,1259.63,433.37,38.60,112.79,0.4707,-1,-1,-1
52,5,701.56,457.63,68.20,206.24,0.3028,-1,-1,-1
52,13,587.32,444.02,46.71,140.43,0.3523,-1,-1,-1
52,11,1501.69,437.21,45.04,118.13,0.4082,-1,-1,-1
52,12,1080.32,452.44,52.28,142.81,0.3612,-1,-1,-1
53,1,1829.21,383.95,90.75,499.87,0.7790,-1,-1,-1
53,2,620.79,443.18,97.40,270.46,0.7481,-1,-1,-1
53,3,463.74,445.77,127.59,313.05,0.6523,-1,-1,-1
53,10,1259.49,431.27,40.03,114.72,0.5283,-1,-1,-1
53,5,696.24,456.23,69.75,206.84,0.4768,-1,-1,-1
53,13,590.67,448.71,44.47,135.74,0.3012,-1,-1,-1
53,11,1501.39,434.55,50.45,120.52,0.3683,-1,-1,-1
53,14,1523.69,434.37,37.15,117.83,0.3642,-1,-1,-1
54,1,1825.92,388.62,94.42,497.78,0.7337,-1,-1,-1
54,2,622.84,442.75,96.50,271.81,0.7381,-1,-1,-1
54,3,466.59,445.90,125.35,313.95,0.6935,-1,-1,-1
54,10,1259.46,430.62,40.12,114.99,0.5065,-1,-1,-1
54,5,694.20,454.42,76.89,208.34,0.3698,-1,-1,-1
54,14,1526.67,441.31,35.49,111.85,0.4726,-1,-1,-1
55,1,1825.73,411.15,94.73,476.52,0.7188,-1,-1,-1
55,2,623.55,442.21,93.60,272.69,0.7449,-1,-1,-1
55,3,469.25,445.29,122.22,315.02,0.7046,-1,-1,-1
55,10,1259.63,429.81,40.23,116.05,0.5006,-1,-1,-1
55,5,693.11,455.94,76.31,207.12,0.3835,-1,-1,-1
55,14,1529.58,438.29,36.59,114.44,0.4750,-1,-1,-1
55,13,587.10,449.23,47.97,135.05,0.3505,-1,-1,-1
56,1,1827.26,429.05,92.76,458.53,0.5926,-1,-1,-1
56,2,623.82,441.66,92.79,273.34,0.7329,-1,-1,-1
56,3,471.56,445.41,119.84,314.44,0.7117,-1,-1,-1
56,10,1259.88,427.27,40.46,118.30,0.5103,-1,-1,-1
56,5,694.38,456.40,70.77,206.43,0.4714,-1,-1,-1
56,14,1531.63,441.39,35.10,111.13,0.4983,-1,-1,-1
56,13,585.42,446.65,49.88,137.52,0.3655,-1,-1,-1
57,1,1829.64,407.77,90.19,479.75,0.3792,-1,-1,-1
57,2,623.92,442.31,91.25,272.97,0.7317,-1,-1,-1
57,3,470.93,446.67,120.88,313.12,0.6686,-1,-1,-1
57,10,1260.17,430.62,39.96,114.60,0.5181,-1,-1,-1
57,5,694.49,456.20,69.75,208.71,0.5814,-1,-1,-1
57,14,1533.47,438.57,35.22,113.54,0.4885,-1,-1,-1
57,13,583.68,442.66,49.34,142.50,0.4220,-1,-1,-1
58,1,1831.36,429.47,88.44,457.57,0.3329,-1,-1,-1
58,2,625.51,443.34,92.59,271.83,0.7337,-1,-1,-1
58,3,473.17,445.76,119.30,312.59,0.6651,-1,-1,-1
58,10,1260.52,432.26,40.40,113.09,0.5224,-1,-1,-1
58,14,1534.26,436.35,34.09,115.85,0.4183,-1,-1,-1
58,13,582.82,445.53,48.74,139.91,0.3943,-1,-1,-1
59,2,626.32,443.03,92.63,271.98,0.7173,-1,-1,-1
59,3,474.56,443.95,119.48,315.71,0.7116,-1,-1,-1
59,10,1260.28,432.65,42.16,112.62,0.5376,-1,-1,-1
59,14,1536.75,434.72,32.93,118.28,0.3592,-1,-1,-1
59,13,583.56,448.13,49.48,136.33,0.3646,-1,-1,-1
59,5,696.49,459.32,69.53,211.29,0.4743,-1,-1,-1
60,2,625.84,443.14,92.92,274.06,0.7136,-1,-1,-1
60,3,473.56,442.15,125.05,318.33,0.7234,-1,-1,-1
60,10,1260.02,434.47,42.35,111.30,0.5486,-1,-1,-1
60,13,583.80,449.92,50.17,134.32,0.3239,-1,-1,-1
60,5,697.57,456.98,68.70,214.94,0.5755,-1,-1,-1
61,2,624.94,443.61,93.54,276.45,0.7081,-1,-1,-1
61,3,473.79,443.14,131.52,316.83,0.6856,-1,-1,-1
61,10,1259.65,429.98,42.54,115.81,0.5335,-1,-1,-1
61,5,698.93,456.46,67.92,216.36,0.5455,-1,-1,-1
62,2,624.18,444.47,91.64,275.79,0.7224,-1,-1,-1
62,3,478.18,442.93,134.78,318.20,0.7252,-1,-1,-1
62,10,1259.48,430.23,41.42,115.24,0.5511,-1,-1,-1
62,5,698.95,455.00,67.33,218.24,0.6206,-1,-1,-1
63,2,622.32,444.95,90.96,275.77,0.7394,-1,-1,-1
63,3,479.19,441.15,138.13,319.69,0.7252,-1,-1,-1
63,10,1259.60,431.06,40.69,113.93,0.5325,-1,-1,-1
63,5,697.48,457.66,69.01,215.24,0.6621,-1,-1,-1
64,2,620.06,444.60,92.46,277.55,0.7436,-1,-1,-1
64,3,483.04,441.87,139.03,318.89,0.7208,-1,-1,-1
64,10,1259.40,433.19,40.25,111.18,0.5249,-1,-1,-1
64,5,697.09,453.88,69.37,219.89,0.6380,-1,-1,-1
65,2,619.44,446.61,92.34,276.67,0.7433,-1,-1,-1
65,3,492.01,444.45,134.69,316.96,0.7892,-1,-1,-1
65,10,1259.14,437.33,40.22,107.18,0.5290,-1,-1,-1
65,5,696.31,451.17,69.08,224.65,0.6803,-1,-1,-1
66,2,620.15,447.74,91.26,276.03,0.7595,-1,-1,-1
66,3,495.02,446.54,138.32,317.04,0.7287,-1,-1,-1
66,10,1259.00,438.87,40.36,105.78,0.5299,-1,-1,-1
66,5,697.56,452.65,68.93,223.63,0.6787,-1,-1,-1
67,2,619.44,447.44,92.20,275.45,0.7469,-1,-1,-1
67,3,490.04,447.15,146.45,320.76,0.6451,-1,-1,-1
67,10,1259.86,440.91,39.06,103.46,0.5144,-1,-1,-1
67,5,698.09,453.49,70.48,223.81,0.6749,-1,-1,-1
67,11,1542.74,422.41,41.05,128.76,0.4054,-1,-1,-1
68,2,617.05,446.68,95.12,275.48,0.7350,-1,-1,-1
68,3,488.61,448.52,150.58,318.51,0.6443,-1,-1,-1
68,10,1259.96,437.51,39.30,107.03,0.4911,-1,-1,-1
68,5,699.37,455.05,70.95,221.38,0.6772,-1,-1,-1
68,11,1544.33,427.79,39.80,123.67,0.3748,-1,-1,-1
69,2,614.97,446.88,96.95,275.29,0.7570,-1,-1,-1
69,3,488.86,446.91,153.41,320.47,0.6182,-1,-1,-1
69,10,1259.92,437.11,39.19,107.33,0.5125,-1,-1,-1
69,5,698.22,456.19,72.15,221.05,0.6665,-1,-1,-1
69,11,1543.30,422.63,42.62,129.07,0.4744,-1,-1,-1
70,2,612.10,446.18,99.60,275.19,0.7602,-1,-1,-1
70,3,491.59,444.32,150.55,322.10,0.7275,-1,-1,-1
70,10,1259.76,437.71,39.14,106.74,0.5127,-1,-1,-1
70,5,698.30,457.46,71.88,220.38,0.6310,-1,-1,-1
70,11,1543.39,420.62,45.17,131.72,0.5873,-1,-1,-1
71,2,611.12,445.76,100.04,276.08,0.7684,-1,-1,-1
71,3,495.99,443.37,147.39,323.61,0.7341,-1,-1,-1
71,10,1259.66,437.33,39.22,107.16,0.5175,-1,-1,-1
71,5,698.57,458.67,69.40,219.94,0.5872,-1,-1,-1
71,11,1543.22,420.37,46.72,132.34,0.5763,-1,-1,-1
72,2,611.81,444.79,98.39,277.18,0.7656,-1,-1,-1
72,3,498.25,443.79,145.65,323.45,0.7413,-1,-1,-1
72,10,1259.67,432.11,39.96,112.36,0.5147,-1,-1,-1
72,5,698.96,458.64,70.16,220.97,0.5841,-1,-1,-1
72,11,1543.37,420.38,46.31,132.20,0.5701,-1,-1,-1
73,2,614.25,443.89,96.35,278.05,0.7678,-1,-1,-1
73,3,502.00,444.45,142.05,323.49,0.7759,-1,-1,-1
73,10,1259.79,431.21,40.23,113.01,0.5073,-1,-1,-1
73,5,700.11,458.57,70.75,220.49,0.5999,-1,-1,-1
73,11,1545.52,419.36,44.53,132.81,0.5326,-1,-1,-1
74,2,617.62,442.85,92.90,280.12,0.7756,-1,-1,-1
74,3,506.04,444.19,139.95,326.29,0.7381,-1,-1,-1
74,10,1260.18,429.03,40.51,115.52,0.5174,-1,-1,-1
74,5,701.55,455.96,74.70,222.09,0.5747,-1,-1,-1
75,2,619.65,441.00,89.44,282.44,0.7706,-1,-1,-1
75,3,507.16,442.65,138.91,326.38,0.7340,-1,-1,-1
75,10,1259.72,428.32,40.94,116.73,0.5276,-1,-1,-1
75,5,702.31,455.03,75.83,221.78,0.6331,-1,-1,-1
76,2,621.73,441.36,87.22,282.10,0.7707,-1,-1,-1
76,3,512.40,445.35,132.22,321.82,0.7662,-1,-1,-1
76,10,1259.78,427.80,41.26,117.07,0.5214,-1,-1,-1
76,5,702.41,452.13,79.23,224.56,0.6648,-1,-1,-1
77,2,622.51,441.08,85.29,283.84,0.7672,-1,-1,-1
77,3,517.39,446.54,127.06,320.32,0.7640,-1,-1,-1
77,10,1259.85,427.60,41.28,117.17,0.5269,-1,-1,-1
77,5,701.73,448.37,82.84,228.24,0.6315,-1,-1,-1
78,2,626.61,441.40,81.61,281.90,0.7765,-1,-1,-1
78,3,517.08,445.68,126.84,321.61,0.7208,-1,-1,-1
78,10,1260.76,438.55,40.02,105.80,0.4771,-1,-1,-1
78,5,702.39,451.42,86.09,225.80,0.6612,-1,-1,-1
79,2,629.15,440.62,78.94,282.34,0.7682,-1,-1,-1
79,3,515.96,446.09,127.37,322.46,0.5530,-1,-1,-1
79,10,1260.90,438.85,40.44,105.50,0.4630,-1,-1,-1
79,5,703.84,455.66,90.91,221.41,0.6623,-1,-1,-1
80,2,630.25,439.70,79.28,283.80,0.7417,-1,-1,-1
80,3,511.58,445.77,133.45,324.74,0.5072,-1,-1,-1
80,10,1260.94,437.21,40.93,107.16,0.4882,-1,-1,-1
80,5,706.25,457.56,95.15,219.99,0.7268,-1,-1,-1
81,2,631.53,437.30,80.47,287.74,0.7148,-1,-1,-1
81,3,508.45,445.53,137.90,327.73,0.4913,-1,-1,-1
81,10,1260.95,435.35,41.16,108.98,0.4970,-1,-1,-1
81,5,707.64,458.32,98.53,220.19,0.7118,-1,-1,-1
82,2,632.54,438.58,79.74,288.28,0.6817,-1,-1,-1
82,3,540.87,446.86,105.69,331.08,0.5206,-1,-1,-1
82,10,1261.13,438.41,40.73,106.21,0.4997,-1,-1,-1
82,5,708.34,458.61,103.43,220.48,0.7308,-1,-1,-1
82,15,487.99,447.85,51.68,132.07,0.3794,-1,-1,-1
83,2,633.57,440.38,80.34,288.28,0.6486,-1,-1,-1
83,3,558.92,445.21,88.10,335.17,0.4476,-1,-1,-1
83,10,1261.63,435.25,41.30,109.61,0.4573,-1,-1,-1
83,5,710.43,458.30,104.88,222.12,0.7130,-1,-1,-1
83,15,489.39,448.17,50.09,128.03,0.3088,-1,-1,-1
83,16,501.79,450.89,100.46,302.59,0.5308,-1,-1,-1
84,2,633.18,441.87,85.24,288.35,0.5868,-1,-1,-1
84,3,565.48,443.08,83.48,338.69,0.5380,-1,-1,-1
84,10,1262.21,435.56,40.64,109.49,0.4272,-1,-1,-1
84,5,711.67,460.00,107.76,221.13,0.7030,-1,-1,-1
84,15,487.98,448.58,50.71,131.29,0.3266,-1,-1,-1
84,16,505.97,451.28,95.57,293.01,0.4679,-1,-1,-1
85,2,632.66,443.56,86.72,288.17,0.5718,-1,-1,-1
85,3,559.70,439.71,89.31,344.95,0.4763,-1,-1,-1
85,10,1262.98,439.02,39.84,105.84,0.3926,-1,-1,-1
85,5,716.59,458.78,104.46,223.57,0.7240,-1,-1,-1
85,15,487.17,448.15,52.62,133.38,0.3926,-1,-1,-1
85,16,509.88,451.81,93.29,299.04,0.4016,-1,-1,-1
86,2,632.60,444.09,91.47,288.51,0.5460,-1,-1,-1
86,3,555.02,440.45,91.17,343.86,0.3967,-1,-1,-1
86,10,1263.40,440.02,39.39,104.56,0.4202,-1,-1,-1
86,5,719.30,457.30,102.13,225.27,0.7347,-1,-1,-1
86,15,488.17,448.93,52.47,134.88,0.4017,-1,-1,-1
86,16,514.84,452.29,91.80,304.06,0.4530,-1,-1,-1
87,2,634.32,443.81,90.25,288.59,0.5313,-1,-1,-1
87,3,552.08,440.88,94.78,343.38,0.4052,-1,-1,-1
87,10,1262.86,434.40,39.52,109.75,0.4073,-1,-1,-1
87,5,720.37,456.40,101.69,225.40,0.7200,-1,-1,-1
87,15,488.18,450.56,51.08,134.13,0.3495,-1,-1,-1
87,16,515.24,452.53,93.42,307.60,0.4484,-1,-1,-1
88,2,635.99,446.12,93.08,286.61,0.5832,-1,-1,-1
88,3,555.12,441.07,93.86,342.73,0.4497,-1,-1,-1
88,10,1262.75,431.45,40.03,112.68,0.4241,-1,-1,-1
88,5,723.18,454.35,99.35,227.67,0.6866,-1,-1,-1
88,16,514.64,451.49,94.63,308.23,0.4865,-1,-1,-1
88,17,590.10,449.49,72.92,280.66,0.3928,-1,-1,-1
89,2,638.41,448.75,93.68,284.51,0.5885,-1,-1,-1
89,10,1262.58,431.16,40.59,113.29,0.4325,-1,-1,-1
89,5,724.59,452.11,99.00,230.15,0.7351,-1,-1,-1
89,16,511.49,450.64,95.77,307.26,0.5517,-1,-1,-1
89,17,588.73,450.15,74.03,280.22,0.4555,-1,-1,-1
90,2,641.67,446.62,90.65,286.20,0.6022,-1,-1,-1
90,10,1262.19,434.51,40.89,109.74,0.4305,-1,-1,-1
90,5,728.10,451.73,96.23,230.66,0.7264,-1,-1,-1
90,16,514.43,449.32,95.74,306.33,0.5638,-1,-1,-1
90,17,591.11,449.27,72.77,281.10,0.4333,-1,-1,-1
90,3,562.39,439.37,87.12,344.76,0.3949,-1,-1,-1
91,2,643.62,443.26,91.75,290.70,0.6819,-1,-1,-1
91,10,1261.68,436.94,39.08,108.48,0.3935,-1,-1,-1
91,5,731.61,453.40,93.22,229.04,0.6907,-1,-1,-1
91,16,513.40,449.18,97.24,301.06,0.6325,-1,-1,-1
91,17,584.66,447.06,79.90,284.33,0.5624,-1,-1,-1
91,3,576.88,444.15,83.53,304.72,0.5624,-1,-1,-1
91,12,1074.16,462.96,57.06,132.34,0.3915,-1,-1,-1
92,2,642.77,439.51,94.52,294.95,0.6772,-1,-1,-1
92,10,1260.68,436.60,39.65,109.02,0.4563,-1,-1,-1
92,5,732.84,453.99,93.15,228.17,0.6878,-1,-1,-1
92,16,512.05,448.22,98.52,302.00,0.6138,-1,-1,-1
92,17,582.88,445.68,82.02,286.23,0.4989,-1,-1,-1
92,3,581.97,445.25,82.20,290.80,0.4989,-1,-1,-1
92,12,1075.91,458.87,55.27,135.52,0.3438,-1,-1,-1
93,2,641.81,438.69,96.53,296.08,0.6733,-1,-1,-1
93,10,1260.35,436.06,39.80,109.59,0.4622,-1,-1,-1
93,5,735.28,456.54,91.95,225.25,0.7077,-1,-1,-1
93,16,511.96,447.86,99.02,302.65,0.6229,-1,-1,-1
93,17,583.54,445.54,81.40,286.45,0.4927,-1,-1,-1
93,3,584.89,445.90,80.47,285.82,0.4927,-1,-1,-1
93,12,1076.65,458.52,54.89,136.24,0.4073,-1,-1,-1
94,2,643.49,439.42,95.08,297.34,0.7238,-1,-1,-1
94,10,1260.26,436.89,39.98,108.88,0.4621,-1,-1,-1
94,5,737.90,454.88,91.30,226.85,0.7049,-1,-1,-1
94,16,515.33,448.40,95.42,302.72,0.5708,-1,-1,-1
94,17,588.42,446.04,75.94,287.42,0.4788,-1,-1,-1
94,3,572.64,438.17,82.69,337.10,0.4405,-1,-1,-1
94,12,1076.26,462.62,54.37,132.24,0.3346,-1,-1,-1
95,2,643.29,439.90,97.42,297.97,0.7415,-1,-1,-1
95,10,1258.71,435.88,41.67,110.19,0.5238,-1,-1,-1
95,5,740.10,452.99,90.15,229.70,0.6684,-1,-1,-1
95,16,513.28,448.23,96.84,302.31,0.5603,-1,-1,-1
95,17,587.50,446.28,77.17,283.72,0.4525,-1,-1,-1
95,3,563.44,435.04,87.59,356.12,0.4049,-1,-1,-1
96,2,642.65,440.88,98.30,297.44,0.7596,-1,-1,-1
96,10,1258.14,435.17,41.72,111.22,0.4770,-1,-1,-1
96,5,744.08,454.46,87.68,228.68,0.6826,-1,-1,-1
96,16,510.50,447.07,97.90,303.71,0.5010,-1,-1,-1
96,17,587.04,446.36,78.20,280.79,0.4053,-1,-1,-1
96,3,552.22,438.78,102.68,359.27,0.3822,-1,-1,-1
97,2,644.28,441.37,98.07,296.85,0.7517,-1,-1,-1
97,10,1257.99,433.48,41.38,112.65,0.4489,-1,-1,-1
97,5,747.15,455.75,87.61,229.18,0.6979,-1,-1,-1
97,16,509.26,446.56,98.96,303.66,0.5032,-1,-1,-1
97,17,586.10,446.29,78.72,281.01,0.3893,-1,-1,-1
97,3,536.82,444.05,119.86,349.96,0.3690,-1,-1,-1
98,2,646.00,442.29,98.76,296.17,0.7795,-1,-1,-1
98,10,1257.54,436.68,42.01,109.77,0.5483,-1,-1,-1
98,5,751.02,457.41,87.42,228.59,0.7152,-1,-1,-1
98,16,506.54,446.47,100.47,304.64,0.5053,-1,-1,-1
98,17,563.61,442.38,102.28,333.07,0.5226,-1,-1,-1
98,3,545.38,441.89,117.41,356.55,0.5226,-1,-1,-1
99,2,647.25,442.61,99.40,295.88,0.7605,-1,-1,-1
99,10,1257.78,439.37,41.10,107.14,0.5308,-1,-1,-1
99,5,751.55,456.65,89.06,229.68,0.7761,-1,-1,-1
99,16,502.26,444.69,104.96,305.10,0.5341,-1,-1,-1
99,17,562.14,442.74,104.03,349.89,0.5665,-1,-1,-1
99,3,556.25,442.90,109.04,357.21,0.5665,-1,-1,-1
100,2,648.30,442.12,100.99,296.90,0.6842,-1,-1,-1
100,10,1257.89,441.11,40.51,105.64,0.5531,-1,-1,-1
100,5,753.67,454.51,87.00,231.75,0.7637,-1,-1,-1
100,16,498.53,441.24,105.28,304.33,0.5655,-1,-1,-1
100,17,566.90,443.56,100.42,354.79,0.5903,-1,-1,-1
100,3,566.04,443.93,101.29,355.48,0.5903,-1,-1,-1
101,2,648.40,442.49,104.21,296.89,0.7113,-1,-1,-1
101,10,1257.80,441.73,39.75,105.00,0.5541,-1,-1,-1
101,5,755.11,455.58,85.39,232.15,0.7579,-1,-1,-1
101,16,496.55,442.26,108.54,305.28,0.5479,-1,-1,-1
101,17,561.93,442.34,106.93,360.39,0.6102,-1,-1,-1
101,3,562.42,442.70,106.75,358.78,0.6102,-1,-1,-1
102,2,650.09,441.89,103.34,294.44,0.7175,-1,-1,-1
102,10,1256.91,441.01,37.78,105.92,0.5566,-1,-1,-1
102,5,754.82,456.57,87.60,231.10,0.7436,-1,-1,-1
102,16,497.20,441.14,104.29,305.51,0.5781,-1,-1,-1
102,17,563.43,443.40,105.77,361.22,0.6215,-1,-1,-1
102,3,564.56,443.78,105.03,358.84,0.6215,-1,-1,-1
103,2,650.95,440.88,105.63,294.53,0.7067,-1,-1,-1
103,10,1257.88,442.74,37.28,104.01,0.4837,-1,-1,-1
103,5,754.51,457.06,87.58,228.73,0.7249,-1,-1,-1
103,16,498.21,443.25,101.29,302.59,0.5506,-1,-1,-1
103,17,564.69,443.86,106.48,361.31,0.5753,-1,-1,-1
103,3,565.95,444.21,105.64,358.83,0.5753,-1,-1,-1
104,2,653.57,440.53,105.54,295.63,0.7208,-1,-1,-1
104,10,1256.79,442.54,36.66,104.80,0.4853,-1,-1,-1
104,5,755.40,457.78,87.37,229.45,0.7326,-1,-1,-1
104,16,498.81,444.66,106.08,305.51,0.3815,-1,-1,-1
104,17,551.63,440.45,120.89,364.71,0.6642,-1,-1,-1
104,3,552.65,440.72,120.26,362.39,0.6642,-1,-1,-1
105,2,655.39,439.97,105.73,297.28,0.7537,-1,-1,-1
105,10,1256.70,442.85,36.63,104.58,0.4585,-1,-1,-1
105,5,758.61,459.31,85.62,231.74,0.7591,-1,-1,-1
105,17,540.46,437.63,133.27,366.22,0.7287,-1,-1,-1
105,3,541.44,437.85,132.68,364.09,0.7287,-1,-1,-1
106,2,656.89,441.24,105.94,295.38,0.7512,-1,-1,-1
106,10,1255.57,442.40,38.17,105.75,0.4396,-1,-1,-1
106,5,760.07,459.04,85.42,233.70,0.7376,-1,-1,-1
106,17,534.80,437.97,140.32,365.92,0.6723,-1,-1,-1
106,3,535.73,438.18,139.75,363.99,0.6723,-1,-1,-1
107,2,658.19,441.22,108.78,295.28,0.7628,-1,-1,-1
107,10,1255.83,444.75,34.20,101.87,0.3549,-1,-1,-1
107,5,761.84,459.56,85.11,235.26,0.7346,-1,-1,-1
107,17,532.90,438.32,144.64,364.91,0.6669,-1,-1,-1
107,3,533.78,438.52,144.10,363.18,0.6669,-1,-1,-1
108,2,659.94,439.29,107.10,296.31,0.7572,-1,-1,-1
108,5,761.22,455.87,87.32,242.03,0.7148,-1,-1,-1
108,17,535.88,437.15,143.98,367.86,0.6899,-1,-1,-1
108,3,536.71,437.32,143.45,366.35,0.6899,-1,-1,-1
109,2,660.82,438.54,108.36,298.22,0.7366,-1,-1,-1
109,5,762.06,455.27,87.66,243.52,0.6726,-1,-1,-1
109,17,538.26,436.98,145.04,369.07,0.6969,-1,-1,-1
109,3,539.01,437.13,144.57,367.72,0.6969,-1,-1,-1
110,2,662.16,437.91,105.47,301.04,0.7535,-1,-1,-1
110,5,761.22,456.74,88.96,242.56,0.7076,-1,-1,-1
110,17,539.34,437.67,146.05,368.99,0.6858,-1,-1,-1
110,3,540.02,437.81,145.62,367.79,0.6858,-1,-1,-1
111,2,662.87,437.86,106.64,305.17,0.7663,-1,-1,-1
111,5,761.01,455.83,88.89,243.17,0.7137,-1,-1,-1
111,17,539.50,439.97,148.95,368.26,0.6628,-1,-1,-1
111,3,540.12,440.10,148.57,367.19,0.6628,-1,-1,-1
111,16,503.10,446.81,92.58,300.46,0.3629,-1,-1,-1
111,10,1247.49,439.98,34.42,105.74,0.4360,-1,-1,-1
112,2,665.53,437.88,105.34,306.70,0.7776,-1,-1,-1
112,5,761.48,452.87,88.32,246.80,0.7237,-1,-1,-1
112,17,539.85,437.56,148.38,369.61,0.6823,-1,-1,-1
112,3,540.40,437.67,148.03,368.67,0.6823,-1,-1,-1
112,10,1244.80,439.51,36.58,106.62,0.4790,-1,-1,-1
113,2,666.89,437.85,105.93,311.93,0.7862,-1,-1,-1
113,5,763.37,451.68,87.11,247.81,0.7146,-1,-1,-1
113,17,546.01,436.06,141.89,371.21,0.6974,-1,-1,-1
113,3,546.52,436.15,141.55,370.38,0.6974,-1,-1,-1
113,10,1244.38,440.22,36.18,105.98,0.4763,-1,-1,-1
113,12,1075.94,441.60,56.95,155.49,0.3539,-1,-1,-1
114,2,668.68,438.89,103.56,314.73,0.7901,-1,-1,-1
114,5,764.64,453.21,87.54,245.70,0.7041,-1,-1,-1
114,17,539.84,434.58,149.07,372.47,0.6818,-1,-1,-1
114,3,540.26,434.66,148.80,371.74,0.6818,-1,-1,-1
114,10,1243.28,440.72,36.55,104.84,0.5745,-1,-1,-1
114,12,1077.43,440.74,56.16,155.74,0.3852,-1,-1,-1
115,2,670.00,438.90,101.56,314.39,0.7877,-1,-1,-1
115,5,766.54,454.40,88.61,244.52,0.6931,-1,-1,-1
115,17,556.71,435.56,132.70,371.62,0.6534,-1,-1,-1
115,3,557.12,435.63,132.43,370.97,0.6534,-1,-1,-1
115,10,1242.08,440.82,36.92,103.38,0.5538,-1,-1,-1
115,12,1080.49,439.75,54.88,155.69,0.3434,-1,-1,-1
116,2,672.37,438.89,98.23,312.43,0.7856,-1,-1,-1
116,5,767.52,451.96,88.80,247.36,0.6742,-1,-1,-1
116,17,559.01,435.30,130.45,372.95,0.6315,-1,-1,-1
116,3,559.34,435.36,130.23,372.38,0.6315,-1,-1,-1
116,10,1240.68,441.18,37.50,102.50,0.5978,-1,-1,-1
116,12,1082.49,441.33,53.23,154.06,0.4035,-1,-1,-1
117,2,672.79,439.90,98.45,311.98,0.7958,-1,-1,-1
117,5,770.23,452.18,86.83,246.68,0.6472,-1,-1,-1
117,17,549.71,434.48,139.36,373.68,0.6799,-1,-1,-1
117,3,549.99,434.54,139.19,373.17,0.6799,-1,-1,-1
117,10,1241.10,441.40,36.12,101.13,0.5700,-1,-1,-1
117,12,1082.68,442.49,52.73,151.99,0.4228,-1,-1,-1
118,2,674.66,440.14,94.94,313.74,0.7995,-1,-1,-1
118,5,770.01,454.34,83.44,244.89,0.6586,-1,-1,-1
118,17,542.85,435.13,145.92,377.51,0.6855,-1,-1,-1
118,3,543.10,435.18,145.76,377.06,0.6855,-1,-1,-1
118,10,1240.86,442.21,35.97,99.90,0.5425,-1,-1,-1
118,12,1082.51,440.79,53.56,154.45,0.4554,-1,-1,-1
119,2,675.27,440.62,94.50,317.93,0.8141,-1,-1,-1
119,5,769.20,452.48,88.78,245.57,0.7130,-1,-1,-1
119,17,528.40,439.35,161.97,379.63,0.7314,-1,-1,-1
119,3,528.62,439.40,161.84,379.23,0.7314,-1,-1,-1
119,10,1239.54,442.85,36.78,97.99,0.5295,-1,-1,-1
119,12,1083.03,443.09,53.17,151.65,0.4186,-1,-1,-1
120,2,677.24,441.33,94.31,319.50,0.8121,-1,-1,-1
120,5,770.19,451.95,92.06,246.92,0.7123,-1,-1,-1
120,17,523.81,442.50,167.80,379.19,0.7667,-1,-1,-1
120,3,524.03,442.54,167.66,378.84,0.7667,-1,-1,-1
120,10,1237.95,442.94,37.40,100.08,0.5369,-1,-1,-1
120,12,1082.71,444.26,52.85,150.56,0.3523,-1,-1,-1
121,2,678.58,441.27,93.81,320.71,0.8158,-1,-1,-1
121,5,769.01,453.45,98.16,245.85,0.6844,-1,-1,-1
121,17,520.87,444.55,173.34,379.15,0.7727,-1,-1,-1
121,3,521.07,444.59,173.21,378.84,0.7727,-1,-1,-1
121,10,1238.45,443.17,35.12,101.03,0.4969,-1,-1,-1
121,12,1082.91,445.38,52.67,149.78,0.3521,-1,-1,-1
122,2,680.54,440.41,95.29,320.81,0.8005,-1,-1,-1
122,5,773.71,452.70,102.71,248.14,0.5888,-1,-1,-1
122,17,521.77,445.87,175.13,380.72,0.8126,-1,-1,-1
122,3,521.95,445.91,175.01,380.45,0.8126,-1,-1,-1
122,10,1236.87,445.43,34.39,99.93,0.4600,-1,-1,-1
122,12,1083.88,449.02,51.59,145.96,0.3729,-1,-1,-1
123,2,683.05,439.51,93.88,322.82,0.8127,-1,-1,-1
123,5,773.97,456.65,107.94,244.99,0.7214,-1,-1,-1
123,17,524.40,443.72,175.11,386.32,0.8011,-1,-1,-1
123,3,524.56,443.74,175.01,386.08,0.8011,-1,-1,-1
123,10,1236.03,450.51,35.02,96.23,0.5370,-1,-1,-1
123,12,1084.52,448.57,50.73,146.28,0.3633,-1,-1,-1
124,2,684.76,438.55,92.95,325.19,0.8052,-1,-1,-1
124,5,774.77,456.98,109.94,245.44,0.7236,-1,-1,-1
124,17,526.35,442.66,175.09,391.66,0.6886,-1,-1,-1
124,3,526.49,442.68,175.00,391.44,0.6886,-1,-1,-1
124,10,1235.38,453.77,35.48,93.43,0.5575,-1,-1,-1
124,12,1085.78,449.09,49.46,144.96,0.3517,-1,-1,-1
125,2,685.28,437.76,92.36,327.09,0.8170,-1,-1,-1
125,5,778.60,459.54,108.77,244.08,0.7425,-1,-1,-1
125,17,526.36,442.23,177.08,392.11,0.7679,-1,-1,-1
125,3,526.49,442.25,177.00,391.91,0.7679,-1,-1,-1
125,10,1233.52,454.63,36.25,93.93,0.5476,-1,-1,-1
125,12,1083.51,453.80,49.97,140.15,0.3690,-1,-1,-1
126,2,685.55,437.72,94.23,327.43,0.8111,-1,-1,-1
126,5,780.26,457.77,105.73,246.35,0.7283,-1,-1,-1
126,17,544.43,442.16,156.59,391.68,0.6427,-1,-1,-1
126,3,544.55,442.18,156.51,391.51,0.6427,-1,-1,-1
126,10,1230.41,453.39,38.28,95.97,0.5451,-1,-1,-1
126,12,1082.43,456.66,49.00,137.48,0.3077,-1,-1,-1
127,2,684.81,437.98,96.66,328.23,0.8122,-1,-1,-1
127,5,782.17,456.95,102.85,248.17,0.7184,-1,-1,-1
127,17,548.59,440.86,152.68,392.70,0.6712,-1,-1,-1
127,3,548.69,440.88,152.62,392.55,0.6712,-1,-1,-1
127,10,1227.43,452.45,40.80,97.84,0.5224,-1,-1,-1
127,12,1081.16,458.31,49.83,136.11,0.3094,-1,-1,-1
128,2,684.80,437.71,101.08,329.04,0.8132,-1,-1,-1
128,5,783.31,461.50,100.91,243.28,0.6859,-1,-1,-1
128,17,556.49,440.71,147.87,392.39,0.6724,-1,-1,-1
128,3,556.57,440.72,147.82,392.26,0.6724,-1,-1,-1
128,10,1225.31,454.28,42.44,98.18,0.5057,-1,-1,-1
128,12,1079.72,459.22,52.42,135.50,0.3466,-1,-1,-1
129,2,683.51,437.71,103.43,328.83,0.8330,-1,-1,-1
129,5,785.40,459.98,101.69,244.21,0.6779,-1,-1,-1
129,17,557.82,441.47,149.63,391.35,0.6805,-1,-1,-1
129,3,557.89,441.48,149.58,391.23,0.6805,-1,-1,-1
129,10,1223.18,461.77,44.11,92.44,0.4227,-1,-1,-1
129,12,1082.70,458.53,51.45,136.89,0.3199,-1,-1,-1
130,2,682.38,437.50,105.15,328.99,0.8316,-1,-1,-1
130,5,787.00,459.41,101.10,244.97,0.7440,-1,-1,-1
130,17,551.72,442.00,157.99,390.37,0.6636,-1,-1,-1
130,3,551.78,442.02,157.96,390.27,0.6636,-1,-1,-1
130,10,1222.76,456.54,43.32,97.93,0.4339,-1,-1,-1
130,12,1081.22,460.67,52.39,134.56,0.3688,-1,-1,-1
131,2,682.15,437.04,104.88,330.40,0.8232,-1,-1,-1
131,5,789.88,459.02,100.58,246.75,0.7645,-1,-1,-1
131,17,566.32,440.69,144.97,391.28,0.5518,-1,-1,-1
131,3,566.38,440.70,144.93,391.19,0.5518,-1,-1,-1
131,10,1222.49,462.38,44.57,92.78,0.3965,-1,-1,-1
131,12,1084.24,458.73,51.30,136.65,0.3087,-1,-1,-1
132,2,683.64,436.16,102.98,331.47,0.8128,-1,-1,-1
132,5,792.16,457.21,100.61,248.92,0.7881,-1,-1,-1
132,17,570.71,440.33,144.76,390.46,0.5691,-1,-1,-1
132,3,570.76,440.34,144.73,390.38,0.5691,-1,-1,-1
133,2,684.19,435.71,102.34,331.84,0.8013,-1,-1,-1
133,5,793.42,457.92,99.82,248.65,0.7892,-1,-1,-1
133,17,584.12,438.82,132.90,391.53,0.6250,-1,-1,-1
133,3,584.16,438.83,132.88,391.46,0.6250,-1,-1,-1
133,15,491.09,461.07,41.29,109.39,0.3529,-1,-1,-1
134,2,685.20,434.52,102.98,333.02,0.7910,-1,-1,-1
134,5,794.99,454.86,101.03,251.12,0.7736,-1,-1,-1
134,17,584.06,439.54,135.32,390.78,0.6255,-1,-1,-1
134,3,584.09,439.55,135.30,390.72,0.6255,-1,-1,-1
134,15,491.06,457.58,41.72,112.70,0.3043,-1,-1,-1
135,2,685.39,433.07,104.24,333.26,0.7843,-1,-1,-1
135,5,793.44,451.86,103.33,254.69,0.7168,-1,-1,-1
135,17,580.69,439.92,140.41,391.45,0.6393,-1,-1,-1
135,3,580.72,439.93,140.40,391.39,0.6393,-1,-1,-1
135,15,489.27,460.29,42.08,109.80,0.3708,-1,-1,-1
136,2,685.71,433.05,104.95,332.48,0.7737,-1,-1,-1
136,5,794.49,450.96,101.23,256.20,0.7077,-1,-1,-1
136,17,575.93,439.46,146.16,395.68,0.6528,-1,-1,-1
136,3,575.95,439.47,146.14,395.63,0.6528,-1,-1,-1
136,15,489.83,457.71,41.02,112.60,0.3794,-1,-1,-1
137,2,691.84,433.60,103.02,329.97,0.7811,-1,-1,-1
137,5,796.81,452.42,98.40,255.64,0.7603,-1,-1,-1
137,17,586.16,437.40,135.65,408.54,0.6709,-1,-1,-1
137,3,586.19,437.40,135.64,408.50,0.6709,-1,-1,-1
137,15,490.29,459.77,40.20,110.08,0.3790,-1,-1,-1
138,2,691.31,433.91,106.16,330.63,0.7635,-1,-1,-1
138,5,801.30,451.24,95.05,258.69,0.7547,-1,-1,-1
138,17,588.38,437.00,134.37,417.81,0.6513,-1,-1,-1
138,3,588.40,437.01,134.35,417.77,0.6513,-1,-1,-1
138,15,490.23,459.90,40.29,109.85,0.3529,-1,-1,-1
139,2,693.45,433.50,106.87,332.00,0.7559,-1,-1,-1
139,5,806.21,450.01,92.42,261.31,0.7274,-1,-1,-1
139,17,575.56,438.51,148.05,417.82,0.6137,-1,-1,-1
139,3,575.58,438.51,148.04,417.79,0.6137,-1,-1,-1
139,15,491.89,459.71,39.31,110.76,0.4722,-1,-1,-1
140,2,692.99,433.94,111.22,331.80,0.7591,-1,-1,-1
140,5,811.58,451.60,82.80,262.88,0.6998,-1,-1,-1
140,17,569.61,438.37,154.86,417.78,0.5623,-1,-1,-1
140,3,569.63,438.37,154.85,417.75,0.5623,-1,-1,-1
140,15,492.12,460.18,38.73,111.29,0.4326,-1,-1,-1
140,10,1216.72,450.37,34.74,102.91,0.3421,-1,-1,-1
141,2,692.57,433.12,114.69,334.06,0.7577,-1,-1,-1
141,5,815.37,451.61,82.41,262.40,0.6512,-1,-1,-1
141,17,563.32,438.41,160.74,419.08,0.5606,-1,-1,-1
141,3,563.33,438.42,160.73,419.05,0.5606,-1,-1,-1
141,15,491.73,459.53,39.56,112.05,0.3638,-1,-1,-1
141,10,1214.00,448.69,36.56,104.83,0.4119,-1,-1,-1
142,2,693.08,433.36,122.51,332.49,0.7616,-1,-1,-1
142,5,816.53,448.30,86.09,267.78,0.6414,-1,-1,-1
142,17,557.45,438.68,166.43,415.50,0.5180,-1,-1,-1
142,3,557.46,438.68,166.42,415.47,0.5180,-1,-1,-1
142,15,491.08,460.60,39.29,111.06,0.3086,-1,-1,-1
142,10,1211.55,447.98,36.97,104.95,0.4061,-1,-1,-1
143,2,694.49,435.34,127.46,330.77,0.7710,-1,-1,-1
143,5,818.12,447.61,85.68,268.04,0.6270,-1,-1,-1
143,17,571.74,435.58,150.81,427.25,0.5332,-1,-1,-1
143,3,571.75,435.59,150.80,427.23,0.5332,-1,-1,-1
143,10,1210.18,445.71,36.39,106.96,0.3845,-1,-1,-1
144,2,694.00,436.27,135.29,331.49,0.7510,-1,-1,-1
144,5,820.61,448.37,84.81,265.61,0.5452,-1,-1,-1
144,17,550.03,436.99,173.55,433.39,0.5171,-1,-1,-1
144,3,550.03,436.99,173.54,433.37,0.5171,-1,-1,-1
144,10,1208.01,444.09,35.29,109.32,0.3253,-1,-1,-1
145,2,694.00,437.87,141.24,330.71,0.7513,-1,-1,-1
145,5,823.44,453.26,82.80,258.83,0.5677,-1,-1,-1
145,17,543.35,437.09,180.05,439.53,0.6334,-1,-1,-1
145,3,543.36,437.09,180.04,439.52,0.6334,-1,-1,-1
145,10,1206.76,443.17,34.34,110.24,0.3655,-1,-1,-1
145,15,478.60,469.50,47.25,104.52,0.3477,-1,-1,-1
146,2,696.26,438.26,142.28,331.16,0.7431,-1,-1,-1
146,5,826.05,454.29,81.77,256.52,0.6558,-1,-1,-1
146,17,540.63,438.40,182.28,444.19,0.7284,-1,-1,-1
146,3,540.64,438.40,182.27,444.18,0.7284,-1,-1,-1
146,10,1206.54,443.34,33.49,108.17,0.4387,-1,-1,-1
146,19,877.74,434.04,79.62,247.41,0.3561,-1,-1,-1
146,15,476.67,472.28,47.66,101.70,0.3689,-1,-1,-1
147,2,699.76,437.91,139.77,333.62,0.7977,-1,-1,-1
147,5,827.69,456.86,81.47,253.46,0.6122,-1,-1,-1
147,17,540.13,439.90,181.67,448.05,0.7202,-1,-1,-1
147,3,540.14,439.90,181.67,448.03,0.7202,-1,-1,-1
147,10,1203.93,446.32,34.96,103.31,0.4763,-1,-1,-1
147,19,879.08,432.76,80.75,248.37,0.4330,-1,-1,-1
147,15,475.18,470.06,47.92,103.32,0.3376,-1,-1,-1
147,12,1081.54,460.06,49.55,134.82,0.3537,-1,-1,-1
148,2,701.93,437.68,137.94,333.54,0.7745,-1,-1,-1
148,5,828.46,456.90,83.26,254.10,0.6529,-1,-1,-1
148,17,539.19,440.53,182.45,451.70,0.7250,-1,-1,-1
148,3,539.20,440.53,182.44,451.69,0.7250,-1,-1,-1
148,10,1203.05,446.37,35.09,104.43,0.4494,-1,-1,-1
148,19,881.95,432.05,80.87,247.54,0.3688,-1,-1,-1
148,15,474.66,470.83,47.37,102.77,0.3711,-1,-1,-1
148,12,1082.00,458.38,49.56,136.29,0.3641,-1,-1,-1
149,2,705.70,437.53,134.47,336.11,0.8076,-1,-1,-1
149,5,830.35,456.43,83.48,253.42,0.6592,-1,-1,-1
149,17,541.73,439.31,176.42,455.25,0.7300,-1,-1,-1
149,3,541.74,439.31,176.41,455.24,0.7300,-1,-1,-1
149,10,1200.38,447.59,37.62,102.06,0.4544,-1,-1,-1
149,19,884.91,437.98,84.62,241.49,0.5621,-1,-1,-1
149,12,1080.05,459.31,49.24,135.72,0.3019,-1,-1,-1
150,2,709.25,436.52,130.57,338.18,0.8111,-1,-1,-1
150,5,831.65,452.83,84.89,257.12,0.6493,-1,-1,-1
150,17,543.97,437.54,174.45,458.40,0.7687,-1,-1,-1
150,3,543.97,437.54,174.45,458.39,0.7687,-1,-1,-1
150,10,1197.50,449.56,40.20,99.38,0.4428,-1,-1,-1
150,19,888.50,440.04,80.55,239.04,0.6119,-1,-1,-1
150,12,1079.77,458.87,49.64,135.57,0.3430,-1,-1,-1
151,2,713.08,436.55,128.30,339.73,0.8002,-1,-1,-1
151,5,831.15,449.88,88.05,261.63,0.6707,-1,-1,-1
151,17,543.56,438.19,172.02,458.03,0.7590,-1,-1,-1
151,3,543.56,438.19,172.02,458.02,0.7590,-1,-1,-1
151,10,1196.75,450.74,40.29,98.50,0.4640,-1,-1,-1
151,19,890.47,439.04,83.18,238.93,0.6624,-1,-1,-1
151,12,1079.63,456.92,50.75,137.11,0.3187,-1,-1,-1
151,15,470.93,472.35,44.14,101.04,0.3665,-1,-1,-1
152,2,714.85,436.14,121.41,339.78,0.8057,-1,-1,-1
152,5,830.91,446.23,89.07,270.12,0.7109,-1,-1,-1
152,17,543.69,438.28,174.59,458.93,0.7521,-1,-1,-1
152,3,543.69,438.29,174.59,458.92,0.7521,-1,-1,-1
152,10,1195.45,451.02,40.84,98.27,0.4823,-1,-1,-1
152,19,891.21,438.48,81.99,240.19,0.4470,-1,-1,-1
153,2,715.50,435.40,122.84,341.34,0.8437,-1,-1,-1
153,5,831.36,445.45,89.18,271.38,0.7250,-1,-1,-1
153,17,539.78,437.72,167.90,458.26,0.7399,-1,-1,-1
153,3,539.78,437.72,167.89,458.26,0.7399,-1,-1,-1
153,10,1194.11,451.37,39.98,96.83,0.4860,-1,-1,-1
154,2,717.30,435.46,122.54,341.11,0.8570,-1,-1,-1
154,5,832.48,448.61,87.43,274.34,0.6952,-1,-1,-1
154,17,537.59,433.70,164.90,461.91,0.7487,-1,-1,-1
154,3,537.59,433.70,164.90,461.90,0.7487,-1,-1,-1
154,10,1193.46,451.53,38.65,96.16,0.5306,-1,-1,-1
154,19,894.55,436.85,75.81,240.60,0.5452,-1,-1,-1
155,2,719.27,436.21,123.16,340.68,0.8589,-1,-1,-1
155,5,833.48,448.24,87.10,278.10,0.6800,-1,-1,-1
155,17,533.04,433.53,167.87,462.91,0.7408,-1,-1,-1
155,3,533.05,433.53,167.87,462.91,0.7408,-1,-1,-1
155,10,1192.41,452.02,38.17,96.14,0.5442,-1,-1,-1
155,19,896.99,436.47,74.44,243.62,0.6245,-1,-1,-1
156,2,721.86,434.41,121.68,341.94,0.8375,-1,-1,-1
156,5,834.34,445.70,88.44,282.45,0.6888,-1,-1,-1
156,17,531.47,434.11,165.83,462.48,0.7565,-1,-1,-1
156,3,531.47,434.11,165.83,462.47,0.7565,-1,-1,-1
156,10,1191.44,450.25,37.12,96.99,0.5345,-1,-1,-1
156,19,899.36,436.79,71.32,247.34,0.5884,-1,-1,-1
157,2,723.07,433.68,125.36,342.21,0.8119,-1,-1,-1
157,5,837.34,444.78,87.94,282.77,0.6966,-1,-1,-1
157,17,529.51,434.48,166.09,462.83,0.7262,-1,-1,-1
157,3,529.51,434.48,166.09,462.82,0.7262,-1,-1,-1
157,10,1190.81,452.45,34.79,94.98,0.4863,-1,-1,-1
157,19,902.59,437.15,70.98,249.93,0.4402,-1,-1,-1
157,21,660.62,439.39,85.49,340.79,0.4330,-1,-1,-1
158,2,725.89,433.22,128.42,341.61,0.7639,-1,-1,-1
158,5,841.14,444.64,90.13,284.21,0.7172,-1,-1,-1
158,17,529.84,432.51,168.01,464.88,0.7493,-1,-1,-1
158,3,529.84,432.51,168.01,464.88,0.7493,-1,-1,-1
158,10,1191.12,456.80,31.56,90.50,0.3830,-1,-1,-1
158,19,905.80,438.51,70.01,178.99,0.4432,-1,-1,-1
158,21,664.17,438.43,82.35,343.20,0.5348,-1,-1,-1
159,2,730.82,434.70,128.88,339.58,0.7616,-1,-1,-1
159,5,843.83,444.81,87.63,285.51,0.7386,-1,-1,-1
159,17,524.51,431.66,174.42,465.00,0.7793,-1,-1,-1
159,3,524.51,431.66,174.42,464.99,0.7793,-1,-1,-1
159,19,902.39,441.27,83.61,226.44,0.4186,-1,-1,-1
159,21,667.16,437.48,82.47,345.08,0.5175,-1,-1,-1
160,2,736.77,431.87,122.07,343.02,0.7586,-1,-1,-1
160,5,845.62,446.61,86.09,282.90,0.7412,-1,-1,-1
160,17,525.85,432.14,171.72,462.98,0.7845,-1,-1,-1
160,3,525.85,432.14,171.72,462.98,0.7845,-1,-1,-1
160,19,909.98,440.05,74.86,173.94,0.3850,-1,-1,-1
160,21,668.86,437.56,81.75,345.83,0.5323,-1,-1,-1
161,2,740.72,430.39,118.88,344.90,0.7789,-1,-1,-1
161,5,847.44,447.45,86.65,281.89,0.7504,-1,-1,-1
161,17,526.80,433.84,170.71,459.50,0.7809,-1,-1,-1
161,3,526.81,433.84,170.71,459.50,0.7809,-1,-1,-1
161,19,916.11,440.11,71.06,150.30,0.3998,-1,-1,-1
161,21,668.99,439.43,82.76,347.23,0.6254,-1,-1,-1
162,2,743.96,429.72,116.85,347.71,0.7776,-1,-1,-1
162,5,848.92,448.66,88.39,282.12,0.7439,-1,-1,-1
162,17,525.70,433.17,176.42,460.07,0.7730,-1,-1,-1
162,3,525.70,433.17,176.42,460.07,0.7730,-1,-1,-1
162,19,917.89,441.25,77.00,141.87,0.3191,-1,-1,-1
162,21,669.94,440.44,82.33,349.94,0.6212,-1,-1,-1
163,2,746.23,431.00,115.96,347.71,0.7898,-1,-1,-1
163,5,851.32,449.45,91.26,282.19,0.7398,-1,-1,-1
163,17,526.99,432.74,178.77,461.79,0.8000,-1,-1,-1
163,3,526.99,432.74,178.77,461.78,0.8000,-1,-1,-1
163,19,921.17,440.08,79.65,223.37,0.5743,-1,-1,-1
163,21,670.99,440.63,81.34,358.03,0.5953,-1,-1,-1
163,10,1188.78,444.99,30.46,101.10,0.4380,-1,-1,-1
164,2,748.87,431.47,115.88,350.32,0.7863,-1,-1,-1
164,5,852.69,449.82,98.15,283.19,0.7082,-1,-1,-1
164,17,527.09,431.72,183.20,465.54,0.7893,-1,-1,-1
164,3,527.09,431.72,183.20,465.54,0.7893,-1,-1,-1
164,19,922.75,439.98,82.12,245.40,0.5585,-1,-1,-1
164,21,671.72,439.47,83.32,362.09,0.5994,-1,-1,-1
164,23,1137.96,438.00,45.99,108.18,0.3956,-1,-1,-1
164,10,1187.31,443.45,31.33,101.93,0.5076,-1,-1,-1
165,2,749.87,430.78,116.08,352.32,0.7890,-1,-1,-1
165,5,854.95,450.59,107.67,282.70,0.6618,-1,-1,-1
165,17,528.07,431.29,187.22,468.27,0.8058,-1,-1,-1
165,3,528.07,431.29,187.22,468.27,0.8058,-1,-1,-1
165,19,922.34,439.11,85.40,258.28,0.5199,-1,-1,-1
165,21,672.58,440.83,87.84,352.57,0.6938,-1,-1,-1
165,10,1186.69,451.48,30.92,93.94,0.3331,-1,-1,-1
166,2,751.25,430.68,116.05,355.57,0.7907,-1,-1,-1
166,5,856.60,452.90,108.79,283.92,0.6401,-1,-1,-1
166,17,528.38,431.41,190.27,470.54,0.7933,-1,-1,-1
166,3,528.38,431.41,190.27,470.54,0.7933,-1,-1,-1
166,19,926.20,436.66,82.48,260.45,0.5080,-1,-1,-1
166,21,673.37,441.68,90.76,351.55,0.7234,-1,-1,-1
167,2,751.55,431.05,116.21,356.42,0.7969,-1,-1,-1
167,5,859.40,451.09,120.69,283.65,0.7056,-1,-1,-1
167,17,529.69,432.22,194.50,471.35,0.8014,-1,-1,-1
167,3,529.69,432.22,194.50,471.35,0.8014,-1,-1,-1
167,19,930.91,436.26,78.32,256.82,0.5912,-1,-1,-1
167,21,674.22,441.92,91.24,351.79,0.7099,-1,-1,-1
168,2,752.78,432.11,116.19,356.93,0.7932,-1,-1,-1
168,5,861.80,448.19,126.58,285.94,0.7510,-1,-1,-1
168,17,530.93,433.66,205.73,469.23,0.8078,-1,-1,-1
168,3,530.93,433.66,205.73,469.22,0.8078,-1,-1,-1
168,19,936.42,434.96,74.54,251.83,0.5948,-1,-1,-1
168,21,674.60,442.38,91.15,353.55,0.7277,-1,-1,-1
168,23,1145.24,440.97,46.00,104.01,0.3476,-1,-1,-1
169,2,753.59,433.84,115.25,356.18,0.8000,-1,-1,-1
169,5,864.13,447.04,124.01,288.24,0.7799,-1,-1,-1
169,17,531.65,430.31,218.31,471.23,0.8083,-1,-1,-1
169,3,531.65,430.31,218.31,471.23,0.8083,-1,-1,-1
169,19,941.43,434.36,70.47,245.87,0.5912,-1,-1,-1
169,21,675.74,442.60,90.65,354.79,0.7358,-1,-1,-1
169,23,1146.98,440.98,44.77,103.93,0.3556,-1,-1,-1
170,2,755.82,434.79,114.46,356.07,0.7811,-1,-1,-1
170,5,868.06,446.43,120.80,289.94,0.7989,-1,-1,-1
170,17,531.94,429.65,229.73,471.37,0.8298,-1,-1,-1
170,3,531.94,429.65,229.73,471.37,0.8298,-1,-1,-1
170,19,943.98,434.09,69.90,240.77,0.6175,-1,-1,-1
170,21,677.49,442.46,88.89,356.07,0.7286,-1,-1,-1
170,23,1147.63,442.23,44.57,102.86,0.4360,-1,-1,-1
171,2,757.60,435.37,113.05,350.87,0.7892,-1,-1,-1
171,5,870.57,446.53,118.61,291.26,0.7921,-1,-1,-1
171,17,533.76,429.99,237.80,471.15,0.8573,-1,-1,-1
171,3,533.76,429.99,237.80,471.14,0.8573,-1,-1,-1
171,19,946.41,435.26,71.05,246.97,0.6676,-1,-1,-1
171,21,678.13,442.36,89.68,359.61,0.7302,-1,-1,-1
171,23,1146.97,444.26,45.96,100.97,0.4408,-1,-1,-1
172,2,759.97,436.20,115.61,347.62,0.8124,-1,-1,-1
172,5,871.19,447.04,118.44,291.42,0.7950,-1,-1,-1
172,17,535.74,432.35,240.54,470.56,0.8474,-1,-1,-1
172,3,535.74,432.35,240.54,470.56,0.8474,-1,-1,-1
172,19,950.24,435.29,73.30,251.76,0.6843,-1,-1,-1
172,21,679.85,444.26,86.46,358.12,0.7012,-1,-1,-1
172,23,1147.31,445.53,44.03,100.33,0.4061,-1,-1,-1
173,2,761.80,437.15,117.08,345.50,0.8189,-1,-1,-1
173,5,872.90,445.57,117.77,293.34,0.7875,-1,-1,-1
173,17,537.62,432.42,236.51,470.21,0.8566,-1,-1,-1
173,3,537.62,432.42,236.51,470.21,0.8566,-1,-1,-1
173,19,952.14,434.68,75.35,258.00,0.6617,-1,-1,-1
173,21,681.22,446.08,88.32,352.63,0.6243,-1,-1,-1
173,23,1147.61,446.44,41.76,99.95,0.3463,-1,-1,-1
173,12,1085.97,455.04,44.69,140.30,0.3408,-1,-1,-1
174,2,762.59,438.77,119.75,347.70,0.8229,-1,-1,-1
174,5,874.77,444.98,118.41,294.00,0.7877,-1,-1,-1
174,17,541.55,432.63,233.18,471.66,0.8522,-1,-1,-1
174,3,541.55,432.63,233.18,471.66,0.8522,-1,-1,-1
174,19,954.28,435.27,74.92,260.37,0.6314,-1,-1,-1
174,21,685.56,449.56,85.45,349.71,0.4762,-1,-1,-1
174,12,1085.06,455.35,46.04,140.27,0.4159,-1,-1,-1
175,2,766.36,439.67,117.98,349.69,0.8431,-1,-1,-1
175,5,876.41,444.30,117.44,294.58,0.7924,-1,-1,-1
175,17,548.39,433.49,227.84,471.62,0.8355,-1,-1,-1
175,3,548.39,433.49,227.84,471.62,0.8355,-1,-1,-1
175,19,957.24,435.20,75.76,262.17,0.6015,-1,-1,-1
175,12,1084.91,455.99,45.79,139.78,0.3233,-1,-1,-1
175,10,1151.80,453.07,54.37,94.45,0.4235,-1,-1,-1
176,2,768.03,441.18,116.16,354.28,0.8305,-1,-1,-1
176,5,877.95,443.87,115.72,294.73,0.7982,-1,-1,-1
176,17,556.54,433.14,219.43,474.17,0.7970,-1,-1,-1
176,3,556.54,433.14,219.43,474.17,0.7970,-1,-1,-1
176,19,960.23,434.73,79.69,261.44,0.5878,-1,-1,-1
176,12,1082.56,455.63,47.88,139.84,0.3482,-1,-1,-1
176,10,1151.79,455.19,54.07,91.36,0.4386,-1,-1,-1
177,2,768.44,441.30,117.58,355.31,0.8226,-1,-1,-1
177,5,880.28,445.46,115.17,293.10,0.7898,-1,-1,-1
177,17,558.67,435.67,216.34,473.12,0.7983,-1,-1,-1
177,3,558.67,435.67,216.34,473.12,0.7983,-1,-1,-1
177,19,962.48,434.42,83.22,262.65,0.5194,-1,-1,-1
177,10,1153.29,451.60,52.29,96.32,0.3979,-1,-1,-1
178,2,772.44,440.88,113.47,356.13,0.8094,-1,-1,-1
178,5,885.76,446.90,110.84,290.89,0.7655,-1,-1,-1
178,17,561.42,434.22,214.37,474.57,0.8391,-1,-1,-1
178,3,561.42,434.22,214.37,474.57,0.8391,-1,-1,-1
178,19,963.53,433.30,90.06,265.93,0.4594,-1,-1,-1
178,10,1153.29,448.19,48.42,98.85,0.4755,-1,-1,-1
179,2,774.53,439.83,113.48,355.70,0.7901,-1,-1,-1
179,5,890.36,446.01,106.90,291.95,0.7735,-1,-1,-1
179,17,568.90,433.13,207.56,476.98,0.8621,-1,-1,-1
179,3,568.90,433.13,207.56,476.98,0.8621,-1,-1,-1
179,19,964.83,434.28,93.55,265.66,0.5234,-1,-1,-1
179,10,1155.23,450.30,46.28,97.23,0.4629,-1,-1,-1
180,2,777.09,438.63,116.93,357.30,0.7650,-1,-1,-1
180,5,895.48,445.31,101.48,292.88,0.7767,-1,-1,-1
180,17,575.84,431.10,200.95,478.98,0.8399,-1,-1,-1
180,3,575.84,431.10,200.95,478.98,0.8399,-1,-1,-1
180,19,968.67,434.20,101.65,263.91,0.4870,-1,-1,-1
180,10,1156.18,449.90,42.44,98.02,0.4492,-1,-1,-1
180,24,465.26,464.11,38.81,111.70,0.4749,-1,-1,-1
181,2,778.92,437.04,116.21,358.31,0.7561,-1,-1,-1
181,5,901.48,444.00,97.33,295.11,0.7277,-1,-1,-1
181,17,581.54,426.25,197.06,484.63,0.8644,-1,-1,-1
181,3,581.54,426.25,197.06,484.63,0.8644,-1,-1,-1
181,19,971.39,436.05,94.88,264.48,0.6198,-1,-1,-1
181,10,1155.58,446.33,41.46,100.55,0.4803,-1,-1,-1
181,24,466.56,467.03,37.33,107.68,0.3690,-1,-1,-1
181,25,571.38,449.12,58.86,110.73,0.4078,-1,-1,-1
181,12,1078.81,445.83,51.65,151.06,0.3510,-1,-1,-1
182,2,781.02,435.82,116.35,362.61,0.7532,-1,-1,-1
182,5,910.19,445.20,91.33,296.38,0.7129,-1,-1,-1
182,17,583.95,424.51,197.62,486.29,0.8652,-1,-1,-1
182,3,583.95,424.51,197.62,486.29,0.8652,-1,-1,-1
182,19,976.22,435.27,91.04,268.23,0.6127,-1,-1,-1
182,10,1156.27,446.26,39.12,100.50,0.5445,-1,-1,-1
182,24,467.10,470.92,37.30,103.54,0.4223,-1,-1,-1
182,25,571.09,445.21,59.08,119.59,0.4493,-1,-1,-1
182,12,1080.62,444.74,50.48,152.58,0.3731,-1,-1,-1
183,2,783.19,434.82,117.55,366.17,0.7695,-1,-1,-1
183,5,916.08,443.63,89.94,297.85,0.7464,-1,-1,-1
183,17,587.28,424.39,195.41,486.54,0.8583,-1,-1,-1
183,3,587.28,424.39,195.41,486.54,0.8583,-1,-1,-1
183,19,980.00,436.42,88.23,263.94,0.6250,-1,-1,-1
183,10,1157.20,448.09,36.84,98.65,0.5412,-1,-1,-1
183,24,466.77,472.47,38.50,102.66,0.3812,-1,-1,-1
183,25,570.57,446.92,60.11,129.69,0.4805,-1,-1,-1
183,12,1081.96,444.55,49.33,152.70,0.3261,-1,-1,-1
184,2,784.41,434.03,118.35,367.80,0.7831,-1,-1,-1
184,5,922.91,441.94,87.11,299.31,0.7691,-1,-1,-1
184,17,591.17,425.18,192.49,485.39,0.8523,-1,-1,-1
184,3,591.17,425.18,192.49,485.39,0.8523,-1,-1,-1
184,19,983.02,439.24,86.52,251.64,0.6329,-1,-1,-1
184,10,1155.32,449.97,39.30,98.28,0.6063,-1,-1,-1
184,24,466.36,472.84,38.75,102.21,0.4030,-1,-1,-1
184,25,571.23,444.37,59.78,145.45,0.4364,-1,-1,-1
184,12,1082.38,442.57,50.07,154.41,0.3380,-1,-1,-1
185,2,786.12,434.32,118.36,369.03,0.7817,-1,-1,-1
185,5,926.29,441.53,86.01,302.15,0.7594,-1,-1,-1
185,17,597.86,426.86,187.30,483.53,0.8412,-1,-1,-1
185,3,597.86,426.86,187.30,483.53,0.8412,-1,-1,-1
185,19,986.13,440.56,85.39,252.84,0.6336,-1,-1,-1
185,10,1155.20,451.18,39.65,96.11,0.5556,-1,-1,-1
185,24,466.44,474.77,40.09,100.87,0.4628,-1,-1,-1
185,25,571.02,444.34,61.28,156.82,0.4473,-1,-1,-1
185,12,1082.11,439.15,50.69,157.98,0.3235,-1,-1,-1
186,2,787.12,434.73,116.28,368.38,0.8026,-1,-1,-1
186,5,929.16,443.88,85.17,304.85,0.7448,-1,-1,-1
186,17,602.94,426.26,184.49,484.03,0.8440,-1,-1,-1
186,3,602.94,426.26,184.49,484.03,0.8440,-1,-1,-1
186,19,988.94,442.09,84.59,246.31,0.5733,-1,-1,-1
186,10,1153.77,448.86,43.60,97.93,0.5955,-1,-1,-1
186,24,467.04,477.37,41.00,98.39,0.4708,-1,-1,-1
186,25,571.37,439.31,58.38,172.77,0.4863,-1,-1,-1
187,2,789.85,435.03,114.63,368.35,0.8032,-1,-1,-1
187,5,930.19,444.74,88.44,307.13,0.7313,-1,-1,-1
187,17,608.52,427.58,179.41,484.03,0.8413,-1,-1,-1
187,3,608.52,427.58,179.41,484.03,0.8413,-1,-1,-1
187,19,994.27,442.51,82.86,249.99,0.6257,-1,-1,-1
187,10,1154.33,449.89,44.49,96.42,0.5448,-1,-1,-1
187,24,467.12,477.78,41.33,97.95,0.4650,-1,-1,-1
187,25,572.10,435.24,57.05,177.96,0.4804,-1,-1,-1
188,2,792.29,434.67,114.26,366.01,0.8119,-1,-1,-1
188,5,932.59,442.74,91.35,309.75,0.6870,-1,-1,-1
188,17,610.56,426.81,179.52,491.94,0.8356,-1,-1,-1
188,3,610.56,426.81,179.52,491.94,0.8356,-1,-1,-1
188,19,997.82,443.85,80.25,250.12,0.5066,-1,-1,-1
188,10,1155.33,451.35,43.49,96.09,0.5014,-1,-1,-1
188,24,467.43,478.33,39.01,96.93,0.3658,-1,-1,-1
188,25,571.28,434.10,59.59,182.78,0.4445,-1,-1,-1
189,2,794.66,433.58,112.70,367.48,0.8100,-1,-1,-1
189,5,934.10,442.05,101.43,311.60,0.7796,-1,-1,-1
189,17,612.63,426.21,178.47,501.26,0.7962,-1,-1,-1
189,3,612.63,426.21,178.47,501.26,0.7962,-1,-1,-1
189,19,1004.07,439.96,81.62,261.51,0.5324,-1,-1,-1
189,10,1155.91,448.04,43.06,99.57,0.4807,-1,-1,-1
189,24,466.74,477.54,39.77,98.40,0.4111,-1,-1,-1
189,25,570.23,433.15,59.38,183.46,0.5290,-1,-1,-1
190,2,796.93,432.74,116.46,371.21,0.8021,-1,-1,-1
190,5,936.95,442.54,107.18,310.80,0.7578,-1,-1,-1
190,17,616.38,426.22,180.63,509.07,0.7028,-1,-1,-1
190,3,616.38,426.22,180.63,509.07,0.7028,-1,-1,-1
190,19,1009.16,440.36,80.02,266.12,0.4657,-1,-1,-1
190,10,1153.45,448.74,45.21,99.43,0.4188,-1,-1,-1
190,24,467.62,477.35,38.28,98.39,0.3897,-1,-1,-1
190,25,569.88,436.82,61.48,178.10,0.5405,-1,-1,-1
191,2,799.07,432.54,116.00,371.60,0.7813,-1,-1,-1
191,5,940.84,443.18,112.97,311.00,0.7604,-1,-1,-1
191,17,620.32,425.97,179.07,515.25,0.7481,-1,-1,-1
191,3,620.32,425.97,179.07,515.25,0.7481,-1,-1,-1
191,19,1012.11,437.26,78.24,272.06,0.3274,-1,-1,-1
191,10,1152.52,446.66,47.88,101.54,0.4994,-1,-1,-1
191,24,466.24,477.49,36.81,97.99,0.3551,-1,-1,-1
191,25,569.06,443.52,60.91,173.44,0.5806,-1,-1,-1
192,2,800.87,430.16,115.55,377.76,0.7874,-1,-1,-1
192,5,943.58,447.20,114.28,306.70,0.7596,-1,-1,-1
192,17,624.69,426.20,177.02,523.69,0.7262,-1,-1,-1
192,3,624.69,426.20,177.02,523.69,0.7262,-1,-1,-1
192,10,1150.76,447.00,49.66,101.76,0.4784,-1,-1,-1
192,24,465.15,477.30,36.48,97.31,0.3431,-1,-1,-1
192,25,568.40,443.02,63.41,174.12,0.5895,-1,-1,-1
193,2,803.05,427.29,113.40,380.26,0.7856,-1,-1,-1
193,5,945.39,444.19,115.36,310.07,0.7562,-1,-1,-1
193,17,630.39,426.70,170.39,527.42,0.7649,-1,-1,-1
193,3,630.39,426.70,170.39,527.42,0.7649,-1,-1,-1
193,10,1149.42,443.68,50.16,105.18,0.4482,-1,-1,-1
193,24,463.99,477.78,38.32,97.51,0.3084,-1,-1,-1
193,25,569.55,442.74,62.93,174.42,0.6291,-1,-1,-1
193,19,1015.80,437.83,89.37,265.39,0.5393,-1,-1,-1
194,2,804.73,425.46,117.13,383.12,0.7888,-1,-1,-1
194,5,947.24,443.74,111.25,310.72,0.7485,-1,-1,-1
194,17,632.99,425.84,177.01,536.45,0.7596,-1,-1,-1
194,3,632.99,425.84,177.01,536.45,0.7596,-1,-1,-1
194,10,1148.02,446.77,47.33,101.84,0.3701,-1,-1,-1
194,24,461.73,476.46,37.42,99.40,0.3317,-1,-1,-1
194,25,570.13,442.51,62.85,175.62,0.6697,-1,-1,-1
194,19,1016.87,435.41,94.34,273.32,0.6464,-1,-1,-1
195,2,805.74,424.32,123.49,383.33,0.7894,-1,-1,-1
195,5,946.99,446.79,115.03,309.54,0.7598,-1,-1,-1
195,17,636.57,423.50,177.67,540.73,0.7844,-1,-1,-1
195,3,636.57,423.50,177.67,540.73,0.7844,-1,-1,-1
195,10,1147.26,445.01,43.40,103.36,0.4052,-1,-1,-1
195,25,569.81,441.78,63.82,176.40,0.6823,-1,-1,-1
195,19,1020.48,434.15,95.84,276.68,0.6925,-1,-1,-1
196,2,807.40,425.47,132.03,381.45,0.8252,-1,-1,-1
196,5,947.72,448.44,115.61,308.76,0.7276,-1,-1,-1
196,17,642.63,423.97,173.56,539.18,0.8010,-1,-1,-1
196,3,642.63,423.97,173.56,539.18,0.8010,-1,-1,-1
196,10,1146.30,441.83,43.06,106.18,0.4138,-1,-1,-1
196,25,569.82,442.40,64.94,175.79,0.6706,-1,-1,-1
196,19,1024.94,432.99,96.74,279.13,0.6813,-1,-1,-1
196,26,512.62,439.78,38.71,121.72,0.4383,-1,-1,-1
196,24,457.10,473.92,44.02,101.63,0.3466,-1,-1,-1
197,2,809.76,426.94,143.38,380.02,0.8147,-1,-1,-1
197,5,951.07,447.58,112.79,309.89,0.7518,-1,-1,-1
197,17,646.34,422.46,166.94,548.53,0.8226,-1,-1,-1
197,3,646.34,422.46,166.94,548.53,0.8226,-1,-1,-1
197,10,1145.84,443.21,42.89,104.64,0.3624,-1,-1,-1
197,25,569.61,441.39,66.37,176.01,0.6702,-1,-1,-1
197,19,1029.62,432.14,96.43,280.75,0.4684,-1,-1,-1
197,26,512.88,439.86,38.64,121.29,0.4485,-1,-1,-1
197,24,455.82,471.73,44.31,103.69,0.3354,-1,-1,-1
198,2,813.18,430.94,149.63,376.44,0.8302,-1,-1,-1
198,5,957.09,447.50,107.55,311.06,0.7688,-1,-1,-1
198,17,649.62,422.74,164.67,544.57,0.8328,-1,-1,-1
198,3,649.62,422.74,164.67,544.57,0.8328,-1,-1,-1
198,10,1146.09,441.47,42.75,106.35,0.3870,-1,-1,-1
198,25,570.23,441.73,66.67,175.64,0.6821,-1,-1,-1
198,19,1035.55,433.19,93.69,280.42,0.6464,-1,-1,-1
198,26,515.27,443.62,36.94,118.62,0.3385,-1,-1,-1
198,24,457.58,471.50,39.84,103.51,0.3183,-1,-1,-1
199,2,816.08,432.73,156.31,375.64,0.8461,-1,-1,-1
199,5,964.01,447.89,104.90,312.60,0.7581,-1,-1,-1
199,17,649.55,423.24,169.82,541.64,0.8391,-1,-1,-1
199,3,649.55,423.24,169.82,541.64,0.8391,-1,-1,-1
199,10,1144.95,443.10,40.97,105.38,0.3759,-1,-1,-1
199,25,571.46,443.31,65.05,173.47,0.6887,-1,-1,-1
199,19,1040.03,436.20,93.20,279.59,0.6363,-1,-1,-1
199,26,514.86,447.29,37.10,115.47,0.3016,-1,-1,-1
200,2,817.48,434.95,159.09,374.70,0.8427,-1,-1,-1
200,5,969.53,448.52,103.42,312.10,0.7221,-1,-1,-1
200,17,651.76,422.60,171.59,541.33,0.8592,-1,-1,-1
200,3,651.76,422.60,171.59,541.33,0.8592,-1,-1,-1
200,10,1145.08,442.34,37.35,106.54,0.3226,-1,-1,-1
200,25,571.80,445.58,64.81,171.70,0.6773,-1,-1,-1
200,19,1042.57,434.72,93.75,283.48,0.6062,-1,-1,-1
200,26,512.69,445.30,38.02,116.73,0.3389,-1,-1,-1
201,2,820.09,436.87,159.22,373.88,0.8391,-1,-1,-1
201,5,977.47,450.81,94.95,310.23,0.7078,-1,-1,-1
201,17,656.80,422.89,173.02,539.64,0.8444,-1,-1,-1
201,3,656.80,422.89,173.02,539.64,0.8444,-1,-1,-1
201,10,1143.07,440.76,36.65,108.44,0.3225,-1,-1,-1
201,25,573.21,444.81,63.94,170.78,0.6635,-1,-1,-1
201,19,1047.08,435.71,92.91,286.81,0.6136,-1,-1,-1
202,2,822.14,437.60,156.79,374.74,0.8452,-1,-1,-1
202,5,985.11,449.95,90.46,312.44,0.7740,-1,-1,-1
202,17,658.50,421.79,177.27,542.10,0.8546,-1,-1,-1
202,3,658.50,421.79,177.27,542.10,0.8546,-1,-1,-1
202,10,1141.97,438.94,35.35,109.53,0.3477,-1,-1,-1
202,25,573.20,446.44,65.68,168.83,0.6782,-1,-1,-1
202,19,1050.13,436.28,94.82,283.67,0.6832,-1,-1,-1
203,2,823.90,437.90,153.66,375.63,0.8438,-1,-1,-1
203,5,988.66,449.73,91.87,313.86,0.7718,-1,-1,-1
203,17,665.71,424.74,175.62,547.36,0.8228,-1,-1,-1
203,3,665.71,424.74,175.62,547.36,0.8228,-1,-1,-1
203,25,573.55,444.54,67.46,170.84,0.7086,-1,-1,-1
203,19,1053.73,435.12,95.23,283.38,0.6936,-1,-1,-1
203,26,509.00,440.57,40.85,122.00,0.3396,-1,-1,-1
204,2,824.87,437.59,152.19,376.01,0.8425,-1,-1,-1
204,5,992.07,449.47,91.95,315.85,0.7719,-1,-1,-1
204,17,664.94,424.17,179.55,555.58,0.8434,-1,-1,-1
204,3,664.94,424.17,179.55,555.58,0.8434,-1,-1,-1
204,25,575.75,448.15,66.05,167.54,0.7258,-1,-1,-1
204,19,1059.48,434.92,90.86,283.28,0.6988,-1,-1,-1
205,2,825.83,435.08,151.64,378.33,0.8316,-1,-1,-1
205,5,995.11,448.16,93.02,317.03,0.7863,-1,-1,-1
205,17,668.85,424.06,176.94,564.97,0.8479,-1,-1,-1
205,3,668.85,424.06,176.94,564.97,0.8479,-1,-1,-1
205,25,575.65,446.98,66.20,169.53,0.7468,-1,-1,-1
205,19,1063.51,438.16,88.53,278.77,0.7154,-1,-1,-1
206,2,829.52,435.45,149.80,377.63,0.8325,-1,-1,-1
206,5,999.78,447.81,92.58,317.51,0.7750,-1,-1,-1
206,17,673.59,423.23,173.94,569.68,0.8388,-1,-1,-1
206,3,673.59,423.23,173.94,569.68,0.8388,-1,-1,-1
206,25,575.91,447.01,66.77,170.46,0.7256,-1,-1,-1
206,19,1066.25,437.01,87.16,281.07,0.6805,-1,-1,-1
207,2,831.28,435.50,149.54,377.14,0.8277,-1,-1,-1
207,5,1005.49,448.52,94.18,315.17,0.7192,-1,-1,-1
207,17,676.38,420.64,173.31,573.74,0.8416,-1,-1,-1
207,3,676.38,420.64,173.31,573.74,0.8416,-1,-1,-1
207,25,579.09,452.91,64.67,164.48,0.7390,-1,-1,-1
207,19,1072.96,435.73,81.27,283.99,0.6521,-1,-1,-1
208,2,833.24,434.88,148.58,379.06,0.8232,-1,-1,-1
208,5,1009.22,450.13,92.88,311.88,0.6924,-1,-1,-1
208,17,679.32,420.25,172.40,574.05,0.8344,-1,-1,-1
208,3,679.32,420.25,172.40,574.05,0.8344,-1,-1,-1
208,25,580.93,454.30,63.62,163.38,0.7303,-1,-1,-1
208,19,1076.80,434.18,77.30,297.63,0.5926,-1,-1,-1
208,27,1187.39,447.76,40.36,102.75,0.4102,-1,-1,-1
208,26,510.20,444.24,40.41,117.35,0.3975,-1,-1,-1
209,2,835.81,434.58,146.72,380.24,0.8074,-1,-1,-1
209,5,1011.87,446.66,123.26,316.05,0.5999,-1,-1,-1
209,17,683.29,416.96,171.26,577.72,0.8191,-1,-1,-1
209,3,683.29,416.96,171.26,577.72,0.8191,-1,-1,-1
209,25,582.24,456.74,65.42,161.01,0.7431,-1,-1,-1
209,19,1082.60,433.78,77.11,287.94,0.6140,-1,-1,-1
209,27,1188.71,448.43,40.26,103.01,0.4837,-1,-1,-1
209,26,510.71,444.10,40.60,117.61,0.4150,-1,-1,-1
210,2,839.61,429.92,147.73,384.49,0.8139,-1,-1,-1
210,5,1016.29,444.61,141.08,318.58,0.8152,-1,-1,-1
210,17,686.06,415.82,171.52,578.71,0.7953,-1,-1,-1
210,3,686.06,415.82,171.52,578.71,0.7953,-1,-1,-1
210,25,584.08,457.28,66.59,160.08,0.7273,-1,-1,-1
210,27,1189.98,445.99,40.01,106.13,0.4823,-1,-1,-1
210,26,510.81,442.94,40.42,118.13,0.4134,-1,-1,-1
211,2,845.57,430.18,148.79,385.84,0.7885,-1,-1,-1
211,5,1019.47,443.71,152.74,319.75,0.8010,-1,-1,-1
211,17,686.32,418.56,174.04,576.43,0.8112,-1,-1,-1
211,3,686.32,418.56,174.04,576.43,0.8112,-1,-1,-1
211,25,584.87,453.58,69.67,163.53,0.7426,-1,-1,-1
211,27,1191.87,445.15,38.88,107.48,0.4640,-1,-1,-1
211,26,510.76,441.78,40.16,119.26,0.4344,-1,-1,-1
212,2,851.56,430.48,147.52,386.08,0.7878,-1,-1,-1
212,5,1021.17,444.70,160.77,319.67,0.7908,-1,-1,-1
212,17,688.17,416.42,173.58,578.39,0.8253,-1,-1,-1
212,3,688.17,416.42,173.58,578.39,0.8253,-1,-1,-1
212,25,587.15,451.91,68.57,164.50,0.7129,-1,-1,-1
212,27,1193.24,446.48,38.61,105.91,0.5079,-1,-1,-1
212,26,510.94,440.71,40.60,119.91,0.4647,-1,-1,-1
212,19,1096.23,430.29,80.04,256.53,0.3558,-1,-1,-1
213,2,860.46,430.57,141.47,386.71,0.8084,-1,-1,-1
213,5,1021.59,446.94,164.43,319.08,0.8069,-1,-1,-1
213,17,688.72,414.54,176.31,579.73,0.8220,-1,-1,-1
213,3,688.72,414.54,176.31,579.73,0.8220,-1,-1,-1
213,25,588.13,452.25,68.27,164.58,0.7388,-1,-1,-1
213,27,1194.50,446.84,38.03,104.04,0.3675,-1,-1,-1
213,26,510.83,439.54,41.27,120.96,0.4533,-1,-1,-1
213,19,1099.85,432.98,79.83,267.26,0.5044,-1,-1,-1
214,2,869.13,429.70,137.81,385.92,0.8162,-1,-1,-1
214,5,1021.35,448.01,166.11,319.31,0.7733,-1,-1,-1
214,17,690.15,413.70,175.93,580.04,0.8242,-1,-1,-1
214,3,690.15,413.70,175.93,580.04,0.8242,-1,-1,-1
214,25,589.24,451.39,67.63,166.41,0.7262,-1,-1,-1
214,27,1195.30,445.59,39.98,104.08,0.3778,-1,-1,-1
214,26,510.54,439.22,42.26,120.90,0.4717,-1,-1,-1
214,19,1104.80,431.71,79.05,274.64,0.5420,-1,-1,-1
215,2,877.38,429.20,130.50,387.09,0.8101,-1,-1,-1
215,5,1021.52,447.15,164.04,321.07,0.8160,-1,-1,-1
215,17,692.93,412.11,176.09,582.13,0.8179,-1,-1,-1
215,3,692.93,412.11,176.09,582.13,0.8179,-1,-1,-1
215,25,591.00,453.95,66.97,163.63,0.6820,-1,-1,-1
215,27,1197.19,441.99,40.89,108.60,0.3526,-1,-1,-1
215,26,510.38,438.55,42.74,121.32,0.4797,-1,-1,-1
215,19,1111.46,427.89,77.71,286.17,0.5563,-1,-1,-1
216,2,882.21,427.79,126.58,388.62,0.8191,-1,-1,-1
216,5,1022.05,446.39,167.06,323.41,0.8255,-1,-1,-1
216,17,695.25,414.03,176.36,580.06,0.7933,-1,-1,-1
216,3,695.25,414.03,176.36,580.06,0.7933,-1,-1,-1
216,25,593.86,455.52,65.59,165.57,0.6856,-1,-1,-1
216,27,1198.85,440.27,41.17,111.33,0.4076,-1,-1,-1
216,26,510.17,438.16,43.11,121.17,0.4929,-1,-1,-1
216,19,1119.95,429.64,71.53,288.14,0.4635,-1,-1,-1
217,2,884.59,428.39,125.20,390.86,0.8151,-1,-1,-1
217,5,1023.95,446.48,166.52,323.26,0.7896,-1,-1,-1
217,17,695.03,413.44,180.60,580.14,0.7479,-1,-1,-1
217,3,695.03,413.44,180.60,580.14,0.7479,-1,-1,-1
217,25,595.21,457.07,65.66,165.58,0.7143,-1,-1,-1
217,27,1199.65,437.88,42.04,113.73,0.4757,-1,-1,-1
217,26,509.87,438.12,43.29,120.87,0.4863,-1,-1,-1
217,19,1126.23,430.84,64.57,226.06,0.3332,-1,-1,-1
218,2,887.72,427.47,124.73,395.26,0.8201,-1,-1,-1
218,5,1027.61,442.68,163.75,327.46,0.7869,-1,-1,-1
218,17,697.96,411.32,184.20,582.73,0.7673,-1,-1,-1
218,3,697.96,411.32,184.20,582.73,0.7673,-1,-1,-1
218,25,597.59,457.74,64.80,165.31,0.6986,-1,-1,-1
218,27,1201.30,440.03,42.97,111.82,0.4354,-1,-1,-1
218,26,509.36,438.98,42.74,120.19,0.5039,-1,-1,-1
219,2,890.25,426.03,126.55,400.18,0.8412,-1,-1,-1
219,5,1035.48,438.81,155.62,331.06,0.7945,-1,-1,-1
219,17,701.31,411.10,186.53,582.81,0.7604,-1,-1,-1
219,3,701.31,411.10,186.53,582.81,0.7604,-1,-1,-1
219,25,596.45,460.26,65.51,165.38,0.6771,-1,-1,-1
219,27,1202.07,439.41,43.49,112.27,0.4271,-1,-1,-1
219,26,509.10,439.09,42.82,119.89,0.5118,-1,-1,-1
220,2,892.59,425.90,126.98,405.21,0.8422,-1,-1,-1
220,5,1044.34,438.74,147.50,330.86,0.8071,-1,-1,-1
220,17,708.86,410.01,191.08,583.29,0.8121,-1,-1,-1
220,3,708.86,410.01,191.08,583.29,0.8121,-1,-1,-1
220,25,596.92,461.34,65.41,165.05,0.7006,-1,-1,-1
220,27,1206.09,444.23,41.04,106.89,0.3043,-1,-1,-1
220,26,508.75,438.70,43.09,120.15,0.5423,-1,-1,-1
221,2,895.71,424.96,128.14,407.98,0.8385,-1,-1,-1
221,5,1052.74,438.47,140.01,331.07,0.8092,-1,-1,-1
221,17,714.54,410.27,205.61,583.82,0.8604,-1,-1,-1
221,3,714.54,410.27,205.61,583.82,0.8604,-1,-1,-1
221,25,598.21,460.93,63.05,163.93,0.7230,-1,-1,-1
221,26,508.88,439.23,42.75,120.26,0.5021,-1,-1,-1
221,19,1149.24,436.37,67.94,287.30,0.5500,-1,-1,-1
222,2,897.14,424.82,130.03,409.31,0.8377,-1,-1,-1
222,5,1064.70,439.31,128.40,330.29,0.8167,-1,-1,-1
222,17,716.91,410.42,219.35,584.05,0.8614,-1,-1,-1
222,3,716.91,410.42,219.35,584.05,0.8614,-1,-1,-1
222,25,600.30,461.21,60.14,163.41,0.7403,-1,-1,-1
222,26,508.88,439.14,42.49,120.80,0.4935,-1,-1,-1
222,19,1154.78,433.89,75.97,295.12,0.5994,-1,-1,-1
223,2,899.99,426.40,129.96,411.00,0.8240,-1,-1,-1
223,5,1077.79,439.29,115.48,331.06,0.7982,-1,-1,-1
223,17,717.70,407.51,239.38,587.42,0.8502,-1,-1,-1
223,3,717.70,407.51,239.38,587.42,0.8502,-1,-1,-1
223,25,601.45,459.15,58.76,166.91,0.6913,-1,-1,-1
223,26,507.70,439.49,44.60,120.95,0.4913,-1,-1,-1
224,2,901.67,427.33,128.52,412.80,0.8211,-1,-1,-1
224,5,1093.23,440.63,108.23,333.05,0.7629,-1,-1,-1
224,17,721.30,406.76,256.06,587.13,0.8502,-1,-1,-1
224,3,721.30,406.76,256.06,587.13,0.8502,-1,-1,-1
224,25,603.36,459.46,57.04,165.61,0.6903,-1,-1,-1
224,26,507.18,439.97,45.91,120.74,0.5184,-1,-1,-1
225,2,903.40,428.00,128.80,414.40,0.8178,-1,-1,-1
225,5,1102.70,440.05,98.45,335.75,0.7244,-1,-1,-1
225,17,724.65,408.65,267.36,586.80,0.8308,-1,-1,-1
225,3,724.65,408.65,267.36,586.80,0.8308,-1,-1,-1
225,25,603.73,460.60,58.22,166.50,0.6748,-1,-1,-1
225,26,507.84,440.12,45.42,120.64,0.4955,-1,-1,-1
226,2,904.91,428.54,132.31,415.48,0.8178,-1,-1,-1
226,5,1109.14,437.94,94.81,340.40,0.6919,-1,-1,-1
226,17,727.57,405.30,279.80,590.85,0.8565,-1,-1,-1
226,3,727.57,405.30,279.80,590.85,0.8565,-1,-1,-1
226,25,604.50,461.94,57.59,167.17,0.6737,-1,-1,-1
226,26,507.40,439.87,45.78,120.93,0.5076,-1,-1,-1
226,19,1174.67,433.03,65.37,303.41,0.5217,-1,-1,-1
227,2,906.35,428.43,135.65,416.68,0.8113,-1,-1,-1
227,5,1114.77,438.09,96.72,342.39,0.7432,-1,-1,-1
227,17,729.94,404.92,289.91,590.50,0.8731,-1,-1,-1
227,3,729.94,404.92,289.91,590.50,0.8731,-1,-1,-1
227,25,606.48,460.04,55.73,168.08,0.6646,-1,-1,-1
227,26,506.79,438.89,46.01,121.90,0.4673,-1,-1,-1
227,19,1178.91,430.13,67.80,308.20,0.5516,-1,-1,-1
228,2,907.36,426.26,138.32,418.58,0.7916,-1,-1,-1
228,5,1118.11,438.48,99.27,348.33,0.7539,-1,-1,-1
228,17,734.19,406.82,293.29,588.46,0.8740,-1,-1,-1
228,3,734.19,406.82,293.29,588.46,0.8740,-1,-1,-1
228,25,607.55,460.60,54.36,167.11,0.6635,-1,-1,-1
228,26,506.06,439.01,46.21,122.18,0.4948,-1,-1,-1
228,19,1184.79,430.01,68.64,306.93,0.4430,-1,-1,-1
229,2,907.45,426.47,139.77,418.54,0.7790,-1,-1,-1
229,5,1119.33,440.48,100.99,348.49,0.7590,-1,-1,-1
229,17,738.58,407.84,297.69,587.76,0.8632,-1,-1,-1
229,3,738.58,407.84,297.69,587.76,0.8632,-1,-1,-1
229,25,608.46,457.44,55.33,173.11,0.6669,-1,-1,-1
229,26,506.35,438.74,46.31,122.74,0.4474,-1,-1,-1
229,19,1189.86,423.29,73.13,230.19,0.5811,-1,-1,-1
229,24,425.70,477.35,44.14,101.08,0.3819,-1,-1,-1
230,2,908.26,425.94,143.43,417.94,0.7786,-1,-1,-1
230,5,1120.77,441.94,107.32,349.13,0.7167,-1,-1,-1
230,17,744.35,410.64,295.18,584.51,0.8319,-1,-1,-1
230,3,744.35,410.64,295.18,584.51,0.8319,-1,-1,-1
230,25,610.71,457.59,56.14,174.67,0.6645,-1,-1,-1
230,26,506.50,439.99,45.57,121.24,0.4380,-1,-1,-1
230,19,1194.52,419.33,73.64,199.55,0.5678,-1,-1,-1
230,24,425.55,478.17,45.69,99.78,0.4627,-1,-1,-1
231,2,910.83,425.51,138.69,417.62,0.7762,-1,-1,-1
231,5,1126.07,440.68,120.35,350.63,0.7977,-1,-1,-1
231,17,750.57,411.13,289.94,585.23,0.8496,-1,-1,-1
231,3,750.57,411.13,289.94,585.23,0.8496,-1,-1,-1
231,25,610.92,461.39,58.91,170.59,0.6851,-1,-1,-1
231,26,507.56,439.92,44.57,121.31,0.4876,-1,-1,-1
231,19,1199.44,418.73,72.93,188.44,0.5553,-1,-1,-1
231,24,425.34,477.57,45.46,100.50,0.4686,-1,-1,-1
232,2,913.34,425.10,134.02,419.05,0.7989,-1,-1,-1
232,5,1132.29,440.39,127.68,351.51,0.7951,-1,-1,-1
232,17,759.25,410.15,282.62,586.23,0.8219,-1,-1,-1
232,3,759.25,410.15,282.62,586.23,0.8219,-1,-1,-1
232,25,611.40,457.04,60.10,174.53,0.6768,-1,-1,-1
232,26,507.91,440.55,43.85,120.90,0.5416,-1,-1,-1
232,19,1204.34,418.61,70.66,182.68,0.4753,-1,-1,-1
232,24,425.38,477.78,45.94,100.13,0.4856,-1,-1,-1
233,2,918.92,424.84,128.95,421.97,0.7578,-1,-1,-1
233,5,1134.36,442.03,132.22,351.58,0.8318,-1,-1,-1
233,17,766.46,411.56,276.61,585.11,0.8233,-1,-1,-1
233,3,766.46,411.56,276.61,585.11,0.8233,-1,-1,-1
233,25,611.58,454.74,62.56,176.56,0.6712,-1,-1,-1
233,26,508.55,440.54,42.08,120.63,0.5224,-1,-1,-1
233,19,1208.89,424.86,68.98,176.48,0.3831,-1,-1,-1
233,24,425.50,477.82,43.73,99.41,0.4404,-1,-1,-1
234,2,922.97,424.56,126.11,424.99,0.7376,-1,-1,-1
234,5,1135.28,444.09,133.88,352.99,0.8437,-1,-1,-1
234,17,775.08,415.59,269.95,581.91,0.7898,-1,-1,-1
234,3,775.08,415.59,269.95,581.91,0.7898,-1,-1,-1
234,25,612.64,456.07,63.90,173.59,0.6642,-1,-1,-1
234,26,508.56,440.32,41.98,120.79,0.5271,-1,-1,-1
234,19,1212.78,424.12,68.75,178.77,0.3033,-1,-1,-1
234,24,425.00,477.02,42.06,99.79,0.4591,-1,-1,-1
234,21,725.95,426.56,157.19,435.22,0.4179,-1,-1,-1
235,2,924.83,423.88,125.34,430.62,0.6974,-1,-1,-1
235,5,1135.27,444.76,137.03,355.69,0.8150,-1,-1,-1
235,17,786.26,417.89,258.99,579.43,0.8166,-1,-1,-1
235,3,786.26,417.89,258.99,579.43,0.8166,-1,-1,-1
235,25,615.54,454.77,61.26,175.45,0.6713,-1,-1,-1
235,26,508.66,440.54,40.90,120.48,0.5102,-1,-1,-1
235,19,1216.48,428.22,68.26,175.26,0.4325,-1,-1,-1
235,24,424.75,476.70,40.70,99.16,0.4734,-1,-1,-1
235,21,732.65,426.86,157.15,436.09,0.5510,-1,-1,-1
236,2,932.48,423.36,117.86,430.08,0.6906,-1,-1,-1
236,5,1135.69,444.43,138.60,358.04,0.8209,-1,-1,-1
236,17,790.22,413.15,254.85,584.28,0.8126,-1,-1,-1
236,3,790.22,413.15,254.85,584.28,0.8126,-1,-1,-1
236,25,619.52,456.47,57.57,173.96,0.6883,-1,-1,-1
236,26,508.48,440.31,40.29,120.34,0.4782,-1,-1,-1
236,19,1221.40,430.25,66.84,175.52,0.4839,-1,-1,-1
236,24,424.73,475.13,39.20,100.04,0.4677,-1,-1,-1
236,21,741.06,429.81,146.10,434.94,0.5301,-1,-1,-1
237,2,938.75,423.09,116.22,422.47,0.5456,-1,-1,-1
237,5,1137.55,442.71,139.38,360.77,0.8084,-1,-1,-1
237,17,792.69,415.62,251.11,582.04,0.8147,-1,-1,-1
237,3,792.69,415.62,251.11,582.04,0.8147,-1,-1,-1
237,25,621.50,455.19,55.77,175.14,0.6502,-1,-1,-1
237,26,509.09,440.08,39.94,119.62,0.4439,-1,-1,-1
237,19,1229.55,430.14,64.94,178.53,0.4664,-1,-1,-1
237,21,751.45,432.06,134.93,432.32,0.5873,-1,-1,-1
238,2,943.11,422.04,116.23,411.57,0.5793,-1,-1,-1
238,5,1140.75,438.94,138.10,365.04,0.7702,-1,-1,-1
238,17,791.51,411.84,251.93,585.69,0.8136,-1,-1,-1
238,3,791.51,411.84,251.93,585.69,0.8136,-1,-1,-1
238,25,623.99,458.06,52.06,175.20,0.6753,-1,-1,-1
238,26,509.58,441.34,39.47,117.09,0.3339,-1,-1,-1
238,19,1233.57,429.82,70.98,180.29,0.4723,-1,-1,-1
238,21,757.01,435.44,128.22,430.01,0.4343,-1,-1,-1
239,2,948.71,423.02,113.76,375.22,0.4366,-1,-1,-1
239,5,1147.09,437.93,132.38,366.79,0.7496,-1,-1,-1
239,17,793.15,409.01,249.04,589.05,0.8385,-1,-1,-1
239,3,793.15,409.01,249.04,589.05,0.8385,-1,-1,-1
239,25,625.89,460.16,52.52,174.22,0.6681,-1,-1,-1
239,26,509.52,441.57,39.51,116.67,0.3983,-1,-1,-1
239,19,1238.67,432.74,75.00,272.21,0.4480,-1,-1,-1
239,21,728.82,437.72,149.91,428.64,0.5463,-1,-1,-1
240,2,954.26,424.37,114.53,402.55,0.6241,-1,-1,-1
240,5,1158.38,437.46,122.14,370.48,0.7143,-1,-1,-1
240,17,796.39,410.89,245.55,587.66,0.8480,-1,-1,-1
240,3,796.39,410.89,245.55,587.66,0.8480,-1,-1,-1
240,25,627.62,460.58,51.65,172.99,0.5952,-1,-1,-1
240,26,509.27,441.34,39.68,117.29,0.4038,-1,-1,-1
240,19,1244.21,432.68,72.44,305.14,0.5410,-1,-1,-1
240,21,721.11,438.05,159.10,430.13,0.6310,-1,-1,-1
241,2,959.79,425.14,110.48,411.98,0.6741,-1,-1,-1
241,5,1169.77,437.78,113.10,371.23,0.7354,-1,-1,-1
241,17,807.37,414.47,235.74,585.12,0.8194,-1,-1,-1
241,3,807.37,414.47,235.74,585.12,0.8194,-1,-1,-1
241,25,628.96,458.20,55.06,174.38,0.5837,-1,-1,-1
241,26,509.06,441.80,39.68,116.94,0.4090,-1,-1,-1
241,19,1251.01,431.39,67.30,321.60,0.5443,-1,-1,-1
241,21,721.35,437.59,161.34,429.77,0.6226,-1,-1,-1
242,2,959.66,425.64,113.06,412.00,0.5612,-1,-1,-1
242,5,1179.45,437.44,110.64,368.71,0.6819,-1,-1,-1
242,17,820.18,420.72,221.97,581.55,0.8238,-1,-1,-1
242,3,820.18,420.72,221.97,581.55,0.8238,-1,-1,-1
242,25,629.18,459.09,57.01,171.81,0.5864,-1,-1,-1
242,26,508.69,443.81,39.63,115.21,0.3891,-1,-1,-1
242,21,744.14,437.55,140.46,433.30,0.6466,-1,-1,-1
243,2,972.50,427.09,101.37,409.52,0.4632,-1,-1,-1
243,5,1187.92,435.93,108.04,368.86,0.6393,-1,-1,-1
243,17,828.36,409.04,214.51,595.31,0.8008,-1,-1,-1
243,3,828.36,409.04,214.51,595.31,0.8008,-1,-1,-1
243,25,630.36,460.81,59.61,169.07,0.5669,-1,-1,-1
243,26,508.24,448.28,39.96,110.72,0.3384,-1,-1,-1
243,21,738.34,437.33,149.11,433.04,0.6695,-1,-1,-1
244,2,979.87,424.05,96.91,415.03,0.4875,-1,-1,-1
244,5,1197.62,434.08,111.73,370.04,0.7683,-1,-1,-1
244,17,838.84,399.70,205.68,607.81,0.7917,-1,-1,-1
244,3,838.84,399.70,205.68,607.81,0.7917,-1,-1,-1
244,25,631.35,461.91,63.85,168.92,0.5955,-1,-1,-1
244,26,507.76,447.91,40.52,111.32,0.3742,-1,-1,-1
244,21,735.74,436.61,152.66,433.10,0.6902,-1,-1,-1
245,5,1204.56,432.35,115.15,371.99,0.7983,-1,-1,-1
245,17,847.31,400.12,201.72,613.44,0.7381,-1,-1,-1
245,3,847.31,400.12,201.72,613.44,0.7381,-1,-1,-1
245,25,631.72,462.80,65.36,168.69,0.5918,-1,-1,-1
245,26,507.17,447.02,41.22,111.88,0.3848,-1,-1,-1
245,21,735.49,437.41,156.59,434.40,0.6429,-1,-1,-1
246,5,1209.21,431.50,113.30,371.60,0.7654,-1,-1,-1
246,17,855.69,407.92,197.50,615.59,0.7834,-1,-1,-1
246,3,855.69,407.92,197.50,615.59,0.7834,-1,-1,-1
246,25,632.60,461.72,64.90,169.26,0.5925,-1,-1,-1
246,26,507.40,443.23,41.36,115.78,0.3771,-1,-1,-1
246,21,735.44,438.80,162.40,434.14,0.5696,-1,-1,-1
246,19,1278.23,425.18,60.86,229.39,0.4109,-1,-1,-1
247,5,1212.56,430.67,117.99,370.61,0.7323,-1,-1,-1
247,17,865.65,416.62,189.93,615.36,0.7729,-1,-1,-1
247,3,865.65,416.62,189.93,615.36,0.7729,-1,-1,-1
247,25,632.51,459.23,68.03,172.25,0.5078,-1,-1,-1
247,26,505.30,441.90,43.46,117.25,0.4361,-1,-1,-1
247,21,758.85,437.22,145.71,438.60,0.5573,-1,-1,-1
248,5,1216.37,430.92,130.03,371.36,0.8024,-1,-1,-1
248,17,876.28,419.09,185.84,618.91,0.7380,-1,-1,-1
248,3,876.28,419.09,185.84,618.91,0.7380,-1,-1,-1
248,25,636.49,460.57,62.55,171.43,0.5893,-1,-1,-1
248,26,504.25,440.76,44.61,118.44,0.3942,-1,-1,-1
248,21,768.22,435.22,139.69,442.02,0.5751,-1,-1,-1
249,5,1219.27,430.98,145.84,371.83,0.7004,-1,-1,-1
249,17,884.66,421.88,182.06,620.92,0.7138,-1,-1,-1
249,3,884.66,421.88,182.06,620.92,0.7138,-1,-1,-1
249,25,637.35,455.10,61.99,177.67,0.5777,-1,-1,-1
249,26,504.78,442.49,44.51,116.97,0.4013,-1,-1,-1
249,21,777.10,432.38,141.10,445.42,0.7508,-1,-1,-1
250,5,1221.09,431.78,165.10,372.47,0.7425,-1,-1,-1
250,17,891.30,423.06,208.32,617.92,0.7199,-1,-1,-1
250,3,891.30,423.06,208.32,617.92,0.7199,-1,-1,-1
250,25,641.86,451.52,64.61,182.01,0.6450,-1,-1,-1
250,26,506.93,443.74,42.79,115.76,0.3407,-1,-1,-1
250,21,780.18,429.06,145.36,449.14,0.7529,-1,-1,-1
251,5,1220.42,430.44,183.33,374.37,0.8487,-1,-1,-1
251,17,901.06,414.34,213.77,629.60,0.7893,-1,-1,-1
251,3,901.06,414.34,213.77,629.60,0.7893,-1,-1,-1
251,25,646.57,450.10,66.69,182.29,0.6704,-1,-1,-1
251,26,507.46,445.25,42.79,114.67,0.3449,-1,-1,-1
251,21,784.21,428.68,142.47,449.86,0.7635,-1,-1,-1
252,5,1220.15,428.04,196.74,377.72,0.8413,-1,-1,-1
252,17,909.17,407.05,216.48,634.97,0.8475,-1,-1,-1
252,3,909.17,407.05,216.48,634.97,0.8475,-1,-1,-1
252,25,649.42,448.28,67.41,183.75,0.7185,-1,-1,-1
252,26,507.40,443.74,43.60,116.55,0.3647,-1,-1,-1
252,21,785.55,429.13,143.09,450.51,0.7430,-1,-1,-1
252,31,1848.14,519.30,71.39,261.49,0.4949,-1,-1,-1
252,24,410.68,472.25,44.13,100.00,0.3841,-1,-1,-1
253,5,1220.40,427.33,203.59,379.80,0.8541,-1,-1,-1
253,17,917.34,405.05,212.99,636.91,0.8429,-1,-1,-1
253,3,917.34,405.05,212.99,636.91,0.8429,-1,-1,-1
253,25,651.81,447.02,66.49,185.29,0.6939,-1,-1,-1
253,26,508.03,444.03,43.46,116.72,0.3320,-1,-1,-1
253,21,788.99,431.13,138.56,447.01,0.7411,-1,-1,-1
253,31,1848.11,486.58,71.47,292.37,0.5930,-1,-1,-1
253,24,410.26,471.30,44.65,100.61,0.3769,-1,-1,-1
254,5,1219.97,424.93,204.54,383.97,0.8594,-1,-1,-1
254,17,922.66,407.60,206.87,634.07,0.8355,-1,-1,-1
254,3,922.66,407.60,206.87,634.07,0.8355,-1,-1,-1
254,25,654.85,447.59,63.98,184.53,0.7200,-1,-1,-1
254,26,508.48,445.77,42.95,115.28,0.3838,-1,-1,-1
254,21,788.49,432.41,138.81,445.47,0.7464,-1,-1,-1
254,31,1841.53,410.88,77.93,368.90,0.5198,-1,-1,-1
254,24,410.71,468.81,42.37,103.21,0.3539,-1,-1,-1
254,32,730.99,484.75,45.64,112.45,0.3836,-1,-1,-1
255,5,1219.96,426.40,209.47,384.65,0.8622,-1,-1,-1
255,17,926.87,406.34,197.79,634.67,0.8328,-1,-1,-1
255,3,926.87,406.34,197.79,634.67,0.8328,-1,-1,-1
255,25,656.87,448.54,64.08,184.00,0.6829,-1,-1,-1
255,26,510.79,446.05,40.93,114.83,0.3659,-1,-1,-1
255,21,796.87,431.22,135.35,446.15,0.7032,-1,-1,-1
255,31,1820.74,382.45,98.63,397.18,0.7463,-1,-1,-1
255,24,410.22,470.20,41.12,102.90,0.3803,-1,-1,-1
255,32,731.04,483.80,46.01,113.64,0.3560,-1,-1,-1
256,5,1223.20,427.41,210.19,385.75,0.8681,-1,-1,-1
256,17,930.11,407.46,195.95,632.85,0.8420,-1,-1,-1
256,3,930.11,407.46,195.95,632.85,0.8420,-1,-1,-1
256,25,658.14,449.58,67.32,183.88,0.7106,-1,-1,-1
256,26,510.55,442.35,41.96,118.90,0.4504,-1,-1,-1
256,21,804.61,431.93,130.84,448.57,0.7444,-1,-1,-1
256,31,1808.27,377.78,110.97,401.98,0.7645,-1,-1,-1
256,24,408.67,473.37,41.46,100.65,0.3769,-1,-1,-1
256,32,730.51,483.48,45.20,114.95,0.3400,-1,-1,-1
257,5,1227.57,428.23,209.51,385.97,0.8661,-1,-1,-1
257,17,932.18,407.48,190.82,633.88,0.8271,-1,-1,-1
257,3,932.18,407.48,190.82,633.88,0.8271,-1,-1,-1
257,25,658.54,451.38,70.21,183.07,0.7088,-1,-1,-1
257,26,510.19,440.86,42.34,120.22,0.4334,-1,-1,-1
257,21,809.54,433.07,128.66,456.98,0.7062,-1,-1,-1
257,31,1807.09,378.50,112.18,401.89,0.7881,-1,-1,-1
257,24,407.61,474.20,42.09,100.82,0.3681,-1,-1,-1
257,32,730.58,483.95,44.51,114.06,0.3061,-1,-1,-1
258,5,1237.23,427.65,201.72,386.03,0.8650,-1,-1,-1
258,17,936.09,400.96,186.39,640.33,0.8025,-1,-1,-1
258,3,936.09,400.96,186.39,640.33,0.8025,-1,-1,-1
258,25,659.58,449.04,71.78,189.07,0.7458,-1,-1,-1
258,21,799.97,433.11,139.50,468.35,0.6287,-1,-1,-1
258,31,1803.76,382.18,115.00,397.46,0.7382,-1,-1,-1
258,33,1101.19,434.26,51.98,122.17,0.3990,-1,-1,-1
259,5,1247.67,427.32,191.63,385.96,0.8003,-1,-1,-1
259,17,936.78,396.54,183.13,645.64,0.7604,-1,-1,-1
259,3,936.78,396.54,183.13,645.64,0.7604,-1,-1,-1
259,25,660.14,449.76,73.11,188.55,0.7309,-1,-1,-1
259,21,807.40,432.40,131.74,472.83,0.6534,-1,-1,-1
259,31,1786.88,387.16,131.58,390.18,0.7978,-1,-1,-1
259,33,1101.54,432.80,52.72,123.39,0.3998,-1,-1,-1
260,5,1258.79,426.35,181.53,386.88,0.7868,-1,-1,-1
260,17,938.66,395.76,178.23,645.32,0.7713,-1,-1,-1
260,3,938.66,395.76,178.23,645.32,0.7713,-1,-1,-1
260,25,662.32,451.30,71.61,186.40,0.7028,-1,-1,-1
260,21,811.97,432.49,128.92,476.99,0.5795,-1,-1,-1
260,31,1759.86,391.22,158.78,385.66,0.7758,-1,-1,-1
261,5,1273.52,426.23,166.69,387.19,0.7392,-1,-1,-1
261,17,940.57,398.25,176.23,643.09,0.7815,-1,-1,-1
261,3,940.57,398.25,176.23,643.09,0.7815,-1,-1,-1
261,25,663.54,450.99,70.97,188.27,0.7249,-1,-1,-1
261,21,790.51,439.31,146.95,475.21,0.5589,-1,-1,-1
261,31,1725.56,391.04,193.28,386.96,0.7869,-1,-1,-1
262,5,1297.98,424.84,144.68,390.36,0.7774,-1,-1,-1
262,17,941.09,396.55,175.00,645.18,0.7998,-1,-1,-1
262,3,941.09,396.55,175.00,645.18,0.7998,-1,-1,-1
262,25,664.26,450.65,70.60,189.37,0.6881,-1,-1,-1
262,21,809.19,435.79,134.56,479.73,0.6393,-1,-1,-1
262,31,1694.60,401.62,223.19,377.30,0.8118,-1,-1,-1
262,26,505.63,438.94,45.99,121.49,0.4144,-1,-1,-1
263,5,1312.72,424.49,137.86,391.50,0.7904,-1,-1,-1
263,17,943.41,396.01,174.91,645.69,0.8204,-1,-1,-1
263,3,943.41,396.01,174.91,645.69,0.8204,-1,-1,-1
263,25,664.61,452.10,71.96,187.34,0.6495,-1,-1,-1
263,21,817.87,434.53,128.30,481.91,0.6634,-1,-1,-1
263,31,1673.90,413.41,243.85,365.09,0.8338,-1,-1,-1
263,26,503.78,438.76,47.36,121.78,0.4047,-1,-1,-1
264,5,1328.52,421.68,129.10,395.90,0.8136,-1,-1,-1
264,17,945.55,397.99,178.54,643.20,0.8214,-1,-1,-1
264,3,945.55,397.99,178.54,643.20,0.8214,-1,-1,-1
264,25,666.05,452.39,73.13,187.01,0.6316,-1,-1,-1
264,21,822.70,433.80,122.10,482.37,0.6327,-1,-1,-1
264,31,1661.95,419.40,254.32,359.09,0.8500,-1,-1,-1
264,26,504.22,439.29,47.46,121.12,0.4165,-1,-1,-1
264,34,1297.03,431.99,42.75,118.49,0.3470,-1,-1,-1
264,24,402.50,468.74,44.44,99.88,0.3450,-1,-1,-1
265,5,1340.10,421.64,121.60,398.03,0.8055,-1,-1,-1
265,17,947.07,400.49,181.27,641.29,0.8285,-1,-1,-1
265,3,947.07,400.49,181.27,641.29,0.8285,-1,-1,-1
265,25,668.73,452.18,73.27,187.14,0.6312,-1,-1,-1
265,21,825.09,433.27,120.51,483.73,0.5963,-1,-1,-1
265,31,1655.77,422.88,253.83,354.79,0.8360,-1,-1,-1
265,26,504.54,438.90,47.57,121.44,0.4094,-1,-1,-1
265,34,1298.22,434.22,45.65,114.49,0.3181,-1,-1,-1
265,24,401.27,468.00,47.42,101.91,0.3564,-1,-1,-1
266,5,1347.56,421.86,121.22,403.06,0.8191,-1,-1,-1
266,17,949.10,402.05,177.94,639.82,0.8176,-1,-1,-1
266,3,949.10,402.05,177.94,639.82,0.8176,-1,-1,-1
266,25,673.12,453.45,71.48,185.50,0.5931,-1,-1,-1
266,21,826.04,432.22,119.98,485.45,0.6313,-1,-1,-1
266,31,1652.45,415.17,245.75,360.37,0.8504,-1,-1,-1
266,26,504.91,438.70,47.58,121.67,0.4099,-1,-1,-1
266,24,401.44,467.34,47.68,105.14,0.3043,-1,-1,-1
266,33,1110.43,437.64,52.07,120.95,0.4101,-1,-1,-1
267,5,1353.36,419.66,120.80,411.36,0.8198,-1,-1,-1
267,17,950.72,402.31,175.93,639.48,0.8105,-1,-1,-1
267,3,950.72,402.31,175.93,639.48,0.8105,-1,-1,-1
267,25,674.98,453.89,71.13,184.00,0.6217,-1,-1,-1
267,21,826.01,429.45,119.66,489.86,0.7040,-1,-1,-1
267,31,1650.77,415.83,232.03,353.38,0.8301,-1,-1,-1
267,26,504.94,438.86,47.63,121.41,0.4296,-1,-1,-1
267,24,400.42,465.11,49.36,108.27,0.3749,-1,-1,-1
267,33,1114.20,438.50,48.80,119.33,0.3494,-1,-1,-1
268,5,1356.50,422.25,133.55,410.17,0.8309,-1,-1,-1
268,17,951.49,403.31,172.74,638.81,0.8181,-1,-1,-1
268,3,951.49,403.31,172.74,638.81,0.8181,-1,-1,-1
268,25,677.00,454.07,69.42,183.22,0.6811,-1,-1,-1
268,21,825.38,429.60,123.57,489.43,0.5946,-1,-1,-1
268,31,1651.70,414.51,206.41,345.63,0.8204,-1,-1,-1
268,26,505.61,438.02,46.95,122.93,0.4162,-1,-1,-1
268,24,397.72,463.70,51.72,110.46,0.3037,-1,-1,-1
269,5,1360.69,423.38,152.40,412.90,0.8576,-1,-1,-1
269,17,951.85,403.48,175.87,639.08,0.8198,-1,-1,-1
269,3,951.85,403.48,175.87,639.08,0.8198,-1,-1,-1
269,25,678.83,453.59,67.84,183.06,0.6684,-1,-1,-1
269,21,823.85,428.85,125.39,491.67,0.5657,-1,-1,-1
269,31,1651.87,415.33,182.30,341.41,0.8104,-1,-1,-1
269,26,505.26,436.62,47.21,124.41,0.4431,-1,-1,-1
269,33,1120.71,442.83,41.85,113.59,0.3661,-1,-1,-1
270,5,1363.89,423.84,169.32,414.75,0.8497,-1,-1,-1
270,17,953.10,404.22,173.50,638.80,0.8082,-1,-1,-1
270,3,953.10,404.22,173.50,638.80,0.8082,-1,-1,-1
270,25,681.38,452.64,66.41,185.48,0.7006,-1,-1,-1
270,21,825.80,427.25,131.79,493.96,0.5995,-1,-1,-1
270,31,1652.83,410.94,151.86,343.15,0.8016,-1,-1,-1
270,26,505.56,436.16,47.01,124.91,0.4105,-1,-1,-1
271,5,1364.45,423.61,187.41,415.24,0.8315,-1,-1,-1
271,17,955.50,404.91,168.13,638.59,0.7719,-1,-1,-1
271,3,955.50,404.91,168.13,638.59,0.7719,-1,-1,-1
271,25,684.84,449.38,65.37,190.75,0.6165,-1,-1,-1
271,21,826.64,426.42,135.52,495.38,0.6078,-1,-1,-1
271,31,1653.49,412.98,121.12,340.23,0.7668,-1,-1,-1
271,26,506.76,437.13,46.96,123.84,0.3780,-1,-1,-1
272,5,1364.59,425.08,196.76,415.83,0.8647,-1,-1,-1
272,17,959.34,404.28,161.29,639.00,0.8077,-1,-1,-1
272,3,959.34,404.28,161.29,639.00,0.8077,-1,-1,-1
272,25,687.44,446.76,66.42,195.81,0.6513,-1,-1,-1
272,21,829.01,426.42,134.38,495.06,0.6614,-1,-1,-1
272,31,1643.69,414.26,101.19,337.37,0.7025,-1,-1,-1
272,26,507.15,439.73,47.64,121.25,0.3852,-1,-1,-1
273,5,1365.22,426.79,201.23,418.93,0.8805,-1,-1,-1
273,17,962.83,403.49,158.75,639.77,0.8124,-1,-1,-1
273,3,962.83,403.49,158.75,639.77,0.8124,-1,-1,-1
273,25,688.57,444.35,67.23,200.04,0.6530,-1,-1,-1
273,21,830.67,424.71,133.60,496.10,0.6597,-1,-1,-1
273,31,1637.23,424.40,87.04,327.73,0.7105,-1,-1,-1
273,24,393.46,464.04,53.19,109.28,0.3634,-1,-1,-1
274,5,1366.83,425.97,204.98,425.68,0.8753,-1,-1,-1
274,17,964.75,403.30,155.80,640.18,0.8159,-1,-1,-1
274,3,964.75,403.30,155.80,640.18,0.8159,-1,-1,-1
274,25,689.07,447.93,67.47,194.26,0.5842,-1,-1,-1
274,21,832.09,424.51,133.91,495.65,0.6798,-1,-1,-1
274,31,1624.44,433.90,92.59,316.62,0.7957,-1,-1,-1
274,24,393.73,466.64,52.35,106.36,0.3268,-1,-1,-1
275,5,1370.44,424.78,204.98,429.51,0.8779,-1,-1,-1
275,17,966.31,404.24,153.62,639.58,0.7985,-1,-1,-1
275,3,966.31,404.24,153.62,639.58,0.7985,-1,-1,-1
275,25,691.79,448.71,71.66,194.09,0.5695,-1,-1,-1
275,21,832.66,422.99,134.34,496.35,0.6998,-1,-1,-1
275,31,1596.29,437.29,118.61,313.66,0.7850,-1,-1,-1
275,24,392.89,465.52,54.60,107.61,0.3167,-1,-1,-1
275,2,1067.67,425.52,104.24,225.66,0.4191,-1,-1,-1
276,5,1375.53,425.14,199.98,430.15,0.8333,-1,-1,-1
276,17,967.80,402.25,154.22,641.46,0.8142,-1,-1,-1
276,3,967.80,402.25,154.22,641.46,0.8142,-1,-1,-1
276,25,696.79,449.04,68.51,193.01,0.5451,-1,-1,-1
276,21,831.39,423.27,132.47,495.88,0.7014,-1,-1,-1
276,31,1573.47,437.89,138.59,314.87,0.8036,-1,-1,-1
276,2,1071.11,423.16,102.65,227.92,0.4049,-1,-1,-1
276,34,1304.67,427.87,56.99,123.07,0.4032,-1,-1,-1
277,5,1379.63,425.40,196.24,430.39,0.8147,-1,-1,-1
277,17,970.74,403.19,155.19,640.95,0.8281,-1,-1,-1
277,3,970.74,403.19,155.19,640.95,0.8281,-1,-1,-1
277,25,696.09,451.80,66.32,192.26,0.4535,-1,-1,-1
277,21,828.91,423.40,131.67,495.99,0.6846,-1,-1,-1
277,31,1554.47,424.68,156.54,328.46,0.8515,-1,-1,-1
277,2,1076.29,425.76,98.65,224.86,0.3676,-1,-1,-1
278,5,1387.15,425.71,205.10,428.04,0.8072,-1,-1,-1
278,17,971.11,402.02,158.16,642.68,0.8240,-1,-1,-1
278,3,971.11,402.02,158.16,642.68,0.8240,-1,-1,-1
278,25,702.09,452.01,69.81,192.58,0.4968,-1,-1,-1
278,21,830.17,423.10,130.56,496.08,0.7098,-1,-1,-1
278,31,1537.97,447.43,172.75,303.51,0.8509,-1,-1,-1
279,5,1427.05,429.46,164.26,421.97,0.5479,-1,-1,-1
279,17,973.81,401.28,158.40,644.22,0.8245,-1,-1,-1
279,3,973.81,401.28,158.40,644.22,0.8245,-1,-1,-1
279,25,707.10,452.29,74.35,192.63,0.4313,-1,-1,-1
279,21,829.14,421.36,132.05,498.08,0.7360,-1,-1,-1
279,31,1530.74,429.64,178.49,319.82,0.8376,-1,-1,-1
280,5,1447.46,428.93,144.78,422.37,0.7808,-1,-1,-1
280,17,975.55,401.12,162.36,643.76,0.8130,-1,-1,-1
280,3,975.55,401.12,162.36,643.76,0.8130,-1,-1,-1
280,25,711.81,452.20,75.52,193.22,0.5389,-1,-1,-1
280,21,826.75,419.86,135.26,499.56,0.7231,-1,-1,-1
280,31,1542.27,443.60,162.01,302.20,0.7798,-1,-1,-1
280,24,387.56,461.69,56.57,113.41,0.3616,-1,-1,-1
281,5,1458.14,428.61,128.34,421.86,0.7882,-1,-1,-1
281,17,977.60,399.13,165.29,645.16,0.8157,-1,-1,-1
281,3,977.60,399.13,165.29,645.16,0.8157,-1,-1,-1
281,25,714.77,454.98,76.57,191.53,0.6095,-1,-1,-1
281,21,826.88,419.82,141.58,499.53,0.7251,-1,-1,-1
281,31,1546.01,424.12,148.68,323.84,0.6388,-1,-1,-1
281,24,387.06,461.02,59.13,113.06,0.3628,-1,-1,-1
282,5,1467.01,432.96,122.36,418.40,0.7367,-1,-1,-1
282,17,979.11,399.86,168.30,644.19,0.7955,-1,-1,-1
282,3,979.11,399.86,168.30,644.19,0.7955,-1,-1,-1
282,25,714.78,458.28,80.25,187.12,0.5090,-1,-1,-1
282,21,826.42,419.40,149.91,498.36,0.7453,-1,-1,-1
282,31,1542.94,420.44,135.67,322.78,0.5462,-1,-1,-1
282,24,385.88,462.83,54.54,111.77,0.3583,-1,-1,-1
283,5,1472.33,432.18,136.04,421.00,0.7704,-1,-1,-1
283,17,982.64,399.49,168.67,644.51,0.7815,-1,-1,-1
283,3,982.64,399.49,168.67,644.51,0.7815,-1,-1,-1
283,25,716.56,458.75,80.38,185.86,0.6088,-1,-1,-1
283,21,825.75,420.32,162.85,497.65,0.7565,-1,-1,-1
283,24,385.48,463.23,52.75,111.99,0.4532,-1,-1,-1
283,26,504.23,455.13,43.54,104.23,0.3487,-1,-1,-1
284,5,1479.42,429.54,143.10,422.76,0.7980,-1,-1,-1
284,17,989.40,400.67,160.78,642.52,0.7642,-1,-1,-1
284,3,989.40,400.67,160.78,642.52,0.7642,-1,-1,-1
284,25,717.85,457.97,80.59,186.90,0.6900,-1,-1,-1
284,21,825.30,420.67,174.77,498.49,0.7645,-1,-1,-1
284,24,384.12,465.50,55.72,109.80,0.4325,-1,-1,-1
284,26,505.01,456.49,42.08,103.42,0.3522,-1,-1,-1
285,5,1487.57,433.90,142.21,418.62,0.7754,-1,-1,-1
285,17,992.65,403.26,156.72,639.90,0.7922,-1,-1,-1
285,3,992.65,403.26,156.72,639.90,0.7922,-1,-1,-1
285,25,717.12,456.36,82.88,188.42,0.7344,-1,-1,-1
285,21,825.74,425.67,182.94,496.84,0.7772,-1,-1,-1
285,24,382.15,466.82,56.26,108.34,0.4219,-1,-1,-1
285,26,504.63,456.77,42.19,103.34,0.3981,-1,-1,-1
285,35,1346.09,444.29,36.17,102.15,0.4813,-1,-1,-1
286,5,1495.52,434.44,152.47,417.85,0.8167,-1,-1,-1
286,17,995.28,405.57,154.64,637.83,0.7905,-1,-1,-1
286,3,995.28,405.57,154.64,637.83,0.7905,-1,-1,-1
286,25,716.98,454.77,86.13,190.00,0.7744,-1,-1,-1
286,21,825.83,425.41,189.29,498.47,0.7841,-1,-1,-1
286,24,380.76,468.20,55.08,106.75,0.3751,-1,-1,-1
286,26,504.52,457.38,42.11,102.74,0.3730,-1,-1,-1
286,35,1348.78,443.05,35.94,103.02,0.4342,-1,-1,-1
286,19,1472.85,442.67,57.15,194.42,0.4088,-1,-1,-1
287,5,1499.30,431.45,175.00,421.12,0.8300,-1,-1,-1
287,17,995.67,406.40,155.59,637.20,0.7840,-1,-1,-1
287,3,995.67,406.40,155.59,637.20,0.7840,-1,-1,-1
287,25,718.55,454.91,85.62,189.30,0.7629,-1,-1,-1
287,21,828.30,422.43,192.20,500.08,0.8053,-1,-1,-1
287,24,380.31,469.54,51.78,104.77,0.3058,-1,-1,-1
287,26,504.49,457.53,41.87,102.93,0.3373,-1,-1,-1
287,35,1350.79,443.72,35.08,104.30,0.4864,-1,-1,-1
287,19,1477.96,442.23,58.91,193.65,0.5656,-1,-1,-1
288,5,1503.22,430.00,199.99,426.05,0.8567,-1,-1,-1
288,17,997.30,406.61,154.40,637.56,0.7843,-1,-1,-1
288,3,997.30,406.61,154.40,637.56,0.7843,-1,-1,-1
288,25,721.41,449.44,83.25,193.74,0.7402,-1,-1,-1
288,21,830.08,421.46,193.29,500.62,0.8137,-1,-1,-1
288,24,380.81,470.59,48.75,103.98,0.3569,-1,-1,-1
288,26,504.70,456.80,41.47,103.99,0.3756,-1,-1,-1
289,5,1505.71,435.36,219.45,423.28,0.8817,-1,-1,-1
289,17,999.31,407.80,152.99,636.01,0.7846,-1,-1,-1
289,3,999.31,407.80,152.99,636.01,0.7846,-1,-1,-1
289,25,725.49,447.25,81.32,196.47,0.6603,-1,-1,-1
289,21,834.37,422.94,190.13,497.97,0.8087,-1,-1,-1
289,26,505.97,456.47,40.34,104.28,0.3566,-1,-1,-1
289,31,1476.48,414.68,107.35,309.42,0.3418,-1,-1,-1
290,5,1505.71,436.17,235.77,427.86,0.8744,-1,-1,-1
290,17,1002.32,405.88,151.45,637.98,0.8123,-1,-1,-1
290,3,1002.32,405.88,151.45,637.98,0.8123,-1,-1,-1
290,25,729.85,448.14,80.21,195.65,0.6349,-1,-1,-1
290,21,839.14,419.09,185.26,501.91,0.8087,-1,-1,-1
290,26,506.37,456.57,39.10,102.64,0.3478,-1,-1,-1
290,31,1440.85,414.85,132.28,309.08,0.4381,-1,-1,-1
291,5,1504.03,434.77,249.95,433.28,0.8359,-1,-1,-1
291,17,1003.75,404.02,153.27,639.17,0.7856,-1,-1,-1
291,3,1003.75,404.02,153.27,639.17,0.7856,-1,-1,-1
291,25,733.37,452.59,78.78,192.56,0.6254,-1,-1,-1
291,21,835.20,420.48,189.70,501.15,0.8186,-1,-1,-1
291,31,1419.56,421.44,146.32,297.68,0.6329,-1,-1,-1
291,36,677.70,483.09,52.64,121.29,0.3432,-1,-1,-1
292,5,1502.45,435.43,256.13,436.90,0.8561,-1,-1,-1
292,17,1003.46,403.74,155.01,638.87,0.7559,-1,-1,-1
292,3,1003.46,403.74,155.01,638.87,0.7559,-1,-1,-1
292,25,741.31,452.42,70.92,193.23,0.6025,-1,-1,-1
292,21,835.11,422.02,190.31,498.52,0.8116,-1,-1,-1
292,31,1403.17,426.81,154.80,308.52,0.3364,-1,-1,-1
293,5,1502.13,436.54,261.71,441.13,0.8686,-1,-1,-1
293,17,1006.33,404.32,155.09,638.08,0.8018,-1,-1,-1
293,3,1006.33,404.32,155.09,638.08,0.8018,-1,-1,-1
293,25,744.79,450.25,68.92,196.42,0.6662,-1,-1,-1
293,21,839.14,418.67,185.75,502.35,0.8221,-1,-1,-1
293,31,1397.18,429.03,140.23,288.60,0.7031,-1,-1,-1
293,26,505.10,454.71,40.20,104.71,0.3595,-1,-1,-1
294,5,1502.65,435.82,266.56,444.92,0.8660,-1,-1,-1
294,17,1008.09,403.06,154.84,640.38,0.8147,-1,-1,-1
294,3,1008.09,403.06,154.84,640.38,0.8147,-1,-1,-1
294,25,747.52,451.52,64.78,195.09,0.6553,-1,-1,-1
294,21,842.22,415.56,183.05,505.67,0.8319,-1,-1,-1
294,31,1394.42,429.67,139.15,282.32,0.7578,-1,-1,-1
294,26,504.84,456.96,40.42,101.93,0.3391,-1,-1,-1
294,33,1156.79,436.15,42.67,114.94,0.3386,-1,-1,-1
294,19,1529.57,437.70,69.55,217.89,0.4483,-1,-1,-1
294,36,681.16,484.03,50.60,121.95,0.3567,-1,-1,-1
295,5,1502.52,432.12,268.59,447.95,0.8550,-1,-1,-1
295,17,1009.69,402.94,152.28,640.61,0.8107,-1,-1,-1
295,3,1009.69,402.94,152.28,640.61,0.8107,-1,-1,-1
295,25,747.99,451.68,69.04,196.24,0.6379,-1,-1,-1
295,21,845.18,413.49,180.51,507.31,0.8262,-1,-1,-1
295,31,1390.17,429.38,148.16,280.80,0.7585,-1,-1,-1
295,33,1157.44,436.84,44.55,114.24,0.3220,-1,-1,-1
295,19,1537.66,433.31,69.90,220.12,0.4276,-1,-1,-1
296,5,1511.38,430.09,258.64,450.23,0.8342,-1,-1,-1
296,17,1009.49,403.58,154.66,639.43,0.8181,-1,-1,-1
296,3,1009.49,403.58,154.66,639.43,0.8181,-1,-1,-1
296,25,750.69,449.98,73.93,196.80,0.6587,-1,-1,-1
296,21,848.67,412.79,177.40,508.40,0.8369,-1,-1,-1
296,31,1391.32,428.17,144.79,281.33,0.7695,-1,-1,-1
296,33,1157.39,436.58,46.03,114.57,0.3714,-1,-1,-1
296,19,1544.54,431.40,75.91,221.50,0.3583,-1,-1,-1
297,5,1527.18,429.95,240.45,449.96,0.7891,-1,-1,-1
297,17,1011.14,404.60,154.90,637.77,0.8149,-1,-1,-1
297,3,1011.14,404.60,154.90,637.77,0.8149,-1,-1,-1
297,25,757.18,448.47,71.49,199.23,0.7290,-1,-1,-1
297,21,852.79,409.88,173.21,511.50,0.8351,-1,-1,-1
297,31,1394.99,432.38,137.75,277.33,0.7833,-1,-1,-1
297,33,1157.95,436.71,46.72,115.54,0.3652,-1,-1,-1
297,19,1553.16,437.72,77.77,216.60,0.4020,-1,-1,-1
298,5,1540.74,430.79,227.23,447.38,0.7480,-1,-1,-1
298,17,1010.78,405.57,157.29,636.30,0.8084,-1,-1,-1
298,3,1010.78,405.57,157.29,636.30,0.8084,-1,-1,-1
298,25,757.70,447.57,71.89,200.00,0.7162,-1,-1,-1
298,21,855.26,410.06,170.81,512.58,0.8062,-1,-1,-1
298,31,1395.02,438.50,126.97,269.52,0.7830,-1,-1,-1
298,33,1158.01,436.47,48.00,116.65,0.4040,-1,-1,-1
298,19,1562.84,432.20,77.83,217.27,0.3780,-1,-1,-1
299,5,1554.79,425.78,219.95,454.16,0.7704,-1,-1,-1
299,17,1010.77,405.17,160.40,635.47,0.8110,-1,-1,-1
299,3,1010.77,405.17,160.40,635.47,0.8110,-1,-1,-1
299,25,762.09,450.45,71.02,199.13,0.7053,-1,-1,-1
299,21,865.57,413.55,160.65,512.68,0.7732,-1,-1,-1
299,31,1394.01,447.25,112.81,259.88,0.7394,-1,-1,-1
299,19,1571.60,424.41,86.48,224.85,0.3318,-1,-1,-1
300,5,1574.55,423.33,196.20,457.02,0.6960,-1,-1,-1
300,17,1012.04,405.32,161.98,632.27,0.8217,-1,-1,-1
300,3,1012.04,405.32,161.98,632.27,0.8217,-1,-1,-1
300,25,765.16,450.86,70.67,198.99,0.7143,-1,-1,-1
300,21,875.54,417.49,148.98,513.52,0.7724,-1,-1,-1
300,31,1385.73,430.37,102.76,276.24,0.7878,-1,-1,-1
300,19,1579.78,424.93,83.95,224.36,0.4270,-1,-1,-1
301,5,1604.82,422.05,181.34,457.39,0.7297,-1,-1,-1
301,17,1011.00,404.98,161.36,629.72,0.8168,-1,-1,-1
301,3,1011.00,404.98,161.36,629.72,0.8168,-1,-1,-1
301,25,769.38,449.96,68.29,199.82,0.7478,-1,-1,-1
301,21,884.19,418.73,139.03,520.48,0.7648,-1,-1,-1
301,31,1381.02,442.67,88.78,263.47,0.8123,-1,-1,-1
301,19,1584.38,425.34,87.35,223.31,0.3799,-1,-1,-1
301,24,378.82,468.03,44.71,105.95,0.3903,-1,-1,-1
302,5,1628.16,417.09,164.23,463.32,0.7632,-1,-1,-1
302,17,1008.58,405.87,164.36,625.45,0.8146,-1,-1,-1
302,3,1008.58,405.87,164.36,625.45,0.8146,-1,-1,-1
302,25,770.91,454.11,71.23,196.75,0.7887,-1,-1,-1
302,21,889.17,419.16,134.22,527.20,0.7534,-1,-1,-1
302,31,1371.97,451.00,85.62,255.85,0.8321,-1,-1,-1
302,19,1589.38,422.35,93.72,227.72,0.3660,-1,-1,-1
302,24,379.39,468.55,44.07,104.85,0.4011,-1,-1,-1
302,26,506.79,460.14,36.14,98.74,0.3998,-1,-1,-1
303,5,1646.63,411.17,152.14,475.68,0.7716,-1,-1,-1
303,17,1011.07,405.14,163.19,622.37,0.8101,-1,-1,-1
303,3,1011.07,405.14,163.19,622.37,0.8101,-1,-1,-1
303,25,771.95,454.15,71.92,197.74,0.7770,-1,-1,-1
303,21,879.30,420.55,144.64,528.58,0.7568,-1,-1,-1
303,31,1359.85,430.70,88.17,275.24,0.7920,-1,-1,-1
303,19,1595.12,419.49,94.07,229.82,0.3898,-1,-1,-1
303,24,378.88,466.64,44.43,106.85,0.4222,-1,-1,-1
303,38,0.13,655.53,116.63,202.92,0.6845,-1,-1,-1
303,26,506.33,459.65,36.40,99.95,0.4128,-1,-1,-1
304,5,1660.53,410.14,153.23,486.20,0.7764,-1,-1,-1
304,17,1012.41,404.31,168.57,622.54,0.8100,-1,-1,-1
304,3,1012.41,404.31,168.57,622.54,0.8100,-1,-1,-1
304,25,773.90,453.99,74.60,198.72,0.7693,-1,-1,-1
304,21,871.48,420.28,153.53,530.87,0.7955,-1,-1,-1
304,31,1345.99,423.86,95.23,281.84,0.7748,-1,-1,-1
304,19,1603.10,419.18,93.19,230.63,0.3360,-1,-1,-1
304,24,378.50,466.54,44.61,106.93,0.3867,-1,-1,-1
304,38,0.06,579.39,118.60,278.90,0.7205,-1,-1,-1
304,26,505.61,459.19,37.63,101.31,0.4884,-1,-1,-1
305,5,1670.15,412.69,150.62,491.68,0.7422,-1,-1,-1
305,17,1012.59,404.25,179.53,620.59,0.7974,-1,-1,-1
305,3,1012.59,404.25,179.53,620.59,0.7974,-1,-1,-1
305,25,774.95,451.41,76.03,203.10,0.7744,-1,-1,-1
305,21,873.29,420.76,151.81,531.09,0.7792,-1,-1,-1
305,31,1336.50,424.45,100.42,281.02,0.7664,-1,-1,-1
305,19,1611.48,411.70,93.66,239.11,0.3243,-1,-1,-1
305,24,377.73,466.34,45.37,107.28,0.3844,-1,-1,-1
305,38,0.32,512.00,117.87,346.44,0.6244,-1,-1,-1
305,26,505.54,457.96,37.44,102.66,0.4557,-1,-1,-1
305,33,1182.96,439.40,38.25,109.95,0.3832,-1,-1,-1
306,5,1674.17,415.68,167.10,495.15,0.8635,-1,-1,-1
306,17,1014.32,404.79,191.72,616.93,0.8195,-1,-1,-1
306,3,1014.32,404.79,191.72,616.93,0.8195,-1,-1,-1
306,25,776.63,448.48,76.23,206.72,0.7658,-1,-1,-1
306,21,874.80,420.35,151.15,532.02,0.7989,-1,-1,-1
306,31,1321.96,434.48,113.71,268.94,0.8030,-1,-1,-1
306,19,1615.68,411.61,102.87,322.28,0.3464,-1,-1,-1
306,24,377.35,466.06,46.14,107.89,0.3836,-1,-1,-1
306,38,0.18,470.29,121.81,389.51,0.7369,-1,-1,-1
306,26,504.50,457.56,39.18,103.37,0.4752,-1,-1,-1
306,33,1183.91,441.26,40.30,107.93,0.5471,-1,-1,-1
307,5,1679.03,414.04,199.30,501.35,0.8524,-1,-1,-1
307,17,1016.18,402.85,200.87,617.10,0.8296,-1,-1,-1
307,3,1016.18,402.85,200.87,617.10,0.8296,-1,-1,-1
307,25,779.43,450.79,74.16,203.70,0.7216,-1,-1,-1
307,21,873.46,419.91,153.06,532.41,0.8146,-1,-1,-1
307,31,1311.15,445.48,124.28,255.73,0.8040,-1,-1,-1
307,19,1616.43,409.31,114.12,372.57,0.5688,-1,-1,-1
307,24,378.28,466.49,45.36,107.40,0.3605,-1,-1,-1
307,38,0.38,419.33,122.82,441.59,0.7495,-1,-1,-1
307,26,504.07,460.16,38.76,100.87,0.4177,-1,-1,-1
307,33,1185.33,442.37,40.61,106.21,0.5618,-1,-1,-1
308,5,1680.47,416.78,224.37,500.43,0.8347,-1,-1,-1
308,17,1016.61,401.79,210.97,616.04,0.8432,-1,-1,-1
308,3,1016.61,401.79,210.97,616.04,0.8432,-1,-1,-1
308,25,782.14,449.83,72.38,203.93,0.7512,-1,-1,-1
308,21,874.30,420.31,152.74,532.08,0.8197,-1,-1,-1
308,31,1301.31,436.80,132.63,263.44,0.8114,-1,-1,-1
308,19,1611.82,404.32,126.92,396.78,0.6373,-1,-1,-1
308,24,377.92,466.77,46.55,107.15,0.3476,-1,-1,-1
308,38,0.50,394.26,123.58,466.71,0.7871,-1,-1,-1
308,26,502.81,461.76,40.15,99.42,0.4124,-1,-1,-1
308,33,1186.78,442.56,42.64,105.75,0.4954,-1,-1,-1
308,32,731.55,478.46,46.91,117.38,0.3389,-1,-1,-1
309,5,1680.14,417.52,235.80,503.18,0.8584,-1,-1,-1
309,17,1016.96,400.00,220.44,616.15,0.8481,-1,-1,-1
309,3,1016.96,400.00,220.44,616.15,0.8481,-1,-1,-1
309,25,788.72,447.68,68.60,206.92,0.7213,-1,-1,-1
309,21,873.36,421.06,153.42,530.72,0.8312,-1,-1,-1
309,31,1293.87,433.33,137.77,267.28,0.8020,-1,-1,-1
309,19,1612.56,404.81,134.59,405.21,0.5930,-1,-1,-1
309,24,378.08,465.65,46.18,107.99,0.3298,-1,-1,-1
309,38,0.49,381.62,123.91,479.53,0.8110,-1,-1,-1
309,26,501.37,461.45,41.56,99.63,0.4334,-1,-1,-1
309,33,1189.31,443.48,40.74,104.28,0.4218,-1,-1,-1
309,32,731.95,477.86,48.98,118.69,0.3718,-1,-1,-1
310,5,1677.50,417.74,245.53,509.50,0.8810,-1,-1,-1
310,17,1017.43,399.84,228.01,615.12,0.8571,-1,-1,-1
310,3,1017.43,399.84,228.01,615.12,0.8571,-1,-1,-1
310,25,793.87,445.52,65.30,209.50,0.7222,-1,-1,-1
310,21,874.25,421.61,151.99,530.09,0.8078,-1,-1,-1
310,31,1288.11,430.33,139.18,269.48,0.7630,-1,-1,-1
310,19,1617.15,406.90,139.25,407.07,0.5088,-1,-1,-1
310,38,0.41,377.31,124.11,483.76,0.8049,-1,-1,-1
310,26,499.64,460.51,42.88,100.65,0.4626,-1,-1,-1
310,33,1190.64,444.91,41.26,103.05,0.4923,-1,-1,-1
310,32,732.41,479.58,49.55,118.04,0.3740,-1,-1,-1
311,5,1674.96,418.89,250.97,514.33,0.8748,-1,-1,-1
311,17,1016.77,401.57,232.13,613.10,0.8585,-1,-1,-1
311,3,1016.77,401.57,232.13,613.10,0.8585,-1,-1,-1
311,25,798.11,444.71,64.10,211.01,0.7321,-1,-1,-1
311,21,873.69,421.04,152.71,530.59,0.8186,-1,-1,-1
311,31,1285.61,431.44,131.81,264.97,0.7590,-1,-1,-1
311,19,1638.14,407.71,125.70,411.70,0.4776,-1,-1,-1
311,38,0.17,375.00,121.71,483.79,0.8183,-1,-1,-1
311,26,499.00,457.36,44.60,103.54,0.4800,-1,-1,-1
311,33,1190.89,446.29,41.43,101.27,0.5112,-1,-1,-1
311,32,732.53,479.53,50.89,118.94,0.4492,-1,-1,-1
312,5,1675.26,419.76,251.46,515.97,0.8618,-1,-1,-1
312,17,1019.16,403.12,230.66,611.49,0.8612,-1,-1,-1
312,3,1019.16,403.12,230.66,611.49,0.8612,-1,-1,-1
312,25,800.01,446.85,66.04,209.46,0.7321,-1,-1,-1
312,21,872.02,420.55,154.96,531.53,0.8327,-1,-1,-1
312,31,1278.79,430.45,122.77,261.39,0.7649,-1,-1,-1
312,19,1627.79,409.73,144.09,411.94,0.5100,-1,-1,-1
312,38,0.14,374.06,125.58,485.53,0.8304,-1,-1,-1
312,26,498.56,455.83,45.32,105.36,0.4222,-1,-1,-1
312,33,1191.83,443.90,40.94,104.96,0.4681,-1,-1,-1
312,32,732.39,479.86,52.21,118.82,0.4649,-1,-1,-1
313,5,1679.49,421.26,246.77,516.29,0.8692,-1,-1,-1
313,17,1020.11,402.77,230.57,611.80,0.8613,-1,-1,-1
313,3,1020.11,402.77,230.57,611.80,0.8613,-1,-1,-1
313,25,800.96,445.69,72.98,211.23,0.7279,-1,-1,-1
313,21,870.83,419.89,156.65,532.40,0.8132,-1,-1,-1
313,31,1273.25,431.71,113.25,257.70,0.7861,-1,-1,-1
313,19,1623.93,411.48,159.78,407.61,0.4772,-1,-1,-1
313,38,1.07,375.32,136.26,485.03,0.8576,-1,-1,-1
313,26,498.34,457.29,45.26,104.28,0.3889,-1,-1,-1
313,33,1192.00,441.53,42.82,108.67,0.4889,-1,-1,-1
313,32,732.70,479.04,52.13,118.96,0.4911,-1,-1,-1
314,5,1687.72,419.72,237.58,518.58,0.8701,-1,-1,-1
314,17,1021.94,402.43,228.20,611.40,0.8651,-1,-1,-1
314,3,1021.94,402.43,228.20,611.40,0.8651,-1,-1,-1
314,25,802.55,445.44,75.34,211.69,0.7232,-1,-1,-1
314,21,869.77,419.27,158.60,533.14,0.8199,-1,-1,-1
314,31,1273.50,428.42,97.62,259.84,0.8068,-1,-1,-1
314,19,1625.88,413.70,166.43,402.67,0.3584,-1,-1,-1
314,38,5.84,378.04,148.94,480.55,0.8538,-1,-1,-1
314,26,497.31,456.24,46.28,105.59,0.4149,-1,-1,-1
314,33,1192.49,439.65,44.23,111.36,0.5536,-1,-1,-1
314,32,733.42,481.36,50.55,116.44,0.4096,-1,-1,-1
315,5,1748.75,421.20,176.01,517.86,0.7133,-1,-1,-1
315,17,1027.13,400.34,222.92,614.16,0.8600,-1,-1,-1
315,3,1027.13,400.34,222.92,614.16,0.8600,-1,-1,-1
315,25,805.27,443.85,77.14,213.77,0.7224,-1,-1,-1
315,21,868.62,417.72,161.12,534.56,0.8150,-1,-1,-1
315,31,1272.15,427.09,86.14,259.94,0.7805,-1,-1,-1
315,19,1629.29,417.08,201.83,448.56,0.4212,-1,-1,-1
315,38,13.36,382.73,173.21,477.80,0.8670,-1,-1,-1
315,26,497.43,454.66,45.48,106.56,0.4373,-1,-1,-1
315,33,1193.73,435.96,43.42,114.93,0.5376,-1,-1,-1
315,32,732.46,480.91,50.63,116.89,0.3636,-1,-1,-1
316,5,1781.43,418.13,141.59,519.27,0.7918,-1,-1,-1
316,17,1032.59,401.10,215.92,612.42,0.8603,-1,-1,-1
316,3,1032.59,401.10,215.92,612.42,0.8603,-1,-1,-1
316,25,806.13,444.02,79.07,214.83,0.6924,-1,-1,-1
316,21,867.46,416.28,161.36,535.96,0.8043,-1,-1,-1
316,31,1270.98,427.67,75.85,260.90,0.7538,-1,-1,-1
316,19,1637.51,414.94,212.54,470.02,0.6289,-1,-1,-1
316,38,17.32,390.53,205.10,471.47,0.8803,-1,-1,-1
316,26,497.77,453.47,44.63,107.81,0.4589,-1,-1,-1
316,33,1195.10,435.88,44.74,115.05,0.6065,-1,-1,-1
316,32,731.46,481.14,51.20,116.21,0.3197,-1,-1,-1
317,5,1799.03,416.42,123.43,518.92,0.7082,-1,-1,-1
317,17,1035.96,400.18,212.24,613.62,0.8566,-1,-1,-1
317,3,1035.96,400.18,212.24,613.62,0.8566,-1,-1,-1
317,25,807.67,443.66,72.40,216.53,0.6835,-1,-1,-1
317,21,866.09,417.07,164.87,534.69,0.8188,-1,-1,-1
317,31,1265.40,423.49,74.65,263.29,0.7735,-1,-1,-1
317,19,1646.17,410.75,206.90,475.96,0.5928,-1,-1,-1
317,38,18.52,392.50,235.25,469.82,0.8818,-1,-1,-1
317,26,497.93,451.88,43.54,109.56,0.4668,-1,-1,-1
317,33,1196.40,436.83,44.18,114.16,0.5819,-1,-1,-1
317,32,731.72,481.71,50.82,115.70,0.3410,-1,-1,-1
317,24,378.19,463.94,45.01,111.11,0.3872,-1,-1,-1
318,5,1790.99,419.71,129.95,524.25,0.6349,-1,-1,-1
318,17,1039.07,399.97,209.61,613.14,0.8525,-1,-1,-1
318,3,1039.07,399.97,209.61,613.14,0.8525,-1,-1,-1
318,25,808.70,443.60,70.37,216.72,0.6698,-1,-1,-1
318,21,867.35,417.03,165.18,534.83,0.8159,-1,-1,-1
318,31,1258.12,427.14,77.77,259.07,0.7974,-1,-1,-1
318,19,1673.38,409.22,176.24,448.96,0.3688,-1,-1,-1
318,38,18.43,393.70,262.30,469.47,0.9009,-1,-1,-1
318,26,497.48,452.72,42.72,108.55,0.4916,-1,-1,-1
318,33,1198.66,437.22,44.75,112.67,0.5599,-1,-1,-1
318,32,731.07,481.60,51.14,115.65,0.3322,-1,-1,-1
318,24,377.60,463.32,45.63,110.95,0.3313,-1,-1,-1
319,5,1809.87,416.86,110.98,525.60,0.6741,-1,-1,-1
319,17,1041.34,400.25,207.39,611.99,0.8537,-1,-1,-1
319,3,1041.34,400.25,207.39,611.99,0.8537,-1,-1,-1
319,25,813.37,444.29,70.49,215.14,0.6719,-1,-1,-1
319,21,866.68,416.39,166.46,535.50,0.8182,-1,-1,-1
319,31,1246.54,427.43,87.76,259.17,0.7734,-1,-1,-1
319,19,1705.87,403.71,147.32,448.79,0.4393,-1,-1,-1
319,38,18.64,393.69,278.52,469.96,0.8974,-1,-1,-1
319,26,496.86,453.54,41.78,107.84,0.4818,-1,-1,-1
319,33,1200.77,438.68,44.74,110.33,0.5847,-1,-1,-1
319,24,377.43,462.92,46.06,111.34,0.3379,-1,-1,-1
320,5,1828.41,417.54,92.09,523.97,0.7307,-1,-1,-1
320,17,1044.83,401.16,203.29,610.79,0.8578,-1,-1,-1
320,3,1044.83,401.16,203.29,610.79,0.8578,-1,-1,-1
320,25,816.11,444.95,72.13,214.49,0.6275,-1,-1,-1
320,21,865.92,416.47,168.72,534.89,0.8257,-1,-1,-1
320,31,1233.92,433.57,100.35,254.19,0.7426,-1,-1,-1
320,19,1707.96,399.21,150.03,458.08,0.5095,-1,-1,-1
320,38,20.44,396.09,288.23,466.46,0.8932,-1,-1,-1
320,26,496.53,451.17,41.19,110.01,0.4493,-1,-1,-1
320,33,1202.82,440.36,44.30,108.29,0.4242,-1,-1,-1
321,5,1844.20,425.31,75.99,516.38,0.7350,-1,-1,-1
321,17,1047.51,400.82,200.36,611.12,0.8621,-1,-1,-1
321,3,1047.51,400.82,200.36,611.12,0.8621,-1,-1,-1
321,25,818.74,447.23,69.90,211.86,0.6443,-1,-1,-1
321,21,867.37,417.04,166.46,534.35,0.8209,-1,-1,-1
321,31,1231.63,434.88,103.02,252.21,0.7711,-1,-1,-1
321,19,1716.14,400.01,147.89,449.48,0.5450,-1,-1,-1
321,38,22.16,397.36,293.00,464.28,0.8873,-1,-1,-1
321,26,495.60,448.92,40.54,112.14,0.4158,-1,-1,-1
321,33,1206.01,442.40,42.33,99.31,0.3212,-1,-1,-1
321,39,1437.92,435.25,43.21,114.30,0.5420,-1,-1,-1
322,5,1856.31,427.31,63.54,513.64,0.6969,-1,-1,-1
322,17,1049.08,403.12,198.24,609.43,0.8587,-1,-1,-1
322,3,1049.08,403.12,198.24,609.43,0.8587,-1,-1,-1
322,25,820.24,448.43,70.91,210.92,0.6702,-1,-1,-1
322,21,868.15,416.77,164.41,534.61,0.8249,-1,-1,-1
322,31,1229.23,440.79,105.55,245.14,0.7589,-1,-1,-1
322,19,1728.99,395.62,143.94,451.97,0.5507,-1,-1,-1
322,38,24.64,399.28,298.23,456.34,0.8863,-1,-1,-1
322,26,493.84,446.82,41.74,114.48,0.4478,-1,-1,-1
322,39,1437.15,434.74,45.49,114.62,0.5469,-1,-1,-1
322,24,376.76,462.53,46.69,111.64,0.3774,-1,-1,-1
323,5,1861.66,453.87,58.00,488.30,0.6178,-1,-1,-1
323,17,1051.14,402.51,195.55,609.54,0.8646,-1,-1,-1
323,3,1051.14,402.51,195.55,609.54,0.8646,-1,-1,-1
323,25,821.14,451.68,73.20,207.50,0.6412,-1,-1,-1
323,21,869.78,415.88,165.05,535.49,0.8171,-1,-1,-1
323,31,1228.45,441.23,103.14,243.51,0.7667,-1,-1,-1
323,19,1737.89,393.18,143.13,452.52,0.6868,-1,-1,-1
323,38,25.96,402.01,302.36,450.56,0.8895,-1,-1,-1
323,26,492.93,446.13,42.57,114.95,0.4652,-1,-1,-1
323,39,1436.91,437.67,50.10,111.13,0.4976,-1,-1,-1
323,24,376.58,462.85,46.65,111.51,0.4019,-1,-1,-1
324,5,1862.74,450.50,56.83,493.37,0.5791,-1,-1,-1
324,17,1054.45,400.51,192.20,611.66,0.8561,-1,-1,-1
324,3,1054.45,400.51,192.20,611.66,0.8561,-1,-1,-1
324,25,821.67,455.62,74.21,203.11,0.6246,-1,-1,-1
324,21,871.69,415.95,164.62,535.54,0.8082,-1,-1,-1
324,31,1222.60,439.16,103.87,245.71,0.7491,-1,-1,-1
324,19,1748.52,392.50,141.86,454.83,0.6025,-1,-1,-1
324,38,31.06,403.63,299.86,444.88,0.8970,-1,-1,-1
324,26,492.09,446.31,42.94,114.76,0.4750,-1,-1,-1
324,39,1439.21,440.51,52.00,108.25,0.5522,-1,-1,-1
324,24,376.65,463.73,46.28,110.72,0.4080,-1,-1,-1
325,5,1865.03,416.51,54.53,525.76,0.5325,-1,-1,-1
325,17,1056.53,398.81,190.81,613.33,0.8534,-1,-1,-1
325,3,1056.53,398.81,190.81,613.33,0.8534,-1,-1,-1
325,25,825.53,447.24,76.01,213.81,0.4451,-1,-1,-1
325,21,873.71,415.52,163.23,535.83,0.8057,-1,-1,-1
325,31,1217.78,442.87,102.87,241.50,0.6806,-1,-1,-1
325,19,1758.24,391.61,152.61,467.58,0.5502,-1,-1,-1
325,38,39.65,403.36,292.54,443.90,0.9013,-1,-1,-1
325,26,491.84,446.46,42.42,115.48,0.4745,-1,-1,-1
325,39,1443.42,440.12,51.81,108.05,0.5733,-1,-1,-1
325,24,376.29,464.07,47.19,110.52,0.4271,-1,-1,-1
326,5,1863.15,410.40,56.26,532.85,0.3079,-1,-1,-1
326,17,1057.67,398.52,190.50,613.95,0.8586,-1,-1,-1
326,3,1057.67,398.52,190.50,613.95,0.8586,-1,-1,-1
326,25,828.26,442.37,79.89,220.45,0.3754,-1,-1,-1
326,21,875.29,415.67,162.20,535.87,0.7935,-1,-1,-1
326,31,1212.33,451.82,98.87,229.61,0.5429,-1,-1,-1
326,19,1765.11,393.14,154.61,493.87,0.6151,-1,-1,-1
326,38,54.09,403.64,278.07,440.63,0.8901,-1,-1,-1
326,26,490.64,445.62,43.63,116.26,0.4508,-1,-1,-1
326,39,1446.29,441.53,50.92,106.93,0.5906,-1,-1,-1
326,24,376.65,465.33,46.99,109.71,0.4038,-1,-1,-1
327,17,1058.28,396.51,190.21,616.58,0.8637,-1,-1,-1
327,3,1058.28,396.51,190.21,616.58,0.8637,-1,-1,-1
327,25,841.27,442.97,67.81,166.03,0.3473,-1,-1,-1
327,21,878.59,416.65,158.86,534.86,0.7846,-1,-1,-1
327,31,1207.02,439.29,74.76,202.76,0.4024,-1,-1,-1
327,19,1770.33,392.15,152.55,525.71,0.7191,-1,-1,-1
327,38,76.77,402.07,254.58,438.36,0.8739,-1,-1,-1
327,26,489.80,445.25,43.56,116.33,0.5022,-1,-1,-1
327,39,1448.01,441.84,52.90,106.48,0.5944,-1,-1,-1
327,24,376.38,466.34,47.73,108.59,0.4020,-1,-1,-1
328,17,1058.25,395.98,191.43,617.50,0.8601,-1,-1,-1
328,3,1058.25,395.98,191.43,617.50,0.8601,-1,-1,-1
328,25,852.41,444.57,59.01,137.65,0.3226,-1,-1,-1
328,21,879.74,415.96,157.70,535.78,0.7550,-1,-1,-1
328,31,1202.15,442.85,78.93,218.84,0.3385,-1,-1,-1
328,19,1771.81,389.03,151.81,545.65,0.7892,-1,-1,-1
328,38,98.14,394.15,233.03,439.17,0.8825,-1,-1,-1
328,26,489.67,448.80,42.05,112.82,0.3992,-1,-1,-1
328,39,1452.24,442.59,48.35,105.29,0.6214,-1,-1,-1
328,24,377.09,466.92,47.55,108.52,0.4559,-1,-1,-1
328,32,733.74,484.82,48.93,112.47,0.3386,-1,-1,-1
329,17,1058.28,398.13,191.78,615.97,0.8602,-1,-1,-1
329,3,1058.28,398.13,191.78,615.97,0.8602,-1,-1,-1
329,21,876.05,417.42,161.96,535.85,0.7763,-1,-1,-1
329,19,1770.25,393.21,153.42,547.08,0.8196,-1,-1,-1
329,38,120.68,392.05,208.97,435.05,0.8311,-1,-1,-1
329,26,489.59,452.06,42.11,109.72,0.3907,-1,-1,-1
329,39,1456.80,442.00,42.90,104.13,0.5393,-1,-1,-1
329,24,377.25,467.10,47.49,107.92,0.4093,-1,-1,-1
329,32,733.63,484.52,49.12,113.34,0.3481,-1,-1,-1
330,17,1058.33,396.82,191.68,617.53,0.8641,-1,-1,-1
330,3,1058.33,396.82,191.68,617.53,0.8641,-1,-1,-1
330,21,870.87,418.97,168.79,534.16,0.8044,-1,-1,-1
330,19,1769.85,395.54,153.65,541.24,0.7417,-1,-1,-1
330,38,145.21,396.87,182.47,427.27,0.8072,-1,-1,-1
330,26,488.96,452.49,42.55,109.35,0.4433,-1,-1,-1
330,39,1460.25,441.51,39.68,103.36,0.4590,-1,-1,-1
330,24,377.60,466.77,47.02,107.53,0.4268,-1,-1,-1
330,32,734.86,484.86,47.66,112.60,0.3625,-1,-1,-1
331,17,1058.51,395.75,193.07,618.57,0.8649,-1,-1,-1
331,3,1058.51,395.75,193.07,618.57,0.8649,-1,-1,-1
331,21,869.47,419.94,171.46,532.93,0.8023,-1,-1,-1
331,19,1769.92,392.46,153.19,490.55,0.7401,-1,-1,-1
331,38,172.24,394.20,156.13,428.89,0.7998,-1,-1,-1
331,26,488.03,452.99,42.94,109.01,0.3925,-1,-1,-1
331,39,1464.02,440.88,37.78,104.43,0.5805,-1,-1,-1
331,24,377.30,465.82,47.31,108.31,0.4195,-1,-1,-1
331,32,734.82,483.93,47.27,113.89,0.3470,-1,-1,-1
332,17,1059.17,396.35,193.62,618.77,0.8638,-1,-1,-1
332,3,1059.17,396.35,193.62,618.77,0.8638,-1,-1,-1
332,21,870.90,420.25,173.91,532.44,0.8235,-1,-1,-1
332,19,1770.55,393.64,152.34,469.78,0.7843,-1,-1,-1
332,38,199.86,392.70,137.08,430.38,0.7750,-1,-1,-1
332,26,488.63,451.41,41.79,110.78,0.4048,-1,-1,-1
332,39,1467.03,440.24,39.43,105.95,0.5811,-1,-1,-1
332,24,377.68,463.58,47.24,111.82,0.4438,-1,-1,-1
332,32,736.19,484.26,46.56,113.60,0.3068,-1,-1,-1
333,17,1059.95,396.99,194.69,618.08,0.8717,-1,-1,-1
333,3,1059.95,396.99,194.69,618.08,0.8717,-1,-1,-1
333,21,871.69,419.78,175.70,532.93,0.8293,-1,-1,-1
333,19,1770.56,393.90,151.99,464.03,0.7827,-1,-1,-1
333,38,217.89,390.59,132.72,432.47,0.7502,-1,-1,-1
333,26,490.25,452.54,40.38,109.33,0.3879,-1,-1,-1
333,39,1471.03,440.38,38.65,104.49,0.5667,-1,-1,-1
333,32,738.20,482.40,45.46,115.91,0.3105,-1,-1,-1
333,40,0.39,592.15,109.74,197.51,0.3756,-1,-1,-1
334,17,1061.03,396.68,193.57,618.44,0.8760,-1,-1,-1
334,3,1061.03,396.68,193.57,618.44,0.8760,-1,-1,-1
334,21,872.42,420.15,176.77,532.48,0.8306,-1,-1,-1
334,19,1775.62,392.45,146.51,462.94,0.6605,-1,-1,-1
334,38,226.19,399.03,141.17,423.45,0.7157,-1,-1,-1
334,26,490.95,453.13,39.45,108.63,0.3504,-1,-1,-1
334,39,1472.88,440.37,37.54,105.64,0.4883,-1,-1,-1
334,32,739.07,482.35,45.57,116.23,0.3447,-1,-1,-1
334,40,0.51,484.50,126.56,306.79,0.6673,-1,-1,-1
335,17,1061.44,396.73,191.99,617.58,0.8784,-1,-1,-1
335,3,1061.44,396.73,191.99,617.58,0.8784,-1,-1,-1
335,21,872.64,419.57,177.53,532.93,0.8365,-1,-1,-1
335,19,1780.91,402.89,140.82,453.82,0.6196,-1,-1,-1
335,38,206.99,414.79,177.76,407.14,0.7265,-1,-1,-1
335,26,490.36,449.93,40.03,112.43,0.4444,-1,-1,-1
335,39,1474.26,439.03,38.25,106.53,0.5403,-1,-1,-1
335,32,739.00,481.52,45.45,117.80,0.3814,-1,-1,-1
335,40,0.43,449.51,139.68,337.45,0.6942,-1,-1,-1
336,17,1060.70,396.63,192.42,617.50,0.8792,-1,-1,-1
336,3,1060.70,396.63,192.42,617.50,0.8792,-1,-1,-1
336,21,873.13,420.45,175.64,532.07,0.8424,-1,-1,-1
336,19,1789.19,429.25,132.20,429.15,0.5107,-1,-1,-1
336,38,209.49,414.95,189.20,404.57,0.6278,-1,-1,-1
336,26,489.11,447.93,40.22,113.36,0.4381,-1,-1,-1
336,39,1475.60,438.17,37.41,106.61,0.5230,-1,-1,-1
336,32,737.44,482.68,46.54,116.27,0.3296,-1,-1,-1
336,40,0.31,429.23,147.06,358.51,0.8055,-1,-1,-1
337,17,1060.80,397.06,194.19,617.52,0.8804,-1,-1,-1
337,3,1060.80,397.06,194.19,617.52,0.8804,-1,-1,-1
337,21,873.96,419.72,174.49,532.86,0.8339,-1,-1,-1
337,19,1803.33,436.41,117.51,421.95,0.3927,-1,-1,-1
337,38,222.49,424.56,194.71,398.00,0.7150,-1,-1,-1
337,39,1476.22,436.70,39.09,108.95,0.5357,-1,-1,-1
337,32,735.85,483.00,47.12,116.96,0.3874,-1,-1,-1
337,40,0.33,423.50,151.70,363.23,0.8233,-1,-1,-1
338,17,1061.18,397.23,195.62,617.15,0.8736,-1,-1,-1
338,3,1061.18,397.23,195.62,617.15,0.8736,-1,-1,-1
338,21,874.84,418.74,175.75,534.25,0.8205,-1,-1,-1
338,38,229.40,435.59,209.69,387.36,0.7954,-1,-1,-1
338,39,1478.92,436.20,40.59,109.45,0.5943,-1,-1,-1
338,32,735.23,483.42,47.48,116.76,0.3667,-1,-1,-1
338,40,0.53,428.05,152.33,357.71,0.8322,-1,-1,-1
339,17,1062.30,396.68,193.61,617.45,0.8826,-1,-1,-1
339,3,1062.30,396.68,193.61,617.45,0.8826,-1,-1,-1
339,21,875.46,418.42,173.68,534.80,0.8225,-1,-1,-1
339,38,236.90,415.59,215.07,406.98,0.8187,-1,-1,-1
339,39,1481.53,436.94,41.64,108.80,0.5211,-1,-1,-1
339,32,736.45,484.75,46.08,114.91,0.4452,-1,-1,-1
339,40,0.60,429.47,153.11,355.62,0.8345,-1,-1,-1
340,17,1062.77,398.12,194.35,615.67,0.8841,-1,-1,-1
340,3,1062.77,398.12,194.35,615.67,0.8841,-1,-1,-1
340,21,876.91,418.25,170.84,534.85,0.8207,-1,-1,-1
340,38,237.26,409.03,224.31,413.90,0.8486,-1,-1,-1
340,39,1484.11,436.82,41.13,109.30,0.4274,-1,-1,-1
340,32,736.82,484.99,45.23,114.27,0.4512,-1,-1,-1
340,40,0.61,429.12,151.97,356.68,0.8386,-1,-1,-1
340,43,679.90,491.68,49.30,112.50,0.3515,-1,-1,-1
341,17,1063.79,401.47,194.19,612.36,0.8853,-1,-1,-1
341,3,1063.79,401.47,194.19,612.36,0.8853,-1,-1,-1
341,21,878.11,418.03,169.28,534.71,0.8211,-1,-1,-1
341,38,241.56,423.22,223.00,398.99,0.8177,-1,-1,-1
341,32,736.56,483.96,45.03,115.21,0.4480,-1,-1,-1
341,40,0.41,425.97,152.65,359.11,0.8458,-1,-1,-1
341,43,679.41,491.95,49.34,111.72,0.3515,-1,-1,-1
342,17,1065.33,400.76,195.97,612.72,0.8777,-1,-1,-1
342,3,1065.33,400.76,195.97,612.72,0.8777,-1,-1,-1
342,21,881.41,421.57,171.29,530.98,0.8177,-1,-1,-1
342,38,243.33,430.44,224.23,390.64,0.8159,-1,-1,-1
342,32,737.88,483.65,43.86,115.06,0.4757,-1,-1,-1
342,40,0.87,429.11,153.29,355.48,0.8341,-1,-1,-1
342,43,679.25,489.93,50.19,114.04,0.3743,-1,-1,-1
343,17,1065.64,400.93,194.45,612.55,0.8819,-1,-1,-1
343,3,1065.64,400.93,194.45,612.55,0.8819,-1,-1,-1
343,21,884.12,422.86,169.51,529.70,0.8163,-1,-1,-1
343,38,245.33,431.45,221.89,388.62,0.8165,-1,-1,-1
343,32,738.24,484.72,44.63,113.92,0.4112,-1,-1,-1
343,40,0.68,426.00,153.19,361.94,0.7921,-1,-1,-1
343,43,677.39,489.07,53.18,113.78,0.3026,-1,-1,-1
344,17,1066.15,400.08,194.82,613.55,0.8784,-1,-1,-1
344,3,1066.15,400.08,194.82,613.55,0.8784,-1,-1,-1
344,21,886.38,424.03,168.18,528.35,0.8186,-1,-1,-1
344,38,247.76,419.29,218.52,399.02,0.8111,-1,-1,-1
344,32,737.33,484.96,45.93,114.33,0.4696,-1,-1,-1
344,40,6.81,427.28,146.55,359.59,0.7779,-1,-1,-1
344,43,676.55,488.12,54.76,115.47,0.3692,-1,-1,-1
345,17,1066.46,400.76,197.49,612.31,0.8807,-1,-1,-1
345,3,1066.46,400.76,197.49,612.31,0.8807,-1,-1,-1
345,21,888.89,424.24,165.53,527.68,0.8060,-1,-1,-1
345,38,250.85,411.28,214.09,405.91,0.8545,-1,-1,-1
345,32,735.32,484.11,48.44,114.68,0.3779,-1,-1,-1
345,40,11.44,426.84,143.03,360.74,0.8136,-1,-1,-1
345,43,677.87,489.19,53.92,114.81,0.3224,-1,-1,-1
346,17,1066.90,400.54,196.94,612.97,0.8778,-1,-1,-1
346,3,1066.90,400.54,196.94,612.97,0.8778,-1,-1,-1
346,21,890.14,424.31,167.25,527.21,0.8132,-1,-1,-1
346,38,260.17,404.77,203.81,410.95,0.8381,-1,-1,-1
346,32,734.14,483.28,50.08,115.55,0.4089,-1,-1,-1
346,40,30.17,429.62,129.22,356.48,0.8017,-1,-1,-1
346,43,676.61,491.56,54.72,113.35,0.3192,-1,-1,-1
347,17,1067.57,402.23,198.17,611.66,0.8741,-1,-1,-1
347,3,1067.57,402.23,198.17,611.66,0.8741,-1,-1,-1
347,21,891.55,424.38,168.25,526.87,0.8082,-1,-1,-1
347,38,271.21,402.83,193.12,413.61,0.8135,-1,-1,-1
347,32,733.68,483.97,50.33,115.04,0.3357,-1,-1,-1
347,40,47.59,432.75,123.16,350.57,0.8050,-1,-1,-1
347,43,673.17,489.29,57.64,117.83,0.3356,-1,-1,-1
348,17,1067.55,400.35,199.95,613.36,0.8732,-1,-1,-1
348,3,1067.55,400.35,199.95,613.36,0.8732,-1,-1,-1
348,21,895.22,423.68,162.04,527.22,0.8009,-1,-1,-1
348,38,287.61,405.72,178.64,409.23,0.7896,-1,-1,-1
348,32,731.80,482.22,52.89,116.09,0.3810,-1,-1,-1
348,40,53.74,431.13,128.28,351.84,0.6845,-1,-1,-1
349,17,1067.53,401.69,201.11,612.30,0.8728,-1,-1,-1
349,3,1067.53,401.69,201.11,612.30,0.8728,-1,-1,-1
349,21,898.31,422.65,159.54,528.48,0.8062,-1,-1,-1
349,38,298.27,401.90,163.57,405.48,0.8061,-1,-1,-1
349,40,47.81,430.20,143.52,352.95,0.5193,-1,-1,-1
350,17,1067.06,400.38,201.39,613.34,0.8741,-1,-1,-1
350,3,1067.06,400.38,201.39,613.34,0.8741,-1,-1,-1
350,21,899.24,421.87,161.96,529.32,0.8087,-1,-1,-1
350,38,313.87,398.56,147.41,406.13,0.8005,-1,-1,-1
350,40,66.92,432.22,141.52,351.15,0.7813,-1,-1,-1
350,26,474.83,444.03,53.50,117.88,0.4959,-1,-1,-1
351,17,1066.93,399.94,199.81,613.93,0.8753,-1,-1,-1
351,3,1066.93,399.94,199.81,613.93,0.8753,-1,-1,-1
351,21,899.51,421.81,163.12,528.98,0.8004,-1,-1,-1
351,38,337.80,392.30,124.60,407.67,0.7795,-1,-1,-1
351,40,70.17,434.07,165.87,349.18,0.8102,-1,-1,-1
351,44,0.57,503.18,52.53,351.17,0.5302,-1,-1,-1
351,26,475.63,445.92,52.15,115.86,0.4339,-1,-1,-1
352,17,1066.37,400.47,201.23,613.59,0.8788,-1,-1,-1
352,3,1066.37,400.47,201.23,613.59,0.8788,-1,-1,-1
352,21,900.30,422.38,163.28,527.84,0.7986,-1,-1,-1
352,38,356.66,394.60,112.30,403.45,0.7261,-1,-1,-1
352,40,72.97,433.69,184.60,348.55,0.8394,-1,-1,-1
352,44,0.55,505.84,59.63,349.52,0.5710,-1,-1,-1
352,26,476.19,445.67,51.42,115.85,0.4016,-1,-1,-1
353,17,1065.70,400.31,201.13,614.01,0.8772,-1,-1,-1
353,3,1065.70,400.31,201.13,614.01,0.8772,-1,-1,-1
353,21,900.78,421.66,162.03,527.65,0.8013,-1,-1,-1
353,38,369.61,408.35,109.24,390.45,0.5820,-1,-1,-1
353,40,78.59,432.90,198.44,349.63,0.8507,-1,-1,-1
353,44,0.46,507.09,70.12,349.21,0.6886,-1,-1,-1
354,17,1065.59,399.48,201.47,614.93,0.8736,-1,-1,-1
354,3,1065.59,399.48,201.47,614.93,0.8736,-1,-1,-1
354,21,901.50,421.86,163.85,527.61,0.7946,-1,-1,-1
354,38,369.96,402.01,119.24,397.88,0.5876,-1,-1,-1
354,40,83.78,433.45,206.68,348.94,0.8236,-1,-1,-1
354,44,0.66,501.20,79.72,353.02,0.6865,-1,-1,-1
355,17,1066.06,400.19,199.77,613.92,0.8756,-1,-1,-1
355,3,1066.06,400.19,199.77,613.92,0.8756,-1,-1,-1
355,21,901.95,421.89,164.78,526.51,0.7719,-1,-1,-1
355,38,356.44,395.12,145.47,402.11,0.5680,-1,-1,-1
355,40,87.18,436.22,210.34,342.22,0.8584,-1,-1,-1
355,44,0.69,476.32,102.31,376.84,0.7161,-1,-1,-1
355,32,735.09,485.35,48.79,112.04,0.3873,-1,-1,-1
356,17,1066.11,401.11,198.94,613.59,0.8681,-1,-1,-1
356,3,1066.11,401.11,198.94,613.59,0.8681,-1,-1,-1
356,21,903.49,421.94,161.56,524.73,0.7558,-1,-1,-1
356,38,355.72,399.66,159.13,397.87,0.6154,-1,-1,-1
356,40,97.49,437.09,203.31,336.49,0.8342,-1,-1,-1
356,44,0.69,456.63,136.11,396.18,0.8014,-1,-1,-1
356,32,738.16,486.46,43.63,111.93,0.4023,-1,-1,-1
357,17,1066.23,399.99,202.60,614.82,0.8535,-1,-1,-1
357,3,1066.23,399.99,202.60,614.82,0.8535,-1,-1,-1
357,21,904.60,421.76,158.68,523.14,0.7648,-1,-1,-1
357,38,360.19,403.22,178.93,395.93,0.6803,-1,-1,-1
357,40,110.23,436.32,192.03,332.83,0.8122,-1,-1,-1
357,44,0.74,450.01,166.76,406.30,0.8446,-1,-1,-1
358,17,1066.74,400.24,203.73,614.53,0.8523,-1,-1,-1
358,3,1066.74,400.24,203.73,614.53,0.8523,-1,-1,-1
358,21,904.69,419.84,158.18,524.05,0.7857,-1,-1,-1
358,38,382.80,401.38,177.04,395.76,0.6521,-1,-1,-1
358,40,124.20,436.33,177.78,331.16,0.8111,-1,-1,-1
358,44,0.67,449.03,194.75,407.06,0.8561,-1,-1,-1
358,32,736.49,484.58,45.11,114.88,0.3782,-1,-1,-1
359,17,1067.13,399.53,204.89,615.10,0.8521,-1,-1,-1
359,3,1067.13,399.53,204.89,615.10,0.8521,-1,-1,-1
359,21,906.97,419.59,155.77,523.84,0.7899,-1,-1,-1
359,38,393.18,405.18,183.41,393.28,0.8123,-1,-1,-1
359,40,133.58,434.83,168.09,332.32,0.8213,-1,-1,-1
359,44,0.44,444.37,208.54,410.66,0.8450,-1,-1,-1
359,46,1045.85,429.76,65.63,213.49,0.4372,-1,-1,-1
359,32,735.92,483.61,46.12,116.21,0.3852,-1,-1,-1
360,17,1067.02,400.58,206.90,614.28,0.8503,-1,-1,-1
360,3,1067.02,400.58,206.90,614.28,0.8503,-1,-1,-1
360,21,908.54,419.95,157.57,522.97,0.7899,-1,-1,-1
360,38,399.09,409.22,189.51,388.98,0.8066,-1,-1,-1
360,40,143.98,435.22,158.51,328.86,0.7775,-1,-1,-1
360,44,0.33,443.67,218.54,410.69,0.8747,-1,-1,-1
360,32,736.97,486.16,45.02,113.88,0.3583,-1,-1,-1
361,17,1066.95,401.78,208.73,612.93,0.8539,-1,-1,-1
361,3,1066.95,401.78,208.73,612.93,0.8539,-1,-1,-1
361,21,909.15,419.37,158.17,520.55,0.7993,-1,-1,-1
361,38,399.32,406.70,199.49,391.39,0.8432,-1,-1,-1
361,40,164.69,434.81,138.27,328.61,0.7519,-1,-1,-1
361,44,0.14,441.72,225.60,411.63,0.8764,-1,-1,-1
362,17,1067.86,402.18,209.21,612.64,0.8603,-1,-1,-1
362,3,1067.86,402.18,209.21,612.64,0.8603,-1,-1,-1
362,21,909.54,417.47,160.08,519.90,0.8060,-1,-1,-1
362,38,398.81,406.61,204.00,392.00,0.8476,-1,-1,-1
362,40,174.24,437.88,126.68,326.20,0.6726,-1,-1,-1
362,44,0.13,442.31,235.00,412.11,0.8540,-1,-1,-1
363,17,1068.08,401.82,209.41,612.85,0.8537,-1,-1,-1
363,3,1068.08,401.82,209.41,612.85,0.8537,-1,-1,-1
363,21,912.52,418.88,161.15,517.57,0.8018,-1,-1,-1
363,38,395.65,409.87,209.02,388.39,0.8392,-1,-1,-1
363,40,182.97,437.66,116.84,327.39,0.7535,-1,-1,-1
363,44,0.03,443.62,237.25,409.89,0.8439,-1,-1,-1
363,39,1540.99,426.10,40.83,118.52,0.3512,-1,-1,-1
363,32,732.94,482.91,47.82,115.84,0.3876,-1,-1,-1
364,17,1068.28,401.60,210.69,613.13,0.8541,-1,-1,-1
364,3,1068.28,401.60,210.69,613.13,0.8541,-1,-1,-1
364,21,914.62,414.63,160.59,520.12,0.8270,-1,-1,-1
364,38,396.62,413.84,207.77,384.54,0.8504,-1,-1,-1
364,40,195.70,440.66,104.26,323.68,0.7327,-1,-1,-1
364,44,0.20,439.79,237.12,410.95,0.8534,-1,-1,-1
364,39,1543.21,426.18,40.66,118.54,0.3537,-1,-1,-1
364,32,732.82,482.87,48.10,116.04,0.4336,-1,-1,-1
365,17,1068.31,402.49,210.47,611.81,0.8522,-1,-1,-1
365,3,1068.31,402.49,210.47,611.81,0.8522,-1,-1,-1
365,21,916.60,413.14,160.17,521.11,0.8189,-1,-1,-1
365,38,396.25,413.10,207.43,384.83,0.8573,-1,-1,-1
365,40,203.23,438.24,101.81,326.32,0.7419,-1,-1,-1
365,44,1.48,439.73,239.01,411.86,0.8604,-1,-1,-1
365,32,733.36,481.80,47.99,117.57,0.4256,-1,-1,-1
366,17,1068.33,400.53,209.80,614.16,0.8472,-1,-1,-1
366,3,1068.33,400.53,209.80,614.16,0.8472,-1,-1,-1
366,21,919.01,412.11,159.97,522.60,0.8290,-1,-1,-1
366,38,398.07,411.86,205.33,382.48,0.8218,-1,-1,-1
366,40,209.07,435.98,102.12,328.25,0.7748,-1,-1,-1
366,44,3.15,440.43,238.62,409.27,0.8590,-1,-1,-1
366,32,733.21,481.99,46.90,116.92,0.4099,-1,-1,-1
367,17,1068.51,400.97,211.74,613.95,0.8217,-1,-1,-1
367,3,1068.51,400.97,211.74,613.95,0.8217,-1,-1,-1
367,21,921.99,410.68,157.97,524.49,0.8253,-1,-1,-1
367,38,400.19,406.97,199.61,385.05,0.8418,-1,-1,-1
367,40,218.33,436.06,105.00,327.89,0.7568,-1,-1,-1
367,44,21.00,440.27,220.38,400.17,0.7861,-1,-1,-1
367,32,732.27,481.60,46.67,117.14,0.4558,-1,-1,-1
368,17,1068.38,399.44,217.57,615.51,0.7887,-1,-1,-1
368,3,1068.38,399.44,217.57,615.51,0.7887,-1,-1,-1
368,21,924.54,409.72,156.31,525.26,0.8197,-1,-1,-1
368,38,402.51,398.74,194.32,390.47,0.8463,-1,-1,-1
368,40,227.42,437.36,116.13,327.09,0.7361,-1,-1,-1
368,44,44.67,436.45,193.19,394.42,0.7831,-1,-1,-1
368,32,731.45,481.70,47.24,116.86,0.4665,-1,-1,-1
369,17,1069.02,400.09,221.72,614.97,0.7460,-1,-1,-1
369,3,1069.02,400.09,221.72,614.97,0.7460,-1,-1,-1
369,21,926.13,413.45,155.54,519.95,0.8220,-1,-1,-1
369,38,407.78,396.54,186.94,392.12,0.8537,-1,-1,-1
369,40,234.60,435.03,131.20,329.30,0.8106,-1,-1,-1
369,44,75.66,433.12,161.67,393.10,0.7698,-1,-1,-1
369,32,731.36,482.23,47.48,116.28,0.4192,-1,-1,-1
370,17,1069.02,398.06,221.18,616.86,0.7954,-1,-1,-1
370,3,1069.02,398.06,221.18,616.86,0.7954,-1,-1,-1
370,21,928.94,415.52,156.69,519.79,0.8016,-1,-1,-1
370,38,414.43,404.23,179.27,385.43,0.8352,-1,-1,-1
370,40,241.05,432.58,146.59,330.95,0.8303,-1,-1,-1
370,44,105.72,434.12,132.88,388.47,0.8106,-1,-1,-1
370,32,730.94,481.14,47.55,117.34,0.4007,-1,-1,-1
371,17,1069.61,397.91,215.17,616.70,0.7179,-1,-1,-1
371,3,1069.61,397.91,215.17,616.70,0.7179,-1,-1,-1
371,21,932.52,415.59,155.75,520.57,0.7964,-1,-1,-1
371,38,426.57,402.17,168.75,386.79,0.8321,-1,-1,-1
371,40,244.21,432.01,159.54,330.88,0.8393,-1,-1,-1
371,44,128.05,438.25,122.07,382.12,0.7980,-1,-1,-1
371,32,730.20,481.29,48.27,117.85,0.3854,-1,-1,-1
372,17,1070.40,397.42,215.94,616.70,0.8192,-1,-1,-1
372,3,1070.40,397.42,215.94,616.70,0.8192,-1,-1,-1
372,21,935.40,415.59,154.94,520.65,0.7961,-1,-1,-1
372,38,439.09,418.12,155.65,363.88,0.7976,-1,-1,-1
372,40,245.06,434.13,167.88,327.65,0.8182,-1,-1,-1
372,44,137.35,437.58,120.91,382.21,0.7599,-1,-1,-1
372,32,730.70,481.97,46.99,116.76,0.3729,-1,-1,-1
373,17,1070.86,397.18,218.38,617.18,0.8388,-1,-1,-1
373,3,1070.86,397.18,218.38,617.18,0.8388,-1,-1,-1
373,21,938.03,416.18,154.57,521.00,0.7949,-1,-1,-1
373,38,457.08,406.04,145.37,370.72,0.8001,-1,-1,-1
373,40,253.08,435.17,164.54,321.70,0.8035,-1,-1,-1
373,44,147.10,435.04,138.53,383.50,0.8092,-1,-1,-1
373,32,731.58,482.51,47.05,115.22,0.3945,-1,-1,-1
373,47,0.34,491.88,46.26,316.19,0.6279,-1,-1,-1
374,17,1071.62,397.76,218.39,616.48,0.8097,-1,-1,-1
374,3,1071.62,397.76,218.39,616.48,0.8097,-1,-1,-1
374,21,942.80,416.74,152.04,519.83,0.7883,-1,-1,-1
374,38,470.97,402.31,139.59,370.32,0.7726,-1,-1,-1
374,40,264.78,440.28,157.81,307.39,0.7794,-1,-1,-1
374,44,156.48,431.86,144.72,385.39,0.7264,-1,-1,-1
374,32,732.58,480.69,47.46,117.39,0.3959,-1,-1,-1
374,47,0.81,491.59,49.87,316.88,0.7026,-1,-1,-1
375,17,1071.54,399.28,219.20,614.47,0.7957,-1,-1,-1
375,3,1071.54,399.28,219.20,614.47,0.7957,-1,-1,-1
375,21,942.83,414.17,152.68,521.16,0.7754,-1,-1,-1
375,38,481.70,406.64,140.44,364.40,0.7127,-1,-1,-1
375,40,277.10,449.12,147.13,297.88,0.7432,-1,-1,-1
375,44,160.93,432.93,167.08,383.52,0.8170,-1,-1,-1
375,32,733.16,480.17,47.52,118.43,0.3853,-1,-1,-1
375,47,0.63,487.36,57.86,324.42,0.6592,-1,-1,-1
376,17,1071.42,399.62,221.15,613.58,0.8090,-1,-1,-1
376,3,1071.42,399.62,221.15,613.58,0.8090,-1,-1,-1
376,21,944.52,416.76,150.02,521.16,0.7740,-1,-1,-1
376,38,488.52,404.55,140.78,364.05,0.6941,-1,-1,-1
376,40,278.36,439.72,147.33,307.66,0.7426,-1,-1,-1
376,44,160.18,436.08,186.38,379.98,0.7683,-1,-1,-1
376,32,731.41,479.32,48.60,119.72,0.3211,-1,-1,-1
376,47,0.34,481.66,69.66,330.80,0.7806,-1,-1,-1
377,17,1071.10,400.46,224.45,613.82,0.8127,-1,-1,-1
377,3,1071.10,400.46,224.45,613.82,0.8127,-1,-1,-1
377,21,946.19,417.32,151.95,521.20,0.7969,-1,-1,-1
377,38,490.46,400.73,143.62,367.38,0.7361,-1,-1,-1
377,40,283.76,441.44,144.84,306.18,0.7059,-1,-1,-1
377,44,158.54,439.11,204.06,377.28,0.7974,-1,-1,-1
377,32,731.21,480.85,47.87,118.69,0.3288,-1,-1,-1
377,47,0.05,451.80,95.03,358.61,0.7789,-1,-1,-1
378,17,1071.59,399.30,223.47,615.53,0.7757,-1,-1,-1
378,3,1071.59,399.30,223.47,615.53,0.7757,-1,-1,-1
378,21,946.45,413.31,155.55,522.80,0.7803,-1,-1,-1
378,38,494.84,396.47,147.18,373.15,0.7882,-1,-1,-1
378,40,292.47,440.67,136.51,309.24,0.6757,-1,-1,-1
378,44,159.18,440.07,211.84,376.36,0.8195,-1,-1,-1
378,32,731.48,482.07,46.68,116.02,0.3461,-1,-1,-1
378,47,0.05,436.67,125.63,373.43,0.8289,-1,-1,-1
379,17,1071.22,397.27,222.26,617.06,0.8307,-1,-1,-1
379,3,1071.22,397.27,222.26,617.06,0.8307,-1,-1,-1
379,21,946.31,411.29,156.68,523.83,0.8141,-1,-1,-1
379,38,500.59,396.74,157.66,373.75,0.7935,-1,-1,-1
379,40,309.58,439.52,119.03,309.42,0.6842,-1,-1,-1
379,44,159.00,441.39,216.35,374.85,0.8248,-1,-1,-1
379,32,731.70,482.05,45.43,116.07,0.3896,-1,-1,-1
379,47,0.06,431.09,138.50,377.36,0.8211,-1,-1,-1
380,17,1071.60,395.61,221.18,618.47,0.8255,-1,-1,-1
380,3,1071.60,395.61,221.18,618.47,0.8255,-1,-1,-1
380,21,946.82,407.62,159.09,526.42,0.8112,-1,-1,-1
380,38,505.77,398.63,163.33,372.01,0.6394,-1,-1,-1
380,40,321.96,444.48,102.99,306.53,0.6355,-1,-1,-1
380,44,160.64,443.04,221.48,371.66,0.8375,-1,-1,-1
380,32,731.28,480.63,43.98,116.79,0.3588,-1,-1,-1
380,47,0.33,428.60,157.52,378.64,0.7754,-1,-1,-1
381,17,1072.19,393.92,217.44,620.35,0.7994,-1,-1,-1
381,3,1072.19,393.92,217.44,620.35,0.7994,-1,-1,-1
381,21,950.94,411.23,157.27,525.52,0.7698,-1,-1,-1
381,38,516.14,405.59,149.82,365.42,0.5870,-1,-1,-1
381,40,324.91,442.23,98.53,309.73,0.7057,-1,-1,-1
381,44,158.59,444.14,226.58,367.24,0.8609,-1,-1,-1
381,32,730.74,479.68,46.45,118.68,0.3092,-1,-1,-1
381,47,0.55,434.40,171.27,372.30,0.7522,-1,-1,-1
382,17,1073.44,396.79,219.93,617.79,0.8146,-1,-1,-1
382,3,1073.44,396.79,219.93,617.79,0.8146,-1,-1,-1
382,21,952.08,414.45,158.82,520.89,0.7523,-1,-1,-1
382,38,533.10,405.63,140.07,364.23,0.6060,-1,-1,-1
382,40,334.66,442.05,95.47,307.45,0.6880,-1,-1,-1
382,44,164.35,442.80,220.90,367.35,0.8294,-1,-1,-1
382,32,730.80,479.20,48.70,120.45,0.3580,-1,-1,-1
382,47,0.65,436.07,179.86,369.71,0.8042,-1,-1,-1
383,17,1073.56,397.28,220.31,617.54,0.8288,-1,-1,-1
383,3,1073.56,397.28,220.31,617.54,0.8288,-1,-1,-1
383,21,954.01,416.36,157.17,521.59,0.6960,-1,-1,-1
383,38,530.19,411.36,150.33,358.53,0.6918,-1,-1,-1
383,40,345.18,443.78,96.94,301.90,0.5559,-1,-1,-1
383,44,181.74,442.29,203.49,367.02,0.7934,-1,-1,-1
383,32,730.44,477.87,51.08,121.97,0.3672,-1,-1,-1
383,47,0.43,436.32,191.10,368.77,0.8581,-1,-1,-1
384,17,1073.84,397.11,220.24,617.85,0.8328,-1,-1,-1
384,3,1073.84,397.11,220.24,617.85,0.8328,-1,-1,-1
384,21,955.68,416.54,153.75,522.71,0.7104,-1,-1,-1
384,38,531.55,408.57,154.52,361.25,0.7507,-1,-1,-1
384,40,361.46,453.05,92.19,291.03,0.6050,-1,-1,-1
384,44,194.81,437.27,189.77,371.77,0.7936,-1,-1,-1
384,32,730.07,475.85,50.84,124.87,0.4526,-1,-1,-1
384,47,0.45,433.33,200.33,372.69,0.8757,-1,-1,-1
384,48,687.82,465.97,47.21,125.44,0.3560,-1,-1,-1
385,17,1074.10,397.15,219.30,617.89,0.7879,-1,-1,-1
385,3,1074.10,397.15,219.30,617.89,0.7879,-1,-1,-1
385,21,957.87,416.57,150.66,523.70,0.7203,-1,-1,-1
385,38,535.55,408.24,154.41,361.79,0.7875,-1,-1,-1
385,40,365.42,443.59,95.86,299.82,0.7060,-1,-1,-1
385,44,210.63,434.18,173.99,369.81,0.8057,-1,-1,-1
385,32,730.27,473.18,50.13,127.81,0.5480,-1,-1,-1
385,47,0.35,434.63,210.81,371.68,0.8628,-1,-1,-1
385,48,687.23,467.93,47.38,126.32,0.3843,-1,-1,-1
386,17,1073.91,397.36,220.21,617.31,0.7062,-1,-1,-1
386,3,1073.91,397.36,220.21,617.31,0.7062,-1,-1,-1
386,21,960.33,415.02,149.47,526.36,0.7417,-1,-1,-1
386,38,540.22,406.42,154.20,363.07,0.8331,-1,-1,-1
386,40,369.13,439.73,110.44,304.79,0.7074,-1,-1,-1
386,44,230.09,435.09,152.83,365.94,0.7924,-1,-1,-1
386,32,730.71,470.98,49.22,129.69,0.5294,-1,-1,-1
386,47,0.22,433.10,213.91,374.37,0.8360,-1,-1,-1
386,48,690.09,468.64,43.62,126.11,0.3451,-1,-1,-1
387,17,1073.62,397.56,220.46,616.83,0.7755,-1,-1,-1
387,3,1073.62,397.56,220.46,616.83,0.7755,-1,-1,-1
387,21,960.36,416.33,148.41,524.49,0.7226,-1,-1,-1
387,38,542.94,407.06,151.63,360.74,0.8456,-1,-1,-1
387,40,369.94,438.54,134.43,307.64,0.8055,-1,-1,-1
387,44,253.64,431.45,128.44,367.37,0.5761,-1,-1,-1
387,32,731.08,470.79,48.67,129.79,0.5298,-1,-1,-1
387,47,1.62,432.80,212.38,373.31,0.8366,-1,-1,-1
387,48,691.31,473.29,42.42,118.71,0.3114,-1,-1,-1
388,17,1061.70,397.16,243.55,617.90,0.7377,-1,-1,-1
388,3,1061.70,397.16,243.55,617.90,0.7377,-1,-1,-1
388,21,960.90,417.44,145.32,523.13,0.7216,-1,-1,-1
388,38,546.40,405.89,148.21,358.74,0.8253,-1,-1,-1
388,40,370.83,439.71,150.64,308.04,0.7892,-1,-1,-1
388,44,275.42,433.08,105.98,363.74,0.6755,-1,-1,-1
388,32,730.64,469.15,48.69,132.86,0.4967,-1,-1,-1
388,47,9.89,432.02,203.18,372.18,0.8070,-1,-1,-1
388,48,692.02,473.80,41.97,119.55,0.3494,-1,-1,-1
389,17,1056.65,397.36,288.10,617.67,0.7275,-1,-1,-1
389,3,1056.65,397.36,288.10,617.67,0.7275,-1,-1,-1
389,21,962.82,418.01,140.13,522.38,0.7018,-1,-1,-1
389,38,549.23,407.86,145.92,355.58,0.8064,-1,-1,-1
389,40,368.12,441.05,165.29,304.53,0.8016,-1,-1,-1
389,44,285.87,429.48,100.66,368.56,0.6793,-1,-1,-1
389,32,730.41,471.05,48.69,131.00,0.5034,-1,-1,-1
389,47,20.25,425.24,192.89,374.84,0.7875,-1,-1,-1
389,48,692.39,475.52,40.67,116.68,0.3355,-1,-1,-1
390,17,1057.19,397.21,303.16,618.48,0.7748,-1,-1,-1
390,3,1057.19,397.21,303.16,618.48,0.7748,-1,-1,-1
390,21,965.49,418.08,135.85,523.30,0.6754,-1,-1,-1
390,38,554.83,409.38,141.08,352.46,0.8008,-1,-1,-1
390,40,370.40,440.95,171.22,303.30,0.8140,-1,-1,-1
390,44,285.15,433.46,108.91,364.62,0.5267,-1,-1,-1
390,32,729.87,472.92,49.80,130.60,0.4869,-1,-1,-1
390,47,32.04,426.85,183.31,371.16,0.7948,-1,-1,-1
391,17,1054.02,397.10,313.58,618.55,0.7780,-1,-1,-1
391,3,1054.02,397.10,313.58,618.55,0.7780,-1,-1,-1
391,21,972.11,416.91,128.17,527.64,0.6593,-1,-1,-1
391,38,560.62,411.49,135.45,351.84,0.8022,-1,-1,-1
391,40,377.10,441.05,168.24,300.28,0.7846,-1,-1,-1
391,44,299.48,436.95,103.26,361.82,0.5328,-1,-1,-1
391,32,728.82,471.57,50.87,131.93,0.4433,-1,-1,-1
391,47,40.30,428.01,175.74,369.68,0.7603,-1,-1,-1
391,49,917.92,435.05,67.92,154.22,0.3723,-1,-1,-1
392,17,1052.44,397.83,314.44,618.25,0.7846,-1,-1,-1
392,3,1052.44,397.83,314.44,618.25,0.7846,-1,-1,-1
392,21,978.58,412.96,123.23,527.96,0.6496,-1,-1,-1
392,38,568.37,408.99,128.69,356.23,0.7868,-1,-1,-1
392,40,388.95,439.62,157.90,299.15,0.7246,-1,-1,-1
392,44,308.43,437.43,117.21,361.85,0.6567,-1,-1,-1
392,32,728.13,468.69,51.71,134.23,0.4474,-1,-1,-1
392,47,51.93,431.61,165.75,364.22,0.7636,-1,-1,-1
392,49,924.37,434.82,58.51,155.87,0.5646,-1,-1,-1
393,17,1049.75,398.25,316.57,618.28,0.8135,-1,-1,-1
393,3,1049.75,398.25,316.57,618.28,0.8135,-1,-1,-1
393,21,971.02,416.87,130.35,525.44,0.6503,-1,-1,-1
393,38,576.16,413.12,121.41,344.23,0.7913,-1,-1,-1
393,40,398.99,439.63,148.06,296.99,0.7277,-1,-1,-1
393,44,312.45,440.08,138.71,359.55,0.7911,-1,-1,-1
393,32,727.84,467.47,52.25,135.02,0.5303,-1,-1,-1
393,47,77.44,429.55,144.11,365.65,0.6335,-1,-1,-1
393,49,925.11,437.10,54.84,162.49,0.6506,-1,-1,-1
394,17,1053.31,398.19,286.93,617.50,0.6771,-1,-1,-1
394,3,1053.31,398.19,286.93,617.50,0.6771,-1,-1,-1
394,21,979.94,413.72,120.46,525.68,0.6302,-1,-1,-1
394,38,582.68,412.45,114.90,341.07,0.7608,-1,-1,-1
394,40,410.68,442.70,137.93,292.77,0.7292,-1,-1,-1
394,44,314.39,443.13,148.59,357.32,0.7239,-1,-1,-1
394,32,726.62,473.41,52.74,129.86,0.5973,-1,-1,-1
394,47,71.03,428.84,159.05,366.80,0.7579,-1,-1,-1
394,49,922.76,438.39,55.13,165.25,0.6389,-1,-1,-1
395,17,1055.05,397.17,272.33,618.37,0.7003,-1,-1,-1
395,3,1055.05,397.17,272.33,618.37,0.7003,-1,-1,-1
395,21,985.34,413.15,113.83,524.61,0.6578,-1,-1,-1
395,38,587.90,413.50,111.55,336.51,0.7671,-1,-1,-1
395,40,421.36,441.23,127.04,293.94,0.7395,-1,-1,-1
395,44,314.52,443.90,156.69,357.11,0.7476,-1,-1,-1
395,32,725.13,471.12,53.55,134.26,0.6122,-1,-1,-1
395,47,72.31,430.25,163.49,365.88,0.7788,-1,-1,-1
395,49,920.43,439.66,54.18,164.27,0.5960,-1,-1,-1
396,17,1057.03,398.45,292.76,618.02,0.7613,-1,-1,-1
396,3,1057.03,398.45,292.76,618.02,0.7613,-1,-1,-1
396,21,984.95,413.55,113.65,523.74,0.6218,-1,-1,-1
396,38,591.91,423.06,112.37,322.28,0.7563,-1,-1,-1
396,40,433.96,443.29,114.33,289.18,0.6565,-1,-1,-1
396,44,313.09,442.92,170.36,356.43,0.7600,-1,-1,-1
396,32,722.64,466.14,56.33,142.65,0.5793,-1,-1,-1
396,47,99.88,441.30,141.20,353.92,0.5858,-1,-1,-1
396,49,918.30,442.02,53.90,167.73,0.6768,-1,-1,-1
397,17,1060.61,398.55,262.14,618.63,0.7903,-1,-1,-1
397,3,1060.61,398.55,262.14,618.63,0.7903,-1,-1,-1
397,21,985.44,413.65,112.93,524.17,0.6773,-1,-1,-1
397,38,596.07,419.55,112.89,324.94,0.7487,-1,-1,-1
397,40,447.70,465.97,98.84,264.23,0.5732,-1,-1,-1
397,44,312.90,434.50,174.44,364.06,0.7636,-1,-1,-1
397,32,720.57,464.33,57.88,145.00,0.5767,-1,-1,-1
397,47,127.10,436.42,123.71,359.85,0.6219,-1,-1,-1
397,49,915.71,442.89,54.94,167.74,0.6401,-1,-1,-1
398,17,1063.77,399.07,246.95,619.04,0.8379,-1,-1,-1
398,3,1063.77,399.07,246.95,619.04,0.8379,-1,-1,-1
398,21,975.20,415.22,123.59,524.64,0.6352,-1,-1,-1
398,38,599.52,423.17,117.11,319.63,0.7559,-1,-1,-1
398,40,448.19,443.85,98.90,287.20,0.7327,-1,-1,-1
398,44,313.97,436.56,179.40,360.16,0.8203,-1,-1,-1
398,32,720.07,461.75,57.46,147.54,0.5430,-1,-1,-1
398,47,136.78,436.27,125.32,360.00,0.7497,-1,-1,-1
398,49,915.71,444.26,55.12,163.93,0.4853,-1,-1,-1
399,17,1065.52,400.28,241.24,617.93,0.8373,-1,-1,-1
399,3,1065.52,400.28,241.24,617.93,0.8373,-1,-1,-1
399,21,970.45,415.38,129.39,525.13,0.6616,-1,-1,-1
399,38,604.76,427.59,122.89,312.73,0.7883,-1,-1,-1
399,40,463.54,442.06,85.45,289.44,0.6279,-1,-1,-1
399,44,316.84,437.75,176.83,358.96,0.8309,-1,-1,-1
399,32,719.68,463.24,55.87,146.00,0.5367,-1,-1,-1
399,47,137.35,433.54,151.35,361.56,0.7643,-1,-1,-1
399,49,913.98,439.16,56.57,171.63,0.5823,-1,-1,-1
400,17,1067.65,400.37,237.26,618.40,0.8528,-1,-1,-1
400,3,1067.65,400.37,237.26,618.40,0.8528,-1,-1,-1
400,21,968.70,414.17,130.79,526.66,0.6567,-1,-1,-1
400,38,607.19,423.84,131.54,316.29,0.7796,-1,-1,-1
400,40,471.21,439.67,81.87,290.25,0.7310,-1,-1,-1
400,44,316.60,435.78,177.61,360.06,0.8428,-1,-1,-1
400,32,718.19,468.02,52.35,140.28,0.4776,-1,-1,-1
400,47,140.40,433.08,169.68,360.95,0.7803,-1,-1,-1
400,49,911.35,438.71,56.13,171.03,0.5659,-1,-1,-1
401,17,1069.20,399.83,235.09,619.30,0.8463,-1,-1,-1
401,3,1069.20,399.83,235.09,619.30,0.8463,-1,-1,-1
401,21,979.43,411.57,118.35,527.06,0.6370,-1,-1,-1
401,38,609.58,423.95,144.28,315.79,0.7724,-1,-1,-1
401,40,480.19,443.50,80.48,287.68,0.7210,-1,-1,-1
401,44,322.75,436.65,172.07,356.69,0.8152,-1,-1,-1
401,32,715.86,465.94,52.97,145.54,0.4256,-1,-1,-1
401,47,141.89,433.18,174.54,360.96,0.8139,-1,-1,-1
401,49,908.96,438.30,59.15,168.01,0.5766,-1,-1,-1
402,17,1071.33,399.47,231.28,619.95,0.8371,-1,-1,-1
402,3,1071.33,399.47,231.28,619.95,0.8371,-1,-1,-1
402,21,983.96,410.86,113.13,527.20,0.6259,-1,-1,-1
402,38,615.36,417.11,151.39,322.72,0.8022,-1,-1,-1
402,40,484.27,449.14,86.45,280.10,0.7226,-1,-1,-1
402,44,335.20,442.49,159.45,348.67,0.8264,-1,-1,-1
402,32,715.44,463.55,53.82,147.22,0.4932,-1,-1,-1
402,47,144.27,435.42,174.74,357.57,0.8097,-1,-1,-1
402,49,904.77,438.38,66.23,170.35,0.5300,-1,-1,-1
403,17,1074.63,399.70,227.11,619.60,0.8374,-1,-1,-1
403,3,1074.63,399.70,227.11,619.60,0.8374,-1,-1,-1
403,21,970.99,415.20,127.86,524.88,0.6183,-1,-1,-1
403,38,619.17,411.11,158.12,330.23,0.8362,-1,-1,-1
403,40,488.86,445.81,95.80,283.28,0.6050,-1,-1,-1
403,44,347.01,448.72,148.49,335.71,0.7465,-1,-1,-1
403,32,715.58,464.37,53.80,146.21,0.4668,-1,-1,-1
403,47,144.15,438.70,184.01,354.22,0.8040,-1,-1,-1
403,49,901.92,441.11,72.82,169.37,0.3606,-1,-1,-1
404,17,1076.55,399.82,225.51,620.33,0.8292,-1,-1,-1
404,3,1076.55,399.82,225.51,620.33,0.8292,-1,-1,-1
404,21,965.98,416.85,132.89,524.76,0.6688,-1,-1,-1
404,38,623.75,407.91,163.61,334.66,0.8025,-1,-1,-1
404,40,491.04,441.03,115.47,286.56,0.6406,-1,-1,-1
404,44,357.49,443.78,140.38,339.64,0.7214,-1,-1,-1
404,32,715.37,463.23,52.65,148.01,0.4495,-1,-1,-1
404,47,150.32,438.54,183.83,351.57,0.8273,-1,-1,-1
404,49,898.54,446.79,60.21,164.13,0.5267,-1,-1,-1
405,17,1078.28,400.34,213.97,619.19,0.8327,-1,-1,-1
405,3,1078.28,400.34,213.97,619.19,0.8327,-1,-1,-1
405,21,964.12,416.56,134.87,525.32,0.6859,-1,-1,-1
405,38,627.67,414.24,166.42,329.39,0.7877,-1,-1,-1
405,40,495.75,444.14,123.28,283.54,0.6794,-1,-1,-1
405,44,377.69,438.04,119.48,340.07,0.7014,-1,-1,-1
405,32,716.12,466.89,51.50,144.92,0.3757,-1,-1,-1
405,47,155.04,437.01,178.91,351.13,0.8183,-1,-1,-1
405,49,895.58,452.55,54.38,158.27,0.4061,-1,-1,-1
406,17,1077.16,399.32,209.44,620.67,0.8326,-1,-1,-1
406,3,1077.16,399.32,209.44,620.67,0.8326,-1,-1,-1
406,21,961.60,416.05,137.04,525.81,0.6976,-1,-1,-1
406,38,632.09,420.69,166.64,322.65,0.7934,-1,-1,-1
406,40,499.88,447.67,123.85,279.62,0.6745,-1,-1,-1
406,44,395.76,434.80,103.30,337.92,0.7056,-1,-1,-1
406,47,159.69,436.02,173.10,352.42,0.8078,-1,-1,-1
406,49,892.55,454.79,54.03,154.35,0.3651,-1,-1,-1
407,17,1076.48,397.10,203.91,622.23,0.8346,-1,-1,-1
407,3,1076.48,397.10,203.91,622.23,0.8346,-1,-1,-1
407,21,958.50,417.64,139.15,523.85,0.7253,-1,-1,-1
407,38,635.98,416.54,163.43,327.15,0.8544,-1,-1,-1
407,40,496.89,446.33,135.04,284.01,0.7088,-1,-1,-1
407,44,410.42,434.57,93.44,335.84,0.6732,-1,-1,-1
407,47,171.64,433.63,164.20,355.16,0.8025,-1,-1,-1
407,49,888.69,458.18,55.31,150.40,0.3125,-1,-1,-1
408,17,1073.90,397.65,201.98,622.45,0.8384,-1,-1,-1
408,3,1073.90,397.65,201.98,622.45,0.8384,-1,-1,-1
408,21,959.10,417.40,138.79,523.83,0.7102,-1,-1,-1
408,38,641.13,418.68,159.25,325.81,0.8467,-1,-1,-1
408,40,500.86,440.71,139.22,289.29,0.7524,-1,-1,-1
408,44,408.45,433.70,100.91,336.21,0.6182,-1,-1,-1
408,47,185.45,433.42,152.80,352.07,0.7956,-1,-1,-1
408,49,880.49,456.01,61.00,153.90,0.4979,-1,-1,-1
409,17,1073.81,398.88,198.69,620.58,0.8396,-1,-1,-1
409,3,1073.81,398.88,198.69,620.58,0.8396,-1,-1,-1
409,21,959.11,417.06,140.23,523.59,0.7046,-1,-1,-1
409,38,643.83,418.03,157.22,326.42,0.8315,-1,-1,-1
409,40,500.34,436.79,143.39,293.36,0.7532,-1,-1,-1
409,44,400.80,437.11,116.28,331.89,0.6157,-1,-1,-1
409,47,201.81,435.74,138.17,339.10,0.7231,-1,-1,-1
409,49,875.72,448.09,63.97,162.67,0.6133,-1,-1,-1
410,17,1073.41,398.19,192.20,620.99,0.8459,-1,-1,-1
410,3,1073.41,398.19,192.20,620.99,0.8459,-1,-1,-1
410,21,959.43,418.89,139.15,521.15,0.7095,-1,-1,-1
410,38,645.69,412.74,156.47,331.80,0.8199,-1,-1,-1
410,40,511.09,438.82,133.80,285.18,0.7312,-1,-1,-1
410,44,416.56,438.54,115.52,331.13,0.5813,-1,-1,-1
410,47,222.37,435.40,123.40,336.66,0.6602,-1,-1,-1
410,49,874.75,446.47,62.47,164.74,0.5705,-1,-1,-1
411,17,1072.20,398.24,186.17,620.82,0.8466,-1,-1,-1
411,3,1072.20,398.24,186.17,620.82,0.8466,-1,-1,-1
411,21,958.37,420.88,140.25,518.63,0.7182,-1,-1,-1
411,38,645.99,416.57,155.82,326.04,0.8267,-1,-1,-1
411,40,521.03,440.48,123.06,282.84,0.6934,-1,-1,-1
411,44,423.68,436.57,132.00,330.97,0.6692,-1,-1,-1
411,47,247.56,428.37,105.71,341.34,0.5470,-1,-1,-1
411,49,874.34,442.68,62.27,168.68,0.5407,-1,-1,-1
412,17,1071.05,399.70,185.50,618.81,0.8432,-1,-1,-1
412,3,1071.05,399.70,185.50,618.81,0.8432,-1,-1,-1
412,21,961.15,421.70,137.51,518.27,0.6861,-1,-1,-1
412,38,645.98,406.97,155.94,336.00,0.8273,-1,-1,-1
412,40,528.80,437.90,116.50,283.45,0.7389,-1,-1,-1
412,44,420.75,436.18,147.76,331.21,0.6622,-1,-1,-1
412,47,264.01,426.94,99.45,342.54,0.7139,-1,-1,-1
412,49,873.96,441.69,58.95,167.70,0.5162,-1,-1,-1
413,17,1070.96,401.31,185.18,617.33,0.8517,-1,-1,-1
413,3,1070.96,401.31,185.18,617.33,0.8517,-1,-1,-1
413,21,959.23,421.69,140.43,518.26,0.7358,-1,-1,-1
413,38,647.95,408.41,154.01,333.09,0.8040,-1,-1,-1
413,40,547.53,436.57,101.95,283.14,0.6172,-1,-1,-1
413,44,431.87,435.08,154.33,331.27,0.7120,-1,-1,-1
413,47,269.74,426.17,104.68,344.32,0.7259,-1,-1,-1
413,49,874.87,440.42,55.80,167.72,0.4898,-1,-1,-1
414,17,1066.59,404.01,188.72,614.98,0.8610,-1,-1,-1
414,3,1066.59,404.01,188.72,614.98,0.8610,-1,-1,-1
414,21,961.09,421.59,138.00,516.85,0.6944,-1,-1,-1
414,38,653.05,419.95,148.06,320.82,0.8022,-1,-1,-1
414,40,558.34,437.47,95.30,282.32,0.6546,-1,-1,-1
414,44,436.48,436.99,158.91,328.99,0.7425,-1,-1,-1
414,47,273.15,424.69,109.84,346.89,0.6977,-1,-1,-1
414,49,872.11,440.19,53.90,167.95,0.5953,-1,-1,-1
415,17,1064.08,407.51,191.29,611.78,0.8578,-1,-1,-1
415,3,1064.08,407.51,191.29,611.78,0.8578,-1,-1,-1
415,21,963.38,419.97,133.70,518.52,0.7134,-1,-1,-1
415,38,657.60,424.54,143.63,316.44,0.8067,-1,-1,-1
415,40,562.41,434.38,92.04,286.55,0.6036,-1,-1,-1
415,44,436.12,438.53,162.88,327.54,0.7651,-1,-1,-1
415,47,278.82,430.98,116.77,340.60,0.6671,-1,-1,-1
415,49,871.47,440.87,50.93,167.22,0.7086,-1,-1,-1
416,17,1061.44,410.86,195.31,608.78,0.8636,-1,-1,-1
416,3,1061.44,410.86,195.31,608.78,0.8636,-1,-1,-1
416,21,964.16,419.30,131.78,519.23,0.7052,-1,-1,-1
416,38,666.78,430.53,134.75,308.14,0.7950,-1,-1,-1
416,40,570.62,433.85,87.20,286.47,0.7328,-1,-1,-1
416,44,435.68,440.89,163.61,325.47,0.8114,-1,-1,-1
416,47,287.33,435.56,115.66,334.82,0.7309,-1,-1,-1
416,49,869.65,440.39,51.19,166.50,0.6150,-1,-1,-1
417,17,1061.58,409.51,197.02,610.87,0.8531,-1,-1,-1
417,3,1061.58,409.51,197.02,610.87,0.8531,-1,-1,-1
417,21,968.12,417.39,128.21,518.38,0.6691,-1,-1,-1
417,38,675.85,424.64,125.97,310.44,0.8034,-1,-1,-1
417,40,569.62,435.55,96.72,283.88,0.6754,-1,-1,-1
417,44,436.10,449.68,164.23,317.01,0.7915,-1,-1,-1
417,47,289.13,437.97,128.76,330.76,0.5965,-1,-1,-1
417,49,868.17,439.09,50.77,167.13,0.6314,-1,-1,-1
418,17,1059.61,405.88,199.85,614.64,0.8571,-1,-1,-1
418,3,1059.61,405.88,199.85,614.64,0.8571,-1,-1,-1
418,21,968.40,418.08,126.86,519.49,0.6722,-1,-1,-1
418,38,682.06,413.75,121.82,318.42,0.7853,-1,-1,-1
418,40,581.53,436.15,94.40,282.42,0.7153,-1,-1,-1
418,44,438.20,446.41,158.82,319.46,0.8080,-1,-1,-1
418,47,289.97,436.01,142.77,332.62,0.6846,-1,-1,-1
418,49,867.44,439.65,48.87,165.31,0.5206,-1,-1,-1
419,17,1056.86,407.64,204.70,612.89,0.8489,-1,-1,-1
419,3,1056.86,407.64,204.70,612.89,0.8489,-1,-1,-1
419,21,970.00,419.53,125.73,517.16,0.6838,-1,-1,-1
419,38,688.24,407.18,120.31,324.05,0.8005,-1,-1,-1
419,40,588.51,437.00,91.24,280.40,0.7165,-1,-1,-1
419,44,441.09,439.44,159.52,324.61,0.8021,-1,-1,-1
419,47,291.16,438.18,155.79,330.75,0.7580,-1,-1,-1
419,49,865.62,440.68,46.15,164.14,0.5453,-1,-1,-1
420,17,1054.07,409.20,212.64,611.62,0.8393,-1,-1,-1
420,3,1054.07,409.20,212.64,611.62,0.8393,-1,-1,-1
420,21,970.69,415.52,123.94,521.80,0.5914,-1,-1,-1
420,38,694.90,407.32,116.71,323.12,0.7801,-1,-1,-1
420,40,586.95,436.93,97.23,278.24,0.7142,-1,-1,-1
420,44,448.03,435.80,152.93,327.37,0.7691,-1,-1,-1
420,47,293.48,442.11,161.28,326.89,0.7821,-1,-1,-1
421,17,1051.12,409.21,215.67,611.65,0.8238,-1,-1,-1
421,3,1051.12,409.21,215.67,611.65,0.8238,-1,-1,-1
421,21,969.34,412.24,123.94,525.47,0.5952,-1,-1,-1
421,38,697.75,418.57,111.21,311.96,0.7101,-1,-1,-1
421,40,589.29,438.98,108.53,277.25,0.7298,-1,-1,-1
421,44,448.30,434.34,150.95,326.93,0.7422,-1,-1,-1
421,47,292.61,439.59,167.11,328.94,0.7782,-1,-1,-1
421,49,858.64,435.42,48.19,169.89,0.4985,-1,-1,-1
422,17,1047.35,407.11,216.02,614.35,0.8182,-1,-1,-1
422,3,1047.35,407.11,216.02,614.35,0.8182,-1,-1,-1
422,21,968.77,412.56,124.31,525.15,0.5191,-1,-1,-1
422,38,701.90,431.60,108.33,296.21,0.6475,-1,-1,-1
422,40,595.40,440.49,114.09,276.31,0.7147,-1,-1,-1
422,44,459.56,435.13,135.78,325.66,0.6972,-1,-1,-1
422,47,292.88,439.58,182.90,327.70,0.8236,-1,-1,-1
422,52,1158.57,410.91,163.36,492.74,0.5064,-1,-1,-1
422,49,859.16,439.16,47.53,161.19,0.4723,-1,-1,-1
423,17,1046.17,404.04,218.34,618.23,0.8158,-1,-1,-1
423,3,1046.17,404.04,218.34,618.23,0.8158,-1,-1,-1
423,21,969.05,416.38,123.32,520.62,0.4220,-1,-1,-1
423,38,707.15,436.01,105.72,291.92,0.6216,-1,-1,-1
423,40,601.76,443.07,121.89,272.99,0.7252,-1,-1,-1
423,44,470.49,437.19,123.20,320.33,0.7152,-1,-1,-1
423,47,292.56,436.92,187.14,329.51,0.7823,-1,-1,-1
423,52,1155.45,411.98,168.24,493.43,0.6566,-1,-1,-1
423,49,856.33,438.84,50.62,161.46,0.5984,-1,-1,-1
424,17,1047.54,399.92,217.53,624.40,0.7841,-1,-1,-1
424,3,1047.54,399.92,217.53,624.40,0.7841,-1,-1,-1
424,21,969.06,462.41,121.43,472.92,0.4156,-1,-1,-1
424,38,711.33,431.20,104.49,298.11,0.6349,-1,-1,-1
424,40,607.67,443.22,130.30,272.31,0.7742,-1,-1,-1
424,44,477.00,437.21,120.75,320.55,0.7189,-1,-1,-1
424,47,300.39,436.88,179.55,327.81,0.7751,-1,-1,-1
424,52,1151.56,412.43,173.58,498.47,0.5146,-1,-1,-1
424,49,851.52,438.77,52.74,163.13,0.5313,-1,-1,-1
425,17,1048.53,397.80,208.79,633.04,0.7193,-1,-1,-1
425,3,1048.53,397.80,208.79,633.04,0.7193,-1,-1,-1
425,21,970.75,482.42,119.57,451.18,0.5236,-1,-1,-1
425,38,714.19,421.72,113.03,305.18,0.7298,-1,-1,-1
425,40,610.81,448.86,130.56,266.74,0.7354,-1,-1,-1
425,44,487.99,438.74,112.81,318.95,0.6387,-1,-1,-1
425,47,310.24,437.96,170.22,325.70,0.7792,-1,-1,-1
425,52,1159.76,412.75,165.72,508.62,0.6051,-1,-1,-1
425,49,850.05,439.86,49.84,159.40,0.5432,-1,-1,-1
426,17,1050.13,397.45,201.91,638.33,0.7136,-1,-1,-1
426,3,1050.13,397.45,201.91,638.33,0.7136,-1,-1,-1
426,21,971.00,489.77,118.87,442.00,0.5296,-1,-1,-1
426,38,715.59,413.42,115.49,312.48,0.7549,-1,-1,-1
426,40,611.79,449.01,133.12,267.91,0.7208,-1,-1,-1
426,44,514.46,438.36,96.91,315.95,0.6452,-1,-1,-1
426,47,321.43,434.44,157.98,329.49,0.7906,-1,-1,-1
426,52,1163.20,411.73,163.47,515.99,0.5900,-1,-1,-1
426,49,848.01,439.11,48.12,159.08,0.5963,-1,-1,-1
427,17,1053.74,399.99,187.73,638.34,0.6818,-1,-1,-1
427,3,1053.74,399.99,187.73,638.34,0.6818,-1,-1,-1
427,21,971.68,452.66,119.72,478.80,0.4404,-1,-1,-1
427,38,720.46,411.09,111.38,315.28,0.7454,-1,-1,-1
427,40,611.43,450.05,132.66,267.62,0.7150,-1,-1,-1
427,44,520.31,438.64,94.14,315.01,0.6313,-1,-1,-1
427,47,330.67,433.86,151.12,326.18,0.7859,-1,-1,-1
427,52,1159.63,409.67,171.10,521.72,0.4893,-1,-1,-1
427,49,844.20,437.37,49.25,161.82,0.4929,-1,-1,-1
428,17,1058.10,405.60,169.61,622.40,0.6655,-1,-1,-1
428,3,1058.10,405.60,169.61,622.40,0.6655,-1,-1,-1
428,21,972.56,440.36,120.80,486.57,0.5750,-1,-1,-1
428,38,723.82,417.54,114.60,309.94,0.7238,-1,-1,-1
428,40,609.29,447.67,133.53,268.30,0.6945,-1,-1,-1
428,44,508.18,437.80,109.31,317.27,0.6649,-1,-1,-1
428,47,346.73,436.52,136.13,317.94,0.7384,-1,-1,-1
428,52,1149.13,411.81,179.75,597.32,0.4301,-1,-1,-1
428,49,841.17,441.14,50.11,157.78,0.5163,-1,-1,-1
428,56,1692.11,330.64,227.46,619.66,0.6095,-1,-1,-1
429,17,1059.73,402.89,164.59,619.32,0.6603,-1,-1,-1
429,3,1059.73,402.89,164.59,619.32,0.6603,-1,-1,-1
429,21,973.96,452.23,119.13,478.09,0.5121,-1,-1,-1
429,38,727.34,430.94,116.28,296.39,0.7138,-1,-1,-1
429,40,618.15,442.56,123.34,271.62,0.7095,-1,-1,-1
429,44,503.05,438.50,123.77,316.38,0.6044,-1,-1,-1
429,47,366.24,438.05,119.42,314.23,0.7166,-1,-1,-1
429,52,1145.64,414.19,182.92,627.83,0.3504,-1,-1,-1
429,56,1650.16,325.82,269.67,615.30,0.4654,-1,-1,-1
430,17,1062.55,403.16,163.30,623.73,0.6899,-1,-1,-1
430,3,1062.55,403.16,163.30,623.73,0.6899,-1,-1,-1
430,21,975.07,446.07,119.20,482.38,0.5746,-1,-1,-1
430,38,729.48,431.69,119.78,295.46,0.6794,-1,-1,-1
430,40,633.51,441.88,109.15,271.14,0.6008,-1,-1,-1
430,44,510.74,438.10,136.03,317.29,0.5807,-1,-1,-1
430,47,377.42,437.85,109.83,310.24,0.7392,-1,-1,-1
430,52,1147.31,416.14,182.79,638.92,0.3087,-1,-1,-1
430,56,1597.90,320.75,321.84,620.86,0.4823,-1,-1,-1
430,49,839.41,438.91,46.37,155.54,0.3812,-1,-1,-1
431,17,1065.82,404.32,162.17,629.71,0.6788,-1,-1,-1
431,3,1065.82,404.32,162.17,629.71,0.6788,-1,-1,-1
431,21,976.13,440.17,120.32,486.87,0.5675,-1,-1,-1
431,38,728.36,430.27,122.95,297.27,0.6863,-1,-1,-1
431,40,642.05,441.88,99.93,266.34,0.5394,-1,-1,-1
431,44,531.60,441.16,132.29,313.75,0.6330,-1,-1,-1
431,47,384.79,438.03,106.32,307.01,0.7316,-1,-1,-1
431,52,1144.39,417.09,181.76,650.82,0.3020,-1,-1,-1
431,56,1548.61,308.14,371.08,690.14,0.7134,-1,-1,-1
431,49,839.39,440.14,43.54,154.02,0.5899,-1,-1,-1
432,17,1069.27,407.13,167.94,630.35,0.7299,-1,-1,-1
432,3,1069.27,407.13,167.94,630.35,0.7299,-1,-1,-1
432,21,976.90,443.58,120.84,484.71,0.5618,-1,-1,-1
432,38,728.47,424.67,124.27,301.80,0.6501,-1,-1,-1
432,40,655.64,446.57,84.41,257.62,0.4663,-1,-1,-1
432,44,543.21,441.38,135.10,313.87,0.6602,-1,-1,-1
432,47,388.92,439.62,106.98,308.03,0.7042,-1,-1,-1
432,52,1166.87,413.20,158.22,483.42,0.5702,-1,-1,-1
432,56,1501.10,301.78,418.09,715.24,0.8267,-1,-1,-1
432,49,836.74,442.01,45.03,151.47,0.6312,-1,-1,-1
432,57,1261.18,420.96,94.18,256.41,0.4264,-1,-1,-1
433,17,1073.75,409.05,165.92,616.74,0.7186,-1,-1,-1
433,3,1073.75,409.05,165.92,616.74,0.7186,-1,-1,-1
433,21,978.84,429.72,125.77,498.54,0.5650,-1,-1,-1
433,38,732.61,427.17,121.93,298.05,0.6894,-1,-1,-1
433,40,665.54,446.46,82.36,256.91,0.4258,-1,-1,-1
433,44,544.50,442.61,143.02,313.84,0.6806,-1,-1,-1
433,47,395.78,440.89,107.98,306.28,0.6749,-1,-1,-1
433,52,1180.00,413.44,151.76,411.00,0.6480,-1,-1,-1
433,56,1452.77,302.80,466.96,719.95,0.7814,-1,-1,-1
433,49,834.72,439.47,46.65,154.69,0.6018,-1,-1,-1
433,57,1266.07,417.97,93.57,258.85,0.3089,-1,-1,-1
434,17,1076.24,403.68,158.53,558.14,0.4761,-1,-1,-1
434,3,1076.24,403.68,158.53,558.14,0.4761,-1,-1,-1
434,21,981.45,424.47,132.82,512.79,0.6457,-1,-1,-1
434,38,737.80,419.98,118.03,305.64,0.6976,-1,-1,-1
434,40,669.63,448.72,84.67,254.13,0.4125,-1,-1,-1
434,44,547.92,445.18,142.60,311.32,0.7812,-1,-1,-1
434,47,403.21,440.86,107.19,305.94,0.6780,-1,-1,-1
434,52,1188.73,408.26,132.01,341.77,0.4609,-1,-1,-1
434,56,1406.72,302.43,497.48,717.28,0.7408,-1,-1,-1
434,57,1270.91,418.41,93.91,289.95,0.3899,-1,-1,-1
435,17,1081.94,404.83,160.62,439.74,0.6223,-1,-1,-1
435,3,1081.94,404.83,160.62,439.74,0.6223,-1,-1,-1
435,21,983.87,419.46,136.26,495.82,0.7031,-1,-1,-1
435,38,743.45,422.36,112.43,302.03,0.6921,-1,-1,-1
435,40,683.74,437.75,78.34,265.99,0.5282,-1,-1,-1
435,44,548.73,444.97,145.32,311.42,0.7973,-1,-1,-1
435,47,413.37,437.90,105.99,309.80,0.7632,-1,-1,-1
435,52,1193.44,405.39,126.89,306.67,0.6141,-1,-1,-1
435,56,1364.95,305.83,482.67,708.43,0.4181,-1,-1,-1
435,57,1276.95,418.72,93.46,299.76,0.5589,-1,-1,-1
436,17,1087.27,410.21,162.73,415.53,0.6528,-1,-1,-1
436,3,1087.27,410.21,162.73,415.53,0.6528,-1,-1,-1
436,21,994.14,419.09,133.63,421.39,0.6313,-1,-1,-1
436,38,751.11,424.42,105.55,297.26,0.6590,-1,-1,-1
436,40,696.07,437.11,75.95,270.61,0.4712,-1,-1,-1
436,44,547.41,442.32,148.48,314.05,0.7819,-1,-1,-1
436,47,416.58,434.82,111.31,313.60,0.7578,-1,-1,-1
436,52,1191.40,408.80,133.05,365.81,0.5846,-1,-1,-1
436,56,1312.53,309.82,471.65,704.66,0.8392,-1,-1,-1
437,17,1093.85,404.32,158.78,427.92,0.6934,-1,-1,-1
437,3,1093.85,404.32,158.78,427.92,0.6934,-1,-1,-1
437,21,997.99,419.98,135.18,403.46,0.6798,-1,-1,-1
437,38,757.23,416.88,99.97,302.80,0.5661,-1,-1,-1
437,40,706.68,432.58,74.96,276.51,0.4958,-1,-1,-1
437,44,548.19,440.66,148.96,316.65,0.7816,-1,-1,-1
437,47,417.94,437.65,116.40,312.89,0.7785,-1,-1,-1
437,52,1198.90,405.98,132.33,324.42,0.5319,-1,-1,-1
437,56,1225.85,317.35,489.26,702.88,0.8073,-1,-1,-1
438,17,1099.10,396.63,157.39,445.00,0.8135,-1,-1,-1
438,3,1099.10,396.63,157.39,445.00,0.8135,-1,-1,-1
438,21,1001.02,422.36,135.54,405.56,0.6854,-1,-1,-1
438,38,768.27,415.05,90.92,303.86,0.5405,-1,-1,-1
438,40,710.33,430.33,81.78,279.51,0.5466,-1,-1,-1
438,44,549.14,441.80,149.48,312.54,0.7833,-1,-1,-1
438,47,421.11,434.11,119.57,316.47,0.8064,-1,-1,-1
438,56,1193.61,326.22,449.13,700.98,0.7261,-1,-1,-1
439,17,1101.83,419.77,154.03,429.89,0.5204,-1,-1,-1
439,3,1101.83,419.77,154.03,429.89,0.5204,-1,-1,-1
439,21,1000.23,421.77,139.75,419.76,0.7032,-1,-1,-1
439,38,772.31,430.06,89.01,287.88,0.5402,-1,-1,-1
439,40,711.88,434.88,85.91,276.28,0.4633,-1,-1,-1
439,44,551.28,439.93,148.49,314.14,0.7898,-1,-1,-1
439,47,424.26,438.23,123.87,309.73,0.7599,-1,-1,-1
439,56,1155.03,333.24,417.49,701.54,0.7738,-1,-1,-1
440,21,999.35,423.41,146.06,435.18,0.7795,-1,-1,-1
440,38,773.86,439.10,88.16,277.73,0.5877,-1,-1,-1
440,40,712.78,437.58,85.77,273.59,0.5187,-1,-1,-1
440,44,552.21,440.81,148.11,313.46,0.7786,-1,-1,-1
440,47,428.73,438.31,124.40,306.42,0.7015,-1,-1,-1
440,56,1103.62,349.04,398.93,685.85,0.7384,-1,-1,-1
440,58,1832.90,466.13,65.08,179.86,0.4015,-1,-1,-1
441,21,999.82,431.66,140.00,407.95,0.4467,-1,-1,-1
441,38,776.63,436.14,86.42,276.65,0.5727,-1,-1,-1
441,40,713.34,444.89,95.66,266.61,0.5611,-1,-1,-1
441,44,552.95,441.07,147.06,312.74,0.7498,-1,-1,-1
441,47,436.07,438.79,118.47,302.86,0.6945,-1,-1,-1
441,56,1050.47,357.37,380.22,675.33,0.7502,-1,-1,-1
441,58,1833.44,466.29,68.90,181.97,0.3997,-1,-1,-1
441,57,1313.99,428.32,136.47,323.97,0.7004,-1,-1,-1
442,38,778.48,430.86,87.62,279.36,0.5491,-1,-1,-1
442,40,713.57,447.77,109.94,264.30,0.5512,-1,-1,-1
442,44,560.22,439.79,140.34,310.57,0.7670,-1,-1,-1
442,47,442.95,437.47,110.78,307.63,0.6987,-1,-1,-1
442,56,1004.06,364.53,363.41,660.64,0.7931,-1,-1,-1
442,58,1834.14,465.92,67.40,182.39,0.3568,-1,-1,-1
442,57,1310.40,432.30,149.25,325.16,0.7322,-1,-1,-1
443,38,783.99,428.45,82.56,281.97,0.6367,-1,-1,-1
443,40,712.87,444.47,114.78,267.09,0.5491,-1,-1,-1
443,44,566.92,438.39,134.55,311.01,0.7965,-1,-1,-1
443,47,450.17,439.95,106.11,303.10,0.7200,-1,-1,-1
443,56,959.98,364.52,351.67,654.41,0.8091,-1,-1,-1
443,57,1313.14,433.27,150.88,326.71,0.6965,-1,-1,-1
443,52,1230.18,426.50,122.16,401.66,0.6267,-1,-1,-1
444,38,787.17,430.77,84.40,279.73,0.5142,-1,-1,-1
444,40,712.12,443.63,127.38,267.47,0.5972,-1,-1,-1
444,44,578.55,437.14,123.10,308.61,0.7456,-1,-1,-1
444,47,461.09,436.47,99.66,304.30,0.7626,-1,-1,-1
444,56,917.25,363.43,338.78,651.53,0.8145,-1,-1,-1
444,57,1315.67,434.05,148.71,329.45,0.6652,-1,-1,-1
444,52,1235.41,429.36,120.97,413.27,0.5235,-1,-1,-1
445,38,785.57,436.40,89.80,275.89,0.5030,-1,-1,-1
445,40,712.28,445.62,107.39,263.42,0.4192,-1,-1,-1
445,44,587.24,437.77,114.60,306.84,0.7546,-1,-1,-1
445,47,468.76,434.56,99.68,301.12,0.7621,-1,-1,-1
445,56,875.90,354.25,338.98,657.47,0.7807,-1,-1,-1
445,57,1324.58,434.27,139.80,328.82,0.7328,-1,-1,-1
445,52,1237.78,429.57,127.07,388.12,0.4103,-1,-1,-1
445,3,1140.10,409.37,206.00,503.53,0.5938,-1,-1,-1
446,38,790.52,429.85,88.29,281.74,0.5667,-1,-1,-1
446,40,713.23,450.76,109.43,258.17,0.4565,-1,-1,-1
446,44,603.29,438.77,99.37,303.73,0.6876,-1,-1,-1
446,47,471.29,434.66,103.70,294.62,0.7216,-1,-1,-1
446,56,842.37,345.81,329.77,654.94,0.7820,-1,-1,-1
446,57,1333.43,433.71,130.12,329.29,0.7050,-1,-1,-1
446,52,1241.11,428.89,126.95,403.99,0.4979,-1,-1,-1
446,3,1138.71,420.94,202.29,593.12,0.7608,-1,-1,-1
446,58,1832.31,469.52,70.60,178.75,0.3497,-1,-1,-1
447,40,716.56,451.52,106.37,256.24,0.3908,-1,-1,-1
447,44,610.66,433.69,95.88,308.18,0.6747,-1,-1,-1
447,47,474.62,431.22,105.79,295.56,0.6851,-1,-1,-1
447,56,801.03,336.57,333.28,654.19,0.7790,-1,-1,-1
447,57,1340.67,432.50,123.41,329.82,0.6713,-1,-1,-1
447,52,1238.79,423.75,127.53,417.17,0.3021,-1,-1,-1
447,3,1136.96,416.16,197.89,636.63,0.7875,-1,-1,-1
447,21,1064.57,420.52,117.01,358.29,0.4472,-1,-1,-1
448,40,724.06,445.72,122.65,262.92,0.4139,-1,-1,-1
448,44,606.72,434.52,104.16,308.77,0.6115,-1,-1,-1
448,47,482.84,434.08,103.07,285.27,0.5846,-1,-1,-1
448,56,766.09,333.28,334.28,646.25,0.7763,-1,-1,-1
448,57,1346.41,424.87,120.16,339.00,0.7806,-1,-1,-1
448,52,1243.36,422.38,126.45,379.21,0.3713,-1,-1,-1
448,3,1139.17,418.83,198.21,650.29,0.7742,-1,-1,-1
448,21,1058.57,420.70,129.73,472.23,0.5336,-1,-1,-1
449,44,625.81,434.78,93.75,308.05,0.5936,-1,-1,-1
449,47,485.15,436.80,105.62,283.00,0.7029,-1,-1,-1
449,56,729.88,332.22,333.82,646.29,0.7324,-1,-1,-1
449,57,1350.53,422.74,116.75,340.65,0.7502,-1,-1,-1
449,52,1245.63,419.38,123.56,343.75,0.5112,-1,-1,-1
449,3,1142.61,423.88,192.89,649.31,0.7307,-1,-1,-1
449,21,1042.15,420.06,147.39,514.23,0.8012,-1,-1,-1
449,58,1831.16,469.78,73.03,179.37,0.3385,-1,-1,-1
450,44,635.34,434.80,87.54,303.47,0.6593,-1,-1,-1
450,47,486.57,435.78,106.66,285.27,0.6994,-1,-1,-1
450,56,695.72,335.50,331.11,635.37,0.7552,-1,-1,-1
450,57,1353.22,421.74,118.99,340.88,0.7537,-1,-1,-1
450,3,1143.88,420.75,210.82,651.28,0.8143,-1,-1,-1
450,21,1037.69,415.45,155.67,540.48,0.7719,-1,-1,-1
450,58,1831.77,468.67,74.75,180.34,0.3339,-1,-1,-1
451,44,644.81,437.97,81.02,300.50,0.6664,-1,-1,-1
451,47,489.53,434.29,118.59,289.34,0.6384,-1,-1,-1
451,56,660.44,339.51,333.44,638.57,0.7167,-1,-1,-1
451,57,1353.65,419.12,124.56,345.45,0.7264,-1,-1,-1
451,3,1136.57,418.77,248.62,654.76,0.8218,-1,-1,-1
451,21,1037.40,412.50,158.88,551.99,0.7848,-1,-1,-1
452,47,490.02,433.73,127.33,290.09,0.7215,-1,-1,-1
452,56,634.20,347.01,323.86,635.76,0.7142,-1,-1,-1
452,57,1359.02,418.24,127.15,347.07,0.7840,-1,-1,-1
452,3,1107.02,416.41,293.88,657.31,0.7159,-1,-1,-1
452,21,1040.39,413.29,160.05,553.58,0.7996,-1,-1,-1
453,47,495.96,436.24,125.57,286.75,0.7168,-1,-1,-1
453,56,586.70,358.22,347.02,668.21,0.5395,-1,-1,-1
453,57,1365.85,418.18,125.32,346.73,0.8186,-1,-1,-1
453,3,1135.72,415.94,294.59,652.78,0.8063,-1,-1,-1
453,21,1046.39,413.99,153.79,551.10,0.7941,-1,-1,-1
454,47,504.38,437.62,111.68,284.68,0.7769,-1,-1,-1
454,56,541.87,368.42,362.41,657.57,0.6769,-1,-1,-1
454,57,1370.19,418.09,126.41,349.38,0.8184,-1,-1,-1
454,3,1144.64,410.47,303.42,662.85,0.7956,-1,-1,-1
454,21,1048.55,415.02,155.76,546.63,0.7731,-1,-1,-1
454,38,820.63,423.49,69.80,270.91,0.4524,-1,-1,-1
455,47,513.88,449.30,94.40,268.55,0.6625,-1,-1,-1
455,56,499.09,384.49,370.07,631.73,0.6369,-1,-1,-1
455,57,1373.13,418.73,128.99,349.63,0.8233,-1,-1,-1
455,3,1149.00,417.16,304.37,661.36,0.7105,-1,-1,-1
455,21,1052.19,417.34,168.08,547.19,0.7694,-1,-1,-1
455,64,243.80,517.24,90.99,123.19,0.5262,-1,-1,-1
455,38,820.92,421.20,74.82,283.07,0.6186,-1,-1,-1
456,56,460.35,391.88,376.48,646.79,0.7107,-1,-1,-1
456,57,1376.68,419.81,131.41,353.29,0.8205,-1,-1,-1
456,3,1151.03,421.91,309.87,659.10,0.7529,-1,-1,-1
456,21,1056.19,419.56,169.77,545.57,0.7770,-1,-1,-1
456,38,814.83,420.21,86.04,287.82,0.5996,-1,-1,-1
457,56,411.73,395.68,382.71,645.86,0.6779,-1,-1,-1
457,57,1379.37,420.58,135.07,357.29,0.8462,-1,-1,-1
457,3,1152.49,414.95,298.28,665.13,0.8219,-1,-1,-1
457,21,1061.16,420.38,167.24,545.55,0.8057,-1,-1,-1
457,38,809.35,414.01,95.30,294.87,0.6823,-1,-1,-1
457,66,415.70,470.96,42.48,100.95,0.3423,-1,-1,-1
457,44,687.65,440.71,69.85,218.43,0.3442,-1,-1,-1
457,64,230.12,514.34,93.62,115.62,0.3941,-1,-1,-1
458,56,375.13,394.22,390.97,666.55,0.7579,-1,-1,-1
458,57,1386.31,421.78,134.81,359.29,0.8286,-1,-1,-1
458,3,1153.33,414.92,303.29,664.29,0.8403,-1,-1,-1
458,21,1068.22,419.37,161.55,543.19,0.8051,-1,-1,-1
458,38,809.02,415.45,97.69,292.88,0.6738,-1,-1,-1
458,44,688.79,441.47,81.68,271.89,0.4975,-1,-1,-1
458,64,220.65,517.67,94.12,117.30,0.4048,-1,-1,-1
459,56,339.84,390.39,395.56,680.33,0.8429,-1,-1,-1
459,57,1391.62,423.58,144.38,361.38,0.8363,-1,-1,-1
459,3,1154.82,414.81,314.05,664.24,0.8349,-1,-1,-1
459,21,1075.53,418.54,157.60,546.49,0.7696,-1,-1,-1
459,38,816.66,419.15,88.30,285.92,0.5967,-1,-1,-1
459,44,688.15,442.80,103.06,284.22,0.4896,-1,-1,-1
459,64,210.09,520.67,96.11,123.24,0.3794,-1,-1,-1
460,56,302.42,388.38,405.31,678.29,0.6818,-1,-1,-1
460,57,1397.50,424.06,156.63,363.47,0.8447,-1,-1,-1
460,3,1158.27,412.73,311.54,664.42,0.8425,-1,-1,-1
460,21,1085.50,418.63,152.54,548.36,0.7164,-1,-1,-1
460,38,820.83,422.05,88.27,280.18,0.5387,-1,-1,-1
460,44,677.97,441.46,122.29,291.88,0.6884,-1,-1,-1
460,64,202.18,521.60,95.68,117.39,0.4016,-1,-1,-1
461,56,274.10,375.10,404.54,698.79,0.8018,-1,-1,-1
461,57,1401.26,425.55,163.72,365.01,0.8553,-1,-1,-1
461,3,1160.27,411.09,310.20,667.70,0.8619,-1,-1,-1
461,21,1097.33,421.51,151.17,553.50,0.7143,-1,-1,-1
461,38,818.44,416.66,96.92,284.75,0.5823,-1,-1,-1
461,44,662.49,440.11,141.85,297.14,0.7445,-1,-1,-1
462,56,249.38,369.92,396.50,705.04,0.7666,-1,-1,-1
462,57,1403.58,426.30,167.11,366.43,0.8152,-1,-1,-1
462,3,1158.56,405.78,313.26,672.36,0.8664,-1,-1,-1
462,21,1098.86,420.11,157.20,556.59,0.7314,-1,-1,-1
462,38,813.15,413.24,102.79,289.26,0.6092,-1,-1,-1
462,44,665.19,439.87,138.08,298.43,0.6931,-1,-1,-1
462,47,563.97,434.81,88.34,276.02,0.5545,-1,-1,-1
463,56,243.41,363.37,382.12,711.19,0.7796,-1,-1,-1
463,57,1405.39,430.41,171.09,367.21,0.8300,-1,-1,-1
463,3,1160.95,403.42,310.40,674.78,0.8029,-1,-1,-1
463,21,1102.48,417.15,157.17,558.35,0.7728,-1,-1,-1
463,38,810.10,411.54,109.58,290.88,0.5973,-1,-1,-1
463,44,672.04,439.23,126.14,297.80,0.6770,-1,-1,-1
463,47,567.03,432.70,91.79,276.94,0.7029,-1,-1,-1
463,49,774.37,446.67,46.98,141.09,0.4061,-1,-1,-1
464,56,220.92,358.80,384.98,714.67,0.8128,-1,-1,-1
464,57,1413.22,427.73,165.99,372.86,0.8497,-1,-1,-1
464,3,1167.02,401.95,303.26,675.25,0.7966,-1,-1,-1
464,21,1104.78,413.42,162.03,564.49,0.7787,-1,-1,-1
464,38,809.17,411.75,114.80,291.94,0.6321,-1,-1,-1
464,44,680.65,438.68,117.19,294.53,0.6811,-1,-1,-1
464,47,572.20,432.06,91.63,275.63,0.6957,-1,-1,-1
464,49,772.89,446.07,46.93,140.33,0.5092,-1,-1,-1
465,56,195.62,360.44,393.31,710.29,0.7816,-1,-1,-1
465,57,1421.58,424.84,158.43,378.41,0.8426,-1,-1,-1
465,3,1183.20,402.01,286.26,677.06,0.8341,-1,-1,-1
465,21,1108.13,416.18,159.51,561.78,0.7699,-1,-1,-1
465,38,816.99,412.32,108.49,291.72,0.6266,-1,-1,-1
465,44,685.66,438.94,113.87,293.53,0.6242,-1,-1,-1
465,47,568.05,430.82,99.74,276.63,0.6810,-1,-1,-1
466,56,157.79,365.14,399.49,707.33,0.7487,-1,-1,-1
466,57,1432.81,421.85,147.09,382.99,0.8452,-1,-1,-1
466,3,1195.75,402.63,274.45,676.10,0.8163,-1,-1,-1
466,21,1107.69,420.20,165.21,555.59,0.7763,-1,-1,-1
466,38,822.44,409.70,106.41,295.41,0.6717,-1,-1,-1
466,44,704.18,438.58,108.27,292.99,0.6407,-1,-1,-1
466,47,564.59,430.15,106.10,278.08,0.6880,-1,-1,-1
466,67,512.17,448.55,75.09,193.38,0.3997,-1,-1,-1
467,56,129.54,369.21,402.36,703.79,0.8544,-1,-1,-1
467,57,1447.83,421.09,135.48,385.48,0.8017,-1,-1,-1
467,3,1216.28,404.51,259.58,667.70,0.7358,-1,-1,-1
467,21,1108.73,425.98,171.45,550.11,0.7267,-1,-1,-1
467,38,827.44,407.98,100.54,297.70,0.6766,-1,-1,-1
467,44,718.54,440.04,97.87,292.27,0.6693,-1,-1,-1
467,47,568.54,428.65,103.52,279.87,0.6876,-1,-1,-1
467,67,501.99,456.06,78.94,183.37,0.3595,-1,-1,-1
468,56,113.39,371.99,391.03,702.30,0.8187,-1,-1,-1
468,57,1459.69,416.32,131.52,389.06,0.8166,-1,-1,-1
468,3,1239.02,405.54,244.05,655.04,0.6433,-1,-1,-1
468,21,1112.60,423.90,176.29,561.91,0.7785,-1,-1,-1
468,38,830.55,406.97,97.24,298.37,0.6697,-1,-1,-1
468,44,713.54,439.52,101.35,293.18,0.6053,-1,-1,-1
468,47,572.39,432.40,99.11,272.84,0.7037,-1,-1,-1
469,56,78.72,379.67,388.32,689.89,0.7290,-1,-1,-1
469,57,1471.52,414.27,123.27,391.18,0.7872,-1,-1,-1
469,3,1253.48,403.37,242.72,665.73,0.7933,-1,-1,-1
469,21,1116.53,422.64,173.69,574.07,0.7742,-1,-1,-1
469,38,833.62,407.05,93.58,298.72,0.6869,-1,-1,-1
469,44,711.60,437.55,106.05,295.12,0.6254,-1,-1,-1
469,47,575.93,435.61,97.29,268.99,0.7117,-1,-1,-1
469,67,492.34,457.74,81.93,192.70,0.3646,-1,-1,-1
470,56,49.07,388.96,392.59,679.49,0.7838,-1,-1,-1
470,57,1481.43,412.31,119.70,391.51,0.8235,-1,-1,-1
470,3,1270.79,405.90,236.23,667.57,0.6422,-1,-1,-1
470,21,1123.15,422.13,178.14,583.60,0.7596,-1,-1,-1
470,38,833.33,407.98,92.98,299.10,0.7190,-1,-1,-1
470,44,712.91,437.37,118.58,293.34,0.6064,-1,-1,-1
470,47,579.70,438.78,94.99,267.56,0.7095,-1,-1,-1
470,67,488.56,470.24,75.59,177.23,0.3067,-1,-1,-1
471,56,18.95,395.51,408.81,673.58,0.8302,-1,-1,-1
471,57,1489.80,410.43,116.66,393.00,0.8153,-1,-1,-1
471,3,1289.64,401.66,213.33,673.33,0.5579,-1,-1,-1
471,21,1129.91,421.89,173.22,588.00,0.7716,-1,-1,-1
471,38,837.10,412.87,90.52,293.09,0.7533,-1,-1,-1
471,44,730.38,433.10,116.89,298.99,0.5844,-1,-1,-1
471,47,581.82,446.01,94.69,262.66,0.6997,-1,-1,-1
472,56,-2.65,401.30,398.76,665.10,0.7824,-1,-1,-1
472,57,1494.90,409.60,117.82,395.53,0.8315,-1,-1,-1
472,3,1290.39,399.21,207.74,674.57,0.6530,-1,-1,-1
472,21,1133.75,418.57,178.73,593.41,0.8031,-1,-1,-1
472,38,838.17,412.83,89.52,292.44,0.7330,-1,-1,-1
472,44,738.54,432.43,119.15,299.57,0.6447,-1,-1,-1
472,47,584.35,446.10,96.10,262.35,0.7332,-1,-1,-1
472,69,408.56,486.69,62.37,138.10,0.3862,-1,-1,-1
472,67,484.16,472.17,64.51,169.24,0.3569,-1,-1,-1
473,56,-11.34,402.90,394.32,663.67,0.6313,-1,-1,-1
473,57,1500.48,410.38,118.55,393.02,0.8030,-1,-1,-1
473,3,1310.54,399.22,201.69,669.80,0.6613,-1,-1,-1
473,21,1138.44,421.62,171.48,590.49,0.7927,-1,-1,-1
473,38,840.08,415.99,89.67,289.42,0.6987,-1,-1,-1
473,44,742.12,434.96,119.06,296.12,0.6693,-1,-1,-1
473,47,587.10,441.90,97.52,266.49,0.7316,-1,-1,-1
473,69,409.42,488.11,54.33,127.14,0.3499,-1,-1,-1
473,67,470.68,474.00,72.23,175.01,0.3431,-1,-1,-1
474,56,-13.56,401.12,364.82,670.00,0.5958,-1,-1,-1
474,57,1504.00,411.11,123.70,391.82,0.7796,-1,-1,-1
474,3,1323.98,399.69,201.94,666.55,0.7209,-1,-1,-1
474,21,1143.78,422.04,166.76,589.93,0.8007,-1,-1,-1
474,38,839.33,414.49,86.35,290.24,0.6224,-1,-1,-1
474,44,741.97,437.78,119.65,292.32,0.6530,-1,-1,-1
474,47,589.81,440.18,98.32,267.87,0.7393,-1,-1,-1
474,67,453.23,474.95,88.80,182.01,0.4084,-1,-1,-1
475,56,-12.31,398.85,346.40,674.04,0.7480,-1,-1,-1
475,57,1508.79,410.46,130.43,392.87,0.7777,-1,-1,-1
475,3,1326.35,400.98,205.66,666.14,0.7506,-1,-1,-1
475,21,1147.52,422.08,167.15,589.98,0.8164,-1,-1,-1
475,38,845.75,415.52,90.86,287.93,0.5108,-1,-1,-1
475,44,743.65,436.75,118.54,293.78,0.6514,-1,-1,-1
475,47,592.71,441.80,98.70,265.72,0.7418,-1,-1,-1
475,67,453.44,475.48,86.07,186.75,0.3746,-1,-1,-1
476,56,-10.79,395.58,257.97,678.63,0.6790,-1,-1,-1
476,57,1513.69,411.55,145.53,392.97,0.7603,-1,-1,-1
476,3,1328.77,397.80,212.93,673.21,0.6733,-1,-1,-1
476,21,1149.77,421.52,167.30,590.31,0.8137,-1,-1,-1
476,38,846.89,416.51,83.53,287.62,0.5590,-1,-1,-1
476,44,744.04,436.65,118.20,294.32,0.7014,-1,-1,-1
476,47,595.57,444.41,100.86,261.78,0.7922,-1,-1,-1
476,67,442.94,478.08,89.25,184.20,0.5482,-1,-1,-1
477,56,-6.64,390.87,283.23,680.81,0.7831,-1,-1,-1
477,57,1517.09,411.12,165.63,398.62,0.8323,-1,-1,-1
477,3,1335.29,396.83,198.96,665.37,0.3969,-1,-1,-1
477,21,1151.64,421.21,170.70,590.68,0.8252,-1,-1,-1
477,38,847.26,416.81,77.09,285.59,0.5532,-1,-1,-1
477,44,745.53,437.47,116.43,293.71,0.7029,-1,-1,-1
477,47,600.18,444.63,100.36,260.92,0.7705,-1,-1,-1
477,67,432.54,474.95,92.46,188.14,0.4176,-1,-1,-1
478,56,-6.83,385.21,212.73,687.11,0.4870,-1,-1,-1
478,57,1523.57,408.31,180.49,401.41,0.8257,-1,-1,-1
478,3,1338.39,398.19,202.03,660.26,0.6569,-1,-1,-1
478,21,1157.56,421.04,169.07,590.68,0.8189,-1,-1,-1
478,38,848.76,415.61,75.35,286.22,0.4895,-1,-1,-1
478,44,747.47,437.46,113.55,294.88,0.6315,-1,-1,-1
478,47,611.04,445.39,94.01,258.64,0.6864,-1,-1,-1
478,67,422.55,474.76,97.29,190.37,0.4573,-1,-1,-1
478,72,1307.58,418.27,86.73,511.16,0.4051,-1,-1,-1
478,40,852.48,427.75,143.91,269.20,0.3470,-1,-1,-1
479,56,-3.36,382.89,243.30,687.21,0.7235,-1,-1,-1
479,57,1530.01,409.43,193.69,404.30,0.8492,-1,-1,-1
479,3,1345.12,398.18,212.10,669.09,0.7605,-1,-1,-1
479,21,1162.44,420.16,168.41,590.97,0.8015,-1,-1,-1
479,38,851.33,414.16,70.35,286.05,0.5199,-1,-1,-1
479,44,755.63,438.50,106.77,293.92,0.6147,-1,-1,-1
479,47,609.62,444.44,101.05,258.74,0.6579,-1,-1,-1
479,72,1316.03,413.46,94.34,529.06,0.4342,-1,-1,-1
479,40,883.98,433.11,118.84,258.60,0.4881,-1,-1,-1
480,56,-3.68,389.05,170.96,684.18,0.4759,-1,-1,-1
480,57,1536.57,412.81,199.55,408.37,0.8575,-1,-1,-1
480,3,1348.18,401.72,226.49,670.21,0.8132,-1,-1,-1
480,21,1168.17,420.50,166.02,590.01,0.8059,-1,-1,-1
480,38,852.10,412.92,69.59,286.88,0.5702,-1,-1,-1
480,44,763.65,437.42,100.43,292.32,0.6544,-1,-1,-1
480,47,618.65,439.24,92.89,262.05,0.6059,-1,-1,-1
480,72,1323.79,411.28,93.79,542.18,0.4467,-1,-1,-1
480,40,896.79,436.19,110.04,250.76,0.5524,-1,-1,-1
481,56,-1.69,406.23,205.66,666.05,0.7640,-1,-1,-1
481,57,1542.20,417.73,203.79,407.09,0.8478,-1,-1,-1
481,3,1349.40,399.24,243.90,676.93,0.8315,-1,-1,-1
481,21,1173.06,419.48,165.06,590.49,0.8082,-1,-1,-1
481,38,853.29,413.19,67.69,286.16,0.5479,-1,-1,-1
481,44,773.12,439.44,96.24,286.28,0.6128,-1,-1,-1
481,47,625.95,436.12,92.59,263.58,0.6028,-1,-1,-1
481,72,1328.60,407.67,90.95,554.91,0.3934,-1,-1,-1
481,40,902.82,439.16,105.08,245.10,0.6325,-1,-1,-1
481,67,406.95,478.51,85.96,186.51,0.5192,-1,-1,-1
482,56,-2.15,452.99,199.46,619.12,0.7683,-1,-1,-1
482,57,1547.83,418.60,205.96,409.51,0.8334,-1,-1,-1
482,3,1354.46,396.90,254.37,680.48,0.8510,-1,-1,-1
482,21,1177.28,419.13,164.02,592.98,0.7925,-1,-1,-1
482,38,854.45,413.35,66.61,284.21,0.5300,-1,-1,-1
482,44,780.91,438.74,92.21,284.18,0.5800,-1,-1,-1
482,47,632.00,434.72,88.93,265.44,0.5775,-1,-1,-1
482,72,1330.69,406.43,97.16,551.12,0.3449,-1,-1,-1
482,40,906.61,442.55,102.51,240.47,0.6765,-1,-1,-1
482,67,404.67,477.71,83.37,191.67,0.4563,-1,-1,-1
483,56,-1.86,500.93,185.77,570.09,0.7443,-1,-1,-1
483,57,1555.22,418.47,199.51,413.02,0.8256,-1,-1,-1
483,3,1358.78,394.78,263.12,682.00,0.8280,-1,-1,-1
483,21,1183.41,418.60,162.06,593.35,0.7928,-1,-1,-1
483,38,855.69,415.26,66.92,283.91,0.5269,-1,-1,-1
483,44,792.74,437.10,82.30,287.95,0.6327,-1,-1,-1
483,47,631.11,433.74,94.98,264.35,0.6164,-1,-1,-1
483,72,1332.32,401.35,102.97,558.94,0.4049,-1,-1,-1
483,40,909.95,445.08,98.28,237.59,0.6634,-1,-1,-1
483,67,399.29,476.64,87.73,193.09,0.4754,-1,-1,-1
484,56,-1.24,544.41,165.82,454.71,0.3866,-1,-1,-1
484,57,1563.13,416.40,193.60,418.86,0.8218,-1,-1,-1
484,3,1360.58,393.99,272.21,683.73,0.8716,-1,-1,-1
484,21,1188.88,417.69,161.45,594.85,0.7880,-1,-1,-1
484,38,859.15,428.43,65.23,270.96,0.5168,-1,-1,-1
484,44,797.71,437.85,78.02,289.77,0.6601,-1,-1,-1
484,47,633.12,435.09,100.20,261.96,0.6558,-1,-1,-1
484,72,1336.02,405.77,101.44,557.30,0.4309,-1,-1,-1
484,40,912.81,445.60,95.13,237.82,0.6517,-1,-1,-1
484,67,384.78,476.01,100.57,195.05,0.4639,-1,-1,-1
485,56,-1.02,564.63,146.28,488.65,0.4239,-1,-1,-1
485,57,1573.66,411.74,184.84,426.03,0.8339,-1,-1,-1
485,3,1361.21,395.42,278.44,681.68,0.8567,-1,-1,-1
485,21,1193.91,419.62,162.93,593.54,0.7823,-1,-1,-1
485,38,861.72,425.36,61.00,271.09,0.4661,-1,-1,-1
485,44,801.13,438.76,83.11,286.67,0.6578,-1,-1,-1
485,47,632.56,434.88,110.18,261.89,0.6881,-1,-1,-1
485,72,1338.34,417.89,101.25,543.61,0.5509,-1,-1,-1
485,40,913.88,442.39,94.65,239.92,0.6781,-1,-1,-1
485,67,368.46,477.10,109.93,198.24,0.3487,-1,-1,-1
486,56,-0.49,580.17,118.87,427.09,0.5676,-1,-1,-1
486,57,1582.50,412.10,178.38,427.55,0.8357,-1,-1,-1
486,3,1360.78,396.57,283.68,679.87,0.8409,-1,-1,-1
486,21,1198.96,419.93,163.49,592.79,0.7762,-1,-1,-1
486,38,864.67,430.00,59.49,251.54,0.3572,-1,-1,-1
486,44,802.18,438.71,95.09,285.86,0.5761,-1,-1,-1
486,47,633.27,434.54,118.09,262.31,0.7144,-1,-1,-1
486,72,1339.44,415.59,105.28,549.06,0.6096,-1,-1,-1
486,40,913.10,441.59,94.42,239.92,0.6941,-1,-1,-1
486,67,356.82,478.68,107.48,193.47,0.3275,-1,-1,-1
487,56,-0.27,553.75,94.39,434.58,0.4664,-1,-1,-1
487,57,1589.99,415.32,169.92,425.10,0.7893,-1,-1,-1
487,3,1361.84,396.50,283.58,679.57,0.8438,-1,-1,-1
487,21,1201.62,419.22,175.70,593.64,0.7762,-1,-1,-1
487,38,863.96,429.48,61.37,260.30,0.4203,-1,-1,-1
487,44,804.12,437.97,93.40,285.39,0.4915,-1,-1,-1
487,47,633.84,435.34,125.27,261.33,0.6702,-1,-1,-1
487,72,1345.41,413.35,104.34,533.51,0.5811,-1,-1,-1
487,40,917.62,441.76,91.19,240.16,0.6627,-1,-1,-1
487,67,353.66,478.31,105.98,197.00,0.4731,-1,-1,-1
488,56,-0.02,628.20,71.47,337.91,0.5585,-1,-1,-1
488,57,1598.43,417.93,164.67,422.13,0.7657,-1,-1,-1
488,3,1361.71,399.57,288.32,676.54,0.8191,-1,-1,-1
488,21,1203.22,419.60,181.48,592.75,0.7843,-1,-1,-1
488,44,805.58,434.48,115.62,290.21,0.5849,-1,-1,-1
488,47,636.01,435.44,126.52,261.04,0.6729,-1,-1,-1
488,72,1349.21,417.00,106.42,514.27,0.5109,-1,-1,-1
488,40,920.95,447.60,88.68,234.11,0.5540,-1,-1,-1
488,67,348.93,476.03,105.29,201.76,0.4942,-1,-1,-1
489,57,1607.62,414.30,156.84,428.06,0.7452,-1,-1,-1
489,3,1362.34,395.02,290.75,678.29,0.7879,-1,-1,-1
489,21,1205.76,415.12,185.50,595.00,0.8260,-1,-1,-1
489,44,806.91,432.40,127.71,292.19,0.5716,-1,-1,-1
489,47,640.70,435.19,125.75,260.72,0.6962,-1,-1,-1
489,72,1351.14,421.55,110.24,484.17,0.5555,-1,-1,-1
489,40,923.61,441.33,88.00,239.91,0.6099,-1,-1,-1
489,67,340.42,460.38,101.13,219.67,0.5013,-1,-1,-1
489,77,-0.32,534.49,64.79,130.32,0.5442,-1,-1,-1
490,57,1615.79,412.34,149.63,431.72,0.7321,-1,-1,-1
490,3,1366.84,396.60,274.06,675.76,0.7453,-1,-1,-1
490,21,1205.92,416.72,187.85,594.53,0.8008,-1,-1,-1
490,44,807.10,435.36,134.40,289.25,0.5802,-1,-1,-1
490,47,643.31,435.10,124.71,262.25,0.7904,-1,-1,-1
490,72,1355.06,420.24,113.08,477.18,0.6121,-1,-1,-1
490,40,933.19,439.85,79.63,240.28,0.6166,-1,-1,-1
490,67,332.18,460.64,97.60,220.32,0.5014,-1,-1,-1
490,77,-0.46,541.89,53.17,112.94,0.3636,-1,-1,-1
491,57,1620.84,409.74,133.58,432.51,0.7350,-1,-1,-1
491,3,1369.21,399.17,260.75,670.69,0.6713,-1,-1,-1
491,21,1206.56,417.43,188.33,594.45,0.8076,-1,-1,-1
491,44,808.54,436.46,137.02,288.21,0.5250,-1,-1,-1
491,47,647.17,434.95,122.59,263.87,0.7892,-1,-1,-1
491,72,1361.34,418.81,114.36,473.53,0.5506,-1,-1,-1
491,40,944.76,437.21,71.39,241.26,0.5934,-1,-1,-1
491,67,321.48,482.36,101.56,199.81,0.4787,-1,-1,-1
492,57,1631.68,409.76,120.26,436.91,0.7094,-1,-1,-1
492,3,1373.22,394.90,298.40,668.01,0.4256,-1,-1,-1
492,21,1206.49,414.30,194.18,596.08,0.8152,-1,-1,-1
492,44,808.88,442.07,141.11,282.93,0.6692,-1,-1,-1
492,47,648.59,433.51,123.73,266.87,0.7643,-1,-1,-1
492,72,1366.95,413.69,120.30,469.36,0.5255,-1,-1,-1
492,40,952.69,436.92,72.33,241.36,0.6240,-1,-1,-1
492,67,315.48,482.48,97.81,200.76,0.5226,-1,-1,-1
492,79,723.84,444.44,46.76,132.02,0.3468,-1,-1,-1
492,80,565.67,440.55,32.48,89.81,0.3618,-1,-1,-1
492,77,-0.26,559.24,35.07,89.61,0.3585,-1,-1,-1
493,57,1636.70,409.91,120.81,434.97,0.6400,-1,-1,-1
493,3,1374.73,390.42,260.77,670.37,0.4742,-1,-1,-1
493,21,1206.93,416.38,198.13,593.74,0.8291,-1,-1,-1
493,44,810.30,445.15,142.46,279.13,0.6880,-1,-1,-1
493,47,651.78,439.36,120.97,262.41,0.7730,-1,-1,-1
493,72,1372.87,410.88,121.59,486.86,0.5389,-1,-1,-1
493,40,957.74,439.14,73.60,239.84,0.7062,-1,-1,-1
493,67,306.74,486.66,101.05,194.08,0.4885,-1,-1,-1
493,79,727.77,444.27,42.06,130.10,0.3710,-1,-1,-1
493,80,563.82,439.08,34.92,92.41,0.3296,-1,-1,-1
494,57,1637.31,410.07,129.28,410.37,0.6722,-1,-1,-1
494,3,1378.09,388.58,284.62,663.03,0.4985,-1,-1,-1
494,21,1207.05,419.67,205.11,590.43,0.8280,-1,-1,-1
494,44,810.97,445.82,144.13,279.34,0.7108,-1,-1,-1
494,47,654.50,441.50,119.71,260.55,0.7825,-1,-1,-1
494,72,1378.23,408.25,123.13,515.78,0.6170,-1,-1,-1
494,40,958.32,440.97,77.22,238.76,0.6561,-1,-1,-1
494,67,301.35,479.20,103.65,200.78,0.3785,-1,-1,-1
494,80,564.07,439.53,35.03,92.57,0.3096,-1,-1,-1
495,57,1638.37,406.80,154.34,441.82,0.6940,-1,-1,-1
495,3,1379.26,384.60,285.16,664.31,0.4457,-1,-1,-1
495,21,1207.73,421.03,212.24,589.95,0.8144,-1,-1,-1
495,44,817.24,443.89,138.71,280.97,0.6832,-1,-1,-1
495,47,655.21,438.65,118.54,263.27,0.7630,-1,-1,-1
495,72,1379.07,406.91,125.75,543.81,0.5722,-1,-1,-1
495,40,961.20,441.61,86.16,239.18,0.6635,-1,-1,-1
495,67,295.15,474.12,100.46,214.92,0.3148,-1,-1,-1
495,80,564.09,440.99,35.44,92.54,0.3226,-1,-1,-1
496,57,1641.98,404.53,168.92,417.29,0.4884,-1,-1,-1
496,3,1388.47,377.27,280.04,684.46,0.5690,-1,-1,-1
496,21,1208.16,420.33,219.10,591.13,0.8324,-1,-1,-1
496,44,821.64,441.89,135.31,284.27,0.7019,-1,-1,-1
496,47,657.24,438.08,116.18,263.83,0.7864,-1,-1,-1
496,72,1382.59,410.58,129.30,558.28,0.6484,-1,-1,-1
496,40,961.08,442.69,99.23,238.82,0.7293,-1,-1,-1
496,67,291.61,463.20,92.09,224.33,0.3585,-1,-1,-1
496,80,566.31,441.68,33.84,91.92,0.3869,-1,-1,-1
497,57,1646.14,405.38,160.64,454.27,0.8001,-1,-1,-1
497,3,1395.81,377.27,288.55,692.27,0.6530,-1,-1,-1
497,21,1209.21,420.47,223.54,590.55,0.8527,-1,-1,-1
497,44,828.86,442.64,128.30,285.17,0.7342,-1,-1,-1
497,47,663.09,435.09,109.57,267.10,0.7762,-1,-1,-1
497,72,1389.67,415.74,130.56,496.44,0.6542,-1,-1,-1
497,40,963.53,442.35,108.37,239.51,0.7283,-1,-1,-1
497,67,262.91,467.95,109.34,224.17,0.4464,-1,-1,-1
497,80,567.07,442.24,33.12,91.19,0.3682,-1,-1,-1
498,57,1651.63,408.42,160.18,463.01,0.7416,-1,-1,-1
498,3,1409.86,376.68,280.00,693.78,0.6499,-1,-1,-1
498,21,1213.03,418.26,223.29,592.87,0.8473,-1,-1,-1
498,44,838.05,443.70,119.29,283.32,0.6812,-1,-1,-1
498,47,669.40,432.99,102.17,269.29,0.7723,-1,-1,-1
498,72,1392.29,413.23,135.81,519.56,0.6518,-1,-1,-1
498,40,967.68,440.57,112.95,241.45,0.7381,-1,-1,-1
498,67,256.34,474.80,111.36,223.79,0.4576,-1,-1,-1
498,80,567.06,441.70,33.54,92.00,0.3904,-1,-1,-1
499,57,1654.49,406.73,190.95,469.07,0.8522,-1,-1,-1
499,3,1422.49,377.68,272.45,693.72,0.6669,-1,-1,-1
499,21,1220.06,415.71,216.21,596.12,0.8361,-1,-1,-1
499,44,851.55,443.33,106.26,284.67,0.7004,-1,-1,-1
499,47,673.36,435.36,98.14,265.96,0.7670,-1,-1,-1
499,72,1393.59,407.94,143.18,531.61,0.6558,-1,-1,-1
499,40,970.33,440.67,118.74,242.09,0.6979,-1,-1,-1
499,67,244.91,480.68,111.16,220.25,0.5500,-1,-1,-1
499,80,567.25,442.26,32.74,91.60,0.3970,-1,-1,-1
500,57,1661.10,410.59,205.92,473.11,0.8426,-1,-1,-1
500,3,1443.95,377.89,263.10,693.09,0.5800,-1,-1,-1
500,21,1228.43,416.52,209.87,595.96,0.7888,-1,-1,-1
500,44,856.40,440.08,102.87,286.72,0.6597,-1,-1,-1
500,47,676.26,433.97,95.97,267.04,0.7471,-1,-1,-1
500,72,1390.93,409.01,154.12,544.66,0.6764,-1,-1,-1
500,40,971.17,442.90,120.23,240.14,0.6807,-1,-1,-1
500,67,237.39,481.39,104.12,222.74,0.6092,-1,-1,-1
500,80,568.40,442.67,32.00,91.07,0.3359,-1,-1,-1
501,57,1671.64,415.16,218.50,472.30,0.8532,-1,-1,-1
501,3,1477.30,375.01,232.73,611.68,0.6112,-1,-1,-1
501,21,1239.77,414.88,202.48,598.25,0.7920,-1,-1,-1
501,44,859.46,438.37,102.55,287.51,0.6991,-1,-1,-1
501,47,682.35,433.78,91.17,266.34,0.6852,-1,-1,-1
501,72,1394.36,411.58,153.81,543.76,0.6839,-1,-1,-1
501,40,970.48,451.02,120.30,231.83,0.7068,-1,-1,-1
501,67,226.62,481.35,107.17,222.28,0.6273,-1,-1,-1
501,80,570.87,445.03,29.86,88.87,0.3177,-1,-1,-1
502,57,1683.00,415.15,217.69,474.65,0.8444,-1,-1,-1
502,3,1496.33,376.22,225.79,662.23,0.6166,-1,-1,-1
502,21,1252.98,414.94,195.94,599.40,0.7966,-1,-1,-1
502,44,862.04,439.74,103.66,286.42,0.6560,-1,-1,-1
502,47,691.60,435.45,83.58,263.62,0.6773,-1,-1,-1
502,72,1390.66,407.41,162.05,554.75,0.7129,-1,-1,-1
502,40,972.82,451.18,117.19,231.59,0.7336,-1,-1,-1
502,67,217.91,483.58,112.71,219.37,0.6014,-1,-1,-1
502,80,572.19,449.14,28.48,84.26,0.3031,-1,-1,-1
503,57,1691.73,413.06,216.07,481.34,0.8554,-1,-1,-1
503,3,1508.88,374.15,217.97,681.51,0.7258,-1,-1,-1
503,21,1276.50,411.42,178.71,605.17,0.7668,-1,-1,-1
503,44,867.28,440.16,104.74,285.61,0.6734,-1,-1,-1
503,47,691.96,434.70,86.41,265.02,0.6962,-1,-1,-1
503,72,1386.60,409.95,169.83,555.75,0.6209,-1,-1,-1
503,40,979.70,448.24,110.58,234.43,0.7195,-1,-1,-1
503,67,205.68,481.76,118.46,230.12,0.5354,-1,-1,-1
503,80,572.28,447.77,28.44,86.39,0.3501,-1,-1,-1
503,82,0.06,914.30,111.30,165.72,0.4085,-1,-1,-1
504,57,1698.20,411.03,218.74,492.82,0.8657,-1,-1,-1
504,3,1518.39,372.77,216.48,690.41,0.7005,-1,-1,-1
504,21,1292.62,411.88,168.59,606.85,0.8043,-1,-1,-1
504,44,873.29,440.50,105.86,284.59,0.5698,-1,-1,-1
504,47,693.82,435.36,86.78,265.01,0.6869,-1,-1,-1
504,72,1390.19,410.47,170.29,556.15,0.6972,-1,-1,-1
504,40,989.06,448.00,99.51,234.68,0.6599,-1,-1,-1
504,67,192.33,482.05,119.00,234.93,0.6456,-1,-1,-1
504,80,572.10,447.32,28.47,87.44,0.4040,-1,-1,-1
504,82,0.35,929.51,92.84,149.27,0.3489,-1,-1,-1
505,57,1708.39,408.12,212.60,500.82,0.8850,-1,-1,-1
505,3,1525.23,372.81,219.58,698.03,0.7681,-1,-1,-1
505,21,1302.47,410.54,165.28,613.20,0.8283,-1,-1,-1
505,44,882.29,442.86,113.78,281.02,0.5830,-1,-1,-1
505,47,694.36,436.70,89.71,264.41,0.7824,-1,-1,-1
505,72,1401.17,420.82,164.16,547.79,0.6625,-1,-1,-1
505,40,1000.16,453.83,87.35,229.12,0.6447,-1,-1,-1
505,67,182.01,482.40,114.43,235.93,0.6027,-1,-1,-1
505,80,572.01,448.96,28.44,85.82,0.4042,-1,-1,-1
505,84,866.27,425.17,61.89,282.54,0.4620,-1,-1,-1
506,57,1718.10,403.53,204.84,507.30,0.8853,-1,-1,-1
506,3,1529.71,372.06,218.19,701.28,0.7571,-1,-1,-1
506,21,1309.27,411.28,163.97,622.85,0.7937,-1,-1,-1
506,44,893.92,449.07,117.81,273.57,0.6530,-1,-1,-1
506,47,699.10,435.44,90.18,266.34,0.7431,-1,-1,-1
506,72,1430.74,422.88,138.01,534.56,0.7063,-1,-1,-1
506,40,1010.77,459.10,78.65,223.40,0.6269,-1,-1,-1
506,67,168.35,484.01,114.23,234.28,0.6547,-1,-1,-1
506,80,571.84,448.39,28.91,85.83,0.4103,-1,-1,-1
506,84,868.48,415.63,68.12,287.97,0.5858,-1,-1,-1
507,57,1732.67,399.94,190.45,512.88,0.8765,-1,-1,-1
507,3,1532.36,374.29,220.17,701.05,0.7414,-1,-1,-1
507,21,1314.84,411.99,162.02,631.92,0.8118,-1,-1,-1
507,44,899.95,450.76,120.67,270.81,0.6700,-1,-1,-1
507,47,702.37,435.47,95.24,266.09,0.7234,-1,-1,-1
507,72,1444.42,418.88,126.87,541.62,0.6956,-1,-1,-1
507,40,1017.35,452.69,79.31,228.84,0.5343,-1,-1,-1
507,67,153.24,482.50,116.24,242.43,0.6776,-1,-1,-1
507,80,572.24,447.35,28.70,86.89,0.3935,-1,-1,-1
507,84,869.44,413.07,69.44,289.46,0.6052,-1,-1,-1
508,57,1743.23,397.80,179.00,514.83,0.8460,-1,-1,-1
508,3,1532.06,373.86,227.19,699.33,0.7469,-1,-1,-1
508,21,1319.34,414.77,178.70,637.70,0.7755,-1,-1,-1
508,44,901.38,452.36,133.17,269.09,0.7102,-1,-1,-1
508,47,712.30,435.77,91.99,264.45,0.6852,-1,-1,-1
508,72,1453.88,413.71,121.41,537.67,0.6744,-1,-1,-1
508,40,1026.11,450.02,73.38,230.17,0.5333,-1,-1,-1
508,67,139.37,483.39,120.34,244.64,0.6713,-1,-1,-1
508,80,571.29,446.94,29.21,88.14,0.4382,-1,-1,-1
508,84,869.47,411.94,69.97,286.91,0.6058,-1,-1,-1
509,57,1751.72,396.10,170.15,514.36,0.7912,-1,-1,-1
509,3,1532.88,373.85,225.67,695.05,0.7008,-1,-1,-1
509,21,1324.80,413.57,199.10,643.80,0.8278,-1,-1,-1
509,44,902.47,448.96,138.70,274.25,0.7375,-1,-1,-1
509,47,715.71,438.05,96.21,262.13,0.6720,-1,-1,-1
509,72,1461.72,407.76,120.74,558.37,0.5878,-1,-1,-1
509,40,1032.24,460.88,67.98,218.08,0.4931,-1,-1,-1
509,67,127.54,479.43,120.63,245.45,0.6709,-1,-1,-1
509,80,570.86,446.46,29.86,89.04,0.4293,-1,-1,-1
509,84,872.86,419.49,66.43,279.94,0.5883,-1,-1,-1
510,57,1767.84,393.49,153.80,503.81,0.8242,-1,-1,-1
510,3,1545.24,375.79,237.96,697.82,0.6134,-1,-1,-1
510,21,1326.87,413.27,217.50,644.98,0.8406,-1,-1,-1
510,44,902.40,446.79,139.79,277.88,0.7510,-1,-1,-1
510,47,715.50,436.30,109.13,263.78,0.7044,-1,-1,-1
510,72,1468.63,405.31,121.10,570.27,0.7085,-1,-1,-1
510,40,1036.71,465.37,69.85,210.39,0.4974,-1,-1,-1
510,67,110.02,477.49,125.73,247.84,0.6638,-1,-1,-1
510,80,570.35,445.69,29.92,88.87,0.4340,-1,-1,-1
510,84,874.84,413.56,66.83,284.23,0.5885,-1,-1,-1
511,57,1778.94,393.64,142.56,497.32,0.8075,-1,-1,-1
511,3,1545.26,371.13,262.32,703.79,0.7175,-1,-1,-1
511,21,1326.19,414.56,233.34,645.43,0.8385,-1,-1,-1
511,44,901.39,446.50,150.31,278.80,0.7628,-1,-1,-1
511,47,715.93,438.28,114.21,261.52,0.7251,-1,-1,-1
511,72,1475.05,405.16,119.90,559.16,0.6676,-1,-1,-1
511,40,1037.36,461.79,75.75,213.24,0.5464,-1,-1,-1
511,67,98.06,477.12,127.13,251.45,0.5587,-1,-1,-1
511,80,570.19,446.05,29.81,88.04,0.4668,-1,-1,-1
511,84,875.09,421.36,67.95,274.26,0.4937,-1,-1,-1
512,57,1786.28,393.63,134.75,497.84,0.8065,-1,-1,-1
512,3,1548.70,373.64,242.45,694.50,0.5770,-1,-1,-1
512,21,1324.41,417.62,241.57,644.55,0.8450,-1,-1,-1
512,44,901.33,444.42,153.24,281.21,0.7581,-1,-1,-1
512,47,718.37,437.21,113.75,261.91,0.7390,-1,-1,-1
512,72,1477.04,407.58,119.77,542.01,0.6393,-1,-1,-1
512,40,1039.68,456.23,83.24,220.38,0.6052,-1,-1,-1
512,80,570.46,446.85,29.28,87.14,0.4568,-1,-1,-1
512,84,874.82,414.68,72.82,280.62,0.5612,-1,-1,-1
513,57,1802.09,390.68,118.82,507.82,0.7982,-1,-1,-1
513,3,1551.90,372.58,234.13,622.16,0.4812,-1,-1,-1
513,21,1323.63,418.46,248.32,647.26,0.8471,-1,-1,-1
513,44,901.41,443.95,155.43,281.76,0.7509,-1,-1,-1
513,47,719.93,436.47,117.19,262.87,0.7425,-1,-1,-1
513,72,1480.43,411.94,120.12,550.89,0.6532,-1,-1,-1
513,40,1042.48,447.97,89.83,229.13,0.6051,-1,-1,-1
513,80,570.60,446.24,29.30,87.75,0.4764,-1,-1,-1
513,84,875.84,412.92,75.41,283.24,0.5142,-1,-1,-1
513,67,66.44,476.73,138.84,256.97,0.6033,-1,-1,-1
514,57,1809.35,390.23,111.49,512.15,0.8034,-1,-1,-1
514,3,1557.70,371.62,226.62,592.01,0.5672,-1,-1,-1
514,21,1323.38,418.60,251.83,648.43,0.8434,-1,-1,-1
514,44,902.24,444.32,155.99,280.72,0.7015,-1,-1,-1
514,47,722.37,439.02,115.17,258.96,0.7480,-1,-1,-1
514,72,1485.21,415.33,119.96,538.55,0.5938,-1,-1,-1
514,40,1043.58,445.60,98.97,231.31,0.6229,-1,-1,-1
514,80,570.20,446.04,29.67,87.46,0.5264,-1,-1,-1
514,84,877.71,412.71,76.80,284.33,0.5098,-1,-1,-1
514,67,50.91,476.72,142.52,258.05,0.6568,-1,-1,-1
515,57,1819.63,388.75,101.08,517.43,0.7931,-1,-1,-1
515,3,1563.73,371.98,243.08,661.08,0.5284,-1,-1,-1
515,21,1324.18,418.01,253.59,650.07,0.8441,-1,-1,-1
515,44,903.52,443.48,156.78,280.80,0.7432,-1,-1,-1
515,47,725.81,439.18,112.90,257.31,0.7255,-1,-1,-1
515,72,1489.47,415.37,124.93,524.96,0.5208,-1,-1,-1
515,40,1046.03,449.12,103.76,228.06,0.6782,-1,-1,-1
515,80,569.81,446.18,30.29,87.64,0.4835,-1,-1,-1
515,84,876.91,417.87,75.57,279.65,0.5768,-1,-1,-1
515,67,37.80,477.59,145.10,259.16,0.6996,-1,-1,-1
515,86,693.67,451.76,39.06,124.51,0.4619,-1,-1,-1
516,57,1824.35,387.62,95.71,525.25,0.7578,-1,-1,-1
516,3,1564.14,374.00,269.13,676.06,0.6055,-1,-1,-1
516,21,1324.10,421.43,257.18,648.49,0.8307,-1,-1,-1
516,44,906.65,439.39,154.31,282.69,0.7600,-1,-1,-1
516,47,730.84,436.34,109.38,259.22,0.7486,-1,-1,-1
516,72,1495.47,415.01,128.01,516.06,0.4170,-1,-1,-1
516,40,1049.36,449.75,100.47,226.05,0.5777,-1,-1,-1
516,80,569.28,445.70,31.25,89.19,0.5026,-1,-1,-1
516,84,877.62,417.98,79.07,282.29,0.5691,-1,-1,-1
516,67,22.81,478.63,148.37,259.67,0.7055,-1,-1,-1
516,86,692.67,450.06,38.43,126.28,0.4896,-1,-1,-1
517,57,1833.95,390.58,86.03,517.31,0.6982,-1,-1,-1
517,3,1572.27,376.90,274.66,686.61,0.4332,-1,-1,-1
517,21,1324.20,423.70,261.27,646.74,0.8206,-1,-1,-1
517,44,910.24,437.88,149.68,284.16,0.7690,-1,-1,-1
517,47,734.94,438.83,106.93,255.81,0.7293,-1,-1,-1
517,72,1501.42,411.10,130.44,508.37,0.4001,-1,-1,-1
517,40,1050.42,449.89,101.38,226.22,0.5540,-1,-1,-1
517,80,568.37,444.73,31.83,90.95,0.4720,-1,-1,-1
517,84,879.13,422.61,82.97,280.69,0.5798,-1,-1,-1
517,67,14.00,489.74,148.19,248.69,0.5804,-1,-1,-1
517,86,686.11,446.46,43.12,129.71,0.4904,-1,-1,-1
518,57,1842.45,393.18,77.45,514.12,0.6631,-1,-1,-1
518,3,1577.01,377.82,275.36,690.78,0.4224,-1,-1,-1
518,21,1327.53,419.77,263.64,649.74,0.8204,-1,-1,-1
518,44,913.90,435.63,145.90,286.91,0.7866,-1,-1,-1
518,47,740.14,433.82,102.30,259.70,0.7801,-1,-1,-1
518,72,1509.06,411.28,131.16,597.61,0.3607,-1,-1,-1
518,40,1050.29,457.28,103.68,219.75,0.5710,-1,-1,-1
518,80,569.55,446.20,30.88,88.99,0.4531,-1,-1,-1
518,84,879.36,418.25,81.53,286.03,0.6181,-1,-1,-1
518,67,2.76,483.72,150.11,255.83,0.6833,-1,-1,-1
518,86,682.09,447.82,44.85,126.19,0.4474,-1,-1,-1
519,57,1852.35,393.57,67.42,497.46,0.5253,-1,-1,-1
519,3,1577.53,380.35,301.74,690.27,0.6565,-1,-1,-1
519,21,1330.14,420.47,263.31,648.25,0.7950,-1,-1,-1
519,44,917.34,439.20,142.43,281.48,0.6559,-1,-1,-1
519,47,743.81,432.65,100.63,260.04,0.7721,-1,-1,-1
519,72,1516.35,412.50,126.24,629.98,0.4686,-1,-1,-1
519,40,1051.12,451.40,102.93,226.12,0.5338,-1,-1,-1
519,80,570.45,449.00,30.04,86.47,0.4611,-1,-1,-1
519,84,879.93,428.25,79.82,273.22,0.5926,-1,-1,-1
519,67,-2.84,488.75,147.95,251.24,0.6144,-1,-1,-1
519,86,678.62,447.62,45.86,125.99,0.5498,-1,-1,-1
520,57,1866.64,395.56,53.15,483.43,0.5434,-1,-1,-1
520,3,1580.74,380.28,269.43,691.75,0.5518,-1,-1,-1
520,21,1334.52,418.67,258.19,649.77,0.7827,-1,-1,-1
520,44,927.88,443.91,135.85,276.07,0.6578,-1,-1,-1
520,47,749.53,430.79,95.15,260.30,0.7281,-1,-1,-1
520,72,1522.16,417.02,129.94,561.35,0.4470,-1,-1,-1
520,40,1051.37,454.48,102.18,222.82,0.5677,-1,-1,-1
520,80,570.91,449.39,29.69,86.45,0.4252,-1,-1,-1
520,84,881.23,433.39,79.13,266.32,0.6393,-1,-1,-1
520,67,-4.75,482.90,149.90,260.34,0.5355,-1,-1,-1
520,86,679.02,448.06,44.80,124.63,0.5479,-1,-1,-1
521,57,1868.45,391.29,51.20,458.55,0.3691,-1,-1,-1
521,3,1580.31,380.86,313.71,686.94,0.6123,-1,-1,-1
521,21,1339.33,415.95,250.62,651.68,0.8274,-1,-1,-1
521,44,936.32,444.72,130.45,275.02,0.6324,-1,-1,-1
521,47,756.30,430.88,89.40,259.62,0.7426,-1,-1,-1
521,72,1527.04,419.01,135.73,534.01,0.4992,-1,-1,-1
521,40,1052.82,443.40,99.78,234.18,0.6209,-1,-1,-1
521,80,571.44,452.39,29.11,82.62,0.4256,-1,-1,-1
521,84,881.87,432.69,80.49,267.40,0.6337,-1,-1,-1
521,67,-4.88,481.26,135.39,266.52,0.4950,-1,-1,-1
521,86,679.17,450.15,43.05,122.92,0.5127,-1,-1,-1
522,3,1602.03,378.37,305.74,606.48,0.6274,-1,-1,-1
522,21,1345.00,413.16,249.70,653.67,0.8023,-1,-1,-1
522,44,948.01,442.15,121.99,277.22,0.6700,-1,-1,-1
522,47,765.67,432.53,80.74,256.06,0.7154,-1,-1,-1
522,72,1531.71,416.92,142.88,537.14,0.4889,-1,-1,-1
522,40,1054.52,443.14,98.10,234.55,0.6239,-1,-1,-1
522,80,572.32,454.18,28.52,80.56,0.3788,-1,-1,-1
522,84,880.63,432.02,84.47,269.00,0.6431,-1,-1,-1
522,67,-4.42,478.57,114.57,268.44,0.4963,-1,-1,-1
522,86,677.47,449.11,44.01,124.13,0.5587,-1,-1,-1
523,3,1589.10,379.08,330.61,664.09,0.6017,-1,-1,-1
523,21,1352.02,412.22,246.81,655.04,0.7314,-1,-1,-1
523,44,952.81,442.23,115.69,278.28,0.6815,-1,-1,-1
523,47,766.02,432.84,85.52,256.45,0.7170,-1,-1,-1
523,72,1538.39,413.21,151.63,543.32,0.5178,-1,-1,-1
523,40,1055.56,452.55,98.31,225.20,0.6444,-1,-1,-1
523,80,572.72,454.13,28.70,80.94,0.4005,-1,-1,-1
523,84,881.12,422.95,89.72,279.75,0.6482,-1,-1,-1
523,67,-3.43,503.23,107.62,250.66,0.3593,-1,-1,-1
523,86,675.37,448.47,45.48,125.57,0.5923,-1,-1,-1
524,3,1589.10,375.44,335.25,684.37,0.7968,-1,-1,-1
524,21,1363.15,411.35,238.44,655.38,0.7127,-1,-1,-1
524,44,964.86,443.01,104.88,276.61,0.6239,-1,-1,-1
524,47,768.26,431.31,87.85,258.47,0.7392,-1,-1,-1
524,72,1546.64,412.08,150.91,556.63,0.4791,-1,-1,-1
524,40,1059.15,455.76,95.85,221.63,0.6077,-1,-1,-1
524,80,573.44,453.99,29.24,82.01,0.4082,-1,-1,-1
524,84,880.42,419.53,94.42,283.33,0.6637,-1,-1,-1
524,86,673.99,448.67,46.26,124.75,0.6095,-1,-1,-1
525,3,1594.40,370.98,330.95,697.64,0.6812,-1,-1,-1
525,21,1380.06,411.16,224.92,656.69,0.7222,-1,-1,-1
525,44,971.79,443.96,97.31,275.70,0.6578,-1,-1,-1
525,47,767.92,430.40,91.35,259.46,0.7486,-1,-1,-1
525,72,1546.51,409.29,157.27,580.31,0.5924,-1,-1,-1
525,40,1061.10,459.51,97.31,218.58,0.6284,-1,-1,-1
525,80,573.89,452.51,29.41,82.39,0.4424,-1,-1,-1
525,84,885.41,413.44,93.88,291.09,0.6531,-1,-1,-1
525,86,673.85,451.26,44.78,121.54,0.6310,-1,-1,-1
526,3,1598.93,363.52,325.93,707.82,0.8159,-1,-1,-1
526,21,1401.75,410.57,207.86,654.21,0.6754,-1,-1,-1
526,44,985.63,444.84,81.77,277.15,0.6588,-1,-1,-1
526,47,767.85,434.24,95.71,255.19,0.7179,-1,-1,-1
526,72,1549.27,408.94,160.77,587.48,0.5767,-1,-1,-1
526,40,1064.31,461.87,97.73,215.32,0.6344,-1,-1,-1
526,80,573.87,451.67,29.97,82.55,0.4093,-1,-1,-1
526,84,893.49,411.71,88.68,294.33,0.6758,-1,-1,-1
526,86,671.16,451.20,46.97,120.99,0.5834,-1,-1,-1
526,88,715.04,450.33,33.87,89.08,0.4104,-1,-1,-1
527,3,1600.99,365.97,322.80,706.48,0.6969,-1,-1,-1
527,21,1422.06,412.96,197.35,653.87,0.7510,-1,-1,-1
527,44,994.28,447.98,77.42,274.62,0.7052,-1,-1,-1
527,47,770.51,435.74,104.31,253.66,0.6896,-1,-1,-1
527,72,1561.14,408.79,156.65,590.34,0.6803,-1,-1,-1
527,40,1069.12,460.00,97.74,215.82,0.6219,-1,-1,-1
527,80,573.88,451.25,29.64,82.47,0.4243,-1,-1,-1
527,84,898.03,408.50,86.18,297.63,0.7361,-1,-1,-1
527,86,668.98,454.15,48.09,117.84,0.5886,-1,-1,-1
527,88,715.03,449.97,33.60,89.27,0.4912,-1,-1,-1
528,3,1603.53,383.02,320.79,689.96,0.7334,-1,-1,-1
528,21,1436.73,412.08,184.19,653.74,0.6916,-1,-1,-1
528,44,997.29,446.07,82.19,278.32,0.7124,-1,-1,-1
528,47,783.95,437.07,96.95,250.79,0.5984,-1,-1,-1
528,72,1569.55,410.05,162.43,590.98,0.7151,-1,-1,-1
528,40,1075.86,454.65,89.99,220.41,0.6412,-1,-1,-1
528,80,573.77,450.73,30.56,83.67,0.4257,-1,-1,-1
528,84,903.28,410.89,81.54,295.57,0.7282,-1,-1,-1
528,86,668.52,455.95,47.64,115.06,0.6131,-1,-1,-1
528,88,714.45,451.16,34.46,87.77,0.4945,-1,-1,-1
528,89,0.08,546.96,56.78,114.18,0.3471,-1,-1,-1
529,3,1664.35,384.17,258.70,604.72,0.5814,-1,-1,-1
529,21,1445.01,412.61,181.58,654.72,0.7821,-1,-1,-1
529,44,1000.65,443.49,90.01,279.12,0.7066,-1,-1,-1
529,47,782.33,436.18,118.44,251.93,0.6292,-1,-1,-1
529,72,1577.47,411.71,164.44,592.29,0.7308,-1,-1,-1
529,40,1084.51,451.62,78.03,222.32,0.5328,-1,-1,-1
529,80,573.61,450.18,31.03,84.47,0.4559,-1,-1,-1
529,84,912.14,407.06,75.00,299.22,0.7329,-1,-1,-1
529,86,665.79,454.24,52.41,116.90,0.5692,-1,-1,-1
529,88,712.70,450.80,29.56,88.14,0.4918,-1,-1,-1
529,89,0.01,545.79,44.70,112.53,0.3697,-1,-1,-1
530,3,1694.76,371.14,227.18,584.97,0.5902,-1,-1,-1
530,21,1450.40,413.84,180.32,654.56,0.7931,-1,-1,-1
530,44,1003.82,440.62,94.92,279.27,0.7164,-1,-1,-1
530,47,789.57,435.23,115.09,252.01,0.6853,-1,-1,-1
530,72,1580.99,411.87,164.71,596.10,0.6782,-1,-1,-1
530,40,1092.01,448.79,71.08,225.52,0.5652,-1,-1,-1
530,80,573.51,449.21,31.17,86.13,0.4593,-1,-1,-1
530,84,916.85,404.63,72.42,301.76,0.7548,-1,-1,-1
530,86,663.70,454.77,52.33,115.87,0.5691,-1,-1,-1
530,88,711.50,450.22,29.31,88.36,0.4384,-1,-1,-1
531,3,1702.58,366.45,218.95,575.06,0.5034,-1,-1,-1
531,21,1452.57,413.43,188.05,653.92,0.8099,-1,-1,-1
531,44,1007.26,442.64,99.54,276.02,0.7752,-1,-1,-1
531,47,787.34,434.46,116.78,252.85,0.7538,-1,-1,-1
531,72,1586.88,413.42,162.21,599.07,0.7202,-1,-1,-1
531,40,1093.30,450.54,71.62,225.43,0.5851,-1,-1,-1
531,80,573.05,448.59,31.49,87.85,0.4674,-1,-1,-1
531,84,919.43,402.93,72.47,303.91,0.7637,-1,-1,-1
531,86,662.90,454.65,50.11,114.24,0.5488,-1,-1,-1
531,88,712.17,450.24,29.95,89.08,0.4002,-1,-1,-1
532,3,1663.60,365.97,257.87,662.49,0.7795,-1,-1,-1
532,21,1454.88,412.47,199.32,654.62,0.7970,-1,-1,-1
532,44,1009.09,443.50,106.40,275.21,0.8030,-1,-1,-1
532,47,788.68,435.22,117.90,252.27,0.7539,-1,-1,-1
532,72,1590.11,410.63,166.79,612.28,0.7539,-1,-1,-1
532,40,1096.60,451.92,63.58,224.35,0.5175,-1,-1,-1
532,80,572.14,448.15,32.14,88.95,0.4833,-1,-1,-1
532,84,922.42,401.81,74.28,303.61,0.7300,-1,-1,-1
532,86,663.68,452.67,46.14,116.67,0.5467,-1,-1,-1
532,88,713.64,450.67,30.23,89.45,0.4132,-1,-1,-1
533,3,1664.58,366.24,257.10,694.59,0.8248,-1,-1,-1
533,21,1456.77,411.51,208.63,654.89,0.8243,-1,-1,-1
533,44,1006.83,444.93,114.02,273.01,0.7604,-1,-1,-1
533,47,793.19,435.45,114.67,251.86,0.7412,-1,-1,-1
533,72,1596.30,407.97,175.26,622.95,0.7711,-1,-1,-1
533,40,1099.04,447.19,65.66,230.80,0.5590,-1,-1,-1
533,80,572.78,447.07,33.02,90.18,0.3916,-1,-1,-1
533,84,922.57,403.03,79.79,302.11,0.7078,-1,-1,-1
533,86,663.54,452.25,42.45,117.68,0.5584,-1,-1,-1
533,88,715.80,452.23,28.33,88.39,0.3780,-1,-1,-1
534,3,1704.57,368.28,217.24,651.83,0.6670,-1,-1,-1
534,21,1457.62,410.97,212.53,655.54,0.8335,-1,-1,-1
534,44,1007.78,448.72,124.87,270.13,0.7157,-1,-1,-1
534,47,799.56,435.96,115.17,251.42,0.7640,-1,-1,-1
534,72,1598.66,410.93,188.03,618.17,0.7507,-1,-1,-1
534,40,1096.35,447.54,67.97,230.45,0.5678,-1,-1,-1
534,80,574.58,447.29,34.40,90.22,0.4188,-1,-1,-1
534,84,921.28,406.16,85.54,300.28,0.7235,-1,-1,-1
534,86,661.58,451.06,42.04,118.44,0.6090,-1,-1,-1
534,88,715.83,452.36,27.93,88.52,0.4153,-1,-1,-1
535,3,1714.50,371.85,206.88,685.50,0.6238,-1,-1,-1
535,21,1457.70,411.85,213.13,654.92,0.8323,-1,-1,-1
535,44,1008.39,444.88,131.64,276.86,0.6863,-1,-1,-1
535,47,799.34,437.79,119.49,249.47,0.7656,-1,-1,-1
535,72,1606.14,409.60,184.20,615.69,0.7675,-1,-1,-1
535,40,1099.73,444.85,72.34,231.88,0.4574,-1,-1,-1
535,80,575.09,445.76,35.13,91.73,0.4697,-1,-1,-1
535,84,920.38,421.46,92.88,285.55,0.7381,-1,-1,-1
535,86,660.24,449.98,42.00,119.44,0.6462,-1,-1,-1
535,88,715.30,451.86,28.09,88.80,0.4224,-1,-1,-1
536,3,1738.56,369.04,182.30,701.23,0.8053,-1,-1,-1
536,21,1457.85,412.97,216.59,654.23,0.8186,-1,-1,-1
536,44,1007.38,448.36,137.81,272.73,0.7138,-1,-1,-1
536,47,801.57,436.94,117.94,249.33,0.7335,-1,-1,-1
536,72,1610.03,408.47,182.68,620.20,0.7378,-1,-1,-1
536,40,1103.56,445.14,70.42,229.21,0.3852,-1,-1,-1
536,80,576.01,450.27,34.12,88.16,0.3895,-1,-1,-1
536,84,916.31,426.72,100.14,280.45,0.7409,-1,-1,-1
536,86,659.16,449.66,41.64,119.03,0.5693,-1,-1,-1
536,88,714.20,450.19,28.73,90.36,0.4321,-1,-1,-1
537,3,1757.57,369.86,162.80,705.97,0.8075,-1,-1,-1
537,21,1458.88,414.13,227.14,652.36,0.7858,-1,-1,-1
537,44,1006.99,452.94,141.69,268.04,0.6609,-1,-1,-1
537,47,804.07,436.52,116.12,249.90,0.7348,-1,-1,-1
537,72,1614.75,407.38,184.14,626.43,0.5623,-1,-1,-1
537,40,1108.75,453.80,65.82,220.32,0.4642,-1,-1,-1
537,80,578.40,455.80,31.92,82.71,0.3423,-1,-1,-1
537,84,916.33,433.60,102.80,272.17,0.7108,-1,-1,-1
537,86,658.46,449.68,41.71,119.11,0.6082,-1,-1,-1
537,88,712.43,449.57,29.84,91.08,0.4629,-1,-1,-1
538,3,1767.69,370.30,152.49,708.11,0.8156,-1,-1,-1
538,21,1459.94,413.75,229.83,652.98,0.7972,-1,-1,-1
538,44,1009.82,450.96,138.72,270.21,0.7038,-1,-1,-1
538,47,804.94,435.26,117.54,250.97,0.7537,-1,-1,-1
538,72,1618.93,408.57,189.75,623.86,0.6298,-1,-1,-1
538,40,1107.24,450.48,66.98,225.63,0.4769,-1,-1,-1
538,80,579.58,457.75,31.51,80.93,0.3851,-1,-1,-1
538,84,917.55,428.19,104.39,279.20,0.7381,-1,-1,-1
538,86,657.32,450.78,42.01,118.48,0.5804,-1,-1,-1
538,88,711.50,449.06,31.41,91.04,0.4797,-1,-1,-1
539,3,1777.52,378.89,142.58,700.73,0.7907,-1,-1,-1
539,21,1461.42,413.20,232.97,653.82,0.7980,-1,-1,-1
539,44,1011.09,443.57,137.19,277.67,0.7102,-1,-1,-1
539,47,807.77,434.36,116.36,253.23,0.7495,-1,-1,-1
539,72,1623.50,408.59,195.66,618.08,0.6963,-1,-1,-1
539,40,1112.87,447.10,64.87,229.65,0.4290,-1,-1,-1
539,80,579.98,458.48,31.41,79.98,0.3887,-1,-1,-1
539,84,919.91,425.19,103.65,282.72,0.7463,-1,-1,-1
539,86,656.36,451.67,41.61,117.78,0.5732,-1,-1,-1
539,88,712.75,449.29,29.55,91.23,0.4756,-1,-1,-1
540,3,1783.91,404.08,135.99,673.77,0.7931,-1,-1,-1
540,21,1464.54,414.01,233.03,653.85,0.7924,-1,-1,-1
540,44,1012.18,440.38,136.02,281.49,0.6800,-1,-1,-1
540,47,812.81,433.57,112.26,252.93,0.7280,-1,-1,-1
540,72,1631.91,408.36,192.65,612.21,0.7277,-1,-1,-1
540,40,1112.30,447.65,64.81,229.98,0.3888,-1,-1,-1
540,80,578.50,458.55,32.99,79.96,0.4298,-1,-1,-1
540,84,920.30,424.72,107.10,283.50,0.7697,-1,-1,-1
540,86,655.09,452.89,38.61,116.40,0.6166,-1,-1,-1
540,88,712.56,449.05,27.69,91.72,0.4972,-1,-1,-1
541,3,1789.23,393.21,130.91,686.47,0.7729,-1,-1,-1
541,21,1468.08,412.49,239.10,658.26,0.7714,-1,-1,-1
541,44,1020.37,437.42,127.15,285.17,0.6588,-1,-1,-1
541,47,815.42,432.61,111.75,254.06,0.7389,-1,-1,-1
541,72,1639.59,407.15,191.31,613.43,0.7709,-1,-1,-1
541,40,1115.86,447.66,62.11,230.18,0.4593,-1,-1,-1
541,80,577.91,458.74,33.27,80.04,0.3891,-1,-1,-1
541,84,921.52,420.94,118.10,287.41,0.7211,-1,-1,-1
541,86,654.85,453.73,37.36,116.15,0.5564,-1,-1,-1
541,88,712.67,449.31,27.31,93.10,0.5289,-1,-1,-1
542,3,1797.68,388.38,122.46,692.10,0.7391,-1,-1,-1
542,21,1472.12,411.45,258.41,659.56,0.7630,-1,-1,-1
542,44,1028.42,434.19,117.69,288.00,0.6447,-1,-1,-1
542,47,819.80,433.79,108.86,253.07,0.7250,-1,-1,-1
542,72,1644.49,405.93,191.80,615.50,0.6298,-1,-1,-1
542,40,1118.72,451.70,60.37,224.51,0.5022,-1,-1,-1
542,80,578.27,459.25,33.49,79.71,0.4264,-1,-1,-1
542,84,921.96,415.98,122.46,293.12,0.7282,-1,-1,-1
542,86,655.05,454.51,36.85,115.27,0.5632,-1,-1,-1
542,88,712.67,449.42,27.70,95.40,0.5136,-1,-1,-1
543,3,1805.94,388.48,114.17,692.89,0.6774,-1,-1,-1
543,21,1480.29,411.11,256.39,658.19,0.6024,-1,-1,-1
543,44,1042.60,436.08,104.53,285.07,0.5750,-1,-1,-1
543,47,825.28,432.68,103.91,253.54,0.6638,-1,-1,-1
543,72,1648.16,404.49,194.35,614.60,0.5382,-1,-1,-1
543,40,1121.85,449.28,57.88,226.11,0.3819,-1,-1,-1
543,80,577.58,458.56,33.38,80.35,0.3938,-1,-1,-1
543,84,921.84,421.73,121.28,285.81,0.7433,-1,-1,-1
543,86,655.23,455.43,37.52,114.77,0.5966,-1,-1,-1
543,88,712.16,449.19,28.69,96.25,0.5185,-1,-1,-1
544,3,1822.24,385.40,97.50,609.97,0.6720,-1,-1,-1
544,21,1493.59,411.19,308.10,658.16,0.5393,-1,-1,-1
544,44,1050.30,436.28,99.28,283.84,0.5858,-1,-1,-1
544,47,834.22,433.37,96.46,252.14,0.6832,-1,-1,-1
544,72,1650.71,406.06,193.72,599.01,0.4536,-1,-1,-1
544,40,1123.26,450.21,59.34,226.60,0.3415,-1,-1,-1
544,80,577.63,457.00,33.44,81.36,0.4468,-1,-1,-1
544,84,921.76,431.26,124.15,275.44,0.7075,-1,-1,-1
544,86,654.95,455.20,38.47,114.88,0.6251,-1,-1,-1
544,88,712.25,448.73,28.90,96.12,0.5110,-1,-1,-1
545,3,1836.98,448.61,82.47,518.84,0.5117,-1,-1,-1
545,21,1511.25,410.45,298.74,656.65,0.5704,-1,-1,-1
545,44,1064.42,434.93,93.38,286.04,0.4632,-1,-1,-1
545,47,844.67,435.19,89.39,247.51,0.6683,-1,-1,-1
545,72,1653.52,406.78,193.53,614.36,0.5734,-1,-1,-1
545,80,578.59,455.29,33.46,82.97,0.3946,-1,-1,-1
545,84,924.29,432.60,126.64,274.38,0.6998,-1,-1,-1
545,86,655.00,453.29,41.02,115.75,0.5942,-1,-1,-1
545,88,711.88,448.14,30.56,96.90,0.5501,-1,-1,-1
546,3,1826.44,472.11,93.02,572.65,0.5889,-1,-1,-1
546,21,1528.21,409.86,242.22,656.31,0.5447,-1,-1,-1
546,44,1075.24,435.63,83.63,282.20,0.5183,-1,-1,-1
546,47,860.04,433.97,78.25,246.67,0.7015,-1,-1,-1
546,72,1658.30,406.15,191.59,623.21,0.5455,-1,-1,-1
546,80,579.17,452.59,33.43,84.88,0.4179,-1,-1,-1
546,84,929.05,433.24,123.58,272.42,0.7098,-1,-1,-1
546,86,655.13,453.22,40.03,115.11,0.5904,-1,-1,-1
546,88,712.75,448.06,30.29,97.46,0.5195,-1,-1,-1
546,40,1124.72,453.59,64.97,227.20,0.3775,-1,-1,-1
547,3,1824.64,490.37,94.70,577.82,0.6469,-1,-1,-1
547,21,1541.64,408.32,213.83,655.37,0.6408,-1,-1,-1
547,44,1090.86,435.07,85.22,272.87,0.4567,-1,-1,-1
547,47,867.88,435.48,72.00,244.43,0.6619,-1,-1,-1
547,72,1664.29,410.70,189.15,607.37,0.6550,-1,-1,-1
547,80,579.32,452.36,33.71,85.22,0.4715,-1,-1,-1
547,84,934.74,429.35,118.85,276.83,0.6844,-1,-1,-1
547,86,654.19,454.28,39.91,113.10,0.6226,-1,-1,-1
547,88,713.17,448.28,29.64,97.00,0.5015,-1,-1,-1
547,90,544.45,449.13,30.57,87.22,0.3804,-1,-1,-1
548,3,1829.79,463.41,89.45,614.79,0.5218,-1,-1,-1
548,21,1548.32,408.45,198.86,659.84,0.7218,-1,-1,-1
548,44,1093.36,433.62,90.99,274.66,0.4718,-1,-1,-1
548,47,871.50,435.09,70.30,242.80,0.6330,-1,-1,-1
548,72,1668.58,411.63,190.95,602.41,0.7373,-1,-1,-1
548,80,579.88,453.65,33.73,83.52,0.4923,-1,-1,-1
548,84,937.20,427.76,117.95,277.77,0.6612,-1,-1,-1
548,86,653.67,454.05,37.91,112.38,0.6775,-1,-1,-1
548,88,713.85,448.43,28.87,96.80,0.4946,-1,-1,-1
548,90,545.30,449.65,31.30,86.69,0.4360,-1,-1,-1
549,3,1833.55,435.68,85.67,645.29,0.3137,-1,-1,-1
549,21,1551.25,408.47,196.90,656.47,0.7544,-1,-1,-1
549,44,1087.94,437.09,87.54,279.53,0.4021,-1,-1,-1
549,47,874.85,436.82,71.45,243.32,0.6222,-1,-1,-1
549,72,1675.95,413.10,188.44,600.92,0.7196,-1,-1,-1
549,80,580.13,452.15,33.85,85.20,0.4396,-1,-1,-1
549,84,943.89,425.97,111.52,278.22,0.6544,-1,-1,-1
549,86,652.42,454.49,38.52,110.56,0.6688,-1,-1,-1
549,88,714.44,448.41,29.11,96.84,0.5572,-1,-1,-1
549,90,545.95,447.89,31.64,87.90,0.4109,-1,-1,-1
550,21,1553.25,409.06,195.28,655.75,0.7736,-1,-1,-1
550,44,1080.93,436.02,105.77,281.34,0.4617,-1,-1,-1
550,47,876.69,437.61,76.22,243.65,0.6220,-1,-1,-1
550,72,1683.92,407.90,191.64,610.05,0.7346,-1,-1,-1
550,80,580.62,453.08,33.24,84.18,0.4525,-1,-1,-1
550,84,953.67,419.96,106.40,282.67,0.6232,-1,-1,-1
550,86,652.57,455.02,37.60,109.12,0.6709,-1,-1,-1
550,88,714.72,449.89,31.26,96.00,0.5142,-1,-1,-1
550,90,546.69,448.01,31.63,87.51,0.4034,-1,-1,-1
551,21,1555.88,409.72,199.01,658.69,0.7709,-1,-1,-1
551,44,1072.40,437.51,120.73,279.75,0.5123,-1,-1,-1
551,47,879.10,435.73,76.34,246.62,0.6447,-1,-1,-1
551,72,1690.61,404.99,192.54,610.67,0.7092,-1,-1,-1
551,80,580.81,453.73,33.04,83.55,0.5138,-1,-1,-1
551,84,961.57,414.89,100.03,286.24,0.6152,-1,-1,-1
551,86,651.99,455.63,37.97,108.03,0.6459,-1,-1,-1
551,88,714.37,449.82,32.23,96.01,0.5345,-1,-1,-1
551,90,547.63,447.82,31.17,87.63,0.4033,-1,-1,-1
552,21,1558.00,409.82,207.50,665.24,0.8023,-1,-1,-1
552,44,1079.31,436.80,120.67,283.07,0.5011,-1,-1,-1
552,47,884.57,433.36,75.45,250.05,0.6800,-1,-1,-1
552,72,1696.81,404.29,190.86,609.76,0.7359,-1,-1,-1
552,80,580.63,452.83,33.36,84.41,0.5237,-1,-1,-1
552,84,970.84,416.20,88.92,282.43,0.6094,-1,-1,-1
552,86,650.75,455.49,40.69,109.03,0.6139,-1,-1,-1
552,88,714.83,449.68,32.77,96.26,0.5946,-1,-1,-1
552,90,547.66,445.94,31.35,89.13,0.4411,-1,-1,-1
553,21,1560.73,409.37,212.13,666.58,0.7907,-1,-1,-1
553,44,1084.45,436.71,111.60,284.32,0.5001,-1,-1,-1
553,47,887.04,433.07,81.26,249.97,0.7233,-1,-1,-1
553,72,1702.03,403.50,196.50,614.87,0.6792,-1,-1,-1
553,80,580.30,452.60,33.82,84.92,0.5199,-1,-1,-1
553,84,984.19,418.75,78.47,276.85,0.6987,-1,-1,-1
553,86,649.57,455.23,42.20,109.83,0.5779,-1,-1,-1
553,88,715.46,449.05,34.04,96.24,0.5777,-1,-1,-1
553,90,547.43,445.53,30.88,90.03,0.4168,-1,-1,-1
554,21,1561.62,409.70,272.38,662.36,0.5398,-1,-1,-1
554,44,1081.40,435.78,119.85,285.43,0.5786,-1,-1,-1
554,47,887.94,431.95,86.55,251.30,0.7366,-1,-1,-1
554,80,580.60,449.96,33.47,87.46,0.5264,-1,-1,-1
554,84,988.71,415.04,78.76,284.71,0.6596,-1,-1,-1
554,86,647.46,455.28,41.53,109.51,0.4863,-1,-1,-1
554,88,715.29,448.46,33.63,95.75,0.5859,-1,-1,-1
554,90,546.88,444.48,30.45,91.34,0.4494,-1,-1,-1
555,21,1562.35,408.87,264.20,661.84,0.6174,-1,-1,-1
555,44,1079.81,434.41,124.88,286.90,0.5956,-1,-1,-1
555,47,888.06,431.93,88.45,251.44,0.7329,-1,-1,-1
555,80,580.90,447.63,33.61,89.76,0.5427,-1,-1,-1
555,84,993.66,412.04,78.27,287.62,0.6792,-1,-1,-1
555,86,645.92,456.32,41.36,107.74,0.4910,-1,-1,-1
555,88,714.44,446.65,33.74,98.15,0.5746,-1,-1,-1
555,90,546.43,444.00,31.65,91.97,0.4761,-1,-1,-1
555,72,1712.88,402.08,200.01,633.76,0.4141,-1,-1,-1
556,21,1561.84,407.21,270.20,660.78,0.5705,-1,-1,-1
556,44,1085.93,435.51,122.00,285.31,0.7183,-1,-1,-1
556,47,889.14,432.89,87.84,251.16,0.7686,-1,-1,-1
556,80,581.39,446.39,33.33,90.87,0.4999,-1,-1,-1
556,84,999.83,411.24,80.22,288.17,0.7242,-1,-1,-1
556,86,644.16,457.01,42.16,107.18,0.5159,-1,-1,-1
556,88,714.59,446.28,33.64,99.66,0.5955,-1,-1,-1
556,90,546.31,442.28,32.77,93.62,0.4538,-1,-1,-1
557,21,1560.85,407.21,263.35,661.75,0.6843,-1,-1,-1
557,44,1088.91,437.13,119.16,283.30,0.7475,-1,-1,-1
557,47,890.96,434.73,89.25,249.45,0.7571,-1,-1,-1
557,80,581.06,446.41,33.87,91.26,0.5239,-1,-1,-1
557,84,996.94,420.64,88.04,275.89,0.6696,-1,-1,-1
557,86,643.58,457.62,41.67,106.60,0.5428,-1,-1,-1
557,88,714.05,445.97,34.21,101.29,0.6253,-1,-1,-1
557,90,546.02,440.92,33.67,95.92,0.4758,-1,-1,-1
558,21,1560.60,405.24,288.75,667.80,0.8040,-1,-1,-1
558,44,1092.05,437.23,117.14,282.13,0.8019,-1,-1,-1
558,47,892.09,435.79,88.38,248.25,0.7479,-1,-1,-1
558,80,582.87,450.32,32.64,88.76,0.5479,-1,-1,-1
558,84,991.38,430.69,98.83,265.59,0.7063,-1,-1,-1
558,86,643.00,459.38,40.94,105.09,0.5466,-1,-1,-1
558,88,712.80,445.33,35.71,102.34,0.6489,-1,-1,-1
558,90,546.36,442.11,34.59,94.81,0.5024,-1,-1,-1
559,21,1561.57,405.29,295.09,665.82,0.8004,-1,-1,-1
559,44,1092.95,434.95,119.48,283.33,0.8026,-1,-1,-1
559,47,891.57,436.81,90.47,247.30,0.7449,-1,-1,-1
559,80,583.75,452.36,32.03,87.08,0.5579,-1,-1,-1
559,84,992.80,430.91,102.42,265.94,0.6419,-1,-1,-1
559,86,643.40,461.41,39.94,102.00,0.5369,-1,-1,-1
559,88,712.50,444.91,36.17,102.15,0.6461,-1,-1,-1
559,90,546.50,442.57,34.19,94.55,0.5179,-1,-1,-1
559,72,1747.03,400.26,174.07,578.71,0.3954,-1,-1,-1
560,21,1562.06,404.19,305.32,670.43,0.8598,-1,-1,-1
560,44,1097.23,435.54,116.05,282.02,0.7144,-1,-1,-1
560,47,891.04,435.76,92.44,247.16,0.7594,-1,-1,-1
560,80,584.27,453.52,31.58,86.01,0.5228,-1,-1,-1
560,84,997.34,424.89,104.51,271.70,0.6793,-1,-1,-1
560,86,643.24,460.94,37.73,101.15,0.5571,-1,-1,-1
560,88,712.84,444.98,36.03,101.89,0.6331,-1,-1,-1
560,90,547.52,444.91,32.83,92.46,0.5055,-1,-1,-1
560,72,1752.65,402.83,168.70,405.75,0.3129,-1,-1,-1
561,21,1565.66,403.07,289.51,669.75,0.7235,-1,-1,-1
561,44,1101.71,436.78,111.13,278.63,0.6600,-1,-1,-1
561,47,900.01,435.54,88.65,246.59,0.6559,-1,-1,-1
561,80,584.44,453.08,31.80,85.89,0.4884,-1,-1,-1
561,84,1000.26,423.60,110.23,273.00,0.6981,-1,-1,-1
561,86,642.45,458.77,36.32,102.87,0.5437,-1,-1,-1
561,88,712.21,445.76,37.14,101.74,0.6253,-1,-1,-1
561,90,548.52,442.64,32.18,94.57,0.5227,-1,-1,-1
561,72,1749.29,399.31,171.78,513.28,0.3760,-1,-1,-1
562,21,1569.21,404.83,301.43,669.58,0.8117,-1,-1,-1
562,44,1105.67,438.23,113.03,277.74,0.7005,-1,-1,-1
562,47,908.40,435.03,84.33,246.02,0.6981,-1,-1,-1
562,80,584.41,452.46,31.85,87.03,0.4985,-1,-1,-1
562,84,1000.90,419.60,112.63,276.67,0.6646,-1,-1,-1
562,86,642.75,458.53,35.45,102.66,0.5042,-1,-1,-1
562,88,713.78,448.25,35.95,99.09,0.5754,-1,-1,-1
562,90,548.74,441.26,33.37,95.99,0.4865,-1,-1,-1
562,72,1758.03,397.73,162.91,556.56,0.3110,-1,-1,-1
563,21,1573.53,405.09,316.27,669.82,0.8045,-1,-1,-1
563,44,1110.18,439.54,111.15,275.15,0.6916,-1,-1,-1
563,47,911.73,434.17,83.58,248.68,0.7013,-1,-1,-1
563,80,584.36,452.98,32.54,86.59,0.4492,-1,-1,-1
563,84,1000.07,419.24,117.60,277.10,0.6619,-1,-1,-1
563,86,642.11,457.99,34.46,102.81,0.5255,-1,-1,-1
563,88,714.39,448.98,36.89,98.69,0.5298,-1,-1,-1
563,90,548.69,441.07,34.45,95.49,0.4628,-1,-1,-1
563,72,1765.95,394.02,154.88,548.27,0.3418,-1,-1,-1
564,21,1580.79,402.72,325.37,669.49,0.8678,-1,-1,-1
564,44,1113.24,435.69,112.20,277.42,0.7001,-1,-1,-1
564,47,915.08,431.67,82.71,250.23,0.6335,-1,-1,-1
564,80,584.60,454.28,32.22,84.19,0.3941,-1,-1,-1
564,84,1002.46,425.43,117.69,269.92,0.6403,-1,-1,-1
564,86,641.96,457.40,34.72,103.59,0.4948,-1,-1,-1
564,88,715.48,448.99,36.04,98.41,0.5200,-1,-1,-1
564,90,548.52,441.58,34.83,94.69,0.3779,-1,-1,-1
564,72,1780.58,398.26,140.10,494.77,0.4053,-1,-1,-1
565,21,1587.24,400.45,313.74,668.32,0.7038,-1,-1,-1
565,44,1117.58,433.21,110.82,279.03,0.6435,-1,-1,-1
565,47,920.06,433.15,79.90,245.85,0.6351,-1,-1,-1
565,80,584.74,455.24,32.32,83.03,0.3987,-1,-1,-1
565,84,1000.94,429.69,122.10,265.10,0.6367,-1,-1,-1
565,86,641.83,456.49,35.34,104.48,0.5468,-1,-1,-1
565,88,716.22,449.12,35.69,97.45,0.5555,-1,-1,-1
565,90,548.43,441.77,34.38,94.30,0.4264,-1,-1,-1
565,72,1783.62,393.55,136.54,615.14,0.6219,-1,-1,-1
566,21,1601.31,399.32,306.23,670.57,0.7343,-1,-1,-1
566,44,1124.06,433.07,107.48,281.34,0.5414,-1,-1,-1
566,47,927.30,432.08,84.34,242.70,0.5393,-1,-1,-1
566,80,585.02,455.60,32.49,83.04,0.4356,-1,-1,-1
566,84,1004.00,435.17,122.31,261.20,0.6647,-1,-1,-1
566,86,641.47,454.79,35.59,106.52,0.5223,-1,-1,-1
566,88,716.95,449.53,35.50,97.06,0.5432,-1,-1,-1
566,90,548.60,442.22,34.09,93.84,0.4298,-1,-1,-1
566,72,1790.79,392.20,129.30,648.58,0.6379,-1,-1,-1
567,21,1620.92,399.83,289.04,669.20,0.8353,-1,-1,-1
567,44,1124.53,431.49,109.14,283.46,0.6357,-1,-1,-1
567,47,932.10,430.32,84.21,242.47,0.5116,-1,-1,-1
567,80,585.40,455.77,32.28,82.71,0.4650,-1,-1,-1
567,84,1005.48,440.55,126.34,257.09,0.6882,-1,-1,-1
567,86,641.18,454.60,34.58,106.47,0.4863,-1,-1,-1
567,88,717.73,449.24,35.43,97.71,0.5407,-1,-1,-1
567,90,548.84,442.34,33.77,93.88,0.4385,-1,-1,-1
567,72,1797.38,396.39,122.82,645.32,0.6308,-1,-1,-1
568,21,1642.86,400.43,267.88,668.88,0.8223,-1,-1,-1
568,44,1129.38,430.63,108.33,282.46,0.6109,-1,-1,-1
568,47,940.79,431.53,78.50,241.39,0.5364,-1,-1,-1
568,80,585.90,456.06,32.13,84.15,0.4899,-1,-1,-1
568,84,1004.98,432.36,136.11,267.03,0.6909,-1,-1,-1
568,86,641.15,455.61,32.80,105.01,0.4809,-1,-1,-1
568,88,718.16,448.60,36.95,99.13,0.5151,-1,-1,-1
568,90,548.48,441.04,35.16,95.85,0.4366,-1,-1,-1
568,72,1801.52,401.16,118.50,656.93,0.6109,-1,-1,-1
569,21,1655.67,400.60,243.30,671.75,0.8117,-1,-1,-1
569,44,1132.19,431.25,109.69,281.35,0.5305,-1,-1,-1
569,47,943.09,434.73,79.29,234.27,0.6696,-1,-1,-1
569,80,586.20,455.87,32.26,85.27,0.5299,-1,-1,-1
569,84,1006.28,432.81,139.03,267.38,0.7161,-1,-1,-1
569,86,641.22,455.46,33.26,104.56,0.5248,-1,-1,-1
569,88,718.36,448.46,37.17,99.84,0.5254,-1,-1,-1
569,90,548.48,442.20,35.49,95.49,0.4213,-1,-1,-1
569,72,1800.79,407.60,119.03,653.67,0.4549,-1,-1,-1
570,21,1662.75,402.02,236.26,670.23,0.7784,-1,-1,-1
570,44,1135.26,433.30,116.24,280.21,0.6419,-1,-1,-1
570,47,944.35,434.75,81.58,234.18,0.7114,-1,-1,-1
570,80,586.58,455.88,31.80,85.60,0.5238,-1,-1,-1
570,84,1007.03,433.09,138.90,267.38,0.7114,-1,-1,-1
570,86,640.00,455.27,32.42,104.44,0.5118,-1,-1,-1
570,88,718.11,447.07,37.75,102.07,0.5574,-1,-1,-1
570,90,548.87,442.70,35.62,95.85,0.4400,-1,-1,-1
571,21,1667.91,401.57,246.65,671.38,0.8659,-1,-1,-1
571,44,1142.94,432.31,126.60,281.46,0.5982,-1,-1,-1
571,47,947.22,435.06,80.37,239.34,0.6901,-1,-1,-1
571,80,586.77,455.89,31.62,85.95,0.5252,-1,-1,-1
571,84,1010.39,428.28,134.58,270.90,0.7015,-1,-1,-1
571,86,638.88,456.23,30.83,104.23,0.4921,-1,-1,-1
571,88,717.58,445.96,39.06,102.76,0.6075,-1,-1,-1
571,90,549.45,447.26,35.93,91.83,0.4293,-1,-1,-1
572,21,1672.08,401.99,246.99,670.86,0.8700,-1,-1,-1
572,44,1145.11,433.06,133.29,281.80,0.7604,-1,-1,-1
572,47,948.93,435.72,80.46,239.85,0.6855,-1,-1,-1
572,80,586.89,452.77,31.96,89.15,0.4944,-1,-1,-1
572,84,1012.31,430.77,131.42,268.11,0.6878,-1,-1,-1
572,86,637.72,456.71,31.95,103.01,0.5206,-1,-1,-1
572,88,717.54,444.88,40.03,104.47,0.6250,-1,-1,-1
572,90,549.44,442.19,37.15,97.42,0.4581,-1,-1,-1
573,21,1676.17,402.42,244.85,668.94,0.8860,-1,-1,-1
573,44,1149.92,435.88,136.99,279.25,0.7010,-1,-1,-1
573,47,945.74,434.80,89.58,242.46,0.6388,-1,-1,-1
573,80,585.88,453.32,32.21,88.95,0.4885,-1,-1,-1
573,84,1015.97,430.48,126.49,266.03,0.6440,-1,-1,-1
573,86,636.82,456.76,30.82,102.63,0.5577,-1,-1,-1
573,88,718.11,445.13,40.27,104.80,0.5689,-1,-1,-1
573,90,550.41,449.11,35.47,90.93,0.4044,-1,-1,-1
573,91,1110.36,430.42,47.47,146.15,0.3490,-1,-1,-1
574,21,1676.89,399.72,244.77,673.98,0.9003,-1,-1,-1
574,44,1151.06,437.50,140.91,278.03,0.7348,-1,-1,-1
574,47,951.26,434.88,101.61,247.69,0.6145,-1,-1,-1
574,80,585.02,454.63,33.04,88.17,0.3412,-1,-1,-1
574,84,1029.19,432.49,112.93,263.61,0.5437,-1,-1,-1
574,86,636.32,457.08,30.37,101.64,0.5459,-1,-1,-1
574,88,718.04,445.05,40.72,105.24,0.5540,-1,-1,-1
574,90,550.26,450.26,35.73,89.14,0.3871,-1,-1,-1
574,91,1112.00,428.41,45.80,149.11,0.3581,-1,-1,-1
574,92,1836.21,429.97,83.62,250.92,0.3403,-1,-1,-1
575,21,1677.15,398.31,244.57,676.26,0.9045,-1,-1,-1
575,44,1154.62,438.86,139.78,276.89,0.7002,-1,-1,-1
575,47,955.05,434.57,106.18,248.32,0.5755,-1,-1,-1
575,80,584.71,454.31,33.62,88.68,0.4289,-1,-1,-1
575,84,1036.98,427.78,104.45,268.57,0.5022,-1,-1,-1
575,86,635.60,456.32,30.54,102.22,0.5660,-1,-1,-1
575,88,718.04,445.35,40.59,104.80,0.5799,-1,-1,-1
575,90,550.50,450.16,35.20,88.72,0.3539,-1,-1,-1
575,92,1843.70,430.92,76.15,239.76,0.3097,-1,-1,-1
576,21,1676.28,397.46,245.13,677.18,0.8990,-1,-1,-1
576,44,1157.75,438.20,138.13,277.50,0.7313,-1,-1,-1
576,47,956.46,434.21,111.13,248.32,0.6244,-1,-1,-1
576,80,585.31,454.22,33.19,88.79,0.4256,-1,-1,-1
576,84,1041.49,426.95,99.54,269.19,0.6167,-1,-1,-1
576,86,634.34,456.12,32.66,102.03,0.5205,-1,-1,-1
576,88,719.16,445.98,39.51,104.71,0.6061,-1,-1,-1
576,92,1854.41,431.46,65.42,220.66,0.4450,-1,-1,-1
577,21,1675.44,398.37,245.62,676.71,0.9090,-1,-1,-1
577,44,1157.76,436.90,138.37,278.65,0.7443,-1,-1,-1
577,47,957.89,434.05,111.98,247.21,0.6653,-1,-1,-1
577,80,585.16,453.07,33.53,90.35,0.3975,-1,-1,-1
577,84,1048.25,424.42,92.46,270.73,0.6272,-1,-1,-1
577,86,633.39,453.57,33.27,105.24,0.5253,-1,-1,-1
577,88,719.67,446.88,38.93,104.32,0.5853,-1,-1,-1
578,21,1673.92,399.08,246.79,676.64,0.9062,-1,-1,-1
578,44,1159.22,434.55,134.12,280.37,0.7295,-1,-1,-1
578,47,958.82,438.63,104.15,237.50,0.7227,-1,-1,-1
578,80,584.42,451.78,34.31,92.09,0.3743,-1,-1,-1
578,84,1051.52,426.67,88.90,266.92,0.6189,-1,-1,-1
578,86,632.90,450.12,33.20,108.35,0.6218,-1,-1,-1
578,88,719.74,445.90,38.83,104.21,0.6296,-1,-1,-1
579,21,1673.36,400.35,247.26,676.08,0.8991,-1,-1,-1
579,44,1159.90,434.94,132.43,279.19,0.6915,-1,-1,-1
579,47,959.08,439.48,102.35,234.40,0.7530,-1,-1,-1
579,80,583.85,449.30,32.67,93.05,0.3517,-1,-1,-1
579,84,1055.65,431.64,86.07,262.88,0.6590,-1,-1,-1
579,86,632.39,448.49,33.06,110.01,0.5778,-1,-1,-1
579,88,720.35,446.81,38.58,104.20,0.5932,-1,-1,-1
580,21,1673.20,401.92,247.19,675.04,0.9084,-1,-1,-1
580,44,1158.92,440.13,133.64,275.10,0.7501,-1,-1,-1
580,47,959.68,437.48,102.09,236.77,0.7575,-1,-1,-1
580,80,584.44,448.80,31.51,92.72,0.3528,-1,-1,-1
580,84,1054.37,436.83,88.55,257.79,0.6682,-1,-1,-1
580,86,631.03,449.34,35.59,109.15,0.5578,-1,-1,-1
580,88,720.76,446.97,38.31,104.75,0.5719,-1,-1,-1
580,90,549.66,441.37,38.41,96.84,0.3507,-1,-1,-1
581,21,1673.10,402.44,247.12,674.84,0.9082,-1,-1,-1
581,44,1159.79,440.44,134.74,275.97,0.6987,-1,-1,-1
581,47,959.67,435.67,102.88,237.54,0.7611,-1,-1,-1
581,80,584.52,447.51,33.34,95.40,0.3907,-1,-1,-1
581,84,1055.79,438.78,92.54,256.18,0.6867,-1,-1,-1
581,86,630.68,452.66,36.39,105.57,0.5498,-1,-1,-1
581,88,721.02,447.19,38.34,104.24,0.5026,-1,-1,-1
581,90,549.08,436.57,40.34,101.87,0.3655,-1,-1,-1
582,21,1673.27,402.11,246.81,676.09,0.9088,-1,-1,-1
582,44,1180.64,439.64,117.01,275.51,0.6914,-1,-1,-1
582,47,957.95,435.77,109.86,236.85,0.7489,-1,-1,-1
582,80,584.45,446.90,33.95,96.23,0.4202,-1,-1,-1
582,84,1065.52,438.19,86.92,260.53,0.6233,-1,-1,-1
582,86,631.21,453.04,34.67,105.09,0.5109,-1,-1,-1
582,88,721.50,447.85,37.86,103.44,0.4973,-1,-1,-1
582,90,548.58,435.59,40.05,102.49,0.3789,-1,-1,-1
583,21,1674.25,399.46,245.63,679.04,0.9098,-1,-1,-1
583,44,1192.90,439.77,107.18,274.32,0.7226,-1,-1,-1
583,47,962.43,436.05,108.76,235.83,0.7283,-1,-1,-1
583,80,584.43,447.96,33.90,95.32,0.4675,-1,-1,-1
583,84,1076.67,434.54,78.71,263.61,0.6308,-1,-1,-1
583,86,631.05,453.66,34.19,104.45,0.4535,-1,-1,-1
583,88,721.22,446.67,38.76,103.63,0.5278,-1,-1,-1
583,90,549.19,438.13,38.93,99.70,0.4186,-1,-1,-1
584,21,1676.00,395.72,243.84,682.02,0.9116,-1,-1,-1
584,44,1201.80,440.62,99.96,271.92,0.7219,-1,-1,-1
584,47,966.15,436.75,107.38,235.97,0.7420,-1,-1,-1
584,80,584.81,447.80,33.57,95.73,0.4718,-1,-1,-1
584,84,1083.98,435.47,75.52,261.71,0.6625,-1,-1,-1
584,86,630.49,454.95,35.13,103.31,0.4313,-1,-1,-1
584,88,721.99,447.20,37.98,104.16,0.5299,-1,-1,-1
584,90,550.15,438.64,37.92,99.32,0.3977,-1,-1,-1
585,21,1677.72,394.53,242.17,682.84,0.8981,-1,-1,-1
585,44,1204.82,441.08,100.32,267.38,0.7487,-1,-1,-1
585,47,969.32,436.53,105.69,235.65,0.7613,-1,-1,-1
585,80,585.44,447.97,33.24,95.13,0.4594,-1,-1,-1
585,84,1087.79,438.91,74.83,257.21,0.6350,-1,-1,-1
585,86,628.39,452.07,36.57,105.90,0.3946,-1,-1,-1
585,88,722.81,447.15,37.73,103.47,0.5278,-1,-1,-1
585,90,550.24,438.57,38.38,99.44,0.4328,-1,-1,-1
586,21,1681.23,393.20,238.93,683.11,0.8962,-1,-1,-1
586,44,1212.29,438.20,100.46,272.19,0.7544,-1,-1,-1
586,47,976.14,440.46,100.81,233.28,0.7689,-1,-1,-1
586,80,585.01,445.39,34.61,98.12,0.4497,-1,-1,-1
586,84,1089.62,436.60,72.97,260.48,0.6906,-1,-1,-1
586,86,626.96,452.36,37.34,105.37,0.4274,-1,-1,-1
586,88,723.58,445.25,37.76,103.71,0.5441,-1,-1,-1
586,90,549.89,439.92,37.78,98.64,0.4355,-1,-1,-1
587,21,1684.96,390.07,235.26,685.55,0.8696,-1,-1,-1
587,44,1216.50,434.57,99.58,276.20,0.6140,-1,-1,-1
587,47,981.35,443.43,96.76,228.02,0.7384,-1,-1,-1
587,80,584.61,444.61,35.16,98.67,0.4202,-1,-1,-1
587,84,1090.73,429.96,73.37,267.36,0.7209,-1,-1,-1
587,86,625.55,452.27,38.25,105.53,0.4833,-1,-1,-1
587,88,724.32,444.40,37.50,104.70,0.5521,-1,-1,-1
587,90,550.09,440.98,37.27,98.22,0.4671,-1,-1,-1
587,93,665.18,452.70,32.96,101.27,0.3703,-1,-1,-1
588,21,1692.30,387.61,227.71,687.83,0.8556,-1,-1,-1
588,44,1215.36,434.53,102.55,277.66,0.7925,-1,-1,-1
588,47,987.83,445.46,91.12,223.89,0.7012,-1,-1,-1
588,80,584.03,445.46,35.78,98.61,0.4141,-1,-1,-1
588,84,1092.07,423.52,77.97,273.50,0.7359,-1,-1,-1
588,86,625.25,453.03,36.63,104.51,0.5078,-1,-1,-1
588,88,726.18,442.95,34.90,106.33,0.5563,-1,-1,-1
588,90,551.09,445.83,36.17,94.02,0.4320,-1,-1,-1
588,93,664.26,452.05,30.88,104.97,0.3581,-1,-1,-1
589,21,1700.56,390.23,219.23,683.56,0.7503,-1,-1,-1
589,44,1217.61,434.59,101.26,275.89,0.7782,-1,-1,-1
589,47,995.84,446.08,85.06,222.90,0.7050,-1,-1,-1
589,80,583.34,446.65,36.76,98.67,0.3785,-1,-1,-1
589,84,1092.99,420.54,86.16,276.30,0.7103,-1,-1,-1
589,86,624.73,452.02,35.93,105.63,0.5818,-1,-1,-1
589,88,725.06,443.27,36.40,106.25,0.5502,-1,-1,-1
589,90,551.00,447.03,36.60,93.55,0.4278,-1,-1,-1
589,93,663.70,450.84,30.94,108.09,0.4619,-1,-1,-1
589,94,1183.74,438.53,58.55,234.73,0.3399,-1,-1,-1
590,21,1711.74,410.34,207.92,663.42,0.7421,-1,-1,-1
590,44,1220.19,433.87,101.19,277.01,0.7845,-1,-1,-1
590,47,1005.23,446.98,79.18,221.39,0.7373,-1,-1,-1
590,80,583.93,448.04,36.00,97.89,0.3168,-1,-1,-1
590,84,1092.66,426.65,88.04,270.52,0.6571,-1,-1,-1
590,86,624.16,450.98,35.26,106.39,0.5150,-1,-1,-1
590,88,726.20,442.78,35.21,106.80,0.5676,-1,-1,-1
590,90,551.09,447.63,37.11,92.91,0.3681,-1,-1,-1
590,93,663.50,451.56,31.43,107.96,0.4667,-1,-1,-1
590,94,1184.92,437.68,59.04,238.95,0.3704,-1,-1,-1
591,21,1731.25,461.54,188.35,612.71,0.5599,-1,-1,-1
591,44,1223.06,434.35,103.64,276.69,0.7450,-1,-1,-1
591,47,1011.02,444.72,78.28,222.66,0.7132,-1,-1,-1
591,80,585.12,449.46,33.29,94.79,0.3404,-1,-1,-1
591,84,1091.53,418.66,92.22,278.02,0.6517,-1,-1,-1
591,86,623.98,449.67,34.00,107.89,0.5359,-1,-1,-1
591,88,727.36,442.57,33.58,107.14,0.5752,-1,-1,-1
591,90,550.82,445.00,37.55,95.26,0.3389,-1,-1,-1
591,93,663.36,451.72,32.14,108.16,0.5346,-1,-1,-1
591,94,1188.73,435.25,60.36,241.21,0.3285,-1,-1,-1
592,21,1753.24,490.28,166.20,582.52,0.6787,-1,-1,-1
592,44,1226.58,436.87,108.06,274.37,0.7289,-1,-1,-1
592,47,1013.09,443.91,77.60,222.08,0.7365,-1,-1,-1
592,80,585.51,450.16,32.21,93.45,0.3127,-1,-1,-1
592,84,1091.43,416.83,102.14,279.71,0.6758,-1,-1,-1
592,86,623.99,449.03,34.47,108.88,0.5152,-1,-1,-1
592,88,728.11,443.13,32.30,107.00,0.5663,-1,-1,-1
592,90,550.03,444.29,38.55,95.42,0.3224,-1,-1,-1
592,93,662.63,452.02,33.08,108.12,0.5614,-1,-1,-1
593,21,1777.07,500.24,142.39,572.89,0.3901,-1,-1,-1
593,44,1230.96,439.29,110.42,273.60,0.7522,-1,-1,-1
593,47,1014.58,439.83,79.30,226.24,0.6587,-1,-1,-1
593,80,584.39,450.86,32.34,91.29,0.3167,-1,-1,-1
593,84,1092.15,413.45,101.34,282.93,0.6916,-1,-1,-1
593,86,623.21,449.24,35.85,108.57,0.4958,-1,-1,-1
593,88,728.30,443.40,32.74,107.39,0.5410,-1,-1,-1
593,90,550.60,446.36,35.77,93.15,0.3096,-1,-1,-1
593,93,661.67,451.86,33.90,108.17,0.5484,-1,-1,-1
594,21,1809.97,520.46,109.48,557.22,0.3168,-1,-1,-1
594,44,1234.36,441.88,112.74,270.78,0.7832,-1,-1,-1
594,47,1020.65,436.69,76.88,228.99,0.6280,-1,-1,-1
594,80,584.08,451.35,32.38,90.53,0.3228,-1,-1,-1
594,84,1092.26,412.57,101.78,285.29,0.7000,-1,-1,-1
594,86,622.89,448.78,36.20,107.96,0.5042,-1,-1,-1
594,88,726.99,444.59,35.69,106.73,0.5131,-1,-1,-1
594,90,549.70,447.96,36.68,91.40,0.3512,-1,-1,-1
594,93,660.47,451.56,35.15,108.96,0.5311,-1,-1,-1
594,94,1191.15,437.86,76.07,241.07,0.3642,-1,-1,-1
595,44,1239.41,439.18,112.19,273.26,0.8188,-1,-1,-1
595,47,1023.14,436.19,76.06,228.81,0.6712,-1,-1,-1
595,84,1094.28,413.64,101.16,283.20,0.7180,-1,-1,-1
595,86,622.52,449.19,36.97,106.84,0.5526,-1,-1,-1
595,88,728.52,444.08,33.43,106.69,0.5404,-1,-1,-1
595,93,660.50,452.33,35.15,108.51,0.4745,-1,-1,-1
595,94,1189.93,440.90,75.90,238.68,0.4701,-1,-1,-1
596,44,1242.54,437.42,112.90,275.31,0.8098,-1,-1,-1
596,47,1024.88,440.08,76.59,224.72,0.7103,-1,-1,-1
596,84,1095.81,418.93,100.45,278.90,0.7372,-1,-1,-1
596,86,623.05,450.09,36.93,104.90,0.5696,-1,-1,-1
596,88,727.07,445.13,35.88,105.55,0.5618,-1,-1,-1
596,93,660.73,453.76,35.18,107.10,0.4561,-1,-1,-1
596,94,1190.67,442.23,76.76,238.42,0.5267,-1,-1,-1
597,44,1244.55,437.64,113.12,275.69,0.8036,-1,-1,-1
597,47,1026.35,441.77,76.63,223.89,0.7387,-1,-1,-1
597,84,1097.54,422.10,98.44,275.91,0.7593,-1,-1,-1
597,86,623.71,451.71,35.48,103.24,0.5131,-1,-1,-1
597,88,726.23,445.10,37.58,106.46,0.6069,-1,-1,-1
597,93,659.80,453.98,37.76,106.93,0.4248,-1,-1,-1
597,94,1191.33,455.33,77.34,226.74,0.5314,-1,-1,-1
598,44,1248.06,437.70,111.22,275.57,0.8136,-1,-1,-1
598,47,1026.51,441.72,79.38,224.43,0.7391,-1,-1,-1
598,84,1099.10,427.42,98.04,270.21,0.7213,-1,-1,-1
598,86,624.44,453.13,33.67,101.77,0.4817,-1,-1,-1
598,88,725.89,445.40,38.54,107.39,0.5876,-1,-1,-1
598,93,659.04,455.70,37.10,105.17,0.4312,-1,-1,-1
598,94,1193.03,452.45,77.05,230.26,0.5220,-1,-1,-1
598,80,584.07,451.60,32.23,89.31,0.3397,-1,-1,-1
598,90,550.28,449.44,34.89,90.33,0.3664,-1,-1,-1
599,44,1252.34,437.25,107.73,275.80,0.7814,-1,-1,-1
599,47,1027.55,442.21,85.06,224.69,0.7393,-1,-1,-1
599,84,1101.67,430.58,97.22,265.57,0.7004,-1,-1,-1
599,86,624.65,454.24,33.47,100.86,0.4793,-1,-1,-1
599,88,726.42,445.90,37.75,106.51,0.5701,-1,-1,-1
599,93,657.73,455.07,39.47,105.88,0.4077,-1,-1,-1
599,94,1191.38,444.10,79.30,238.69,0.5728,-1,-1,-1
599,96,378.26,467.31,47.77,109.13,0.3767,-1,-1,-1
599,80,583.63,452.56,33.72,90.47,0.3287,-1,-1,-1
599,90,551.23,449.06,33.40,90.90,0.3358,-1,-1,-1
600,44,1256.30,437.19,104.89,275.82,0.8177,-1,-1,-1
600,47,1028.49,441.86,88.08,223.93,0.7550,-1,-1,-1
600,84,1106.75,431.05,94.13,263.54,0.7022,-1,-1,-1
600,86,624.89,454.96,33.13,100.85,0.5048,-1,-1,-1
600,88,726.49,444.67,37.20,108.07,0.5862,-1,-1,-1
600,93,657.06,455.62,39.73,105.33,0.3588,-1,-1,-1
600,94,1197.02,447.55,73.70,228.51,0.6023,-1,-1,-1
600,96,378.92,465.17,46.27,111.63,0.3499,-1,-1,-1
600,80,583.36,455.92,32.83,85.84,0.3147,-1,-1,-1
600,90,550.81,451.60,35.94,88.65,0.3190,-1,-1,-1
